elapsed_time_s,wall_time,wall_time_unix_s,source_timestamp_s,source_clock_s,local_x_east_m,local_y_north_m,local_z_up_m,roll_deg,pitch_deg,yaw_enu_deg,heading_deg,qx,qy,qz,qw,vx_east_mps,vy_north_mps,vz_up_mps,ground_speed_mps,vertical_speed_up_mps,relative_altitude_m,armed,flight_mode,flying
0.175546,2026-09-01T20:52:31.839732+00:00,1788295951.839731932,1788295951.250174999,1788295951.233181000,-0.011069321,0.011131885,-0.000000000,0.164575,-0.059117,-90.133874,180.133874,-0.000649135,0.001381091,0.707931042,-0.706279874,,,,,,-0.001000000,False,,False
0.259087,2026-09-01T20:52:31.923274+00:00,1788295951.923273802,1788295951.393126965,1788295951.327148914,-0.011069321,0.011131885,-0.000000000,0.164279,-0.058560,-90.135729,180.135729,-0.000650731,0.001375837,0.707942486,-0.706268430,-0.016752230,0.016548587,-0.000002407,0.023547674,-0.000002407,-0.001000000,False,,False
0.314958,2026-09-01T20:52:31.979144+00:00,1788295951.979143620,1788295951.464102983,1788295951.327148914,-0.011069321,0.011131885,-0.000000000,0.164504,-0.058877,-90.136504,180.136504,-0.000650146,0.001379182,0.707947254,-0.706263661,-0.016760807,0.016507778,-0.000014795,0.023525123,-0.000014795,-0.001000000,False,,False
0.433696,2026-09-01T20:52:32.097881+00:00,1788295952.097881317,1788295951.571067095,1788295951.553072929,-0.011069321,0.011131885,-0.000000000,0.164378,-0.058623,-90.137673,180.137673,-0.000650927,0.001376844,0.707954466,-0.706256330,-0.016763169,0.016557703,0.000013836,0.023561863,0.000013836,-0.001000000,False,STABILIZE,False
0.558299,2026-09-01T20:52:32.222485+00:00,1788295952.222485304,1788295951.678030968,1788295951.651040077,-0.011069321,0.011131885,-0.000000000,0.164736,-0.058799,-90.138941,180.138941,-0.000652032,0.001380152,0.707962275,-0.706248522,-0.016579030,0.016468378,0.000030825,0.023368177,0.000030825,-0.001000000,False,STABILIZE,False
0.817370,2026-09-01T20:52:32.481555+00:00,1788295952.481555223,1788295951.961935997,1788295951.949939966,-0.011069321,0.011131885,-0.000000000,0.164467,-0.058218,-90.142914,180.142914,-0.000653917,0.001374934,0.707986772,-0.706224024,-0.016679367,0.016577324,0.000072712,0.023516142,0.000072712,0.000000000,False,STABILIZE,False
0.980362,2026-09-01T20:52:32.644548+00:00,1788295952.644547701,1788295952.135876894,1788295952.091892004,-0.011069321,0.011131885,-0.000000000,0.164610,-0.058465,-90.145381,180.145381,-0.000653239,0.001377353,0.708001971,-0.706208825,-0.016500516,0.016414536,0.000061287,0.023274536,0.000061287,0.000000000,False,STABILIZE,False
1.029258,2026-09-01T20:52:32.693443+00:00,1788295952.693443298,1788295952.171864986,1788295952.091892004,-0.011069321,0.011131885,-0.000000000,0.164949,-0.058561,-90.145808,180.145808,-0.000654732,0.001380041,0.708004594,-0.706206203,-0.016413575,0.016285293,0.000062096,0.023121769,0.000062096,0.000000000,False,STABILIZE,False
1.056071,2026-09-01T20:52:32.720256+00:00,1788295952.720256090,1788295952.208853006,1788295952.091892004,-0.011069321,0.011131885,-0.000000000,0.165325,-0.058792,-90.146331,180.146331,-0.000655616,0.001383793,0.708007812,-0.706202984,-0.016512563,0.016384911,0.000059438,0.023262202,0.000059438,0.000000000,False,STABILIZE,False
1.233829,2026-09-01T20:52:32.898015+00:00,1788295952.898015261,1788295952.385792971,1788295952.317816019,-0.011069321,0.011131885,-0.000000000,0.165315,-0.058660,-90.148517,180.148517,-0.000656344,0.001382929,0.708021283,-0.706189394,-0.016735457,0.016562389,0.000096613,0.023545451,0.000096613,0.000000000,False,STABILIZE,False
1.593008,2026-09-01T20:52:33.257194+00:00,1788295953.257194042,1788295952.706685066,1788295952.507751942,-0.011069321,0.011131885,-0.000000000,0.165876,-0.058951,-90.153122,180.153122,-0.000657948,0.001388213,0.708049655,-0.706160903,-0.016580898,0.016446944,0.000111936,0.023354404,0.000111936,0.000000000,False,STABILIZE,False
1.731578,2026-09-01T20:52:33.395763+00:00,1788295953.395763397,1788295952.848638058,1788295952.722680092,-0.011069321,0.011131885,-0.000000000,0.166240,-0.059269,-90.155010,180.155010,-0.000658195,0.001392434,0.708061278,-0.706149280,-0.016764497,0.016620463,0.000095496,0.023606951,0.000095496,0.000000000,False,STABILIZE,False
1.768269,2026-09-01T20:52:33.432454+00:00,1788295953.432453871,1788295952.883625984,1788295952.722680092,-0.011069321,0.011131885,-0.000000000,0.166043,-0.058979,-90.155512,180.155512,-0.000658771,0.001389432,0.708064377,-0.706146181,-0.016914824,0.016746540,0.000086819,0.023802476,0.000086819,0.000000000,False,STABILIZE,False
1.896387,2026-09-01T20:52:33.560573+00:00,1788295953.560572624,1788295953.022578955,1788295953.008584023,-0.011069321,0.011131885,-0.000000000,0.166215,-0.058855,-90.157321,180.157321,-0.000660577,0.001389736,0.708075523,-0.706135035,-0.016772071,0.016656186,0.000091924,0.023637489,0.000091924,0.000000000,False,STABILIZE,False
2.825553,2026-09-01T20:52:34.489738+00:00,1788295954.489738226,1788295953.915278912,1788295953.675359964,-0.011069321,0.011131885,-0.000000000,0.166675,-0.058619,-90.169403,180.169403,-0.000664721,0.001391203,0.708149970,-0.706060350,-0.016930018,0.016771678,0.000053110,0.023830960,0.000053110,0.000000000,False,STABILIZE,False
2.932638,2026-09-01T20:52:34.596824+00:00,1788295954.596823692,1788295954.020243883,1788295953.915278912,-0.011069321,0.011131885,-0.000000000,0.166858,-0.058619,-90.170990,180.170990,-0.000665835,0.001392338,0.708159745,-0.706050456,-0.016726263,0.016627636,-0.000033921,0.023584871,-0.000033921,0.000000000,False,STABILIZE,False
3.118600,2026-09-01T20:52:34.782786+00:00,1788295954.782786131,1788295954.198184013,1788295954.178190947,-0.011069321,0.011131885,-0.000000000,0.166812,-0.058317,-90.173224,180.173224,-0.000667384,0.001390204,0.708173513,-0.706036687,-0.016938534,0.016719420,0.000001792,0.023800271,0.000001792,0.000000000,False,STABILIZE,False
3.142101,2026-09-01T20:52:34.806287+00:00,1788295954.806286812,1788295954.234172106,1788295954.213179111,-0.011069321,0.011131885,-0.000000000,0.166977,-0.058498,-90.173756,180.173756,-0.000667279,0.001392346,0.708176792,-0.706033409,-0.016768390,0.016579041,0.000017294,0.023580575,0.000017294,0.000000000,False,STABILIZE,False
3.213091,2026-09-01T20:52:34.877277+00:00,1788295954.877276897,1788295954.269160032,1788295954.213179111,-0.011069321,0.011131885,-0.000000000,0.167018,-0.058488,-90.174279,180.174279,-0.000667587,0.001392539,0.708180010,-0.706030190,-0.016890159,0.016719220,0.000032007,0.023765727,0.000032007,0.000000000,False,STABILIZE,False
3.665665,2026-09-01T20:52:35.329851+00:00,1788295955.329850912,1788295954.695017099,1788295954.666027069,-0.011069321,0.011131885,-0.000000000,0.167292,-0.058743,-90.180104,180.180104,-0.000667631,0.001395836,0.708215892,-0.705994189,-0.016909221,0.016740775,0.000033178,0.023794438,0.000033178,0.000000000,False,STABILIZE,False
3.710729,2026-09-01T20:52:35.374914+00:00,1788295955.374913931,1788295954.765993118,1788295954.747998953,-0.011069321,0.011131885,-0.000000000,0.167287,-0.058616,-90.181139,180.181139,-0.000668370,0.001395031,0.708222270,-0.705987811,-0.016730109,0.016698321,0.000056359,0.023637481,0.000056359,0.000000000,False,STABILIZE,False
3.744046,2026-09-01T20:52:35.408231+00:00,1788295955.408231497,1788295954.801980972,1788295954.783987045,-0.011069321,0.011131885,-0.000000000,0.167447,-0.058864,-90.181730,180.181730,-0.000667813,0.001397548,0.708225906,-0.705984175,-0.016656624,0.016634407,0.000047778,0.023540319,0.000047778,0.000000000,False,STABILIZE,False
3.870757,2026-09-01T20:52:35.534944+00:00,1788295955.534943819,1788295954.941934109,1788295954.902946949,-0.011069321,0.011131885,-0.000000000,0.167237,-0.058610,-90.183509,180.183509,-0.000668071,0.001394702,0.708236873,-0.705973089,-0.016730797,0.016703594,0.000047359,0.023641692,0.000047359,0.000000000,False,STABILIZE,False
4.107722,2026-09-01T20:52:35.771908+00:00,1788295955.771907806,1788295955.149863958,1788295955.129870892,-0.011069321,0.011131885,-0.000000000,0.167486,-0.058856,-90.186180,180.186180,-0.000668051,0.001397769,0.708253324,-0.705956638,-0.016553117,0.016516542,0.000061305,0.023383794,0.000061305,0.000000000,False,STABILIZE,False
4.140076,2026-09-01T20:52:35.804261+00:00,1788295955.804261208,1788295955.183852911,1788295955.129870892,-0.011069321,0.011131885,-0.000000000,0.167563,-0.059068,-90.186616,180.186616,-0.000667213,0.001399553,0.708256006,-0.705953956,-0.016467405,0.016402533,0.000117554,0.023242602,0.000117554,0.000000000,False,STABILIZE,False
4.533937,2026-09-01T20:52:36.198123+00:00,1788295956.198122501,1788295955.575721025,1788295955.465758085,-0.011069321,0.011131885,-0.000000000,0.168052,-0.059302,-90.191804,180.191804,-0.000668710,0.001404046,0.708287954,-0.705921888,-0.016517421,0.016466342,0.000135654,0.023323071,0.000135654,0.000000000,False,STABILIZE,False
4.766328,2026-09-01T20:52:36.430514+00:00,1788295956.430513859,1788295955.789649010,1788295955.599713087,-0.011069321,0.011131885,-0.000000000,0.168472,-0.059486,-90.194378,180.194378,-0.000670130,0.001407792,0.708303809,-0.705905914,-0.016434511,0.016620465,0.000102628,0.023373767,0.000102628,0.000000000,False,STABILIZE,False
5.054892,2026-09-01T20:52:36.719077+00:00,1788295956.719077349,1788295956.075552940,1788295956.015573025,-0.011069321,0.011131885,-0.000000000,0.169208,-0.059737,-90.198270,180.198270,-0.000673065,0.001413911,0.708327770,-0.705881834,-0.016592991,0.016860669,0.000075077,0.023656067,0.000075077,0.000000000,False,STABILIZE,False
5.089466,2026-09-01T20:52:36.753652+00:00,1788295956.753651857,1788295956.111541033,1788295956.075552940,-0.011069321,0.011131885,-0.000000000,0.169043,-0.059597,-90.198879,180.198879,-0.000672902,0.001412031,0.708331525,-0.705878079,-0.016612120,0.016922655,0.000018442,0.023713683,0.000018442,0.000000000,False,STABILIZE,False
5.356858,2026-09-01T20:52:37.021044+00:00,1788295957.021044016,1788295956.361457109,1788295956.301476955,-0.011069321,0.011131885,-0.000000000,0.169445,-0.059469,-90.202276,180.202276,-0.000676128,0.001413749,0.708352447,-0.705857158,-0.016560655,0.016859544,-0.000006537,0.023632595,-0.000006537,0.000000000,False,STABILIZE,False
5.492420,2026-09-01T20:52:37.156605+00:00,1788295957.156605244,1788295956.503408909,1788295956.480417013,-0.011069321,0.011131885,-0.000000000,0.169412,-0.059526,-90.203940,180.203940,-0.000675554,0.001413906,0.708362699,-0.705846906,-0.016586525,0.016860835,0.000026396,0.023651651,0.000026396,0.000000000,False,STABILIZE,False
5.646678,2026-09-01T20:52:37.310865+00:00,1788295957.310864925,1788295956.643362045,1788295956.587380886,-0.011069321,0.011131885,-0.000000000,0.169738,-0.059612,-90.205790,180.205790,-0.000677009,0.001416459,0.708374083,-0.705835402,-0.016637908,0.016895955,0.000016713,0.023712724,0.000016713,0.000000000,False,STABILIZE,False
6.324159,2026-09-01T20:52:37.988345+00:00,1788295957.988344908,1788295957.283147097,1788295957.207173109,-0.011069321,0.011131885,-0.000000000,0.170076,-0.059271,-90.213754,180.213754,-0.000681103,0.001416500,0.708423138,-0.705786228,-0.016844915,0.017158985,-0.000025656,0.024045414,-0.000025656,0.000000000,False,STABILIZE,False
6.423423,2026-09-01T20:52:38.087608+00:00,1788295958.087608337,1788295957.389111042,1788295957.325133085,-0.011069321,0.011131885,-0.000000000,0.169840,-0.059261,-90.215127,180.215127,-0.000679694,0.001414987,0.708431602,-0.705777764,-0.016778102,0.017033363,-0.000021098,0.023908997,-0.000021098,0.000000000,False,STABILIZE,False
6.751385,2026-09-01T20:52:38.415571+00:00,1788295958.415570736,1788295957.707005024,1788295957.623033047,-0.011069321,0.011131885,-0.000000000,0.170153,-0.059350,-90.219145,180.219145,-0.000681017,0.001417488,0.708456337,-0.705752909,-0.016650341,0.016935414,-0.000019354,0.023749571,-0.000019354,0.000000000,False,STABILIZE,False
6.917529,2026-09-01T20:52:38.581714+00:00,1788295958.581714392,1788295957.883944988,1788295957.800972939,-0.011069321,0.011131885,-0.000000000,0.170013,-0.059168,-90.221399,180.221399,-0.000681253,0.001415521,0.708470225,-0.705738902,-0.016661253,0.016912583,-0.000035983,0.023740952,-0.000035983,0.000000000,False,STABILIZE,False
7.142657,2026-09-01T20:52:38.806843+00:00,1788295958.806843042,1788295958.062885046,1788295958.002904892,-0.011069321,0.011131885,-0.000000000,0.170054,-0.059205,-90.223644,180.223644,-0.000681251,0.001416012,0.708484054,-0.705725074,-0.016456025,0.016739456,-0.000083189,0.023473605,-0.000083189,0.000000000,False,STABILIZE,False
7.166096,2026-09-01T20:52:38.830282+00:00,1788295958.830282211,1788295958.098872900,1788295958.062885046,-0.011069321,0.011131885,-0.000000000,0.169880,-0.058996,-90.224186,180.224186,-0.000681468,0.001413655,0.708487391,-0.705721736,-0.016479785,0.016718049,-0.000105206,0.023475018,-0.000105206,0.000000000,False,STABILIZE,False
7.302220,2026-09-01T20:52:38.966405+00:00,1788295958.966405392,1788295958.242825031,1788295958.098872900,-0.011069321,0.011131885,-0.000000000,0.170289,-0.059535,-90.225997,180.225997,-0.000680626,0.001419514,0.708498538,-0.705710590,-0.016437870,0.016679406,-0.000109550,0.023418073,-0.000109550,0.000000000,False,STABILIZE,False
7.824688,2026-09-01T20:52:39.488873+00:00,1788295959.488873482,1788295958.739658117,1788295958.642689943,-0.011069321,0.011131885,-0.000000000,0.171055,-0.059376,-90.232367,180.232367,-0.000686254,0.001423308,0.708537757,-0.705671132,-0.016538622,0.016865959,-0.000122530,0.023621740,-0.000122530,0.000000000,False,STABILIZE,False
8.165932,2026-09-01T20:52:39.830118+00:00,1788295959.830118418,1788295959.092539072,1788295959.038557053,-0.011069321,0.011131885,-0.000000000,0.171530,-0.059239,-90.237275,180.237275,-0.000689963,0.001425429,0.708567977,-0.705640793,-0.016499076,0.016905390,-0.000156355,0.023622272,-0.000156355,-0.001000000,False,STABILIZE,False
8.282163,2026-09-01T20:52:39.946348+00:00,1788295959.946348190,1788295959.199502945,1788295959.173511982,-0.011069321,0.011131885,-0.000000000,0.171507,-0.059046,-90.238562,180.238562,-0.000690999,0.001424103,0.708575904,-0.705632865,-0.016582616,0.017029248,-0.000205317,0.023769275,-0.000205317,-0.001000000,False,STABILIZE,False
8.434989,2026-09-01T20:52:40.099176+00:00,1788295960.099175692,1788295959.342454910,1788295959.303467989,-0.011069321,0.011131885,-0.000000000,0.171703,-0.059005,-90.240305,180.240305,-0.000692440,0.001425077,0.708586633,-0.705622017,-0.016542241,0.016996039,-0.000261718,0.023717316,-0.000261718,-0.001000000,False,STABILIZE,False
8.702433,2026-09-01T20:52:40.366619+00:00,1788295960.366618633,1788295959.589371920,1788295959.389439106,-0.011069321,0.011131885,-0.000000000,0.172156,-0.059005,-90.243519,180.243519,-0.000695188,0.001427897,0.708606422,-0.705602109,-0.016521912,0.016926946,-0.000282720,0.023653648,-0.000282720,-0.001000000,False,STABILIZE,False
8.908858,2026-09-01T20:52:40.573044+00:00,1788295960.573043823,1788295959.767312050,1788295959.389439106,-0.011069321,0.011131885,-0.000000000,0.172235,-0.058777,-90.245784,180.245784,-0.000697055,0.001426997,0.708620369,-0.705588162,-0.016530430,0.017002834,-0.000238070,0.023713951,-0.000238070,-0.001000000,False,STABILIZE,False
9.019103,2026-09-01T20:52:40.683289+00:00,1788295960.683289289,1788295959.910264015,1788295959.809298038,-0.011069321,0.011131885,-0.000000000,0.172552,-0.058882,-90.247460,180.247460,-0.000698339,0.001429614,0.708630681,-0.705577850,-0.016472878,0.016982336,-0.000231263,0.023659151,-0.000231263,-0.001000000,False,STABILIZE,False
9.134773,2026-09-01T20:52:40.798960+00:00,1788295960.798959732,1788295960.018228054,1788295959.999233961,-0.011069321,0.011131885,-0.000000000,0.172728,-0.058906,-90.248777,180.248777,-0.000699254,0.001430859,0.708638787,-0.705569625,-0.016343938,0.016896421,-0.000241020,0.023507730,-0.000241020,-0.001000000,False,STABILIZE,False
9.343256,2026-09-01T20:52:41.007442+00:00,1788295961.007442236,1788295960.232156038,1788295960.178174019,-0.011069321,0.011131885,-0.000000000,0.173158,-0.058980,-90.251575,180.251575,-0.000701406,0.001433990,0.708656013,-0.705552280,-0.016529817,0.017044755,-0.000272095,0.023743600,-0.000272095,-0.001000000,False,STABILIZE,False
9.427393,2026-09-01T20:52:41.091579+00:00,1788295961.091579437,1788295960.301132917,1788295960.285137892,-0.011069321,0.011131885,-0.000000000,0.173066,-0.058932,-90.252398,180.252398,-0.000701130,0.001433133,0.708661079,-0.705547214,-0.016598362,0.017128596,-0.000223947,0.023851508,-0.000223947,-0.001000000,False,STABILIZE,False
9.647071,2026-09-01T20:52:41.311257+00:00,1788295961.311257124,1788295960.514060974,1788295960.392102003,-0.011069321,0.011131885,-0.000000000,0.173298,-0.059111,-90.255216,180.255216,-0.000701413,0.001435687,0.708678424,-0.705529749,-0.016404213,0.016935747,-0.000217689,0.023577908,-0.000217689,-0.001000000,False,STABILIZE,False
9.698299,2026-09-01T20:52:41.362485+00:00,1788295961.362484694,1788295960.550049067,1788295960.514060974,-0.011069321,0.011131885,-0.000000000,0.173281,-0.059114,-90.255748,180.255748,-0.000701281,0.001435599,0.708681703,-0.705526471,-0.016451078,0.016966790,-0.000216053,0.023632814,-0.000216053,-0.001000000,False,STABILIZE,False
9.838875,2026-09-01T20:52:41.503062+00:00,1788295961.503061533,1788295960.657012939,1788295960.610028982,-0.011069321,0.011131885,-0.000000000,0.173622,-0.059446,-90.257163,180.257163,-0.000701309,0.001439762,0.708690405,-0.705517769,-0.016442679,0.016895344,-0.000213448,0.023575715,-0.000213448,-0.001000000,False,STABILIZE,False
10.036211,2026-09-01T20:52:41.700397+00:00,1788295961.700396776,1788295960.903929949,1788295960.850948095,-0.011069321,0.011131885,-0.000000000,0.173463,-0.058705,-90.260163,180.260163,-0.000704877,0.001434237,0.708708882,-0.705499172,-0.016630633,0.017108381,-0.000202602,0.023859477,-0.000202602,-0.001000000,False,STABILIZE,False
10.072299,2026-09-01T20:52:41.736486+00:00,1788295961.736485720,1788295960.939918041,1788295960.850948095,-0.011069321,0.011131885,-0.000000000,0.173358,-0.058627,-90.260743,180.260743,-0.000704708,0.001433113,0.708712459,-0.705495596,-0.016368551,0.016754352,-0.000198824,0.023423018,-0.000198824,-0.001000000,False,STABILIZE,False
10.400806,2026-09-01T20:52:42.064992+00:00,1788295962.064992189,1788295961.254812002,1788295961.232820034,-0.011069321,0.011131885,-0.000000000,0.174163,-0.059110,-90.264783,180.264783,-0.000706622,0.001441087,0.708737314,-0.705470622,-0.016339602,0.016726177,-0.000209028,0.023382634,-0.000209028,-0.001000000,False,STABILIZE,False
10.438838,2026-09-01T20:52:42.103023+00:00,1788295962.103023052,1788295961.291800022,1788295961.266808033,-0.011069321,0.011131885,-0.000000000,0.174049,-0.058973,-90.265218,180.265218,-0.000706769,0.001439538,0.708739996,-0.705467939,-0.016432131,0.016794879,-0.000226030,0.023496444,-0.000226030,-0.001000000,False,STABILIZE,False
10.529900,2026-09-01T20:52:42.194087+00:00,1788295962.194087267,1788295961.362776041,1788295961.291800022,-0.011069321,0.011131885,-0.000000000,0.174177,-0.059008,-90.266041,180.266041,-0.000707323,0.001440554,0.708745062,-0.705462873,-0.016348492,0.016708780,-0.000217271,0.023376410,-0.000217271,-0.001000000,False,STABILIZE,False
10.553793,2026-09-01T20:52:42.217979+00:00,1788295962.217978716,1788295961.397763968,1788295961.385767937,-0.011069321,0.011131885,-0.000000000,0.174416,-0.059157,-90.266381,180.266381,-0.000707877,0.001442949,0.708747149,-0.705460787,-0.016392509,0.016756015,-0.000179012,0.023440955,-0.000179012,-0.001000000,False,STABILIZE,False
10.685526,2026-09-01T20:52:42.349711+00:00,1788295962.349711180,1788295961.540715933,1788295961.529720068,-0.011069321,0.011131885,-0.000000000,0.174669,-0.059349,-90.268318,180.268318,-0.000708221,0.001445709,0.708759069,-0.705448747,-0.016458742,0.016823286,-0.000178779,0.023535360,-0.000178779,-0.001000000,False,STABILIZE,False
10.898325,2026-09-01T20:52:42.562511+00:00,1788295962.562511444,1788295961.720655918,1788295961.695663929,-0.011069321,0.011131885,-0.000000000,0.174566,-0.059466,-90.270797,180.270797,-0.000706829,0.001445810,0.708774328,-0.705433369,-0.016456163,0.016809223,-0.000191955,0.023523505,-0.000191955,-0.001000000,False,STABILIZE,False
11.071848,2026-09-01T20:52:42.736033+00:00,1788295962.736033440,1788295961.897595882,1788295961.885600090,-0.011069321,0.011131885,-0.000000000,0.174778,-0.059313,-90.272956,180.272956,-0.000709054,0.001446189,0.708787620,-0.705420077,-0.016607525,0.016863994,-0.000171432,0.023668633,-0.000171432,-0.001000000,False,STABILIZE,False
11.104946,2026-09-01T20:52:42.769130+00:00,1788295962.769130468,1788295961.931585073,1788295961.897595882,-0.011069321,0.011131885,-0.000000000,0.174646,-0.059216,-90.273527,180.273527,-0.000708833,0.001444776,0.708791137,-0.705416560,-0.016521301,0.016749350,-0.000224829,0.023526456,-0.000224829,-0.001000000,False,STABILIZE,False
11.132576,2026-09-01T20:52:42.796762+00:00,1788295962.796761751,1788295961.967572927,1788295961.897595882,-0.011069321,0.011131885,-0.000000000,0.174632,-0.059225,-90.273982,180.273982,-0.000708685,0.001444750,0.708793938,-0.705413759,-0.016603904,0.016810637,-0.000210970,0.023628101,-0.000210970,-0.001000000,False,STABILIZE,False
11.167637,2026-09-01T20:52:42.831823+00:00,1788295962.831822872,1788295962.001560926,1788295961.897595882,-0.011069321,0.011131885,-0.000000000,0.174937,-0.059221,-90.274360,180.274360,-0.000710582,0.001446614,0.708796263,-0.705411434,-0.016574098,0.016825069,-0.000207089,0.023617444,-0.000207089,-0.001000000,False,STABILIZE,False
11.286999,2026-09-01T20:52:42.951184+00:00,1788295962.951184273,1788295962.109524965,1788295962.091531038,-0.011069321,0.011131885,-0.000000000,0.175185,-0.059188,-90.275765,180.275765,-0.000712297,0.001447962,0.708804905,-0.705402792,-0.016630620,0.016855152,-0.000197233,0.023678549,-0.000197233,-0.001000000,False,STABILIZE,False
11.970987,2026-09-01T20:52:43.635173+00:00,1788295963.635172606,1788295962.747309923,1788295962.674335003,-0.011069321,0.011131885,-0.000000000,0.175981,-0.058543,-90.284480,180.284480,-0.000721079,0.001448967,0.708858550,-0.705348790,-0.016465744,0.016669458,-0.000186110,0.023430569,-0.000186110,-0.001000000,False,STABILIZE,False
11.999098,2026-09-01T20:52:43.663285+00:00,1788295963.663284540,1788295962.781299114,1788295962.747309923,-0.011069321,0.011131885,-0.000000000,0.176073,-0.058501,-90.284887,180.284887,-0.000721898,0.001449281,0.708861053,-0.705346286,-0.016511841,0.016613316,-0.000054169,0.023423133,-0.000054169,-0.001000000,False,STABILIZE,False
12.137868,2026-09-01T20:52:43.802054+00:00,1788295963.802054405,1788295962.924251080,1788295962.796293974,-0.011069321,0.011131885,-0.000000000,0.176326,-0.058445,-90.286814,180.286814,-0.000723775,0.001450515,0.708872914,-0.705334306,-0.016663272,0.016758615,-0.000047696,0.023632939,-0.000047696,-0.001000000,False,STABILIZE,False
12.430473,2026-09-01T20:52:44.094660+00:00,1788295964.094659805,1788295963.201158047,1788295963.123183966,-0.011069321,0.011131885,-0.000000000,0.176633,-0.058437,-90.290698,180.290698,-0.000725669,0.001452382,0.708896816,-0.705310285,-0.016581101,0.016635066,-0.000046159,0.023487408,-0.000046159,-0.001000000,False,STABILIZE,False
12.587581,2026-09-01T20:52:44.251767+00:00,1788295964.251767397,1788295963.308121920,1788295963.290127993,-0.011069321,0.011131885,-0.000000000,0.176785,-0.058397,-90.292102,180.292102,-0.000726830,0.001453088,0.708905458,-0.705301642,-0.016659580,0.016798085,-0.000020340,0.023658344,-0.000020340,-0.001000000,False,STABILIZE,False
13.081567,2026-09-01T20:52:44.745752+00:00,1788295964.745752096,1788295963.840943098,1788295963.780962944,-0.011069321,0.011131885,-0.000000000,0.177246,-0.058197,-90.299182,180.299182,-0.000730822,0.001454753,0.708949029,-0.705257833,-0.016633527,0.016798163,-0.000057055,0.023640061,-0.000057055,-0.001000000,False,STABILIZE,False
13.149216,2026-09-01T20:52:44.813401+00:00,1788295964.813401461,1788295963.911919117,1788295963.853939056,-0.011069321,0.011131885,-0.000000000,0.176920,-0.057940,-90.299878,180.299878,-0.000730391,0.001451159,0.708953321,-0.705253422,-0.016603181,0.016646586,-0.000170444,0.023511156,-0.000170444,-0.001000000,False,STABILIZE,False
13.751944,2026-09-01T20:52:45.416131+00:00,1788295965.416130781,1788295964.483726978,1788295964.460735083,-0.011069321,0.011131885,-0.000000000,0.178248,-0.058331,-90.307184,180.307184,-0.000736049,0.001461827,0.708998263,-0.705208242,-0.016474899,0.016415961,-0.000192675,0.023257387,-0.000192675,-0.001000000,False,STABILIZE,False
14.019338,2026-09-01T20:52:45.683523+00:00,1788295965.683523417,1788295964.733643055,1788295964.724646091,-0.011069321,0.011131885,-0.000000000,0.178568,-0.058316,-90.310207,180.310207,-0.000738075,0.001463736,0.709016860,-0.705189645,-0.016565979,0.016513832,-0.000246135,0.023390987,-0.000246135,-0.001000000,False,STABILIZE,False
14.234278,2026-09-01T20:52:45.898463+00:00,1788295965.898463249,1788295964.947571039,1788295964.939574003,-0.011069321,0.011131885,-0.000000000,0.178539,-0.058165,-90.313015,180.313015,-0.000738794,0.001462649,0.709034145,-0.705172241,-0.016621703,0.016554601,-0.000236223,0.023459238,-0.000236223,-0.001000000,False,STABILIZE,False
14.363619,2026-09-01T20:52:46.027805+00:00,1788295966.027805090,1788295965.087523937,1788295965.009550095,-0.011069321,0.011131885,-0.000000000,0.178985,-0.058337,-90.314692,180.314692,-0.000740457,0.001466477,0.709044456,-0.705161810,-0.016643388,0.016684992,-0.000256076,0.023566742,-0.000256076,-0.001000000,False,STABILIZE,False
14.694306,2026-09-01T20:52:46.358492+00:00,1788295966.358492136,1788295965.408416033,1788295965.331442118,-0.011069321,0.011131885,-0.000000000,0.179191,-0.058025,-90.318799,180.318799,-0.000743598,0.001465857,0.709069729,-0.705136418,-0.016655525,0.016795876,-0.000260020,0.023653920,-0.000260020,-0.001000000,False,STABILIZE,False
15.025227,2026-09-01T20:52:46.689413+00:00,1788295966.689413071,1788295965.688322067,1788295965.664330006,-0.011069321,0.011131885,-0.000000000,0.179472,-0.058026,-90.322500,180.322500,-0.000745273,0.001467626,0.709092498,-0.705113530,-0.016733063,0.016812926,-0.000259747,0.023720664,-0.000259747,-0.001000000,False,STABILIZE,False
15.050952,2026-09-01T20:52:46.715138+00:00,1788295966.715137959,1788295965.724309921,1788295965.689321995,-0.011069321,0.011131885,-0.000000000,0.179300,-0.057924,-90.322954,180.322954,-0.000744849,0.001465935,0.709095299,-0.705110729,-0.016573543,0.016694322,-0.000223177,0.023524088,-0.000223177,-0.001000000,False,STABILIZE,False
15.124933,2026-09-01T20:52:46.789119+00:00,1788295966.789118528,1788295965.795285940,1788295965.724309921,-0.011069321,0.011131885,-0.000000000,0.179285,-0.058025,-90.323575,180.323575,-0.000744116,0.001466466,0.709099114,-0.705106795,-0.016529633,0.016668722,-0.000229271,0.023474988,-0.000229271,-0.001000000,False,STABILIZE,False
15.313252,2026-09-01T20:52:46.977437+00:00,1788295966.977437496,1788295966.006215096,1788295965.926242113,-0.011069321,0.011131885,-0.000000000,0.179568,-0.058080,-90.326036,180.326036,-0.000745489,0.001468574,0.709114254,-0.705091655,-0.016658995,0.016782356,-0.000239393,0.023646767,-0.000239393,-0.001000000,False,STABILIZE,False
15.435625,2026-09-01T20:52:47.099810+00:00,1788295967.099810362,1788295966.114178896,1788295966.033205986,-0.011069321,0.011131885,-0.000000000,0.179691,-0.058086,-90.327460,180.327460,-0.000746187,0.001469376,0.709123015,-0.705082893,-0.016657835,0.016736202,-0.000231527,0.023613215,-0.000231527,-0.001000000,False,STABILIZE,False
15.877864,2026-09-01T20:52:47.542048+00:00,1788295967.542048454,1788295966.542035103,1788295966.463062048,-0.011069321,0.011131885,-0.000000000,0.179603,-0.058331,-90.333001,180.333001,-0.000744060,0.001470380,0.709157109,-0.705048561,-0.016552052,0.016602416,-0.000230867,0.023443776,-0.000230867,-0.001000000,False,STABILIZE,False
15.975526,2026-09-01T20:52:47.639711+00:00,1788295967.639710903,1788295966.614011049,1788295966.463062048,-0.011069321,0.011131885,-0.000000000,0.179873,-0.058616,-90.333845,180.333845,-0.000743943,0.001473812,0.709162295,-0.705043375,-0.016519463,0.016579360,-0.000260896,0.023404440,-0.000260896,-0.001000000,False,STABILIZE,False
16.142727,2026-09-01T20:52:47.806913+00:00,1788295967.806912661,1788295966.752964020,1788295966.700982094,-0.011069321,0.011131885,-0.000000000,0.179697,-0.058321,-90.335821,180.335821,-0.000744667,0.001470916,0.709174454,-0.705031097,-0.016688654,0.016662486,-0.000240558,0.023582825,-0.000240558,-0.001000000,False,STABILIZE,False
16.251857,2026-09-01T20:52:47.916042+00:00,1788295967.916042089,1788295966.896915913,1788295966.833936930,-0.011069321,0.011131885,-0.000000000,0.179850,-0.058555,-90.337352,180.337352,-0.000744136,0.001473312,0.709183872,-0.705021560,-0.016426144,0.016463958,-0.000284726,0.023256829,-0.000284726,-0.001000000,False,STABILIZE,False
16.420276,2026-09-01T20:52:48.084461+00:00,1788295968.084461451,1788295967.074856043,1788295966.833936930,-0.011069321,0.011131885,-0.000000000,0.180497,-0.058722,-90.339698,180.339698,-0.000747054,0.001478360,0.709198296,-0.705007017,-0.016438972,0.016402353,-0.000314493,0.023222338,-0.000314493,-0.001000000,False,STABILIZE,False
16.615110,2026-09-01T20:52:48.279295+00:00,1788295968.279295444,1788295967.252795935,1788295967.190817118,-0.011069321,0.011131885,-0.000000000,0.180662,-0.058782,-90.341888,180.341888,-0.000747668,0.001479768,0.709211767,-0.704993546,-0.016267991,0.016365627,-0.000331459,0.023075556,-0.000331459,-0.001000000,False,STABILIZE,False
16.971489,2026-09-01T20:52:48.635675+00:00,1788295968.635675192,1788295967.607676983,1788295967.526704073,-0.011069321,0.011131885,-0.000000000,0.181615,-0.059152,-90.346706,180.346706,-0.000751181,0.001487973,0.709241390,-0.704963684,-0.016339643,0.016449787,-0.000331860,0.023185759,-0.000331860,-0.001000000,False,STABILIZE,False
17.341129,2026-09-01T20:52:49.005315+00:00,1788295969.005315065,1788295967.928569078,1788295967.908576012,-0.011069321,0.011131885,-0.000000000,0.181631,-0.058431,-90.350920,180.350920,-0.000755691,0.001483665,0.709267318,-0.704937637,-0.016602185,0.016836610,-0.000314240,0.023645379,-0.000314240,-0.001000000,False,STABILIZE,False
18.201255,2026-09-01T20:52:49.865441+00:00,1788295969.865440845,1788295968.779283047,1788295968.721302986,-0.011069321,0.011131885,-0.000000000,0.182200,-0.058290,-90.362664,180.362664,-0.000759903,0.001486395,0.709339559,-0.704864919,-0.016533732,0.016807616,-0.000306165,0.023576689,-0.000306165,-0.001000000,False,STABILIZE,False
18.228576,2026-09-01T20:52:49.892761+00:00,1788295969.892760515,1788295968.815270901,1788295968.779283047,-0.011069321,0.011131885,-0.000000000,0.182316,-0.058442,-90.363091,180.363091,-0.000759674,0.001488053,0.709342182,-0.704862297,-0.016637303,0.016870733,-0.000201092,0.023694335,-0.000201092,-0.001000000,False,STABILIZE,False
18.281177,2026-09-01T20:52:49.945362+00:00,1788295969.945362329,1788295968.852258921,1788295968.815270901,-0.011069321,0.011131885,-0.000000000,0.182586,-0.058620,-90.363577,180.363577,-0.000760229,0.001490817,0.709345162,-0.704859316,-0.016692936,0.016920319,-0.000226628,0.023768705,-0.000226628,-0.001000000,False,STABILIZE,False
18.423296,2026-09-01T20:52:50.087482+00:00,1788295970.087482214,1788295969.029198885,1788295968.947227001,-0.011069321,0.011131885,-0.000000000,0.182609,-0.058370,-90.365941,180.365941,-0.000761888,0.001489441,0.709359705,-0.704844654,-0.016725469,0.016961273,-0.000212403,0.023820707,-0.000212403,-0.001000000,False,STABILIZE,False
18.467317,2026-09-01T20:52:50.131502+00:00,1788295970.131502390,1788295969.066186905,1788295969.029198885,-0.011069321,0.011131885,-0.000000000,0.182629,-0.058340,-90.366338,180.366338,-0.000762189,0.001489382,0.709362149,-0.704842210,-0.016730793,0.016975315,-0.000230497,0.023834445,-0.000230497,-0.001000000,False,STABILIZE,False
18.651157,2026-09-01T20:52:50.315343+00:00,1788295970.315343380,1788295969.206140041,1788295969.160155058,-0.011069321,0.011131885,-0.000000000,0.182550,-0.058260,-90.368014,180.368014,-0.000762180,0.001488414,0.709372461,-0.704831779,-0.016632492,0.016875066,-0.000242540,0.023694042,-0.000242540,-0.001000000,False,STABILIZE,False
18.908857,2026-09-01T20:52:50.573042+00:00,1788295970.573042393,1788295969.488044977,1788295969.434062958,-0.011069321,0.011131885,-0.000000000,0.183028,-0.058215,-90.371552,180.371552,-0.000765349,0.001491125,0.709394217,-0.704809904,-0.016601048,0.016873842,-0.000205739,0.023671108,-0.000205739,-0.001000000,False,STABILIZE,False
18.945327,2026-09-01T20:52:50.609512+00:00,1788295970.609511614,1788295969.523032904,1788295969.505038977,-0.011069321,0.011131885,-0.000000000,0.182957,-0.058152,-90.371901,180.371901,-0.000765303,0.001490295,0.709396362,-0.704807758,-0.016443791,0.016671509,-0.000208689,0.023416606,-0.000208689,-0.001000000,False,STABILIZE,False
19.859389,2026-09-01T20:52:51.523576+00:00,1788295971.523576021,1788295970.409734964,1788295970.362751007,-0.011069321,0.011131885,-0.000000000,0.184623,-0.057860,-90.383281,180.383281,-0.000777204,0.001498894,0.709466338,-0.704737306,-0.016377090,0.016605323,-0.000216261,0.023322646,-0.000216261,-0.001000000,False,STABILIZE,False
19.928179,2026-09-01T20:52:51.592365+00:00,1788295971.592364788,1788295970.481710911,1788295970.409734964,-0.011069321,0.011131885,-0.000000000,0.184887,-0.058080,-90.384300,180.384300,-0.000777454,0.001501883,0.709472597,-0.704731047,-0.016457280,0.016546827,-0.000087274,0.023337514,-0.000087274,-0.001000000,False,STABILIZE,False
20.193849,2026-09-01T20:52:51.858034+00:00,1788295971.858033895,1788295970.696639061,1788295970.671647072,-0.011069321,0.011131885,-0.000000000,0.184973,-0.058187,-90.387247,180.387247,-0.000777278,0.001503099,0.709490716,-0.704712689,-0.016526887,0.016646184,-0.000053336,0.023457055,-0.000053336,-0.001000000,False,STABILIZE,False
20.550860,2026-09-01T20:52:52.215046+00:00,1788295972.215045691,1788295971.088506937,1788295971.076510906,-0.011069321,0.011131885,-0.000000000,0.185270,-0.058198,-90.392316,180.392316,-0.000778968,0.001505033,0.709521890,-0.704681396,-0.016493063,0.016580269,-0.000038216,0.023386459,-0.000038216,-0.001000000,False,STABILIZE,False
20.678786,2026-09-01T20:52:52.342972+00:00,1788295972.342971563,1788295971.193471909,1788295971.112498999,-0.011069321,0.011131885,-0.000000000,0.185105,-0.058061,-90.393527,180.393527,-0.000778787,0.001503178,0.709529340,-0.704673827,-0.016620077,0.016639851,-0.000089119,0.023518325,-0.000089119,-0.001000000,False,STABILIZE,False
20.831573,2026-09-01T20:52:52.495758+00:00,1788295972.495758295,1788295971.335423946,1788295971.290438890,-0.011069321,0.011131885,-0.000000000,0.185152,-0.057859,-90.395650,180.395650,-0.000780298,0.001502244,0.709542394,-0.704660654,-0.016695831,0.016694615,-0.000084854,0.023610611,-0.000084854,-0.001000000,False,STABILIZE,False
20.991595,2026-09-01T20:52:52.655781+00:00,1788295972.655781031,1788295971.513364077,1788295971.492371082,-0.011069321,0.011131885,-0.000000000,0.185344,-0.057921,-90.397754,180.397754,-0.000781068,0.001503824,0.709555328,-0.704647720,-0.016521510,0.016545434,-0.000088107,0.023381866,-0.000088107,-0.001000000,False,STABILIZE,False
21.109617,2026-09-01T20:52:52.773803+00:00,1788295972.773803473,1788295971.620327950,1788295971.601335049,-0.011069321,0.011131885,-0.000000000,0.185652,-0.058150,-90.399218,180.399218,-0.000781524,0.001507156,0.709564328,-0.704638600,-0.016570624,0.016484145,-0.000066776,0.023373331,-0.000066776,-0.001000000,False,STABILIZE,False
21.388000,2026-09-01T20:52:53.052185+00:00,1788295973.052185059,1788295971.835256100,1788295971.814263105,-0.011069321,0.011131885,-0.000000000,0.185936,-0.057993,-90.402039,180.402039,-0.000784212,0.001507967,0.709581673,-0.704621136,-0.016750379,0.016716564,0.000005299,0.023664714,0.000005299,-0.001000000,False,STABILIZE,False
21.449354,2026-09-01T20:52:53.113539+00:00,1788295973.113538980,1788295971.906232119,1788295971.814263105,-0.011069321,0.011131885,-0.000000000,0.185919,-0.057879,-90.402863,180.402863,-0.000784795,0.001507162,0.709586740,-0.704615951,-0.016726848,0.016727669,-0.000006601,0.023655916,-0.000006601,-0.001000000,False,STABILIZE,False
21.560612,2026-09-01T20:52:53.224798+00:00,1788295973.224797726,1788295972.049184084,1788295971.969211102,-0.011069321,0.011131885,-0.000000000,0.186307,-0.058141,-90.404861,180.404861,-0.000785535,0.001511195,0.709599018,-0.704603672,-0.016622564,0.016636932,0.000004518,0.023518017,0.000004518,-0.001000000,False,STABILIZE,False
21.685192,2026-09-01T20:52:53.349377+00:00,1788295973.349376917,1788295972.156147957,1788295972.088171005,-0.011069321,0.011131885,-0.000000000,0.185858,-0.057776,-90.406391,180.406391,-0.000785017,0.001506176,0.709608436,-0.704594135,-0.016731588,0.016657231,0.000055360,0.023609519,0.000055360,-0.001000000,False,STABILIZE,False
22.113517,2026-09-01T20:52:53.777704+00:00,1788295973.777703762,1788295972.543018103,1788295972.519026041,-0.011069321,0.011131885,-0.000000000,0.186415,-0.057885,-90.411579,180.411579,-0.000787692,0.001510331,0.709640324,-0.704562008,-0.016684411,0.016571185,0.000067863,0.023515394,0.000067863,-0.001000000,False,STABILIZE,False
22.244071,2026-09-01T20:52:53.908257+00:00,1788295973.908256531,1788295972.649981976,1788295972.543018103,-0.011069321,0.011131885,-0.000000000,0.186477,-0.057971,-90.412956,180.412956,-0.000787529,0.001511255,0.709648788,-0.704553545,-0.016632445,0.016579285,0.000021356,0.023484270,0.000021356,-0.001000000,False,STABILIZE,False
22.425342,2026-09-01T20:52:54.089527+00:00,1788295974.089527130,1788295972.864909887,1788295972.762943983,-0.011069321,0.011131885,-0.000000000,0.186487,-0.057932,-90.415854,180.415854,-0.000787791,0.001511092,0.709666610,-0.704535604,-0.016550772,0.016453728,0.000011798,0.023337807,0.000011798,-0.001000000,False,STABILIZE,False
22.637080,2026-09-01T20:52:54.301266+00:00,1788295974.301265717,1788295973.075839043,1788295973.036851883,-0.011069321,0.011131885,-0.000000000,0.186880,-0.057873,-90.418599,180.418599,-0.000790541,0.001513185,0.709683478,-0.704518616,-0.016418852,0.016400784,0.000029701,0.023206991,0.000029701,-0.001000000,False,STABILIZE,False
22.885078,2026-09-01T20:52:54.549264+00:00,1788295974.549263954,1788295973.325754881,1788295973.168807983,-0.011069321,0.011131885,-0.000000000,0.187092,-0.058173,-90.421916,180.421916,-0.000789936,0.001516365,0.709703863,-0.704497993,-0.016400827,0.016282246,0.000024417,0.023110574,0.000024417,-0.001000000,False,STABILIZE,False
23.367621,2026-09-01T20:52:55.031806+00:00,1788295975.031806469,1788295973.786600113,1788295973.634650946,-0.011069321,0.011131885,-0.000000000,0.187708,-0.058431,-90.427473,180.427473,-0.000792054,0.001521809,0.709738016,-0.704463601,-0.016436480,0.016386552,0.000051831,0.023209415,0.000051831,-0.001000000,False,STABILIZE,False
23.499107,2026-09-01T20:52:55.163292+00:00,1788295975.163291931,1788295973.927552938,1788295973.634650946,-0.011069321,0.011131885,-0.000000000,0.187953,-0.058430,-90.429189,180.429189,-0.000793542,0.001523333,0.709748566,-0.704453051,-0.016800603,0.016684998,0.000004441,0.023678036,0.000004441,-0.001000000,False,STABILIZE,False
24.027908,2026-09-01T20:52:55.692096+00:00,1788295975.692096233,1788295974.427385092,1788295974.364406109,-0.011069321,0.011131885,-0.000000000,0.188392,-0.058941,-90.435562,180.435562,-0.000792995,0.001529235,0.709787726,-0.704413533,-0.016743734,0.016633661,0.000016338,0.023601511,0.000016338,-0.001000000,False,STABILIZE,False
24.203336,2026-09-01T20:52:55.867521+00:00,1788295975.867521048,1788295974.605324984,1788295974.364406109,-0.011069321,0.011131885,-0.000000000,0.188306,-0.058471,-90.437616,180.437616,-0.000795349,0.001525829,0.709800363,-0.704400778,-0.016840324,0.016724540,-0.000045300,0.023734084,-0.000045300,-0.001000000,False,STABILIZE,False
24.715387,2026-09-01T20:52:56.379573+00:00,1788295976.379572630,1788295975.105156898,1788295975.079165936,-0.011069321,0.011131885,-0.000000000,0.189384,-0.058396,-90.444484,180.444484,-0.000802348,0.001532088,0.709842563,-0.704358220,-0.016749004,0.016741460,-0.000052662,0.023681335,-0.000052662,-0.001000000,False,STABILIZE,False
24.883195,2026-09-01T20:52:56.547381+00:00,1788295976.547381163,1788295975.248109102,1788295975.209121943,-0.011069321,0.011131885,-0.000000000,0.189784,-0.058790,-90.446328,180.446328,-0.000802343,0.001537001,0.709853888,-0.704346895,-0.016607733,0.016673248,-0.000050475,0.023533253,-0.000050475,-0.001000000,False,STABILIZE,False
24.956617,2026-09-01T20:52:56.620803+00:00,1788295976.620802641,1788295975.317085981,1788295975.268101931,-0.011069321,0.011131885,-0.000000000,0.189546,-0.058629,-90.447171,180.447171,-0.000801862,0.001534544,0.709859073,-0.704341590,-0.016639503,0.016698474,-0.000045610,0.023573546,-0.000045610,-0.001000000,False,STABILIZE,False
25.027286,2026-09-01T20:52:56.691471+00:00,1788295976.691471338,1788295975.388062000,1788295975.317085981,-0.011069321,0.011131885,-0.000000000,0.189424,-0.058686,-90.447927,180.447927,-0.000800753,0.001534147,0.709863722,-0.704336941,-0.016603054,0.016590279,-0.000091008,0.023471233,-0.000091008,-0.001000000,False,STABILIZE,False
25.110619,2026-09-01T20:52:56.774805+00:00,1788295976.774804592,1788295975.494025946,1788295975.388062000,-0.011069321,0.011131885,-0.000000000,0.189496,-0.058898,-90.449324,180.449324,-0.000799860,0.001535901,0.709872305,-0.704328239,-0.016580153,0.016603589,-0.000124167,0.023464455,-0.000124167,-0.001000000,False,STABILIZE,False
25.935190,2026-09-01T20:52:57.599376+00:00,1788295977.599375725,1788295976.279762030,1788295976.258769035,-0.011069321,0.011131885,-0.000000000,0.190236,-0.058305,-90.459517,180.459517,-0.000807946,0.001536919,0.709934950,-0.704265118,-0.016627207,0.016677862,-0.000103666,0.023550268,-0.000103666,-0.001000000,False,STABILIZE,False
26.266075,2026-09-01T20:52:57.930261+00:00,1788295977.930260658,1788295976.601654053,1788295976.342741013,-0.011069321,0.011131885,-0.000000000,0.191112,-0.059029,-90.463768,180.463768,-0.000808788,0.001546820,0.709961057,-0.704238772,-0.016323360,0.016538847,-0.000153831,0.023237589,-0.000153831,-0.001000000,False,STABILIZE,False
26.409020,2026-09-01T20:52:58.073205+00:00,1788295978.073205233,1788295976.743606091,1788295976.663633108,-0.011069321,0.011131885,-0.000000000,0.191350,-0.058865,-90.465757,180.465757,-0.000811235,0.001547301,0.709973276,-0.704226434,-0.016675793,0.016898414,-0.000166559,0.023741071,-0.000166559,-0.001000000,False,STABILIZE,False
26.571880,2026-09-01T20:52:58.236065+00:00,1788295978.236065388,1788295976.886558056,1788295976.782593012,-0.011069321,0.011131885,-0.000000000,0.191676,-0.059066,-90.467203,180.467203,-0.000811980,0.001550570,0.709982157,-0.704217434,-0.016682755,0.016911659,-0.000200396,0.023755390,-0.000200396,-0.001000000,False,STABILIZE,False
26.699832,2026-09-01T20:52:58.364019+00:00,1788295978.364018679,1788295977.029510021,1788295977.008517027,-0.011069321,0.011131885,-0.000000000,0.191740,-0.059241,-90.469327,180.469327,-0.000811260,0.001552056,0.709995210,-0.704204381,-0.016636647,0.016821176,-0.000234294,0.023658613,-0.000234294,-0.001000000,False,STABILIZE,False
26.753877,2026-09-01T20:52:58.418063+00:00,1788295978.418063164,1788295977.065498114,1788295977.043504953,-0.011069321,0.011131885,-0.000000000,0.191794,-0.059205,-90.469803,180.469803,-0.000811808,0.001552175,0.709998131,-0.704201341,-0.016819246,0.017043447,-0.000209028,0.023945065,-0.000209028,-0.001000000,False,STABILIZE,False
26.903674,2026-09-01T20:52:58.567860+00:00,1788295978.567859888,1788295977.208450079,1788295977.199453115,-0.011069321,0.011131885,-0.000000000,0.192011,-0.059114,-90.471394,180.471394,-0.000813678,0.001552970,0.710007906,-0.704191446,-0.016789511,0.016981818,-0.000209908,0.023880323,-0.000209908,-0.001000000,False,STABILIZE,False
27.062604,2026-09-01T20:52:58.726789+00:00,1788295978.726789236,1788295977.352401972,1788295977.199453115,-0.011069321,0.011131885,-0.000000000,0.191968,-0.058939,-90.473372,180.473372,-0.000814477,0.001551637,0.710020065,-0.704179168,-0.016775131,0.017006518,-0.000147510,0.023887794,-0.000147510,-0.001000000,False,STABILIZE,False
27.189011,2026-09-01T20:52:58.853197+00:00,1788295978.853196621,1788295977.494354010,1788295977.413381100,-0.011069321,0.011131885,-0.000000000,0.192395,-0.058995,-90.475051,180.475051,-0.000816728,0.001554642,0.710030377,-0.704168856,-0.016613264,0.016843490,-0.000148939,0.023658058,-0.000148939,-0.001000000,False,STABILIZE,False
27.490416,2026-09-01T20:52:59.154602+00:00,1788295979.154602051,1788295977.779258013,1788295977.735272884,-0.011069321,0.011131885,-0.000000000,0.192665,-0.058842,-90.479348,180.479348,-0.000819281,0.001555406,0.710056782,-0.704142213,-0.016670857,0.016879933,-0.000102952,0.023724451,-0.000102952,-0.001000000,False,STABILIZE,False
28.122384,2026-09-01T20:52:59.786570+00:00,1788295979.786570311,1788295978.387053967,1788295978.354064941,-0.011069321,0.011131885,-0.000000000,0.192175,-0.058637,-90.487418,180.487418,-0.000817428,0.001551170,0.710106373,-0.704092264,-0.016683064,0.016780114,-0.000080888,0.023662140,-0.000080888,-0.001000000,False,STABILIZE,False
28.221784,2026-09-01T20:52:59.885971+00:00,1788295979.885970592,1788295978.493017912,1788295978.354064941,-0.011069321,0.011131885,-0.000000000,0.192543,-0.058799,-90.488864,180.488864,-0.000818667,0.001554455,0.710115254,-0.704083145,-0.016762098,0.016882442,-0.000109909,0.023790435,-0.000109909,-0.001000000,False,STABILIZE,False
28.296631,2026-09-01T20:52:59.960817+00:00,1788295979.960816860,1788295978.564994097,1788295978.354064941,-0.011069321,0.011131885,-0.000000000,0.192488,-0.058654,-90.489921,180.489921,-0.000819209,0.001553229,0.710121751,-0.704076648,-0.016822524,0.016910966,-0.000089227,0.023853262,-0.000089227,-0.001000000,False,STABILIZE,False
28.593949,2026-09-01T20:53:00.258135+00:00,1788295980.258135080,1788295978.847898960,1788295978.757929087,-0.011069321,0.011131885,-0.000000000,0.192650,-0.058792,-90.494016,180.494016,-0.000819296,0.001555108,0.710146904,-0.704051256,-0.016759798,0.016859816,-0.000087331,0.023772762,-0.000087331,-0.001000000,False,STABILIZE,False
28.647211,2026-09-01T20:53:00.311397+00:00,1788295980.311396837,1788295978.918874979,1788295978.757929087,-0.011069321,0.011131885,-0.000000000,0.192578,-0.058719,-90.494898,180.494898,-0.000819294,0.001554223,0.710152328,-0.704045832,-0.016676011,0.016641211,0.000028051,0.023558846,0.000028051,-0.001000000,False,STABILIZE,False
29.172871,2026-09-01T20:53:00.837058+00:00,1788295980.837058306,1788295979.416707993,1788295979.332736015,-0.011069321,0.011131885,-0.000000000,0.192170,-0.059170,-90.501369,180.501369,-0.000813904,0.001554508,0.710192084,-0.704005718,-0.016691418,0.016637430,0.000024827,0.023567085,0.000024827,-0.001000000,False,STABILIZE,False
29.280142,2026-09-01T20:53:00.944329+00:00,1788295980.944328547,1788295979.522671938,1788295979.511676073,-0.011069321,0.011131885,-0.000000000,0.192293,-0.059123,-90.502776,180.502776,-0.000814937,0.001554993,0.710200727,-0.703997076,-0.016945599,0.016911961,0.000054940,0.023940922,0.000054940,-0.001000000,False,STABILIZE,False
29.432028,2026-09-01T20:53:01.096213+00:00,1788295981.096213102,1788295979.665623903,1788295979.606643915,-0.011069321,0.011131885,-0.000000000,0.192660,-0.059571,-90.504573,180.504573,-0.000814384,0.001560034,0.710211754,-0.703985810,-0.016864803,0.016812582,0.000109615,0.023813535,0.000109615,-0.001000000,False,STABILIZE,False
29.520290,2026-09-01T20:53:01.184476+00:00,1788295981.184476376,1788295979.737600088,1788295979.725604057,-0.011069321,0.011131885,-0.000000000,0.192388,-0.059235,-90.505503,180.505503,-0.000814784,0.001556288,0.710217476,-0.703980088,-0.017095489,0.017060233,0.000137953,0.024151756,0.000137953,-0.001000000,False,STABILIZE,False
29.596861,2026-09-01T20:53:01.261046+00:00,1788295981.261046410,1788295979.808576107,1788295979.737600088,-0.011069321,0.011131885,-0.000000000,0.192557,-0.059073,-90.506289,180.506289,-0.000816816,0.001556348,0.710222304,-0.703975260,-0.017011266,0.016950887,0.000127461,0.024014907,0.000127461,-0.001000000,False,STABILIZE,False
29.715278,2026-09-01T20:53:01.379465+00:00,1788295981.379464626,1788295979.915539980,1788295979.891547918,-0.011069321,0.011131885,-0.000000000,0.192584,-0.058831,-90.507530,180.507530,-0.000818465,0.001555033,0.710229933,-0.703967631,-0.017099695,0.017069533,0.000111185,0.024161303,0.000111185,-0.001000000,False,STABILIZE,False
29.850901,2026-09-01T20:53:01.515087+00:00,1788295981.515086889,1788295980.056493044,1788295979.915539980,-0.011069321,0.011131885,-0.000000000,0.192828,-0.059124,-90.509530,180.509530,-0.000818122,0.001558365,0.710242212,-0.703955114,-0.017059814,0.016993959,0.000127443,0.024079699,0.000127443,-0.001000000,False,STABILIZE,False
29.907425,2026-09-01T20:53:01.571611+00:00,1788295981.571610689,1788295980.125468969,1788295979.915539980,-0.011069321,0.011131885,-0.000000000,0.192511,-0.058956,-90.510519,180.510519,-0.000817201,0.001555374,0.710248291,-0.703949034,-0.017212026,0.017178940,0.000150690,0.024318096,0.000150690,-0.001000000,False,STABILIZE,False
30.378065,2026-09-01T20:53:02.042251+00:00,1788295982.042251348,1788295980.585314989,1788295980.531332970,-0.011069321,0.011131885,-0.000000000,0.192971,-0.059055,-90.516419,180.516419,-0.000819330,0.001558878,0.710284531,-0.703912437,-0.017034044,0.016926946,0.000158576,0.024014166,0.000158576,0.000000000,False,STABILIZE,False
30.798466,2026-09-01T20:53:02.462652+00:00,1788295982.462651730,1788295981.007173061,1788295980.995177031,-0.011069321,0.011131885,-0.000000000,0.191494,-0.058373,-90.521887,180.521887,-0.000814416,0.001545570,0.710318148,-0.703878582,-0.017007897,0.016890613,0.000130860,0.023970010,0.000130860,0.000000000,False,STABILIZE,False
30.918992,2026-09-01T20:53:02.583178+00:00,1788295982.583178282,1788295981.114136934,1788295981.067152977,-0.011069321,0.011131885,-0.000000000,0.191244,-0.058174,-90.523342,180.523342,-0.000814096,0.001542809,0.710327089,-0.703869641,-0.021046489,0.017013300,0.005930199,0.027063021,0.005930199,0.000000000,False,STABILIZE,False
31.102067,2026-09-01T20:53:02.766253+00:00,1788295982.766253471,1788295981.257088900,1788295981.114136934,-0.011069321,0.011131885,-0.000000000,0.191334,-0.058434,-90.525118,180.525118,-0.000813005,0.001544976,0.710337996,-0.703858495,-0.020695446,0.016869152,0.005765580,0.026699621,0.005765580,0.001000000,False,STABILIZE,False
31.225738,2026-09-01T20:53:02.889924+00:00,1788295982.889923573,1788295981.397042036,1788295981.305073023,-0.011069321,0.011131885,-0.000000000,0.190650,-0.058198,-90.526815,180.526815,-0.000810249,0.001539298,0.710348427,-0.703847945,-0.020652106,0.017078096,0.005592103,0.026798710,0.005592103,0.001000000,False,STABILIZE,False
31.513139,2026-09-01T20:53:03.177326+00:00,1788295983.177325726,1788295981.679946899,1788295981.628963947,-0.011069321,0.011131885,-0.000000000,0.189594,-0.057897,-90.530431,180.530431,-0.000805579,0.001530927,0.710370660,-0.703825593,-0.020156328,0.016884292,0.005408833,0.026293665,0.005408833,0.001000000,False,STABILIZE,False
31.822257,2026-09-01T20:53:03.486443+00:00,1788295983.486442566,1788295982.000838995,1788295981.986844063,-0.011069321,0.011131885,-0.000000000,0.189483,-0.058115,-90.534575,180.534575,-0.000803495,0.001531609,0.710396111,-0.703799903,-0.019400042,0.016784219,0.005041587,0.025652907,0.005041587,0.002000000,False,STABILIZE,False
32.132689,2026-09-01T20:53:03.796875+00:00,1788295983.796875000,1788295982.250755072,1788295982.176779985,-0.011069321,0.011131885,-0.000000000,0.188443,-0.058584,-90.537777,180.537777,-0.000794157,0.001528063,0.710415781,-0.703780115,-0.018722568,0.016830789,0.004520901,0.025175583,0.004520901,0.002000000,False,STABILIZE,False
32.440724,2026-09-01T20:53:04.104911+00:00,1788295984.104910851,1788295982.569648027,1788295982.560651064,-0.011069321,0.011131885,-0.000000000,0.187648,-0.058525,-90.541599,180.541599,-0.000789582,0.001522800,0.710439265,-0.703756392,-0.018297585,0.016881181,0.004197866,0.024895298,0.004197866,0.002000000,False,STABILIZE,False
32.474055,2026-09-01T20:53:04.138242+00:00,1788295984.138241529,1788295982.605635881,1788295982.584642887,-0.011069321,0.011131885,-0.000000000,0.187728,-0.058591,-90.542007,180.542007,-0.000789669,0.001523705,0.710441768,-0.703753889,-0.017775808,0.016871767,0.003715992,0.024507873,0.003715992,0.002000000,False,STABILIZE,False
33.085028,2026-09-01T20:53:04.749214+00:00,1788295984.749214172,1788295983.203434944,1788295983.158449888,-0.011069321,0.011131885,-0.000000000,0.187797,-0.058644,-90.549432,180.549432,-0.000789657,0.001524506,0.710487366,-0.703707814,-0.017768562,0.016918050,0.003663737,0.024534511,0.003663737,0.002000000,False,STABILIZE,False
33.313160,2026-09-01T20:53:04.977346+00:00,1788295984.977345705,1788295983.417362928,1788295983.408365965,-0.011069321,0.011131885,-0.000000000,0.187786,-0.058651,-90.552295,180.552295,-0.000789515,0.001524502,0.710504949,-0.703689992,-0.016918145,0.016683178,0.002943435,0.023760304,0.002943435,0.003000000,False,STABILIZE,False
33.524263,2026-09-01T20:53:05.188448+00:00,1788295985.188447714,1788295983.632291079,1788295983.599302053,-0.011069321,0.011131885,-0.000000000,0.186490,-0.058893,-90.554972,180.554972,-0.000780012,0.001517971,0.710521400,-0.703673542,-0.016722959,0.016716020,0.002641575,0.023644929,0.002641575,0.003000000,False,STABILIZE,False
33.670990,2026-09-01T20:53:05.335176+00:00,1788295985.335175991,1788295983.738255024,1788295983.646286011,-0.011069321,0.011131885,-0.000000000,0.186366,-0.058691,-90.556427,180.556427,-0.000780491,0.001515973,0.710530341,-0.703664482,-0.016639467,0.016751112,0.002329561,0.023610837,0.002329561,0.003000000,False,STABILIZE,False
33.760869,2026-09-01T20:53:05.425054+00:00,1788295985.425053835,1788295983.843219995,1788295983.813230038,-0.011069321,0.011131885,-0.000000000,0.186777,-0.059330,-90.557400,180.557400,-0.000779038,0.001522452,0.710536301,-0.703658402,-0.016310815,0.016518747,0.002195682,0.023214472,0.002195682,0.002000000,False,STABILIZE,False
33.843194,2026-09-01T20:53:05.507380+00:00,1788295985.507380486,1788295983.914196014,1788295983.861213923,-0.011069321,0.011131885,-0.000000000,0.186666,-0.059089,-90.558418,180.558418,-0.000779837,0.001520289,0.710542560,-0.703652143,-0.016469976,0.016801454,0.002112290,0.023527621,0.002112290,0.002000000,False,STABILIZE,False
34.085207,2026-09-01T20:53:05.749394+00:00,1788295985.749393702,1788295984.161113024,1788295984.075141907,-0.011069321,0.011131885,-0.000000000,0.186507,-0.059095,-90.561592,180.561592,-0.000778782,0.001519366,0.710562050,-0.703632414,-0.016160229,0.016568113,0.001996816,0.023144230,0.001996816,0.002000000,False,STABILIZE,False
34.342251,2026-09-01T20:53:06.006436+00:00,1788295986.006435633,1788295984.408030033,1788295984.313061953,-0.011069321,0.011131885,-0.000000000,0.186993,-0.059126,-90.564311,180.564311,-0.000781537,0.001522582,0.710578740,-0.703615606,-0.015861459,0.016544737,0.001711331,0.022919734,0.001711331,0.002000000,False,STABILIZE,False
34.705085,2026-09-01T20:53:06.369271+00:00,1788295986.369270563,1788295984.758912086,1788295984.729922056,-0.011069321,0.011131885,-0.000000000,0.187137,-0.058935,-90.568786,180.568786,-0.000783545,0.001522337,0.710606217,-0.703587890,-0.015898002,0.016731162,0.001457097,0.023079823,0.001457097,0.002000000,False,STABILIZE,False
34.950176,2026-09-01T20:53:06.614361+00:00,1788295986.614361286,1788295985.006829023,1788295984.990833998,-0.011069321,0.011131885,-0.000000000,0.186052,-0.059312,-90.571755,180.571755,-0.000774508,0.001517941,0.710624456,-0.703569412,-0.015436281,0.016432945,0.001183319,0.022545963,0.001183319,0.002000000,False,STABILIZE,False
35.166371,2026-09-01T20:53:06.830557+00:00,1788295986.830556631,1788295985.220757008,1788295985.133785963,-0.011069321,0.011131885,-0.000000000,0.186099,-0.059504,-90.574610,180.574610,-0.000773570,0.001519435,0.710641980,-0.703551769,-0.015519393,0.016652927,0.000896545,0.022763381,0.000896545,0.002000000,False,STABILIZE,False
35.546293,2026-09-01T20:53:07.210478+00:00,1788295987.210478067,1788295985.577636957,1788295985.526654005,-0.011069321,0.011131885,-0.000000000,0.186416,-0.059671,-90.579174,180.579174,-0.000774417,0.001522450,0.710669994,-0.703523397,-0.015551469,0.016782839,0.000719180,0.022880382,0.000719180,0.002000000,False,STABILIZE,False
35.899804,2026-09-01T20:53:07.563990+00:00,1788295987.563990355,1788295985.895529985,1788295985.526654005,-0.011069321,0.011131885,-0.000000000,0.186681,-0.059439,-90.583339,180.583339,-0.000777424,0.001522701,0.710695565,-0.703497589,-0.015422070,0.016738968,0.000455941,0.022760345,0.000455941,0.001000000,False,GUIDED,False
36.090791,2026-09-01T20:53:07.754976+00:00,1788295987.754976273,1788295986.107459068,1788295986.050477982,-0.011069321,0.011131885,-0.000000000,0.187025,-0.059647,-90.585894,180.585894,-0.000778216,0.001526127,0.710711241,-0.703481674,-0.015404307,0.016851341,0.000213221,0.022831128,0.000213221,0.001000000,False,GUIDED,False
36.290591,2026-09-01T20:53:07.954776+00:00,1788295987.954776287,1788295986.285398960,1788295986.193429947,-0.011069321,0.011131885,-0.000000000,0.185851,-0.059674,-90.588377,180.588377,-0.000770808,0.001519033,0.710726500,-0.703466415,-0.015374084,0.016839074,0.000063069,0.022801686,0.000063069,0.001000000,False,GUIDED,False
36.395523,2026-09-01T20:53:08.059709+00:00,1788295988.059708834,1788295986.393362999,1788295986.324385881,-0.011069321,0.011131885,-0.000000000,0.186041,-0.059652,-90.589746,180.589746,-0.000772095,0.001520085,0.710734904,-0.703457892,-0.015268390,0.016715353,0.000020383,0.022639054,0.000020383,0.001000000,False,GUIDED,False
36.429272,2026-09-01T20:53:08.093457+00:00,1788295988.093457222,1788295986.428350925,1788295986.324385881,-0.011069321,0.011131885,-0.000000000,0.186398,-0.059973,-90.590330,180.590330,-0.000772283,0.001524270,0.710738480,-0.703454196,-0.015291698,0.016827967,-0.000041521,0.022737997,-0.000041521,0.001000000,False,GUIDED,False
36.478857,2026-09-01T20:53:08.143042+00:00,1788295988.143042088,1788295986.499326944,1788295986.324385881,-0.011069321,0.011131885,-0.000000000,0.186432,-0.059699,-90.591116,180.591116,-0.000774179,0.001522805,0.710743308,-0.703449368,-0.015363399,0.016928149,-0.000080183,0.022860365,-0.000080183,0.001000000,False,GUIDED,False
36.527594,2026-09-01T20:53:08.191780+00:00,1788295988.191780090,1788295986.535315037,1788295986.527318001,-0.011069321,0.011131885,-0.000000000,0.186316,-0.059658,-90.591747,180.591747,-0.000773717,0.001521839,0.710747182,-0.703445494,-0.015226705,0.016778952,-0.000105152,0.022658018,-0.000105152,0.001000000,False,GUIDED,False
37.094695,2026-09-01T20:53:08.758879+00:00,1788295988.758879423,1788295987.101125002,1788295986.946177006,0.000000000,0.000000000,-0.000000000,0.187601,-0.060443,-90.598626,180.598626,-0.000776647,0.001534675,0.710789382,-0.703402698,-0.015176819,0.016757276,-0.000117778,0.022608452,-0.000117778,0.000000000,False,GUIDED,False
37.926043,2026-09-01T20:53:09.590229+00:00,1788295989.590228558,1788295987.885860920,1788295987.731913090,0.000000000,0.000000000,-0.000000000,0.190818,-0.064702,-90.608625,180.608625,-0.000769836,0.001580841,0.710850656,-0.703340828,-0.014868271,0.016666515,-0.000353495,0.022334686,-0.000353495,0.000000000,True,GUIDED,False
37.967735,2026-09-01T20:53:09.631921+00:00,1788295989.631920576,1788295987.921849012,1788295987.897856951,0.000000000,0.000000000,-0.000000000,0.191250,-0.064990,-90.609064,180.609064,-0.000770688,0.001585290,0.710853338,-0.703338027,-0.006699258,0.007649913,-0.000583120,0.010168640,-0.000583120,0.000000000,True,GUIDED,False
38.074792,2026-09-01T20:53:09.738977+00:00,1788295989.738977432,1788295988.028812885,1788295988.017817020,0.000000000,0.000000000,-0.000000000,0.192838,-0.066415,-90.610421,180.610421,-0.000771581,0.001603893,0.710861623,-0.703329623,-0.006316766,0.007262927,-0.000598718,0.009625572,-0.000598718,0.000000000,True,GUIDED,False
38.116056,2026-09-01T20:53:09.780241+00:00,1788295989.780241489,1788295988.065800905,1788295988.028812885,0.000000000,0.000000000,-0.000000000,0.193448,-0.066675,-90.610733,180.610733,-0.000773709,0.001609278,0.710863531,-0.703327715,-0.004996883,0.005822557,-0.000635535,0.007672745,-0.000635535,0.000000000,True,GUIDED,False
38.327468,2026-09-01T20:53:09.991654+00:00,1788295989.991653681,1788295988.278728962,1788295988.235743046,0.000000000,0.000000000,-0.000000000,0.196316,-0.069824,-90.613534,180.613534,-0.000771739,0.001646413,0.710880637,-0.703310251,-0.004441352,0.005154485,-0.000638685,0.006803994,-0.000638685,0.000000000,True,GUIDED,False
38.376714,2026-09-01T20:53:10.040900+00:00,1788295990.040900469,1788295988.314717054,1788295988.284727097,0.000000000,0.000000000,-0.000000000,0.196752,-0.070323,-90.614012,180.614012,-0.000771311,0.001652189,0.710883558,-0.703307331,-0.002144198,0.002639845,-0.000715616,0.003400936,-0.000715616,0.000000000,True,GUIDED,False
38.448208,2026-09-01T20:53:10.112393+00:00,1788295990.112392902,1788295988.385693073,1788295988.356703043,0.000000000,0.000000000,-0.000000000,0.198114,-0.071346,-90.614941,180.614941,-0.000773311,0.001666920,0.710889220,-0.703301549,-0.001744398,0.002179368,-0.000708650,0.002791517,-0.000708650,0.000000000,True,GUIDED,False
38.667188,2026-09-01T20:53:10.331374+00:00,1788295990.331373930,1788295988.600620985,1788295988.570631027,0.000000000,0.000000000,-0.000000000,0.201643,-0.074751,-90.617570,180.617570,-0.000773806,0.001709727,0.710905254,-0.703285277,-0.001103696,0.001447399,-0.000723595,0.001820195,-0.000723595,0.000000000,True,GUIDED,False
38.941298,2026-09-01T20:53:10.605484+00:00,1788295990.605483770,1788295988.850537062,1788295988.820547104,0.000000000,0.000000000,-0.000000000,0.205942,-0.078755,-90.620999,180.620999,-0.000775301,0.001760996,0.710926175,-0.703263998,0.000359820,-0.000183061,-0.000841205,0.000403710,-0.000841205,0.000000000,True,GUIDED,False
39.008508,2026-09-01T20:53:10.672693+00:00,1788295990.672693014,1788295988.922513008,1788295988.879527092,0.000000000,0.000000000,-0.000000000,0.205500,-0.079817,-90.621846,180.621846,-0.000765984,0.001764779,0.710931361,-0.703258693,0.001499309,-0.001472292,-0.000940841,0.002101326,-0.000940841,0.000000000,True,GUIDED,False
39.274243,2026-09-01T20:53:10.938428+00:00,1788295990.938428402,1788295989.204417944,1788295989.129442930,0.000000000,0.000000000,-0.000000000,0.210454,-0.084547,-90.625114,180.625114,-0.000766986,0.001824565,0.710951269,-0.703238547,0.001736688,-0.001769926,-0.000985474,0.002479662,-0.000985474,0.000000000,True,GUIDED,False
39.616432,2026-09-01T20:53:11.280618+00:00,1788295991.280618191,1788295989.523310900,1788295989.261399031,0.000000000,0.000000000,-0.000000000,0.216031,-0.090005,-90.628970,180.628970,-0.000767293,0.001892685,0.710974753,-0.703214467,0.002181843,-0.002213966,-0.001007907,0.003108389,-0.001007907,0.000000000,True,GUIDED,False
40.720961,2026-09-01T20:53:12.385147+00:00,1788295992.385146856,1788295990.578955889,1788295990.551964998,0.000000000,-0.011131885,0.089999996,0.139600,-0.015418,-90.634881,180.634881,-0.000760973,0.000960797,0.711012900,-0.703177869,0.002004013,-0.002184586,-0.001139832,0.002964538,-0.001139832,0.007000000,True,GUIDED,True
41.037845,2026-09-01T20:53:12.702031+00:00,1788295992.702031136,1788295990.899847984,1788295990.875855923,0.000000000,-0.011131885,0.259999990,-0.002603,-0.066530,-90.633657,180.633657,0.000428771,0.000392112,0.711005926,-0.703185797,-0.013112948,-0.004148670,0.404045910,0.013753577,0.404045910,0.171000004,True,GUIDED,True
41.216965,2026-09-01T20:53:12.881150+00:00,1788295992.881150484,1788295991.043800116,1788295990.995815992,0.000000000,-0.011131885,0.379999995,-0.033182,-0.095517,-90.631781,180.631781,0.000796271,0.000380266,0.710994422,-0.703197062,-0.010986494,-0.006719784,0.721486509,0.012878608,0.721486509,0.171000004,True,GUIDED,True
41.430685,2026-09-01T20:53:13.094871+00:00,1788295993.094870806,1788295991.256727934,1788295991.233736038,0.000000000,-0.011131885,0.589999974,-0.041171,-0.127389,-90.628738,180.628738,0.001043027,0.000526309,0.710975647,-0.703215599,-0.007768613,-0.006712360,0.870331466,0.010266797,0.870331466,0.583000004,True,GUIDED,True
41.481708,2026-09-01T20:53:13.145894+00:00,1788295993.145894051,1788295991.292716026,1788295991.268723965,0.000000000,-0.011131885,0.629999995,-0.038835,-0.131398,-90.629287,180.629287,0.001053572,0.000565400,0.710978985,-0.703212261,-0.002120113,-0.005676796,1.087796926,0.006059777,1.087796926,0.583000004,True,GUIDED,True
41.567971,2026-09-01T20:53:13.232157+00:00,1788295993.232156754,1788295991.399679899,1788295991.375688076,0.000000000,-0.011131885,0.759999990,-0.026957,-0.139828,-90.627323,180.627323,0.001032969,0.000690843,0.710966825,-0.703224421,-0.001036059,-0.005420559,1.127074122,0.005518684,1.127074122,0.583000004,True,GUIDED,True
41.667921,2026-09-01T20:53:13.332107+00:00,1788295993.332106829,1788295991.507643938,1788295991.423671961,0.000000000,-0.011131885,0.899999976,-0.008125,-0.145003,-90.624523,180.624523,0.000949487,0.000839468,0.710949481,-0.703241885,0.001793800,-0.004455839,1.237875819,0.004803355,1.237875819,0.583000004,True,GUIDED,True
41.855441,2026-09-01T20:53:13.519627+00:00,1788295993.519627094,1788295991.685584068,1788295991.637599945,0.000000000,-0.011131885,1.149999976,0.030597,-0.148575,-90.625359,180.625359,0.000734025,0.001101627,0.710954249,-0.703236997,0.004299329,-0.003358735,1.349446058,0.005455761,1.349446058,0.583000004,True,GUIDED,True
41.892450,2026-09-01T20:53:13.556636+00:00,1788295993.556636095,1788295991.721571922,1788295991.709575891,0.000000000,-0.011131885,1.209999919,0.038887,-0.147812,-90.624992,180.624992,0.000678411,0.001148376,0.710951924,-0.703239322,0.007441563,-0.001657038,1.529149890,0.007623820,1.529149890,0.583000004,True,GUIDED,True
42.083795,2026-09-01T20:53:13.747980+00:00,1788295993.747980356,1788295991.899512053,1788295991.816540003,0.000000000,-0.011131885,1.500000000,0.069204,-0.149248,-90.625408,180.625408,0.000501278,0.001345282,0.710954130,-0.703236878,0.007958754,-0.001345599,1.561903477,0.008071704,1.561903477,1.256999969,True,GUIDED,True
42.399858,2026-09-01T20:53:14.064044+00:00,1788295994.064043760,1788295992.221404076,1788295992.212407112,0.011069321,-0.011131885,2.019999981,0.117464,-0.170033,-90.624560,180.624560,0.000334049,0.001772248,0.710947990,-0.703242302,0.009747347,-0.000033644,1.643069625,0.009747405,1.643069625,1.256999969,True,GUIDED,True
42.451637,2026-09-01T20:53:14.115823+00:00,1788295994.115822554,1788295992.256392002,1788295992.212407112,0.011069321,-0.011131885,2.069999933,0.122908,-0.173008,-90.624854,180.624854,0.000319105,0.001824282,0.710949659,-0.703240395,0.011302507,0.001710680,1.484830856,0.011431234,1.484830856,2.062999964,True,GUIDED,True
42.668000,2026-09-01T20:53:14.332186+00:00,1788295994.332185745,1788295992.469321012,1788295992.295378923,0.011069321,-0.011131885,2.369999886,0.165479,-0.185805,-90.623952,180.623952,0.000137230,0.002166942,0.710943162,-0.703246057,0.011308625,0.001955532,1.456579685,0.011476459,1.456579685,2.062999964,True,GUIDED,True
42.816176,2026-09-01T20:53:14.480361+00:00,1788295994.480360985,1788295992.610272884,1788295992.569287062,0.011069321,-0.022263769,2.539999962,0.188444,-0.190129,-90.624050,180.624050,0.000023122,0.002335956,0.710943222,-0.703245521,0.010847430,0.003540125,1.246446729,0.011410487,1.246446729,2.062999964,True,GUIDED,True
43.145537,2026-09-01T20:53:14.809723+00:00,1788295994.809723139,1788295992.930166006,1788295992.902174950,0.022138642,-0.022263769,2.839999914,0.219908,-0.182556,-89.966313,179.966313,0.000231215,-0.002483402,-0.706894517,0.707314610,0.009827986,0.004648941,1.095927596,0.010872073,1.095927596,2.687000036,True,GUIDED,True
43.235911,2026-09-01T20:53:14.900096+00:00,1788295994.900096416,1788295993.038129091,1788295992.985146999,0.022138642,-0.022263769,2.919999838,0.227770,-0.173771,-89.972113,179.972113,0.000333814,-0.002477689,-0.706930339,0.707278788,0.006116498,0.007137732,0.748693883,0.009399934,0.748693883,2.687000036,True,GUIDED,True
43.423676,2026-09-01T20:53:15.087862+00:00,1788295995.087861538,1788295993.215070009,1788295993.176083088,0.022138642,-0.022263769,3.019999981,0.226395,-0.168017,-89.964807,179.964807,0.000360980,-0.002433671,-0.706885397,0.707323730,0.004479751,0.007849934,0.637532592,0.009038231,0.637532592,2.687000036,True,GUIDED,True
44.330310,2026-09-01T20:53:15.994496+00:00,1788295995.994495630,1788295994.099772930,1788295993.985810995,0.022138642,-0.022263769,3.139999866,0.242821,-0.209367,-89.967078,179.967078,0.000207236,-0.002790241,-0.706898093,0.707309842,0.001719824,0.008683036,0.462118030,0.008851718,0.462118030,3.157000065,True,GUIDED,True
44.467423,2026-09-01T20:53:16.131608+00:00,1788295996.131608486,1788295994.243724108,1788295994.199738979,0.022138642,-0.022263769,3.129999876,0.232742,-0.219462,-89.965021,179.965021,0.000082798,-0.002790365,-0.706885397,0.707322538,-0.008637418,0.010347577,-0.042537693,0.013478774,-0.042537693,3.157000065,True,GUIDED,True
44.527833,2026-09-01T20:53:16.192019+00:00,1788295996.192018747,1788295994.279711962,1788295994.199738979,0.022138642,-0.022263769,3.129999876,0.227708,-0.220531,-89.970384,179.970384,0.000045006,-0.002765916,-0.706918597,0.707289457,-0.010932412,0.011947242,-0.042972118,0.016194265,-0.042972118,3.138999939,True,GUIDED,True
45.095845,2026-09-01T20:53:16.760031+00:00,1788295996.760030746,1788295994.813533068,1788295994.782542944,0.022138642,-0.022263769,3.109999895,0.184639,-0.201751,-89.974485,179.974485,-0.000105061,-0.002384306,-0.706945300,0.707264185,-0.011258075,0.012211866,-0.041655648,0.016609453,-0.041655648,3.115999937,True,GUIDED,True
45.200866,2026-09-01T20:53:16.865051+00:00,1788295996.865051031,1788295994.919497013,1788295994.877511024,0.022138642,-0.022263769,3.109999895,0.177671,-0.200306,-89.970295,179.970295,-0.000139066,-0.002332405,-0.706919611,0.707289994,-0.014555022,0.015196970,-0.001250684,0.021042732,-0.001250684,3.115999937,True,GUIDED,True
45.534742,2026-09-01T20:53:17.198928+00:00,1788295997.198928118,1788295995.241389036,1788295995.175410986,0.022138642,-0.022263769,3.109999895,-0.083845,0.013194,-90.498718,180.498718,-0.000433353,0.000600691,-0.710177243,0.704022586,-0.014520020,0.015525296,0.006032169,0.021257136,0.006032169,3.115999937,True,GUIDED,True
45.940841,2026-09-01T20:53:17.605028+00:00,1788295997.605027914,1788295995.633256912,1788295995.535290003,0.033207964,-0.044527538,3.099999905,-0.178337,3.597816,-89.646309,179.646309,0.021025341,0.023362190,-0.704537988,0.708969951,-0.011542750,0.014376487,0.015352787,0.018436877,0.015352787,3.111000061,True,GUIDED,True
46.288102,2026-09-01T20:53:17.952287+00:00,1788295997.952287436,1788295995.955148935,1788295995.928158045,0.044277284,-0.122450732,3.099999905,0.301758,3.597908,-83.611076,173.611076,0.022888267,0.021645734,-0.666335285,0.744986475,0.023188246,-0.122999907,0.006643169,0.125166576,0.006643169,3.108000040,True,GUIDED,True
46.631968,2026-09-01T20:53:18.296154+00:00,1788295998.296153545,1788295996.312028885,1788295996.193068981,0.066415928,-0.256033331,3.099999905,0.200166,-0.139175,-83.011064,173.011064,0.000503289,-0.002067127,-0.662689269,0.748891413,0.039232858,-0.340416908,0.004994868,0.342670233,0.004994868,3.105999947,True,GUIDED,True
46.666064,2026-09-01T20:53:18.330250+00:00,1788295998.330249548,1788295996.348016977,1788295996.193068981,0.066415928,-0.278297126,3.099999905,0.198222,-0.378361,-82.981673,172.981673,-0.000891723,-0.003619252,-0.662491381,0.749060214,0.049423389,-0.447014630,0.007676398,0.449738536,0.007676398,3.105999947,True,GUIDED,True
46.805021,2026-09-01T20:53:18.469206+00:00,1788295998.469206095,1788295996.489969015,1788295996.398999929,0.077485248,-0.333956540,3.099999905,0.211623,-0.971418,-82.906103,172.906103,-0.004227803,-0.007576096,-0.661969483,0.749480546,0.049415015,-0.445977896,0.007830923,0.448707174,0.007830923,3.105999947,True,GUIDED,True
47.310021,2026-09-01T20:53:18.974208+00:00,1788295998.974207640,1788295996.951813936,1788295996.698899031,0.099623889,-0.534330487,3.109999895,0.232343,-0.976152,-82.840698,172.840698,-0.004115225,-0.007729107,-0.661539912,0.749858856,0.047602024,-0.431845754,0.008772324,0.434461400,0.008772324,3.108999968,True,GUIDED,True
47.332516,2026-09-01T20:53:18.996702+00:00,1788295998.996701717,1788295996.986802101,1788295996.951813936,0.099623889,-0.545462370,3.109999895,0.229749,-0.948083,-82.841254,172.841254,-0.003970188,-0.007530440,-0.661545455,0.749856770,0.035964858,-0.361901343,0.006834733,0.363684002,0.006834733,3.108999968,True,GUIDED,True
47.510476,2026-09-01T20:53:19.174662+00:00,1788295999.174661636,1788295997.165741920,1788295997.117758036,0.110693209,-0.612253666,3.109999895,0.223166,-0.805672,-82.840004,172.840004,-0.003191003,-0.006560590,-0.661545813,0.749869287,0.035008945,-0.357413411,0.006631126,0.359123896,0.006631126,3.108999968,True,GUIDED,True
47.543125,2026-09-01T20:53:19.207311+00:00,1788295999.207310915,1788295997.201730013,1788295997.165741920,0.110693209,-0.623385549,3.109999895,0.223736,-0.779430,-82.840517,172.840517,-0.003035807,-0.006392146,-0.661550522,0.749867201,0.031336885,-0.338099122,0.005390739,0.339548254,0.005390739,3.108999968,True,GUIDED,True
48.326708,2026-09-01T20:53:19.990894+00:00,1788295999.990894079,1788295997.946484089,1788295997.870505095,0.132831857,-0.868286967,3.109999895,0.166744,-0.235861,-82.867353,172.867353,-0.000271141,-0.002506055,-0.661748290,0.749721885,0.030586828,-0.334639430,0.005095431,0.336034376,0.005095431,3.111000061,True,GUIDED,True
48.560282,2026-09-01T20:53:20.224466+00:00,1788296000.224466324,1788295998.190443039,1788295998.140451908,0.143901184,-0.957342088,3.109999895,0.152771,-0.118112,-82.874897,172.874897,0.000317324,-0.001655007,-0.661800027,0.749678493,0.023459846,-0.299737066,0.002021585,0.300653743,0.002021585,3.111000061,True,GUIDED,True
48.726854,2026-09-01T20:53:20.391039+00:00,1788296000.391038895,1788295998.295425892,1788295998.283427954,0.154970497,-0.990737736,3.109999895,0.157495,-0.092460,-82.878095,172.878095,0.000496334,-0.001514483,-0.661821246,0.749660015,0.024635715,-0.301146626,0.001869066,0.302152626,0.001869066,3.111000061,True,GUIDED,True
49.120500,2026-09-01T20:53:20.784686+00:00,1788296000.784685612,1788295998.684360027,1788295998.625370026,0.166039824,-1.113188505,3.109999895,0.172478,-0.063212,-82.887458,172.887458,0.000763156,-0.001409744,-0.661882699,0.749605715,0.025323169,-0.302896708,0.001845847,0.303953415,0.001845847,3.111000061,True,GUIDED,True
49.241023,2026-09-01T20:53:20.905209+00:00,1788296000.905208588,1788295998.792341948,1788295998.769345999,0.166039824,-1.157716036,3.109999895,0.177378,-0.071003,-82.890418,172.890418,0.000750169,-0.001489029,-0.661901891,0.749588668,0.027688226,-0.312257111,0.001837979,0.313482282,0.001837979,3.111000061,True,GUIDED,True
50.048617,2026-09-01T20:53:21.712803+00:00,1788296001.712803125,1788295999.621202946,1788295999.602205992,0.210317105,-1.436013103,3.109999895,0.212620,-0.137502,-82.911783,172.911783,0.000596197,-0.002127700,-0.662039995,0.749465227,0.028077651,-0.314836740,0.001884451,0.316086266,0.001884451,3.111999989,True,GUIDED,True
50.433634,2026-09-01T20:53:22.097819+00:00,1788296002.097819328,1788295999.969144106,1788295999.912153959,0.221386418,-1.558463812,3.109999895,0.201873,-0.184003,-82.916540,172.916540,0.000257152,-0.002369753,-0.662070394,0.749437809,0.027909553,-0.329074889,0.001619176,0.330256303,0.001619176,3.111999989,True,GUIDED,True
51.061338,2026-09-01T20:53:22.725524+00:00,1788296002.725523949,1788296000.599039078,1788296000.506053925,0.254594386,-1.781101465,3.109999895,0.214853,-0.247991,-82.930353,172.930353,-0.000028003,-0.002863221,-0.662158966,0.749357939,0.027499055,-0.331663162,0.001133455,0.332801218,0.001133455,3.111999989,True,GUIDED,True
51.209014,2026-09-01T20:53:22.873199+00:00,1788296002.873199463,1788296000.705020905,1788296000.649029970,0.254594386,-1.825629115,3.109999895,0.220218,-0.253853,-82.931790,172.931790,-0.000026834,-0.002932559,-0.662168086,0.749349535,0.026586605,-0.330325544,0.000723616,0.331393742,0.000723616,3.111999989,True,GUIDED,True
52.084671,2026-09-01T20:53:23.748857+00:00,1788296003.748856544,1788296001.582873106,1788296001.576874018,0.298871696,-2.137321949,3.109999895,0.240874,-0.286118,-82.948579,172.948579,-0.000078683,-0.003262897,-0.662276447,0.749252379,0.026231695,-0.329472214,0.000666699,0.330514813,0.000666699,3.111999989,True,GUIDED,True
52.215566,2026-09-01T20:53:23.879752+00:00,1788296003.879751921,1788296001.725848913,1788296001.708852053,0.309941024,-2.181849480,3.109999895,0.226104,-0.269236,-82.951656,172.951656,-0.000077769,-0.003067151,-0.662297428,0.749234736,0.020000584,-0.320843548,0.000864492,0.321466336,0.000864492,3.111999989,True,GUIDED,True
53.132822,2026-09-01T20:53:24.797009+00:00,1788296004.797008753,1788296002.600702047,1788296002.587703943,0.343148977,-2.482410192,3.109999895,0.207559,-0.161827,-82.955101,172.955101,0.000421705,-0.002257711,-0.662322879,0.749215007,0.019258648,-0.319682807,0.000869764,0.320262381,0.000869764,3.111999989,True,GUIDED,True
53.936797,2026-09-01T20:53:25.600982+00:00,1788296005.600982189,1788296003.371572971,1788296003.349575996,0.376356930,-2.749575377,3.109999895,0.215422,-0.137226,-82.956345,172.956345,0.000615284,-0.002142321,-0.662331343,0.749207735,0.018255286,-0.317245275,0.000158808,0.317770074,0.000158808,3.112999916,True,GUIDED,True
53.971771,2026-09-01T20:53:25.635957+00:00,1788296005.635957241,1788296003.405566931,1788296003.387569904,0.376356930,-2.760707378,3.109999895,0.218971,-0.142142,-82.954746,172.954746,0.000610101,-0.002194970,-0.662320733,0.749216914,0.018579783,-0.324997872,-0.000489997,0.325528532,-0.000489997,3.112999916,True,GUIDED,True
54.151398,2026-09-01T20:53:25.815585+00:00,1788296005.815584660,1788296003.579538107,1788296003.469556093,0.387426257,-2.816366673,3.109999895,0.225516,-0.155223,-82.955619,172.955619,0.000577273,-0.002318323,-0.662326038,0.749211967,0.018407861,-0.325086474,-0.000530112,0.325607225,-0.000530112,3.112999916,True,GUIDED,True
54.244577,2026-09-01T20:53:25.908763+00:00,1788296005.908762932,1788296003.685519934,1788296003.469556093,0.398495585,-2.849762440,3.109999895,0.229948,-0.163365,-82.951766,172.951766,0.000559269,-0.002397151,-0.662300587,0.749234200,0.018224852,-0.326469630,-0.000591801,0.326977927,-0.000591801,3.112999916,True,GUIDED,True
54.332926,2026-09-01T20:53:25.997112+00:00,1788296005.997112274,1788296003.756508112,1788296003.469556093,0.398495585,-2.883158207,3.109999895,0.230897,-0.166327,-82.954923,172.954923,0.000548286,-0.002422023,-0.662321150,0.749215901,0.018065354,-0.327131003,-0.000707418,0.327629440,-0.000707418,3.112999916,True,GUIDED,True
54.353940,2026-09-01T20:53:26.018126+00:00,1788296006.018126249,1788296003.791501999,1788296003.756508112,0.398495585,-2.894289970,3.109999895,0.231646,-0.170118,-82.952568,172.952568,0.000531320,-0.002451126,-0.662305653,0.749229491,0.017865229,-0.327677846,-0.000740781,0.328164497,-0.000740781,3.112999916,True,GUIDED,True
54.653723,2026-09-01T20:53:26.317910+00:00,1788296006.317909718,1788296004.071455002,1788296004.054457903,0.409564912,-2.994477034,3.109999895,0.224379,-0.191008,-82.947555,172.947555,0.000363186,-0.002545696,-0.662272573,0.749258518,0.017549170,-0.327621490,-0.000755882,0.328091167,-0.000755882,3.112999916,True,GUIDED,True
55.336087,2026-09-01T20:53:27.000272+00:00,1788296007.000272274,1788296004.740343094,1788296004.701349020,0.442772865,-3.228246450,3.109999895,0.208676,-0.212619,-82.947748,172.947748,0.000135605,-0.002596244,-0.662273705,0.749257386,0.016353874,-0.328328907,-0.000947078,0.328735944,-0.000947078,3.112999916,True,GUIDED,True
55.494828,2026-09-01T20:53:27.159014+00:00,1788296007.159013748,1788296004.880319118,1788296004.808331013,0.442772865,-3.272773981,3.109999895,0.212338,-0.214287,-82.950639,172.950639,0.000149844,-0.002628319,-0.662292480,0.749240756,0.015748851,-0.326796591,-0.000893153,0.327175852,-0.000893153,3.111999989,True,GUIDED,True
55.892239,2026-09-01T20:53:27.556424+00:00,1788296007.556424379,1788296005.262254953,1788296005.213263035,0.464911520,-3.406356573,3.109999895,0.206610,-0.194540,-82.947088,172.947088,0.000226596,-0.002466086,-0.662269831,0.749261260,0.015390224,-0.325901449,-0.000848302,0.326264637,-0.000848302,3.111999989,True,GUIDED,True
56.419198,2026-09-01T20:53:28.083384+00:00,1788296008.083383799,1788296005.784167051,1788296005.701180935,0.487050176,-3.584466934,3.109999895,0.187812,-0.180086,-82.950602,172.950602,0.000187152,-0.002262946,-0.662293494,0.749241054,0.014595825,-0.324565887,-0.000708268,0.324893911,-0.000708268,3.111999989,True,GUIDED,True
56.629242,2026-09-01T20:53:28.293428+00:00,1788296008.293428183,1788296005.991132975,1788296005.976135015,0.487050176,-3.662389994,3.109999895,0.178383,-0.166652,-82.947125,172.947125,0.000203210,-0.002120609,-0.662271202,0.749261081,0.014534173,-0.324032754,-0.000780615,0.324358548,-0.000780615,3.111999989,True,GUIDED,True
56.863828,2026-09-01T20:53:28.528013+00:00,1788296008.528012514,1788296006.237091064,1788296006.171102047,0.498119473,-3.740313292,3.109999895,0.175597,-0.165608,-82.949777,172.949777,0.000190974,-0.002097687,-0.662288606,0.749245822,0.014625967,-0.323914468,-0.000625011,0.324244509,-0.000625011,3.111999989,True,GUIDED,True
57.018639,2026-09-01T20:53:28.682825+00:00,1788296008.682824612,1788296006.345072985,1788296006.288083076,0.509188771,-3.784840822,3.109999895,0.179232,-0.166564,-82.948852,172.948852,0.000209239,-0.002124945,-0.662282467,0.749251246,0.015323007,-0.324031621,-0.000716708,0.324393721,-0.000716708,3.111999989,True,GUIDED,True
57.210735,2026-09-01T20:53:28.874920+00:00,1788296008.874920130,1788296006.552037954,1788296006.514045000,0.520258129,-3.851632118,3.109999895,0.188132,-0.149425,-82.949803,172.949803,0.000366463,-0.002064324,-0.662288845,0.749245703,0.015967520,-0.324204952,-0.000665673,0.324597924,-0.000665673,3.111999989,True,GUIDED,True
57.270375,2026-09-01T20:53:28.934560+00:00,1788296008.934559822,1788296006.621026993,1788296006.514045000,0.520258129,-3.873895884,3.109999895,0.190144,-0.146586,-82.950001,172.950001,0.000396030,-0.002057392,-0.662290156,0.749244511,0.016123205,-0.324129462,-0.000691930,0.324530224,-0.000691930,3.111999989,True,GUIDED,True
57.499593,2026-09-01T20:53:29.163778+00:00,1788296009.163778067,1788296006.831990957,1788296006.808995008,0.531327486,-3.940687180,3.109999895,0.190281,-0.125585,-82.948194,172.948194,0.000518328,-0.001920862,-0.662278712,0.749254882,0.016151061,-0.324236900,-0.000557168,0.324638913,-0.000557168,3.111999989,True,GUIDED,True
57.824097,2026-09-01T20:53:29.488282+00:00,1788296009.488282204,1788296007.147938013,1788296007.071950912,0.542396784,-4.052005768,3.109999895,0.202691,-0.121600,-82.949374,172.949374,0.000622483,-0.001966535,-0.662286282,0.749248028,0.016429532,-0.325140446,-0.000628117,0.325555279,-0.000628117,3.111999989,True,GUIDED,True
58.190688,2026-09-01T20:53:29.854875+00:00,1788296009.854874611,1788296007.498878956,1788296007.449887037,0.553466141,-4.174456596,3.109999895,0.190748,-0.153107,-82.949273,172.949273,0.000362305,-0.002103514,-0.662285268,0.749248683,0.016539508,-0.327611417,-0.000923990,0.328028651,-0.000923990,3.111999989,True,GUIDED,True
58.289015,2026-09-01T20:53:29.953200+00:00,1788296009.953200102,1788296007.601861954,1788296007.560868979,0.564535439,-4.218984127,3.109999895,0.186817,-0.162527,-82.949070,172.949070,0.000282160,-0.002142393,-0.662283838,0.749249876,0.015719280,-0.329305440,-0.001446282,0.329680404,-0.001446282,3.111999989,True,GUIDED,True
58.427966,2026-09-01T20:53:30.092151+00:00,1788296010.092151403,1788296007.739839077,1788296007.692847013,0.564535439,-4.263511658,3.109999895,0.175496,-0.166408,-82.949570,172.949570,0.000185701,-0.002102333,-0.662287235,0.749247074,0.015328633,-0.329156756,-0.001575912,0.329513486,-0.001575912,3.111999989,True,GUIDED,True
58.469618,2026-09-01T20:53:30.133803+00:00,1788296010.133803368,1788296007.775832891,1788296007.692847013,0.564535439,-4.274643898,3.109999895,0.174828,-0.167855,-82.948605,172.948605,0.000172986,-0.002107933,-0.662280917,0.749252558,0.015503235,-0.329221368,-0.001926540,0.329586194,-0.001926540,3.112999916,True,GUIDED,True
58.578077,2026-09-01T20:53:30.242262+00:00,1788296010.242262363,1788296007.878814936,1788296007.790829897,0.575604737,-4.308039188,3.109999895,0.169165,-0.168267,-82.948143,172.948143,0.000133583,-0.002077900,-0.662277997,0.749255240,0.015504326,-0.329124123,-0.002000879,0.329489108,-0.002000879,3.112999916,True,GUIDED,True
58.757666,2026-09-01T20:53:30.421851+00:00,1788296010.421850920,1788296008.054785967,1788296007.986797094,0.575604737,-4.374830723,3.109999895,0.166542,-0.169651,-82.949544,172.949544,0.000108407,-0.002071787,-0.662287176,0.749247134,0.015626824,-0.329038799,-0.002152353,0.329409667,-0.002152353,3.112999916,True,GUIDED,True
58.988602,2026-09-01T20:53:30.652788+00:00,1788296010.652787685,1788296008.260751009,1788296008.188762903,0.586674094,-4.441621780,3.109999895,0.163445,-0.174614,-82.950753,172.950753,0.000059456,-0.002086337,-0.662295043,0.749240220,0.015907850,-0.328784317,-0.002333336,0.329168933,-0.002333336,3.112999916,True,GUIDED,True
59.009383,2026-09-01T20:53:30.673569+00:00,1788296010.673569441,1788296008.295744896,1788296008.260751009,0.586674094,-4.452754021,3.109999895,0.161374,-0.171717,-82.949691,172.949691,0.000062673,-0.002055427,-0.662288189,0.749246359,0.015992688,-0.328071415,-0.002463694,0.328460987,-0.002463694,3.112999916,True,GUIDED,True
59.130668,2026-09-01T20:53:30.794854+00:00,1788296010.794854403,1788296008.400727987,1788296008.368732929,0.597743392,-4.486149311,3.109999895,0.154808,-0.163617,-82.949688,172.949688,0.000066562,-0.001964516,-0.662288427,0.749246359,0.016273230,-0.327961564,-0.002496572,0.328365049,-0.002496572,3.112999916,True,GUIDED,True
59.225773,2026-09-01T20:53:30.889959+00:00,1788296010.889958620,1788296008.504709959,1788296008.486712933,0.597743392,-4.530676842,3.109999895,0.149389,-0.150791,-82.949568,172.949568,0.000105256,-0.001849337,-0.662287951,0.749247074,0.016361814,-0.327419162,-0.002614757,0.327827724,-0.002614757,3.112999916,True,GUIDED,True
59.406502,2026-09-01T20:53:31.070688+00:00,1788296011.070687532,1788296008.675681114,1788296008.593694925,0.608812749,-4.586336613,3.109999895,0.155270,-0.130443,-82.952542,172.952542,0.000261271,-0.001750287,-0.662307620,0.749229908,0.016870534,-0.327158988,-0.002648071,0.327593678,-0.002648071,3.112999916,True,GUIDED,True
59.543522,2026-09-01T20:53:31.207707+00:00,1788296011.207706928,1788296008.814657927,1788296008.700676918,0.608812749,-4.630864143,3.109999895,0.159939,-0.119148,-82.950420,172.950420,0.000357106,-0.001703421,-0.662293851,0.749242127,0.017359767,-0.326954484,-0.002913749,0.327415021,-0.002913749,3.112999916,True,GUIDED,True
59.624090,2026-09-01T20:53:31.288276+00:00,1788296011.288276196,1788296008.885646105,1788296008.855650902,0.608812749,-4.653127670,3.109999895,0.156550,-0.115576,-82.949183,172.949183,0.000355614,-0.001660472,-0.662285864,0.749249279,0.017781492,-0.327440590,-0.002907434,0.327923042,-0.002907434,3.112999916,True,GUIDED,True
59.866349,2026-09-01T20:53:31.530535+00:00,1788296011.530534983,1788296009.136604071,1788296008.974631071,0.619882047,-4.742182732,3.109999895,0.155615,-0.112851,-82.950989,172.950989,0.000365220,-0.001637258,-0.662297726,0.749238849,0.018096671,-0.327830285,-0.002906178,0.328329385,-0.002906178,3.112999916,True,GUIDED,True
59.932927,2026-09-01T20:53:31.597113+00:00,1788296011.597112894,1788296009.204592943,1788296008.974631071,0.630951345,-4.764446735,3.109999895,0.159975,-0.116515,-82.950396,172.950396,0.000372563,-0.001686412,-0.662293732,0.749242246,0.019063178,-0.329334289,-0.002906462,0.329885554,-0.002906462,3.112999916,True,GUIDED,True
60.055448,2026-09-01T20:53:31.719634+00:00,1788296011.719633579,1788296009.308574915,1788296009.284579039,0.630951345,-4.808974266,3.109999895,0.161963,-0.124660,-82.954340,172.954340,0.000338431,-0.001751169,-0.662319362,0.749219477,0.019284841,-0.329757631,-0.003004370,0.330321056,-0.003004370,3.112999916,True,GUIDED,True
60.229639,2026-09-01T20:53:31.893825+00:00,1788296011.893824577,1788296009.482546091,1788296009.463548899,0.642020702,-4.864633560,3.109999895,0.165320,-0.142008,-82.950844,172.950844,0.000260166,-0.001883987,-0.662296176,0.749239683,0.019582096,-0.330288947,-0.003087894,0.330868927,-0.003087894,3.112999916,True,GUIDED,True
60.266041,2026-09-01T20:53:31.930226+00:00,1788296011.930225849,1788296009.517539978,1788296009.498543024,0.642020702,-4.875765324,3.109999895,0.163807,-0.144864,-82.953108,172.953108,0.000233727,-0.001893922,-0.662310958,0.749226570,0.019793652,-0.330790639,-0.003059943,0.331382310,-0.003059943,3.112999916,True,GUIDED,True
60.342146,2026-09-01T20:53:32.006332+00:00,1788296012.006331921,1788296009.585529089,1788296009.568531036,0.642020702,-4.898029327,3.109999895,0.167195,-0.148454,-82.950692,172.950692,0.000235172,-0.001936966,-0.662295043,0.749240577,0.019968878,-0.330928981,-0.003153630,0.331530914,-0.003153630,3.112999916,True,GUIDED,True
60.562684,2026-09-01T20:53:32.226870+00:00,1788296012.226870298,1788296009.793493986,1788296009.653517008,0.653090000,-4.975952148,3.109999895,0.163727,-0.154630,-82.951138,172.951138,0.000176790,-0.001957307,-0.662297904,0.749238074,0.019856248,-0.330865204,-0.003068750,0.331460486,-0.003068750,3.112999916,True,GUIDED,True
60.922799,2026-09-01T20:53:32.586985+00:00,1788296012.586985111,1788296010.141434908,1788296010.117439032,0.664159298,-5.098402977,3.109999895,0.158670,-0.147729,-82.950450,172.950450,0.000183626,-0.001882955,-0.662293613,0.749242008,0.019974180,-0.330501527,-0.003175122,0.331104556,-0.003175122,3.112999916,True,GUIDED,True
61.658548,2026-09-01T20:53:33.322734+00:00,1788296013.322733879,1788296010.847316980,1788296010.817322016,0.697367311,-5.343304634,3.109999895,0.150816,-0.119856,-82.953146,172.953146,0.000293327,-0.001655329,-0.662311792,0.749226451,0.020251298,-0.329853237,-0.003066489,0.330474315,-0.003066489,3.111999989,True,GUIDED,True
62.408685,2026-09-01T20:53:34.072871+00:00,1788296014.072870970,1788296011.514204979,1788296011.313237906,0.730575264,-5.565942287,3.109999895,0.179682,-0.122262,-82.953501,172.953501,0.000468151,-0.001837899,-0.662313640,0.749224246,0.021137090,-0.329398036,-0.002309643,0.330075511,-0.002309643,3.111000061,True,GUIDED,True
62.441932,2026-09-01T20:53:34.106118+00:00,1788296014.106117725,1788296011.548198938,1788296011.313237906,0.730575264,-5.577074051,3.109999895,0.177332,-0.120610,-82.953546,172.953546,0.000462334,-0.001813515,-0.662313998,0.749224007,0.021195758,-0.330931008,-0.001224615,0.331609095,-0.001224615,3.111000061,True,GUIDED,True
62.621557,2026-09-01T20:53:34.285744+00:00,1788296014.285743952,1788296011.722170115,1788296011.706171989,0.730575264,-5.643865585,3.109999895,0.177543,-0.116423,-82.958378,172.958378,0.000487833,-0.001787379,-0.662345648,0.749196172,0.021248197,-0.331059396,-0.001234501,0.331740576,-0.001234501,3.111000061,True,GUIDED,True
62.959181,2026-09-01T20:53:34.623368+00:00,1788296014.623368025,1788296012.069111109,1788296012.004122019,0.752713859,-5.766316414,3.109999895,0.172146,-0.124030,-82.954435,172.954435,0.000408645,-0.001805907,-0.662319839,0.749218881,0.020797692,-0.331615180,-0.000926389,0.332266717,-0.000926389,3.109999895,True,GUIDED,True
63.569975,2026-09-01T20:53:35.234162+00:00,1788296015.234161615,1788296012.665010929,1788296012.635015965,0.774852514,-5.966690063,3.109999895,0.163197,-0.128046,-82.954087,172.954087,0.000326931,-0.001780435,-0.662317634,0.749220967,0.019954190,-0.332200497,-0.000859876,0.332799249,-0.000859876,3.109999895,True,GUIDED,True
63.803755,2026-09-01T20:53:35.467941+00:00,1788296015.467940569,1788296012.870976925,1788296012.861978054,0.785921872,-6.044613361,3.099999905,0.157301,-0.132651,-82.953728,172.953728,0.000261772,-0.001776470,-0.662315309,0.749223053,0.018944189,-0.333456516,-0.000504893,0.333994207,-0.000504893,3.108999968,True,GUIDED,True
64.282451,2026-09-01T20:53:35.946636+00:00,1788296015.946636200,1788296013.390888929,1788296013.374891996,0.808060467,-6.222723484,3.099999905,0.150466,-0.161344,-82.955214,172.955214,0.000051215,-0.001924559,-0.662324667,0.749214530,0.019516185,-0.333849132,-0.000399397,0.334419085,-0.000399397,3.108999968,True,GUIDED,True
64.402990,2026-09-01T20:53:36.067176+00:00,1788296016.067176104,1788296013.497870922,1788296013.446880102,0.808060467,-6.256119251,3.099999905,0.146228,-0.161911,-82.954393,172.954393,0.000020248,-0.001903775,-0.662319362,0.749219239,0.019410228,-0.332978338,-0.000223583,0.333543596,-0.000223583,3.108999968,True,GUIDED,True
64.842830,2026-09-01T20:53:36.507015+00:00,1788296016.507015467,1788296013.917800903,1788296013.895803928,0.830199122,-6.411965370,3.099999905,0.134708,-0.167819,-82.958316,172.958316,-0.000089287,-0.001875815,-0.662345111,0.749196470,0.019562582,-0.332500070,-0.000296245,0.333075054,-0.000296245,3.108999968,True,GUIDED,True
65.110612,2026-09-01T20:53:36.774797+00:00,1788296016.774796963,1788296014.161760092,1788296014.153760910,0.841268420,-6.489888668,3.099999905,0.126839,-0.163571,-82.956355,172.956355,-0.000116149,-0.001802559,-0.662332475,0.749207914,0.019828351,-0.330460548,-0.000170747,0.331054886,-0.000170747,3.108999968,True,GUIDED,True
65.782879,2026-09-01T20:53:37.447064+00:00,1788296017.447064400,1788296014.753659964,1788296014.706667900,0.863407075,-6.701394558,3.099999905,0.134534,-0.106060,-82.957878,172.957878,0.000266552,-0.001471028,-0.662343144,0.749199152,0.020244159,-0.328773141,-0.000141349,0.329395817,-0.000141349,3.108999968,True,GUIDED,True
66.556214,2026-09-01T20:53:38.220400+00:00,1788296018.220400095,1788296015.562524080,1788296015.408550024,0.896615088,-6.979691505,3.109999895,0.146708,-0.109794,-82.957937,172.957937,0.000324560,-0.001565808,-0.662343323,0.749198735,0.022537939,-0.327225506,-0.000141550,0.328000748,-0.000141550,3.109999895,True,GUIDED,True
66.622342,2026-09-01T20:53:38.286528+00:00,1788296018.286528349,1788296015.632513046,1788296015.562524080,0.896615088,-7.001955509,3.109999895,0.144191,-0.113461,-82.959562,172.959562,0.000286887,-0.001575247,-0.662353933,0.749189317,0.022925705,-0.330406964,-0.001518633,0.331201373,-0.001518633,3.109999895,True,GUIDED,True
66.721393,2026-09-01T20:53:38.385580+00:00,1788296018.385579586,1788296015.735495090,1788296015.672506094,0.907684445,-7.035350800,3.109999895,0.136175,-0.115346,-82.957618,172.957618,0.000223607,-0.001541227,-0.662341297,0.749200642,0.022934383,-0.330478400,-0.001567170,0.331273239,-0.001567170,3.109999895,True,GUIDED,True
66.890096,2026-09-01T20:53:38.554281+00:00,1788296018.554281235,1788296015.875472069,1788296015.756491899,0.907684445,-7.079878330,3.109999895,0.139891,-0.119331,-82.958555,172.958555,0.000224857,-0.001588762,-0.662347317,0.749195218,0.023239203,-0.330769986,-0.001702332,0.331585350,-0.001702332,3.109999895,True,GUIDED,True
67.149266,2026-09-01T20:53:38.813451+00:00,1788296018.813451290,1788296016.154424906,1788296016.134428024,0.918753743,-7.180065632,3.109999895,0.153444,-0.125166,-82.959198,172.959198,0.000279733,-0.001705247,-0.662351251,0.749191403,0.023590900,-0.330993712,-0.001883798,0.331833344,-0.001883798,3.109999895,True,GUIDED,True
67.338373,2026-09-01T20:53:39.002558+00:00,1788296019.002558470,1788296016.330394983,1788296016.312397957,0.929823041,-7.246856689,3.109999895,0.161999,-0.132567,-82.959045,172.959045,0.000292888,-0.001803090,-0.662349999,0.749192297,0.023890616,-0.331306309,-0.002265006,0.332166572,-0.002265006,3.111000061,True,GUIDED,True
67.626067,2026-09-01T20:53:39.290252+00:00,1788296019.290252447,1788296016.610347986,1788296016.550358057,0.940892398,-7.335911751,3.109999895,0.157446,-0.132938,-82.958706,172.958706,0.000260978,-0.001779194,-0.662347853,0.749194205,0.023577236,-0.331247658,-0.002478057,0.332085677,-0.002478057,3.111000061,True,GUIDED,True
67.722352,2026-09-01T20:53:39.386538+00:00,1788296019.386537552,1788296016.715331078,1788296016.635344028,0.951961696,-7.380439281,3.109999895,0.154589,-0.127602,-82.958951,172.958951,0.000273143,-0.001727797,-0.662349582,0.749192834,0.022593586,-0.330662966,-0.002505944,0.331433956,-0.002505944,3.111000061,True,GUIDED,True
67.829019,2026-09-01T20:53:39.493205+00:00,1788296019.493205070,1788296016.819313049,1788296016.635344028,0.951961696,-7.413835049,3.109999895,0.153452,-0.123989,-82.958384,172.958384,0.000286603,-0.001697599,-0.662345946,0.749196112,0.022528252,-0.330665708,-0.002417196,0.331432244,-0.002417196,3.109999895,True,GUIDED,True
67.950388,2026-09-01T20:53:39.614573+00:00,1788296019.614573479,1788296016.925295115,1788296016.861305952,0.951961696,-7.447230816,3.109999895,0.150524,-0.121041,-82.958198,172.958198,0.000284497,-0.001661397,-0.662344813,0.749197245,0.022222582,-0.330538750,-0.002331658,0.331284935,-0.002331658,3.109999895,True,GUIDED,True
68.017132,2026-09-01T20:53:39.681318+00:00,1788296019.681318045,1788296016.997282982,1788296016.861305952,0.963031054,-7.480626583,3.099999905,0.147814,-0.122780,-82.957931,172.957931,0.000256735,-0.001657106,-0.662343085,0.749198735,0.022495482,-0.330745250,-0.002207937,0.331509377,-0.002207937,3.109999895,True,GUIDED,True
68.427737,2026-09-01T20:53:40.091923+00:00,1788296020.091923237,1788296017.384217978,1788296017.302232027,0.974100351,-7.614209175,3.099999905,0.155083,-0.116055,-82.957969,172.957969,0.000343127,-0.001655153,-0.662343323,0.749198496,0.022190940,-0.330594748,-0.002112393,0.331338687,-0.002112393,3.108999968,True,GUIDED,True
68.455542,2026-09-01T20:53:40.119726+00:00,1788296020.119726419,1788296017.419212103,1788296017.398216009,0.974100351,-7.625340939,3.099999905,0.155883,-0.112735,-82.958355,172.958355,0.000367541,-0.001638071,-0.662345886,0.749196291,0.022065016,-0.329806328,-0.001531775,0.330543611,-0.001531775,3.108999968,True,GUIDED,True
68.716843,2026-09-01T20:53:40.381028+00:00,1788296020.381027699,1788296017.669169903,1788296017.547190905,0.985169649,-7.703264236,3.099999905,0.156366,-0.092079,-82.957628,172.957628,0.000490104,-0.001505817,-0.662341416,0.749200404,0.021965006,-0.329705834,-0.001459957,0.330436679,-0.001459957,3.108999968,True,GUIDED,True
69.040641,2026-09-01T20:53:40.704827+00:00,1788296020.704826832,1788296017.987117052,1788296017.831142902,1.007308245,-7.814582825,3.099999905,0.154645,-0.086634,-82.957359,172.957359,0.000510323,-0.001460265,-0.662339747,0.749202073,0.021503367,-0.330234587,-0.001172267,0.330933947,-0.001172267,3.108000040,True,GUIDED,True
69.279659,2026-09-01T20:53:40.943844+00:00,1788296020.943844318,1788296018.235074997,1788296018.129092932,1.007308245,-7.903637886,3.099999905,0.149117,-0.083608,-82.959138,172.959138,0.000491649,-0.001408535,-0.662351489,0.749191761,0.021392319,-0.331634969,-0.000830729,0.332324215,-0.000830729,3.108000040,True,GUIDED,True
69.383968,2026-09-01T20:53:41.048154+00:00,1788296021.048153639,1788296018.307063103,1788296018.297065020,1.018377542,-7.925901890,3.099999905,0.148184,-0.080548,-82.957881,172.957881,0.000503254,-0.001383134,-0.662343323,0.749198973,0.020900838,-0.332611918,-0.000747169,0.333267960,-0.000747169,3.108000040,True,GUIDED,True
69.519956,2026-09-01T20:53:41.184143+00:00,1788296021.184142590,1788296018.448039055,1788296018.428042889,1.018377542,-7.970429420,3.099999905,0.147443,-0.085036,-82.958098,172.958098,0.000472473,-0.001408192,-0.662344694,0.749197721,0.021052878,-0.333059847,-0.000739665,0.333724565,-0.000739665,3.108000040,True,GUIDED,True
69.547126,2026-09-01T20:53:41.211312+00:00,1788296021.211312056,1788296018.482033968,1788296018.428042889,1.018377542,-7.981561184,3.099999905,0.144209,-0.084298,-82.957261,172.957261,0.000455603,-0.001384672,-0.662339270,0.749202549,0.020852149,-0.333502889,-0.000692308,0.334154139,-0.000692308,3.108000040,True,GUIDED,True
69.914292,2026-09-01T20:53:41.578478+00:00,1788296021.578477859,1788296018.832974911,1788296018.717993975,1.040516257,-8.104011536,3.099999905,0.138569,-0.101203,-82.957985,172.957985,0.000321004,-0.001462600,-0.662343860,0.749198437,0.021035787,-0.333817750,-0.000667462,0.334479887,-0.000667462,3.108000040,True,GUIDED,True
70.032161,2026-09-01T20:53:41.696346+00:00,1788296021.696345806,1788296018.936956882,1788296018.918960094,1.040516257,-8.148539543,3.099999905,0.136756,-0.106980,-82.957246,172.957246,0.000275773,-0.001489887,-0.662338972,0.749202728,0.021501256,-0.335380048,-0.000675929,0.336068565,-0.000675929,3.108000040,True,GUIDED,True
70.230843,2026-09-01T20:53:41.895029+00:00,1788296021.895028591,1788296019.146922112,1788296019.085932016,1.051585555,-8.215331078,3.099999905,0.137872,-0.128532,-82.957622,172.957622,0.000158493,-0.001637249,-0.662341118,0.749200583,0.021972623,-0.335904062,-0.000581314,0.336621947,-0.000581314,3.108000040,True,GUIDED,True
70.474026,2026-09-01T20:53:42.138211+00:00,1788296022.138211250,1788296019.389880896,1788296019.311893940,1.062654972,-8.304386139,3.099999905,0.133896,-0.152788,-82.957896,172.957896,-0.000007710,-0.001772846,-0.662342608,0.749198973,0.022139492,-0.336164057,-0.000579204,0.336892313,-0.000579204,3.108000040,True,GUIDED,True
70.772325,2026-09-01T20:53:42.436511+00:00,1788296022.436510801,1788296019.663835049,1788296019.639838934,1.073724270,-8.404572487,3.099999905,0.128790,-0.159404,-82.959385,172.959385,-0.000079361,-0.001786590,-0.662352324,0.749190331,0.021961244,-0.335319906,-0.000511530,0.336038295,-0.000511530,3.108000040,True,GUIDED,True
70.808290,2026-09-01T20:53:42.472475+00:00,1788296022.472475290,1788296019.698828936,1788296019.663835049,1.073724270,-8.415704727,3.099999905,0.128404,-0.158563,-82.959656,172.959656,-0.000077020,-0.001778861,-0.662354112,0.749188781,0.022108983,-0.333513081,-0.000512874,0.334245093,-0.000512874,3.108000040,True,GUIDED,True
71.102977,2026-09-01T20:53:42.767162+00:00,1788296022.767162085,1788296019.972783089,1788296019.932790041,1.084793568,-8.515892029,3.099999905,0.119749,-0.157704,-82.960928,172.960928,-0.000128663,-0.001723223,-0.662362576,0.749181390,0.022166470,-0.333329618,-0.000515330,0.334065842,-0.000515330,3.107000113,True,GUIDED,True
71.577299,2026-09-01T20:53:43.241483+00:00,1788296023.241483450,1788296020.432706118,1788296020.300728083,1.106932282,-8.671737671,3.099999905,0.123049,-0.130796,-82.959445,172.959445,0.000048464,-0.001566368,-0.662353218,0.749190032,0.022560649,-0.331498444,-0.000500981,0.332265257,-0.000500981,3.107000113,True,GUIDED,True
71.727354,2026-09-01T20:53:43.391540+00:00,1788296023.391539574,1788296020.569683075,1788296020.552685976,1.106932282,-8.716265678,3.099999905,0.132297,-0.106077,-82.958018,172.958018,0.000251825,-0.001458216,-0.662344098,0.749198198,0.023603985,-0.328047305,-0.000563384,0.328895398,-0.000563384,3.107000113,True,GUIDED,True
71.776990,2026-09-01T20:53:43.441175+00:00,1788296023.441175222,1788296020.639671087,1788296020.552685976,1.118001580,-8.738529205,3.099999905,0.139298,-0.095074,-82.958959,172.958959,0.000361186,-0.001426741,-0.662350297,0.749192834,0.024224389,-0.327671170,-0.000478462,0.328565392,-0.000478462,3.107000113,True,GUIDED,True
72.028023,2026-09-01T20:53:43.692208+00:00,1788296023.692208052,1788296020.883630037,1788296020.799643993,1.129070878,-8.827584267,3.099999905,0.152201,-0.067520,-82.959477,172.959477,0.000604797,-0.001321183,-0.662353873,0.749189615,0.023964766,-0.327511817,-0.000538784,0.328387424,-0.000538784,3.107000113,True,GUIDED,True
72.458736,2026-09-01T20:53:44.122922+00:00,1788296024.122921705,1788296021.299560070,1788296021.276563883,1.140140176,-8.961167336,3.099999905,0.160881,-0.062802,-82.958873,172.958873,0.000688828,-0.001340504,-0.662349880,0.749193132,0.024102531,-0.328868806,-0.000513250,0.329750851,-0.000513250,3.107000113,True,GUIDED,True
72.583190,2026-09-01T20:53:44.247376+00:00,1788296024.247376204,1788296021.404542923,1788296021.384546041,1.151209474,-9.005694389,3.099999905,0.158185,-0.076729,-82.959925,172.959925,0.000590690,-0.001415979,-0.662356615,0.749187112,0.023402380,-0.332489908,-0.000526593,0.333312481,-0.000526593,3.107000113,True,GUIDED,True
72.879123,2026-09-01T20:53:44.543309+00:00,1788296024.543309450,1788296021.683495998,1788296021.645502090,1.162278891,-9.094749451,3.099999905,0.142665,-0.101048,-82.957893,172.957893,0.000348681,-0.001485265,-0.662343204,0.749198973,0.022984782,-0.333242893,-0.000567151,0.334034618,-0.000567151,3.107000113,True,GUIDED,True
73.324919,2026-09-01T20:53:44.989104+00:00,1788296024.989104033,1788296022.139419079,1788296022.097425938,1.173348188,-9.261728287,3.099999905,0.126270,-0.120717,-82.959605,172.959605,0.000127780,-0.001519097,-0.662354350,0.749189138,0.022350699,-0.334491223,-0.000492996,0.335237128,-0.000492996,3.107000113,True,GUIDED,True
74.182434,2026-09-01T20:53:45.846619+00:00,1788296025.846619129,1788296022.948282957,1788296022.902291059,1.217625499,-9.540024757,3.099999905,0.142539,-0.136529,-82.959200,172.959200,0.000142754,-0.001716506,-0.662351251,0.749191403,0.022725288,-0.334166974,-0.000478557,0.334938808,-0.000478557,3.105999947,True,GUIDED,True
74.281052,2026-09-01T20:53:45.945237+00:00,1788296025.945236921,1788296023.051265955,1788296023.032269001,1.217625499,-9.584552765,3.099999905,0.141153,-0.137482,-82.960420,172.960420,0.000128170,-0.001714730,-0.662359238,0.749184370,0.023006381,-0.332789421,-0.000606934,0.333583711,-0.000606934,3.105999947,True,GUIDED,True
74.683419,2026-09-01T20:53:46.347605+00:00,1788296026.347604513,1788296023.433202028,1788296023.296225071,1.228694797,-9.707003593,3.099999905,0.131433,-0.125610,-82.960801,172.960801,0.000133233,-0.001580928,-0.662362039,0.749182165,0.022586240,-0.332159251,-0.000564301,0.332926277,-0.000564301,3.105999947,True,GUIDED,True
75.133581,2026-09-01T20:53:46.797767+00:00,1788296026.797766924,1788296023.885126114,1788296023.820137024,1.250833511,-9.873981476,3.099999905,0.122589,-0.115990,-82.961083,172.961083,0.000131016,-0.001466916,-0.662364125,0.749180555,0.022270076,-0.330773026,-0.000629860,0.331521871,-0.000629860,3.105999947,True,GUIDED,True
75.361906,2026-09-01T20:53:47.026092+00:00,1788296027.026092052,1788296024.094090939,1788296024.034101009,1.261902809,-9.940773010,3.099999905,0.129802,-0.103471,-82.960170,172.960170,0.000250553,-0.001426759,-0.662358224,0.749185860,0.022982681,-0.329770058,-0.000641729,0.330569955,-0.000641729,3.105999947,True,GUIDED,True
75.426800,2026-09-01T20:53:47.090986+00:00,1788296027.090986013,1788296024.163079023,1788296024.141083002,1.261902809,-9.963036537,3.099999905,0.131653,-0.094624,-82.960840,172.960840,0.000313784,-0.001379617,-0.662362695,0.749181986,0.023449428,-0.329389900,-0.000654994,0.330223533,-0.000654994,3.105999947,True,GUIDED,True
75.618485,2026-09-01T20:53:47.282670+00:00,1788296027.282670498,1788296024.341048956,1788296024.247065067,1.272972107,-10.029828072,3.099999905,0.144734,-0.082611,-82.962209,172.962209,0.000468727,-0.001376696,-0.662371635,0.749173999,0.023644261,-0.329459369,-0.000682717,0.330306717,-0.000682717,3.105999947,True,GUIDED,True
75.647049,2026-09-01T20:53:47.311234+00:00,1788296027.311234236,1788296024.377043009,1788296024.247065067,1.272972107,-10.040960312,3.099999905,0.143606,-0.080200,-82.961018,172.961018,0.000475301,-0.001354413,-0.662363887,0.749180913,0.023788106,-0.330130577,-0.000711875,0.330986513,-0.000711875,3.105999947,True,GUIDED,True
75.897154,2026-09-01T20:53:47.561339+00:00,1788296027.561338663,1788296024.621001959,1788296024.603004932,1.284041405,-10.118883133,3.099999905,0.142465,-0.079559,-82.961835,172.961835,0.000471535,-0.001343623,-0.662369251,0.749176145,0.023648888,-0.330188125,-0.000727861,0.331033938,-0.000727861,3.105999947,True,GUIDED,True
76.167281,2026-09-01T20:53:47.831466+00:00,1788296027.831466436,1788296024.897955894,1788296024.846963882,1.295110822,-10.219070435,3.099999905,0.147511,-0.088434,-82.961451,172.961451,0.000453228,-0.001430820,-0.662366569,0.749178350,0.023233404,-0.331261486,-0.000741108,0.332075237,-0.000741108,3.105999947,True,GUIDED,True
76.240528,2026-09-01T20:53:47.904714+00:00,1788296027.904714346,1788296024.967943907,1788296024.846963882,1.295110822,-10.241333961,3.099999905,0.148425,-0.089981,-82.960507,172.960507,0.000450271,-0.001446209,-0.662360370,0.749183834,0.023220589,-0.332647920,-0.000779017,0.333457395,-0.000779017,3.105999947,True,GUIDED,True
76.278707,2026-09-01T20:53:47.942892+00:00,1788296027.942892075,1788296025.001938105,1788296024.980942011,1.306180120,-10.252465248,3.099999905,0.146277,-0.092350,-82.960490,172.960490,0.000422535,-0.001449279,-0.662360251,0.749183953,0.022968598,-0.332855046,-0.000734471,0.333646576,-0.000734471,3.105999947,True,GUIDED,True
76.315915,2026-09-01T20:53:47.980100+00:00,1788296027.980099678,1788296025.035933018,1788296025.016936064,1.306180120,-10.263597488,3.099999905,0.147613,-0.093345,-82.961324,172.961324,0.000425510,-0.001463512,-0.662365675,0.749179125,0.022815684,-0.332885593,-0.000748850,0.333666560,-0.000748850,3.105999947,True,GUIDED,True
76.354106,2026-09-01T20:53:48.018292+00:00,1788296028.018292189,1788296025.069926977,1788296025.016936064,1.306180120,-10.274729729,3.099999905,0.146608,-0.094605,-82.960614,172.960614,0.000411664,-0.001465936,-0.662361026,0.749183297,0.022673216,-0.332901090,-0.000770560,0.333672310,-0.000770560,3.105999947,True,GUIDED,True
76.914818,2026-09-01T20:53:48.579004+00:00,1788296028.579004049,1788296025.592839003,1788296025.500854015,1.328318715,-10.463971138,3.099999905,0.117431,-0.107881,-82.960319,172.960319,0.000144178,-0.001384090,-0.662359297,0.749185026,0.022671496,-0.333125621,-0.000775909,0.333896206,-0.000775909,3.105999947,True,GUIDED,True
76.964466,2026-09-01T20:53:48.628652+00:00,1788296028.628652096,1788296025.662827015,1788296025.611835957,1.328318715,-10.486235619,3.099999905,0.121731,-0.109672,-82.959784,172.959784,0.000161947,-0.001420649,-0.662355721,0.749188125,0.022770541,-0.333544016,-0.000819084,0.334320367,-0.000819084,3.105999947,True,GUIDED,True
77.099598,2026-09-01T20:53:48.763783+00:00,1788296028.763783455,1788296025.798804045,1788296025.706820011,1.328318715,-10.530762672,3.099999905,0.120839,-0.108793,-82.960400,172.960400,0.000161181,-0.001409744,-0.662359774,0.749184549,0.022944354,-0.333392620,-0.000783286,0.334181212,-0.000783286,3.105999947,True,GUIDED,True
77.213509,2026-09-01T20:53:48.877695+00:00,1788296028.877694607,1788296025.906785965,1788296025.886790037,1.339388013,-10.564158440,3.099999905,0.121804,-0.109358,-82.959856,172.959856,0.000164235,-0.001419018,-0.662356198,0.749187648,0.023042865,-0.333170921,-0.000791691,0.333966819,-0.000791691,3.105999947,True,GUIDED,True
77.823841,2026-09-01T20:53:49.488026+00:00,1788296029.488026381,1788296026.503685951,1788296026.483689070,1.361526728,-10.775664330,3.099999905,0.120221,-0.114401,-82.961038,172.961038,0.000124719,-0.001442842,-0.662363887,0.749180794,0.023403745,-0.333260387,-0.000803326,0.334081159,-0.000803326,3.105999947,True,GUIDED,True
78.223945,2026-09-01T20:53:49.888132+00:00,1788296029.888131618,1788296026.891621113,1788296026.852627039,1.383665323,-10.909246445,3.099999905,0.132911,-0.083345,-82.961259,172.961259,0.000387193,-0.001313155,-0.662365556,0.749179482,0.024268281,-0.331880778,-0.000844567,0.332766886,-0.000844567,3.105000019,True,GUIDED,True
78.449419,2026-09-01T20:53:50.113605+00:00,1788296030.113604546,1788296027.102585077,1788296027.078588963,1.394734621,-10.987170219,3.099999905,0.139064,-0.079841,-82.961848,172.961848,0.000447673,-0.001325811,-0.662369370,0.749176145,0.024580853,-0.331719309,-0.000709718,0.332628800,-0.000709718,3.105000019,True,GUIDED,True
78.625212,2026-09-01T20:53:50.289397+00:00,1788296030.289397240,1788296027.275556087,1788296027.162575006,1.394734621,-11.042829514,3.099999905,0.137086,-0.078457,-82.961550,172.961550,0.000442744,-0.001305330,-0.662367463,0.749177814,0.024646472,-0.332471162,-0.000723665,0.333383446,-0.000723665,3.105000019,True,GUIDED,True
78.846156,2026-09-01T20:53:50.510342+00:00,1788296030.510342121,1788296027.489520073,1788296027.400535107,1.405803919,-11.120752335,3.099999905,0.138727,-0.081632,-82.962132,172.962132,0.000435112,-0.001335578,-0.662371218,0.749174416,0.024227137,-0.332952231,-0.000717006,0.333832506,-0.000717006,3.105000019,True,GUIDED,True
79.097372,2026-09-01T20:53:50.761557+00:00,1788296030.761557341,1788296027.739478111,1788296027.706484079,1.416873336,-11.198676109,3.099999905,0.135952,-0.094605,-82.962371,172.962371,0.000341977,-0.001404344,-0.662372649,0.749173105,0.024489081,-0.334101111,-0.000822940,0.334997414,-0.000822940,3.105000019,True,GUIDED,True
79.180975,2026-09-01T20:53:50.845161+00:00,1788296030.845160723,1788296027.811465979,1788296027.706484079,1.416873336,-11.232071877,3.099999905,0.135974,-0.098803,-82.960838,172.960838,0.000317876,-0.001431916,-0.662362576,0.749181986,0.024236964,-0.334977925,-0.000810421,0.335853600,-0.000810421,3.105000019,True,GUIDED,True
79.208465,2026-09-01T20:53:50.872650+00:00,1788296030.872650146,1788296027.846460104,1788296027.706484079,1.416873336,-11.243203163,3.099999905,0.133154,-0.101638,-82.961641,172.961641,0.000283040,-0.001434157,-0.662367821,0.749177337,0.024002109,-0.335017055,-0.000803317,0.335875764,-0.000803317,3.105000019,True,GUIDED,True
79.852825,2026-09-01T20:53:51.517010+00:00,1788296031.517009974,1788296028.472354889,1788296028.417363882,1.450081229,-11.454709053,3.099999905,0.133678,-0.117494,-82.962831,172.962831,0.000194797,-0.001540850,-0.662375391,0.749170482,0.023753555,-0.334837615,-0.000843166,0.335679103,-0.000843166,3.105000019,True,GUIDED,True
80.084142,2026-09-01T20:53:51.748327+00:00,1788296031.748327255,1788296028.680320024,1788296028.668322086,1.461150527,-11.532632828,3.099999905,0.134892,-0.129492,-82.961793,172.961793,0.000133399,-0.001626304,-0.662368417,0.749176502,0.023908818,-0.334603846,-0.000645131,0.335456950,-0.000645131,3.105000019,True,GUIDED,True
80.327589,2026-09-01T20:53:51.991775+00:00,1788296031.991774559,1788296028.925278902,1788296028.904283047,1.472219944,-11.621687889,3.099999905,0.129665,-0.138784,-82.961473,172.961473,0.000045518,-0.001656835,-0.662366271,0.749178290,0.023704134,-0.334320456,-0.000612802,0.335159743,-0.000612802,3.105000019,True,GUIDED,True
80.439167,2026-09-01T20:53:52.103352+00:00,1788296032.103352308,1788296029.028261900,1788296028.978270054,1.472219944,-11.655082703,3.099999905,0.126842,-0.139911,-82.960905,172.960905,0.000020560,-0.001647889,-0.662362576,0.749181628,0.023613254,-0.333444268,-0.000445420,0.334279322,-0.000445420,3.105000019,True,GUIDED,True
80.473181,2026-09-01T20:53:52.137366+00:00,1788296032.137365818,1788296029.063256025,1788296028.978270054,1.472219944,-11.666214943,3.099999905,0.123376,-0.139099,-82.961825,172.961825,0.000002575,-0.001622549,-0.662368655,0.749176264,0.023365485,-0.332654804,-0.000423708,0.333474384,-0.000423708,3.105000019,True,GUIDED,True
80.796166,2026-09-01T20:53:52.460352+00:00,1788296032.460352182,1788296029.378202915,1788296029.358206034,1.483289242,-11.777533531,3.099999905,0.127765,-0.121910,-82.963284,172.963284,0.000130613,-0.001535538,-0.662378371,0.749167860,0.023523303,-0.332482338,-0.000459795,0.333313442,-0.000459795,3.105000019,True,GUIDED,True
80.858090,2026-09-01T20:53:52.522275+00:00,1788296032.522275209,1788296029.448190928,1788296029.358206034,1.494358540,-11.799798012,3.099999905,0.126958,-0.117101,-82.962206,172.962206,0.000153148,-0.001499435,-0.662371397,0.749174118,0.023609342,-0.330910832,-0.000638665,0.331751985,-0.000638665,3.105000019,True,GUIDED,True
80.979109,2026-09-01T20:53:52.643294+00:00,1788296032.643293619,1788296029.551173925,1788296029.513180017,1.494358540,-11.833192825,3.099999905,0.129381,-0.115876,-82.962382,172.962382,0.000176065,-0.001505429,-0.662372530,0.749173105,0.023197882,-0.330551922,-0.000630109,0.331364927,-0.000630109,3.105000019,True,GUIDED,True
81.141960,2026-09-01T20:53:52.806145+00:00,1788296032.806145191,1788296029.721144915,1788296029.703147888,1.505427837,-11.899984360,3.099999905,0.124146,-0.114313,-82.963417,172.963417,0.000150860,-0.001464949,-0.662379384,0.749167085,0.023531346,-0.330607772,-0.000672901,0.331444148,-0.000672901,3.105000019,True,GUIDED,True
81.198011,2026-09-01T20:53:52.862197+00:00,1788296032.862197161,1788296029.757138968,1788296029.703147888,1.505427837,-11.911116600,3.099999905,0.125701,-0.112939,-82.962678,172.962678,0.000168981,-0.001464956,-0.662374556,0.749171317,0.023540407,-0.330205679,-0.000800372,0.331043715,-0.000800372,3.105000019,True,GUIDED,True
81.615293,2026-09-01T20:53:53.279479+00:00,1788296033.279479027,1788296030.176069021,1788296030.120078087,1.527566552,-12.055830956,3.099999905,0.132377,-0.107938,-82.962865,172.962865,0.000241528,-0.001470851,-0.662375748,0.749170363,0.023541566,-0.330135345,-0.000774676,0.330973642,-0.000774676,3.105000019,True,GUIDED,True
81.765120,2026-09-01T20:53:53.429305+00:00,1788296033.429304600,1788296030.316045046,1788296030.311045885,1.527566552,-12.100358009,3.099999905,0.136210,-0.109604,-82.964115,172.964115,0.000256943,-0.001503901,-0.662383854,0.749163091,0.023822183,-0.330060095,-0.000666890,0.330918664,-0.000666890,3.104000092,True,GUIDED,True
82.047151,2026-09-01T20:53:53.711338+00:00,1788296033.711337805,1788296030.594997883,1788296030.573002100,1.538635850,-12.200545311,3.099999905,0.133972,-0.105256,-82.961147,172.961147,0.000267479,-0.001462538,-0.662364542,0.749180138,0.023878591,-0.330104917,-0.000574063,0.330967436,-0.000574063,3.104000092,True,GUIDED,True
82.147625,2026-09-01T20:53:53.811812+00:00,1788296033.811811686,1788296030.698981047,1788296030.607995987,1.549705148,-12.233941078,3.099999905,0.133514,-0.096005,-82.961813,172.961813,0.000317953,-0.001399411,-0.662369013,0.749176383,0.023430848,-0.329578280,-0.000203540,0.330410120,-0.000203540,3.104000092,True,GUIDED,True
82.255554,2026-09-01T20:53:53.919741+00:00,1788296033.919740915,1788296030.803962946,1788296030.774967909,1.549705148,-12.267336845,3.099999905,0.139377,-0.088153,-82.961854,172.961854,0.000401667,-0.001381960,-0.662369311,0.749176085,0.023624931,-0.329728752,-0.000136452,0.330574027,-0.000136452,3.102999926,True,GUIDED,True
82.280199,2026-09-01T20:53:53.944385+00:00,1788296033.944385290,1788296030.839956999,1788296030.774967909,1.549705148,-12.278469086,3.099999905,0.137553,-0.086141,-82.962029,172.962029,0.000401367,-0.001358266,-0.662370503,0.749175012,0.023369420,-0.329632223,0.000027245,0.330459577,0.000027245,3.102999926,True,GUIDED,True
82.327042,2026-09-01T20:53:53.991228+00:00,1788296033.991227627,1788296030.875951052,1788296030.857954025,1.549705148,-12.289600372,3.099999905,0.139283,-0.083500,-82.960533,172.960533,0.000427968,-0.001350992,-0.662360728,0.749183714,0.023460414,-0.329802454,0.000022895,0.330635826,0.000022895,3.102999926,True,GUIDED,True
82.366106,2026-09-01T20:53:54.030292+00:00,1788296034.030291796,1788296030.911945105,1788296030.857954025,1.549705148,-12.311863899,3.099999905,0.141397,-0.080749,-82.961489,172.961489,0.000457673,-0.001345232,-0.662366986,0.749178171,0.023621174,-0.330009699,0.000034734,0.330853988,0.000034734,3.102999926,True,GUIDED,True
82.459243,2026-09-01T20:53:54.123427+00:00,1788296034.123427391,1788296030.981933117,1788296030.964936018,1.560774446,-12.334128380,3.099999905,0.138804,-0.076645,-82.961495,172.961495,0.000464447,-0.001303409,-0.662367105,0.749178171,0.023596266,-0.330160141,0.000100755,0.331002270,0.000100755,3.102999926,True,GUIDED,True
82.515953,2026-09-01T20:53:54.180139+00:00,1788296034.180138826,1788296031.050921917,1788296030.999929905,1.560774446,-12.356391907,3.099999905,0.141112,-0.073796,-82.961777,172.961777,0.000496002,-0.001298129,-0.662368953,0.749176562,0.023435410,-0.330381066,0.000155179,0.331211212,0.000155179,3.102999926,True,GUIDED,True
82.832211,2026-09-01T20:53:54.496396+00:00,1788296034.496396065,1788296031.364869118,1788296031.345871925,1.571843743,-12.467710495,3.099999905,0.136186,-0.088589,-82.961485,172.961485,0.000378288,-0.001366368,-0.662366927,0.749178231,0.023372490,-0.330773979,0.000206870,0.331598701,0.000206870,3.102999926,True,GUIDED,True
82.964110,2026-09-01T20:53:54.628307+00:00,1788296034.628307343,1788296031.471851110,1788296031.428858042,1.582913160,-12.501106262,3.099999905,0.133349,-0.090528,-82.962869,172.962869,0.000348519,-0.001362648,-0.662375987,0.749170244,0.022829276,-0.332013965,0.000351368,0.332797909,0.000351368,3.102999926,True,GUIDED,True
82.987251,2026-09-01T20:53:54.651436+00:00,1788296034.651435852,1788296031.507844925,1788296031.428858042,1.582913160,-12.512238503,3.099999905,0.133013,-0.090340,-82.961810,172.961810,0.000347422,-0.001359476,-0.662369072,0.749176323,0.022648798,-0.332177907,0.000424441,0.332949140,0.000424441,3.102999926,True,GUIDED,True
83.113189,2026-09-01T20:53:54.777374+00:00,1788296034.777374029,1788296031.609827995,1788296031.596829891,1.582913160,-12.545634270,3.099999905,0.128709,-0.091014,-82.962770,172.962770,0.000315376,-0.001339003,-0.662375391,0.749170840,0.022740738,-0.332262278,0.000371526,0.333039581,0.000371526,3.102999926,True,GUIDED,True
83.133599,2026-09-01T20:53:54.797784+00:00,1788296034.797784328,1788296031.643821955,1788296031.596829891,1.582913160,-12.556765556,3.099999905,0.129853,-0.091685,-82.962682,172.962682,0.000318979,-0.001350004,-0.662374794,0.749171317,0.022507988,-0.332291245,0.000408696,0.333052671,0.000408696,3.102999926,True,GUIDED,True
83.180381,2026-09-01T20:53:54.844566+00:00,1788296034.844566345,1788296031.678816080,1788296031.643821955,1.582913160,-12.579029083,3.099999905,0.126486,-0.090544,-82.962127,172.962127,0.000303566,-0.001323083,-0.662371218,0.749174535,0.022635162,-0.332403958,0.000398198,0.333173741,0.000398198,3.102999926,True,GUIDED,True
83.424751,2026-09-01T20:53:55.088936+00:00,1788296035.088936329,1788296031.923774958,1788296031.806794882,1.593982458,-12.656952858,3.099999905,0.126489,-0.091275,-82.961992,172.961992,0.000299366,-0.001327878,-0.662370324,0.749175310,0.022777304,-0.332532346,0.000420324,0.333311516,0.000420324,3.101999998,True,GUIDED,True
83.500447,2026-09-01T20:53:55.164632+00:00,1788296035.164632082,1788296031.994762897,1788296031.923774958,1.605051756,-12.679216385,3.099999905,0.124157,-0.092573,-82.960614,172.960614,0.000276625,-0.001322882,-0.662361324,0.749183357,0.023052599,-0.332702398,0.000608306,0.333500087,0.000608306,3.101999998,True,GUIDED,True
84.116752,2026-09-01T20:53:55.780937+00:00,1788296035.780937433,1788296032.587663889,1788296032.507677078,1.627190351,-12.890722275,3.099999905,0.120021,-0.085609,-82.962253,172.962253,0.000289825,-0.001253448,-0.662372172,0.749173820,0.023090927,-0.332736522,0.000586241,0.333536781,0.000586241,3.101999998,True,GUIDED,True
84.460987,2026-09-01T20:53:56.125173+00:00,1788296036.125173092,1788296032.934604883,1788296032.815624952,1.638259768,-13.002040863,3.099999905,0.140522,-0.075610,-82.962910,172.962910,0.000481647,-0.001306586,-0.662376344,0.749170005,0.024007443,-0.333060354,0.000671407,0.333924478,0.000671407,3.101999998,True,GUIDED,True
84.838700,2026-09-01T20:53:56.502886+00:00,1788296036.502885580,1788296033.281547070,1788296033.120573997,1.660398364,-13.124491692,3.099999905,0.146111,-0.080836,-82.959063,172.959063,0.000488023,-0.001373043,-0.662351072,0.749192178,0.024315469,-0.333974510,0.000646562,0.334858501,0.000646562,3.101999998,True,GUIDED,True
84.969281,2026-09-01T20:53:56.633466+00:00,1788296036.633466005,1788296033.422523022,1788296033.357533932,1.660398364,-13.180150986,3.099999905,0.145271,-0.083182,-82.961692,172.961692,0.000468943,-0.001383531,-0.662368238,0.749177039,0.023454100,-0.334832221,0.000676163,0.335652665,0.000676163,3.101999998,True,GUIDED,True
85.339716,2026-09-01T20:53:57.003902+00:00,1788296037.003902435,1788296033.736470938,1788296033.643486023,1.671467662,-13.280338287,3.099999905,0.134336,-0.093137,-82.961901,172.961901,0.000339906,-0.001385409,-0.662369609,0.749175906,0.023024153,-0.335167080,0.000781782,0.335956966,0.000781782,3.101999998,True,GUIDED,True
85.457709,2026-09-01T20:53:57.121895+00:00,1788296037.121895075,1788296033.807459116,1788296033.758466959,1.682536960,-13.313734055,3.099999905,0.132591,-0.092597,-82.962497,172.962497,0.000331607,-0.001371791,-0.662373543,0.749172330,0.022759983,-0.335847616,0.000535774,0.336617941,0.000535774,3.101999998,True,GUIDED,True
85.625077,2026-09-01T20:53:57.289262+00:00,1788296037.289262056,1788296034.015424013,1788296033.758466959,1.682536960,-13.380525589,3.099999905,0.130110,-0.091378,-82.963275,172.963275,0.000322429,-0.001349486,-0.662378669,0.749167919,0.022672698,-0.335790217,0.000429188,0.336554782,0.000429188,3.101999998,True,GUIDED,True
85.650091,2026-09-01T20:53:57.314277+00:00,1788296037.314276695,1788296034.049417973,1788296033.758466959,1.693606377,-13.391656876,3.099999905,0.132567,-0.092843,-82.964513,172.964513,0.000330007,-0.001373271,-0.662386715,0.749160707,0.022744695,-0.335948229,0.000079744,0.336717290,0.000079744,3.101999998,True,GUIDED,True
85.908513,2026-09-01T20:53:57.572698+00:00,1788296037.572698116,1788296034.327370882,1788296034.101408958,1.704675674,-13.491844177,3.099999905,0.140485,-0.101091,-82.963724,172.963724,0.000334104,-0.001472962,-0.662381351,0.749165356,0.022741914,-0.335880399,0.000008041,0.336649427,0.000008041,3.102999926,True,GUIDED,True
86.106441,2026-09-01T20:53:57.770627+00:00,1788296037.770627260,1788296034.498342991,1788296034.485344887,1.704675674,-13.547503471,3.099999905,0.137852,-0.109204,-82.963269,172.963269,0.000270000,-0.001510781,-0.662378311,0.749167919,0.022631345,-0.336304635,-0.000362416,0.337065254,-0.000362416,3.102999926,True,GUIDED,True
86.244842,2026-09-01T20:53:57.909028+00:00,1788296037.909028292,1788296034.605324984,1788296034.498342991,1.715744972,-13.592031479,3.099999905,0.138786,-0.111568,-82.962976,172.962976,0.000262441,-0.001531633,-0.662376344,0.749169648,0.022400195,-0.336280137,-0.000468059,0.337025369,-0.000468059,3.102999926,True,GUIDED,True
86.352070,2026-09-01T20:53:58.016256+00:00,1788296038.016256094,1788296034.745301008,1788296034.498342991,1.715744972,-13.636558533,3.099999905,0.131175,-0.122115,-82.963501,172.963501,0.000151714,-0.001556596,-0.662379742,0.749166608,0.022097457,-0.336065203,-0.000669066,0.336790912,-0.000669066,3.102999926,True,GUIDED,True
86.970241,2026-09-01T20:53:58.634426+00:00,1788296038.634426117,1788296035.345200062,1788296035.293209076,1.748952866,-13.848064423,3.099999905,0.116081,-0.122341,-82.962861,172.962861,0.000051740,-0.001470818,-0.662375748,0.749170363,0.022022054,-0.335814565,-0.000676890,0.336535872,-0.000676890,3.102999926,True,GUIDED,True
87.081847,2026-09-01T20:53:58.746033+00:00,1788296038.746032953,1788296035.447182894,1788296035.388192892,1.748952866,-13.881460190,3.099999905,0.115342,-0.118727,-82.964703,172.964703,0.000067771,-0.001442918,-0.662387848,0.749159694,0.022292705,-0.332969964,-0.000965338,0.333715390,-0.000965338,3.102999926,True,GUIDED,True
87.280183,2026-09-01T20:53:58.944369+00:00,1788296038.944369078,1788296035.625153065,1788296035.530169010,1.760022283,-13.948251724,3.099999905,0.120187,-0.115584,-82.964067,172.964067,0.000117623,-0.001450374,-0.662383676,0.749163270,0.022319827,-0.332572013,-0.001071436,0.333320144,-0.001071436,3.102999926,True,GUIDED,True
87.420328,2026-09-01T20:53:59.084513+00:00,1788296039.084513187,1788296035.764130116,1788296035.685142994,1.760022283,-13.992778778,3.099999905,0.116114,-0.112509,-82.964902,172.964902,0.000108762,-0.001406736,-0.662389219,0.749158561,0.022533538,-0.332195342,-0.001155790,0.332958714,-0.001155790,3.102999926,True,GUIDED,True
87.525514,2026-09-01T20:53:59.189700+00:00,1788296039.189700127,1788296035.868112087,1788296035.780127048,1.760022283,-14.026174545,3.099999905,0.113490,-0.114355,-82.964081,172.964081,0.000080940,-0.001403635,-0.662383854,0.749163330,0.022736503,-0.332099497,-0.001143479,0.332876891,-0.001143479,3.102999926,True,GUIDED,True
87.734741,2026-09-01T20:53:59.398927+00:00,1788296039.398927212,1788296036.077076912,1788296035.899106979,1.771091580,-14.104097366,3.099999905,0.109749,-0.118967,-82.963371,172.963371,0.000029835,-0.001412157,-0.662379205,0.749167383,0.022707496,-0.331789792,-0.001211868,0.332565928,-0.001211868,3.102999926,True,GUIDED,True
87.967497,2026-09-01T20:53:59.631683+00:00,1788296039.631682634,1788296036.321036100,1788296036.233051062,1.782160997,-14.193152428,3.099999905,0.114090,-0.114087,-82.965120,172.965120,0.000086401,-0.001405350,-0.662390649,0.749157250,0.023190210,-0.331430048,-0.001254501,0.332240368,-0.001254501,3.102999926,True,GUIDED,True
88.356138,2026-09-01T20:54:00.020323+00:00,1788296040.020322561,1788296036.678976059,1788296036.636982918,1.804299593,-14.315603256,3.099999905,0.132748,-0.106703,-82.964603,172.964603,0.000251072,-0.001464926,-0.662387133,0.749160171,0.024040205,-0.330923170,-0.001271025,0.331795232,-0.001271025,3.102999926,True,GUIDED,True
88.476406,2026-09-01T20:54:00.140592+00:00,1788296040.140591621,1788296036.820951939,1788296036.719969034,1.804299593,-14.360131264,3.099999905,0.136769,-0.115837,-82.963727,172.963727,0.000224572,-0.001547883,-0.662381232,0.749165237,0.024407471,-0.330682874,-0.000972706,0.331582399,-0.000972706,3.101999998,True,GUIDED,True
88.903228,2026-09-01T20:54:00.567413+00:00,1788296040.567413330,1788296037.233882904,1788296037.186891079,1.826438308,-14.504845619,3.099999905,0.130047,-0.142835,-82.964783,172.964783,0.000024558,-0.001685532,-0.662387848,0.749159098,0.024210824,-0.330843300,-0.000757017,0.331727980,-0.000757017,3.101999998,True,GUIDED,True
88.962255,2026-09-01T20:54:00.626441+00:00,1788296040.626441240,1788296037.268877029,1788296037.234883070,1.826438308,-14.515977859,3.099999905,0.129072,-0.143482,-82.964874,172.964874,0.000014435,-0.001684130,-0.662388444,0.749158621,0.023633232,-0.329953164,-0.000391438,0.330798458,-0.000391438,3.101999998,True,GUIDED,True
89.212613,2026-09-01T20:54:00.876798+00:00,1788296040.876798153,1788296037.514836073,1788296037.268877029,1.837507606,-14.605032921,3.099999905,0.124407,-0.153959,-82.965088,172.965088,-0.000076627,-0.001725660,-0.662389755,0.749157429,0.023622619,-0.329755425,-0.000374463,0.330600467,-0.000374463,3.101999998,True,GUIDED,True
89.264307,2026-09-01T20:54:00.928492+00:00,1788296040.928492308,1788296037.549829960,1788296037.268877029,1.837507606,-14.616164207,3.099999905,0.124968,-0.152532,-82.964010,172.964010,-0.000064693,-0.001719566,-0.662382722,0.749163628,0.023058908,-0.328202873,-0.000260209,0.329011914,-0.000260209,3.101999998,True,GUIDED,True
89.742985,2026-09-01T20:54:01.407170+00:00,1788296041.407170296,1788296038.037748098,1788296038.025749922,1.859646201,-14.783143044,3.099999905,0.113965,-0.109787,-82.965486,172.965486,0.000110438,-0.001376518,-0.662393093,0.749155164,0.023011206,-0.327933669,-0.000252231,0.328740029,-0.000252231,3.101000071,True,GUIDED,True
89.861569,2026-09-01T20:54:01.525754+00:00,1788296041.525754452,1788296038.142729998,1788296038.118733883,1.859646201,-14.827670097,3.099999905,0.111123,-0.089937,-82.963678,172.963678,0.000206618,-0.001230310,-0.662381530,0.749165654,0.023016935,-0.324676663,-0.000140599,0.325491497,-0.000140599,3.101000071,True,GUIDED,True
89.929055,2026-09-01T20:54:01.593240+00:00,1788296041.593240023,1788296038.213717937,1788296038.142729998,1.870715618,-14.849933624,3.099999905,0.113108,-0.075102,-82.964194,172.964194,0.000305347,-0.001144800,-0.662385046,0.749162614,0.023172151,-0.324314326,-0.000137145,0.325141093,-0.000137145,3.101000071,True,GUIDED,True
89.993977,2026-09-01T20:54:01.658163+00:00,1788296041.658162832,1788296038.249711990,1788296038.237714052,1.870715618,-14.861065865,3.099999905,0.111182,-0.067185,-82.965073,172.965073,0.000338510,-0.001081911,-0.662390888,0.749157488,0.023255691,-0.324166924,-0.000108508,0.325000033,-0.000108508,3.101000071,True,GUIDED,True
90.011069,2026-09-01T20:54:01.675254+00:00,1788296041.675254345,1788296038.285706043,1788296038.249711990,1.870715618,-14.872198105,3.099999905,0.108430,-0.059452,-82.964046,172.964046,0.000365228,-0.001015446,-0.662384272,0.749163508,0.023186037,-0.324152917,-0.000057881,0.324981085,-0.000057881,3.101000071,True,GUIDED,True
90.082607,2026-09-01T20:54:01.746793+00:00,1788296041.746793032,1788296038.356693983,1788296038.285706043,1.870715618,-14.894461632,3.099999905,0.111223,-0.042752,-82.964245,172.964245,0.000480019,-0.000922414,-0.662385702,0.749162197,0.023415972,-0.324288398,-0.000058469,0.325132700,-0.000058469,3.101000071,True,GUIDED,True
90.145689,2026-09-01T20:54:01.809875+00:00,1788296041.809874773,1788296038.425683022,1788296038.404685974,1.870715618,-14.916725159,3.099999905,0.111926,-0.028025,-82.965267,172.965267,0.000569733,-0.000830206,-0.662392497,0.749156237,0.023741383,-0.324626684,-0.000045555,0.325493683,-0.000045555,3.101000071,True,GUIDED,True
90.430010,2026-09-01T20:54:02.094196+00:00,1788296042.094196320,1788296038.705636024,1788296038.606652021,1.881784916,-15.005780220,3.099999905,0.122943,0.013650,-82.963264,172.963264,0.000882665,-0.000621413,-0.662379622,0.749167562,0.023812314,-0.324984193,-0.000009419,0.325855416,-0.000009419,3.101000071,True,GUIDED,True
90.810282,2026-09-01T20:54:02.474468+00:00,1788296042.474468470,1788296039.053576946,1788296039.012583971,1.903923512,-15.128231049,3.099999905,0.149181,0.016041,-82.963468,172.963468,0.001068024,-0.000757451,-0.662380815,0.749166131,0.024900349,-0.328367651,-0.000018223,0.329310403,-0.000018223,3.101000071,True,GUIDED,True
91.204832,2026-09-01T20:54:02.869019+00:00,1788296042.869018555,1788296039.435513020,1788296039.285537958,1.914992809,-15.261814117,3.099999905,0.146931,-0.029344,-82.962742,172.962742,0.000790981,-0.001041153,-0.662375689,0.749170661,0.025125407,-0.334330291,0.000083193,0.335273067,0.000083193,3.099999905,True,GUIDED,True
91.436312,2026-09-01T20:54:03.100498+00:00,1788296043.100498438,1788296039.643477917,1788296039.585488081,1.926062226,-15.328604698,3.099999905,0.139957,-0.063514,-82.963060,172.963060,0.000547869,-0.001224233,-0.662377477,0.749168992,0.024166828,-0.339677572,0.000253193,0.340536178,0.000253193,3.099999905,True,GUIDED,True
91.675797,2026-09-01T20:54:03.339983+00:00,1788296043.339982510,1788296039.886436939,1788296039.690469980,1.937131524,-15.417659760,3.099999905,0.134587,-0.101547,-82.962811,172.962811,0.000292920,-0.001441844,-0.662375450,0.749170661,0.023724131,-0.341464311,0.000230966,0.342287467,0.000230966,3.099999905,True,GUIDED,True
91.748204,2026-09-01T20:54:03.412389+00:00,1788296043.412389278,1788296039.957425117,1788296039.904433966,1.937131524,-15.439924240,3.099999905,0.129347,-0.109661,-82.960883,172.960883,0.000211787,-0.001464602,-0.662362814,0.749181747,0.023646438,-0.342034340,0.000177916,0.342850760,0.000177916,3.099999905,True,GUIDED,True
92.193859,2026-09-01T20:54:03.858044+00:00,1788296043.858043909,1788296040.378355026,1788296040.177387953,1.959270120,-15.595769882,3.099999905,0.116001,-0.138815,-82.962092,172.962092,-0.000043999,-0.001578058,-0.662370503,0.749174774,0.023605864,-0.341986448,0.000167434,0.342800185,0.000167434,3.099999905,True,GUIDED,True
92.536766,2026-09-01T20:54:04.200951+00:00,1788296044.200951099,1788296040.726295948,1788296040.582319975,1.970339417,-15.718220711,3.099999905,0.112171,-0.143728,-82.960780,172.960780,-0.000097420,-0.001588041,-0.662361920,0.749182284,0.023237489,-0.339799702,0.000228831,0.340593333,0.000228831,3.099999905,True,GUIDED,True
92.608881,2026-09-01T20:54:04.273066+00:00,1788296044.273066282,1788296040.796283960,1788296040.726295948,1.981408834,-15.740485191,3.099999905,0.112579,-0.146854,-82.964080,172.964080,-0.000112871,-0.001610835,-0.662383437,0.749163270,0.023795737,-0.337330401,0.000204446,0.338168651,0.000204446,3.099999905,True,GUIDED,True
92.687044,2026-09-01T20:54:04.351230+00:00,1788296044.351230145,1788296040.864273071,1788296040.796283960,1.981408834,-15.762748718,3.099999905,0.116989,-0.149478,-82.963046,172.963046,-0.000099191,-0.001653479,-0.662376583,0.749169171,0.023845041,-0.336697459,0.000200922,0.337540761,0.000200922,3.099999905,True,GUIDED,True
92.804132,2026-09-01T20:54:04.468317+00:00,1788296044.468317032,1788296041.005249023,1788296040.904266119,1.981408834,-15.818408012,3.099999905,0.121308,-0.147272,-82.962203,172.962203,-0.000058191,-0.001664032,-0.662371039,0.749174118,0.023797486,-0.336062044,0.000248611,0.336903573,0.000248611,3.099999905,True,GUIDED,True
92.881892,2026-09-01T20:54:04.546078+00:00,1788296044.546077967,1788296041.076236963,1788296040.904266119,1.992478013,-15.840671539,3.099999905,0.120780,-0.144174,-82.963781,172.963781,-0.000043760,-0.001640717,-0.662381411,0.749164939,0.023970505,-0.334903479,0.000256974,0.335760220,0.000256974,3.099999905,True,GUIDED,True
92.915407,2026-09-01T20:54:04.579593+00:00,1788296044.579592705,1788296041.112231016,1788296041.094233990,1.992478013,-15.851803780,3.099999905,0.124014,-0.141816,-82.961514,172.961514,-0.000008952,-0.001643993,-0.662366569,0.749178112,0.023915503,-0.334200799,0.000217165,0.335055407,0.000217165,3.099999905,True,GUIDED,True
93.016024,2026-09-01T20:54:04.680209+00:00,1788296044.680208921,1788296041.219213009,1788296041.094233990,1.992478013,-15.885199547,3.099999905,0.123681,-0.136469,-82.962203,172.962203,0.000019769,-0.001607112,-0.662371159,0.749174118,0.024034765,-0.334055960,0.000311375,0.334919475,0.000311375,3.099999905,True,GUIDED,True
93.152402,2026-09-01T20:54:04.816588+00:00,1788296044.816587687,1788296041.322196007,1788296041.296200037,2.003547430,-15.929726601,3.099999905,0.122062,-0.132070,-82.963740,172.963740,0.000034587,-0.001569001,-0.662381291,0.749165177,0.023980187,-0.333338171,0.000239401,0.334199620,0.000239401,3.099999905,True,GUIDED,True
93.278906,2026-09-01T20:54:04.943092+00:00,1788296044.943092108,1788296041.463171959,1788296041.451174021,2.003547430,-15.974254608,3.099999905,0.127855,-0.131106,-82.964416,172.964416,0.000078023,-0.001596185,-0.662385643,0.749161303,0.024043128,-0.332858324,0.000193571,0.333725540,0.000193571,3.099999905,True,GUIDED,True
93.335598,2026-09-01T20:54:04.999784+00:00,1788296044.999784231,1788296041.498166084,1788296041.463171959,2.003547430,-15.985385895,3.099999905,0.129959,-0.129202,-82.964097,172.964097,0.000102790,-0.001595891,-0.662383556,0.749163151,0.023802502,-0.331950426,0.000197913,0.332802711,0.000197913,3.099999905,True,GUIDED,True
93.712327,2026-09-01T20:54:05.376513+00:00,1788296045.376513481,1788296041.880101919,1788296041.760122061,2.025686026,-16.118968964,3.099999905,0.129457,-0.105249,-82.964613,172.964613,0.000237964,-0.001436396,-0.662387252,0.749160171,0.023941653,-0.331859201,0.000195437,0.332721704,0.000195437,3.099999905,True,GUIDED,True
94.111712,2026-09-01T20:54:05.775898+00:00,1788296045.775898218,1788296042.261038065,1788296042.223045111,2.036755323,-16.252552032,3.099999905,0.124387,-0.094337,-82.963280,172.963280,0.000267907,-0.001335746,-0.662378728,0.749167979,0.023620687,-0.330491394,0.000165648,0.331334421,0.000165648,3.099999905,True,GUIDED,True
94.478287,2026-09-01T20:54:06.142474+00:00,1788296046.142473698,1788296042.611979008,1788296042.581984043,2.058893919,-16.375001907,3.089999914,0.120678,-0.090942,-82.963987,172.963987,0.000263273,-0.001292112,-0.662383437,0.749163866,0.023266248,-0.330490649,0.000196109,0.331308598,0.000196109,3.099999905,True,GUIDED,True
94.881501,2026-09-01T20:54:06.545687+00:00,1788296046.545687437,1788296042.995914936,1788296042.885932922,2.069963455,-16.508584976,3.089999914,0.135264,-0.099975,-82.963465,172.963465,0.000306427,-0.001435481,-0.662379742,0.749166846,0.023667062,-0.330619514,0.000144578,0.331465523,0.000144578,3.098999977,True,GUIDED,True
94.976055,2026-09-01T20:54:06.640240+00:00,1788296046.640239716,1788296043.100897074,1788296043.063903093,2.081032753,-16.541980743,3.089999914,0.130381,-0.105071,-82.966346,172.966346,0.000245010,-0.001440575,-0.662398577,0.749150157,0.023714565,-0.331819028,0.000149561,0.332665369,0.000149561,3.098999977,True,GUIDED,True
95.150579,2026-09-01T20:54:06.814764+00:00,1788296046.814764261,1788296043.278867006,1788296043.230875015,2.081032753,-16.608772278,3.089999914,0.131495,-0.120947,-82.965077,172.965077,0.000160534,-0.001550810,-0.662390053,0.749157488,0.023598397,-0.332095593,0.000136570,0.332932977,0.000136570,3.098999977,True,GUIDED,True
95.191960,2026-09-01T20:54:06.856145+00:00,1788296046.856145382,1788296043.313860893,1788296043.289865017,2.081032753,-16.619903564,3.089999914,0.127886,-0.122838,-82.965192,172.965192,0.000126013,-0.001542311,-0.662390828,0.749156833,0.023383344,-0.332102716,0.000159669,0.332924909,0.000159669,3.098999977,True,GUIDED,True
95.235285,2026-09-01T20:54:06.899471+00:00,1788296046.899471283,1788296043.349854946,1788296043.313860893,2.092102051,-16.631034851,3.089999914,0.125370,-0.127366,-82.965451,172.965451,0.000083385,-0.001557371,-0.662392497,0.749155283,0.023362830,-0.332078665,0.000177469,0.332899477,0.000177469,3.098999977,True,GUIDED,True
95.623802,2026-09-01T20:54:07.287988+00:00,1788296047.287988186,1788296043.736789942,1788296043.695796967,2.103171349,-16.764617920,3.089999914,0.114212,-0.140095,-82.964689,172.964689,-0.000063129,-0.001576084,-0.662387490,0.749159813,0.023229869,-0.331885934,0.000165084,0.332697911,0.000165084,3.098999977,True,GUIDED,True
95.775389,2026-09-01T20:54:07.439574+00:00,1788296047.439574242,1788296043.879765987,1788296043.792781115,2.114240646,-16.820278168,3.089999914,0.110804,-0.133620,-82.965216,172.965216,-0.000047995,-0.001514055,-0.662391067,0.749156713,0.022954483,-0.329639018,0.000079175,0.330437271,0.000079175,3.098999977,True,GUIDED,True
96.002330,2026-09-01T20:54:07.666516+00:00,1788296047.666515827,1788296044.093729973,1788296044.069734097,2.114240646,-16.887069702,3.099999905,0.116065,-0.117753,-82.964045,172.964045,0.000078138,-0.001440739,-0.662383556,0.749163389,0.023189360,-0.328750283,0.000025519,0.329567132,0.000025519,3.098999977,True,GUIDED,True
96.139409,2026-09-01T20:54:07.803594+00:00,1788296047.803593874,1788296044.236706018,1788296044.177716017,2.125310183,-16.942728043,3.099999905,0.118442,-0.107319,-82.966620,172.966620,0.000153960,-0.001386266,-0.662400484,0.749148607,0.023344992,-0.327541351,-0.000101329,0.328372236,-0.000101329,3.098999977,True,GUIDED,True
96.288905,2026-09-01T20:54:07.953091+00:00,1788296047.953091145,1788296044.374682903,1788296044.355685949,2.125310183,-16.987255096,3.099999905,0.121153,-0.092581,-82.964820,172.964820,0.000256895,-0.001305578,-0.662388861,0.749158919,0.023327310,-0.326914161,-0.000209048,0.327745377,-0.000209048,3.099999905,True,GUIDED,True
96.327881,2026-09-01T20:54:07.992066+00:00,1788296047.992066383,1788296044.409677029,1788296044.392679930,2.136379480,-16.998388290,3.099999905,0.123548,-0.091434,-82.965160,172.965160,0.000279181,-0.001311927,-0.662391067,0.749157071,0.023667654,-0.326835215,-0.000362660,0.327691037,-0.000362660,3.099999905,True,GUIDED,True
96.721171,2026-09-01T20:54:08.385357+00:00,1788296048.385356903,1788296044.791613102,1788296044.709626913,2.147448778,-17.131969452,3.099999905,0.132512,-0.051008,-82.966210,172.966210,0.000571454,-0.001099462,-0.662398279,0.749150813,0.023660224,-0.326767117,-0.000411705,0.327622580,-0.000411705,3.099999905,True,GUIDED,True
96.857040,2026-09-01T20:54:08.521225+00:00,1788296048.521225452,1788296044.929589987,1788296044.900594950,2.158518076,-17.176498413,3.099999905,0.131189,-0.035878,-82.965337,172.965337,0.000650272,-0.000992895,-0.662392735,0.749155760,0.023601079,-0.327695370,-0.000788107,0.328544162,-0.000788107,3.099999905,True,GUIDED,True
96.972199,2026-09-01T20:54:08.636385+00:00,1788296048.636384964,1788296045.034571886,1788296045.016575098,2.158518076,-17.209894180,3.099999905,0.133974,-0.026631,-82.964425,172.964425,0.000721937,-0.000948531,-0.662386835,0.749160945,0.023738855,-0.328606218,-0.000959748,0.329462562,-0.000959748,3.099999905,True,GUIDED,True
97.009129,2026-09-01T20:54:08.673314+00:00,1788296048.673313856,1788296045.069566011,1788296045.016575098,2.158518076,-17.221025467,3.099999905,0.133798,-0.023665,-82.965214,172.965214,0.000737926,-0.000928127,-0.662392020,0.749156356,0.023448119,-0.329298139,-0.001074076,0.330131911,-0.001074076,3.099999905,True,GUIDED,True
97.236666,2026-09-01T20:54:08.900852+00:00,1788296048.900852203,1788296045.281531096,1788296045.268532991,2.169587374,-17.287817001,3.099999905,0.135109,-0.009077,-82.966027,172.966027,0.000830819,-0.000840345,-0.662397444,0.749151647,0.023635000,-0.329637319,-0.001188234,0.330483548,-0.001188234,3.099999905,True,GUIDED,True
97.711182,2026-09-01T20:54:09.375368+00:00,1788296049.375367641,1788296045.736454010,1788296045.641469955,2.191726208,-17.454795837,3.099999905,0.141234,-0.029278,-82.964102,172.964102,0.000754106,-0.001007802,-0.662384629,0.749162912,0.023735449,-0.332133055,-0.001347700,0.332980086,-0.001347700,3.099999905,True,GUIDED,True
97.769412,2026-09-01T20:54:09.433597+00:00,1788296049.433596849,1788296045.771447897,1788296045.736454010,2.191726208,-17.465927124,3.099999905,0.139151,-0.033248,-82.964433,172.964433,0.000717532,-0.001021714,-0.662386775,0.749161005,0.023681913,-0.337793618,-0.001254507,0.338622742,-0.001254507,3.099999905,True,GUIDED,True
97.862583,2026-09-01T20:54:09.526768+00:00,1788296049.526768446,1788296045.874430895,1788296045.855433941,2.191726208,-17.499322891,3.089999914,0.138217,-0.045734,-82.964852,172.964852,0.000639247,-0.001097949,-0.662389398,0.749158621,0.023671223,-0.338135093,-0.001214416,0.338962635,-0.001214416,3.099999905,True,GUIDED,True
97.917267,2026-09-01T20:54:09.581453+00:00,1788296049.581452608,1788296045.944418907,1788296045.855433941,2.202795267,-17.521585464,3.089999914,0.133140,-0.054930,-82.963400,172.963400,0.000552920,-0.001128716,-0.662379861,0.749167085,0.023458460,-0.338908434,-0.001116981,0.339719334,-0.001116981,3.099999905,True,GUIDED,True
97.991698,2026-09-01T20:54:09.655884+00:00,1788296049.655883551,1788296046.014408112,1788296045.855433941,2.202795267,-17.543849945,3.089999914,0.133311,-0.061885,-82.962891,172.962891,0.000513836,-0.001175165,-0.662376463,0.749170005,0.023679508,-0.339481920,-0.001117200,0.340306763,-0.001117200,3.099999905,True,GUIDED,True
98.147850,2026-09-01T20:54:09.812036+00:00,1788296049.812035799,1788296046.153383970,1788296046.129388094,2.202795267,-17.599510193,3.089999914,0.130097,-0.075645,-82.962463,172.962463,0.000413295,-0.001246549,-0.662373543,0.749172568,0.023508677,-0.339805096,-0.000950986,0.340617324,-0.000950986,3.099999905,True,GUIDED,True
98.305218,2026-09-01T20:54:09.969404+00:00,1788296049.969403505,1788296046.328355074,1788296046.308357954,2.213864803,-17.655168533,3.089999914,0.125508,-0.094158,-82.961676,172.961676,0.000276291,-0.001341053,-0.662368238,0.749177158,0.023495574,-0.340418994,-0.000866038,0.341228858,-0.000866038,3.098999977,True,GUIDED,True
98.342175,2026-09-01T20:54:10.006361+00:00,1788296050.006360769,1788296046.363348961,1788296046.308357954,2.213864803,-17.666299820,3.089999914,0.125475,-0.097915,-82.961692,172.961692,0.000254356,-0.001365431,-0.662368298,0.749177098,0.023430638,-0.340665221,-0.000790627,0.341470039,-0.000790627,3.098999977,True,GUIDED,True
98.415933,2026-09-01T20:54:10.080119+00:00,1788296050.080119371,1788296046.432337046,1788296046.403342009,2.213864803,-17.699695587,3.089999914,0.124420,-0.107873,-82.962940,172.962940,0.000189884,-0.001424429,-0.662376344,0.749169886,0.023236940,-0.340536028,-0.000717767,0.341327910,-0.000717767,3.098999977,True,GUIDED,True
98.788923,2026-09-01T20:54:10.453108+00:00,1788296050.453108072,1788296046.785278082,1788296046.689294100,2.236003399,-17.822147369,3.089999914,0.112846,-0.124757,-82.962868,172.962868,0.000016622,-0.001467913,-0.662375808,0.749170303,0.023081753,-0.340344250,-0.000697540,0.341126041,-0.000697540,3.098999977,True,GUIDED,True
98.998675,2026-09-01T20:54:10.662861+00:00,1788296050.662860632,1788296046.996243000,1788296046.938251972,2.247072697,-17.888938904,3.089999914,0.114704,-0.128409,-82.963226,172.963226,0.000007653,-0.001502530,-0.662378073,0.749168277,0.023387823,-0.338717848,-0.000551596,0.339524330,-0.000551596,3.098999977,True,GUIDED,True
99.253142,2026-09-01T20:54:10.917327+00:00,1788296050.917327404,1788296047.240201950,1788296047.203207970,2.258141994,-17.977993011,3.089999914,0.123855,-0.135185,-82.963933,172.963933,0.000028300,-0.001599727,-0.662382483,0.749164104,0.023819810,-0.337486446,-0.000513746,0.338326003,-0.000513746,3.098999977,True,GUIDED,True
99.437920,2026-09-01T20:54:11.102106+00:00,1788296051.102105618,1788296047.414171934,1788296047.333185911,2.258141994,-18.044784546,3.089999914,0.127162,-0.138673,-82.963491,172.963491,0.000029769,-0.001641650,-0.662379503,0.749166608,0.023788711,-0.336019516,-0.000581440,0.336860532,-0.000581440,3.098999977,True,GUIDED,True
99.535605,2026-09-01T20:54:11.199790+00:00,1788296051.199790478,1788296047.517154932,1788296047.498157978,2.269211292,-18.078180313,3.089999914,0.124551,-0.136213,-82.962924,172.962924,0.000026930,-0.001610471,-0.662375867,0.749169886,0.023655830,-0.334943920,-0.000554230,0.335778242,-0.000554230,3.098999977,True,GUIDED,True
99.758204,2026-09-01T20:54:11.422390+00:00,1788296051.422390223,1788296047.731118917,1788296047.702124119,2.269211292,-18.156103134,3.089999914,0.119270,-0.125932,-82.964196,172.964196,0.000051806,-0.001512732,-0.662384391,0.749162555,0.023700574,-0.334243506,-0.000614663,0.335082734,-0.000614663,3.098999977,True,GUIDED,True
99.876524,2026-09-01T20:54:11.540710+00:00,1788296051.540709734,1788296047.837100983,1788296047.822103977,2.280280590,-18.189498901,3.089999914,0.125777,-0.117885,-82.964165,172.964165,0.000140865,-0.001497731,-0.662384212,0.749162734,0.023784408,-0.332982719,-0.000500849,0.333831079,-0.000500849,3.098999977,True,GUIDED,True
100.018100,2026-09-01T20:54:11.682286+00:00,1788296051.682285786,1788296047.975078106,1788296047.822103977,2.280280590,-18.234025955,3.089999914,0.126374,-0.106903,-82.965786,172.965786,0.000208230,-0.001429393,-0.662394941,0.749153435,0.023508869,-0.332242340,-0.000515916,0.333073024,-0.000515916,3.098999977,True,GUIDED,True
100.346269,2026-09-01T20:54:12.010454+00:00,1788296052.010453701,1788296048.295023918,1788296048.248032093,2.302419424,-18.345346451,3.089999914,0.122755,-0.097036,-82.964813,172.964813,0.000241616,-0.001343965,-0.662388742,0.749159038,0.023481622,-0.332029194,-0.000516689,0.332858486,-0.000516689,3.098000050,True,GUIDED,True
100.684412,2026-09-01T20:54:12.348597+00:00,1788296052.348597288,1788296048.607971907,1788296048.593974113,2.313488483,-18.456665039,3.089999914,0.121481,-0.099916,-82.964643,172.964643,0.000216648,-0.001355429,-0.662387609,0.749160051,0.023341069,-0.331925035,-0.000508339,0.332744698,-0.000508339,3.098000050,True,GUIDED,True
100.870265,2026-09-01T20:54:12.534451+00:00,1788296052.534451485,1788296048.815937042,1788296048.593974113,2.324558020,-18.523456573,3.089999914,0.130337,-0.108333,-82.964921,172.964921,0.000225881,-0.001461651,-0.662389219,0.749158323,0.023610190,-0.331795245,-0.000487513,0.332634222,-0.000487513,3.098000050,True,GUIDED,True
101.073608,2026-09-01T20:54:12.737795+00:00,1788296052.737794638,1788296048.994906902,1788296048.938915968,2.324558020,-18.590248108,3.089999914,0.132659,-0.111866,-82.965052,172.965052,0.000220637,-0.001498165,-0.662389994,0.749157667,0.023823451,-0.331793934,-0.000544480,0.332648120,-0.000544480,3.098000050,True,GUIDED,True
101.399465,2026-09-01T20:54:13.063651+00:00,1788296053.063650846,1788296049.309854031,1788296049.254863024,2.346696615,-18.701566696,3.089999914,0.120990,-0.125656,-82.965731,172.965731,0.000064627,-0.001520867,-0.662394404,0.749153733,0.023493495,-0.331644446,-0.000501483,0.332475537,-0.000501483,3.098000050,True,GUIDED,True
101.918638,2026-09-01T20:54:13.582824+00:00,1788296053.582823992,1788296049.794771910,1788296049.742780924,2.357765913,-18.868543625,3.089999914,0.121213,-0.137084,-82.966320,172.966320,0.000000022,-0.001596870,-0.662398100,0.749150276,0.023341356,-0.331165344,-0.000555211,0.331986903,-0.000555211,3.098000050,True,GUIDED,True
102.245029,2026-09-01T20:54:13.909215+00:00,1788296053.909215212,1788296050.110718966,1788296049.849762917,2.379904509,-18.979862213,3.089999914,0.116563,-0.110000,-82.965372,172.965372,0.000126186,-0.001392927,-0.662392318,0.749155819,0.023024499,-0.328540653,-0.000580224,0.329346456,-0.000580224,3.098000050,True,GUIDED,True
102.353317,2026-09-01T20:54:14.017503+00:00,1788296054.017502546,1788296050.218700886,1788296049.849762917,2.379904509,-19.013257980,3.089999914,0.112081,-0.098892,-82.965499,172.965499,0.000161100,-0.001294395,-0.662393332,0.749155045,0.023024391,-0.327193558,-0.000607698,0.328002663,-0.000607698,3.098000050,True,GUIDED,True
102.448314,2026-09-01T20:54:14.112499+00:00,1788296054.112499475,1788296050.321683884,1788296050.303687096,2.379904509,-19.057786942,3.089999914,0.110747,-0.090208,-82.966439,172.966439,0.000202565,-0.001229912,-0.662399590,0.749149621,0.023171835,-0.326966375,-0.000616791,0.327786431,-0.000616791,3.098000050,True,GUIDED,True
102.610299,2026-09-01T20:54:14.274485+00:00,1788296054.274484634,1788296050.461659908,1788296050.387672901,2.390973806,-19.102313995,3.089999914,0.120832,-0.087865,-82.965896,172.965896,0.000282046,-0.001272893,-0.662395954,0.749152780,0.023465833,-0.326936930,-0.000529528,0.327777976,-0.000529528,3.098000050,True,GUIDED,True
102.940046,2026-09-01T20:54:14.604232+00:00,1788296054.604231596,1788296050.777606964,1788296050.766608953,2.402043104,-19.202501297,3.089999914,0.126785,-0.050068,-82.965781,172.965781,0.000539452,-0.001060210,-0.662395537,0.749153316,0.023714388,-0.326888472,-0.000554405,0.327747533,-0.000554405,3.098000050,True,GUIDED,True
102.992624,2026-09-01T20:54:14.656810+00:00,1788296054.656810284,1788296050.848594904,1788296050.835597038,2.402043104,-19.235897064,3.089999914,0.127314,-0.042632,-82.965334,172.965334,0.000585900,-0.001014645,-0.662392676,0.749155939,0.023839921,-0.327400625,-0.000600406,0.328267438,-0.000600406,3.098000050,True,GUIDED,True
103.201045,2026-09-01T20:54:14.865232+00:00,1788296054.865231514,1788296051.023566008,1788296050.908585072,2.413112640,-19.291555405,3.089999914,0.125056,-0.023457,-82.964939,172.964939,0.000681976,-0.000876230,-0.662390292,0.749158084,0.023674136,-0.327739656,-0.000586047,0.328593589,-0.000586047,3.098000050,True,GUIDED,True
103.760346,2026-09-01T20:54:15.424531+00:00,1788296055.424531460,1788296051.582472086,1788296051.492486954,2.435251236,-19.480798721,3.089999914,0.141987,-0.018854,-82.964416,172.964416,0.000819280,-0.000944002,-0.662386775,0.749161005,0.023856059,-0.329129219,-0.000562530,0.329992658,-0.000562530,3.098000050,True,GUIDED,True
103.807721,2026-09-01T20:54:15.471907+00:00,1788296055.471907139,1788296051.617465973,1788296051.492486954,2.435251236,-19.491930008,3.089999914,0.140165,-0.020732,-82.964088,172.964088,0.000796515,-0.000945743,-0.662384629,0.749162912,0.024134664,-0.335614949,-0.000722393,0.336481614,-0.000722393,3.098000050,True,GUIDED,True
104.361079,2026-09-01T20:54:16.025265+00:00,1788296056.025264978,1788296052.171372890,1788296052.158375025,2.468459129,-19.692304611,3.089999914,0.129767,-0.072911,-82.963890,172.963890,0.000426922,-0.001226772,-0.662382901,0.749164402,0.024078293,-0.335956156,-0.000753470,0.336817908,-0.000753470,3.096999884,True,GUIDED,True
104.396076,2026-09-01T20:54:16.060262+00:00,1788296056.060262442,1788296052.207366943,1788296052.158375025,2.468459129,-19.703435898,3.089999914,0.128849,-0.078117,-82.963413,172.963413,0.000390833,-0.001255504,-0.662379742,0.749167085,0.024153357,-0.340313762,-0.000466383,0.341169813,-0.000466383,3.096999884,True,GUIDED,True
104.607578,2026-09-01T20:54:16.271764+00:00,1788296056.271764278,1788296052.419331074,1788296052.207366943,2.479528427,-19.770227432,3.089999914,0.131067,-0.097177,-82.962777,172.962777,0.000295170,-0.001392925,-0.662375331,0.749170780,0.024004675,-0.340263128,-0.000449261,0.341108811,-0.000449261,3.096999884,True,GUIDED,True
104.940489,2026-09-01T20:54:16.604675+00:00,1788296056.604674816,1788296052.741276979,1788296052.647293091,2.490597725,-19.892677307,3.089999914,0.115229,-0.118284,-82.963544,172.963544,0.000069610,-0.001439371,-0.662380278,0.749166429,0.023670338,-0.340246528,-0.000455938,0.341068886,-0.000455938,3.096999884,True,GUIDED,True
105.008288,2026-09-01T20:54:16.672474+00:00,1788296056.672473907,1788296052.810266018,1788296052.778270960,2.490597725,-19.914941788,3.089999914,0.118485,-0.124832,-82.963317,172.963317,0.000053047,-0.001501000,-0.662378669,0.749167681,0.023799246,-0.339445353,-0.000495051,0.340278638,-0.000495051,3.096999884,True,GUIDED,True
105.281464,2026-09-01T20:54:16.945649+00:00,1788296056.945649147,1788296053.050225019,1788296052.919246912,2.501667023,-19.992864609,3.089999914,0.121331,-0.131368,-82.964156,172.964156,0.000033860,-0.001560186,-0.662384033,0.749162793,0.023890831,-0.339082986,-0.000426674,0.339923584,-0.000426674,3.096999884,True,GUIDED,True
105.554034,2026-09-01T20:54:17.218220+00:00,1788296057.218219757,1788296053.296184063,1788296053.247191906,2.512736320,-20.081920624,3.089999914,0.123006,-0.137550,-82.964419,172.964419,0.000009075,-0.001610284,-0.662385643,0.749161303,0.023906168,-0.337649882,-0.000600015,0.338495122,-0.000600015,3.096999884,True,GUIDED,True
105.862289,2026-09-01T20:54:17.526475+00:00,1788296057.526475430,1788296053.611130953,1788296053.550141096,2.523805857,-20.193239212,3.089999914,0.123976,-0.134650,-82.964953,172.964953,0.000032175,-0.001596929,-0.662389159,0.749158144,0.024140270,-0.336343706,-0.000570418,0.337208898,-0.000570418,3.096999884,True,GUIDED,True
105.881528,2026-09-01T20:54:17.545713+00:00,1788296057.545713425,1788296053.646125078,1788296053.611130953,2.523805857,-20.204370499,3.089999914,0.122918,-0.135855,-82.964662,172.964662,0.000018297,-0.001598691,-0.662387252,0.749159932,0.023695441,-0.334237128,-0.000671203,0.335076009,-0.000671203,3.096999884,True,GUIDED,True
106.009057,2026-09-01T20:54:17.673243+00:00,1788296057.673242807,1788296053.748107910,1788296053.670120955,2.534874916,-20.237766266,3.089999914,0.120242,-0.134863,-82.964553,172.964553,0.000006532,-0.001576737,-0.662386596,0.749160469,0.023632703,-0.333923936,-0.000605386,0.334759167,-0.000605386,3.096999884,True,GUIDED,True
106.113701,2026-09-01T20:54:17.777888+00:00,1788296057.777887583,1788296053.854089975,1788296053.825094938,2.534874916,-20.282293320,3.089999914,0.120186,-0.132353,-82.964585,172.964585,0.000020675,-0.001560007,-0.662386835,0.749160349,0.023720872,-0.333456248,-0.000639230,0.334298892,-0.000639230,3.096999884,True,GUIDED,True
106.256726,2026-09-01T20:54:17.920912+00:00,1788296057.920911551,1788296053.997066021,1788296053.872087002,2.545944452,-20.326820374,3.089999914,0.121488,-0.126561,-82.963691,172.963691,0.000062677,-0.001529664,-0.662381053,0.749165535,0.023364961,-0.332481295,-0.000682468,0.333301264,-0.000682468,3.096999884,True,GUIDED,True
106.554691,2026-09-01T20:54:18.218876+00:00,1788296058.218876123,1788296054.277019024,1788296054.135042906,2.557013512,-20.427007675,3.089999914,0.123696,-0.106618,-82.964122,172.964122,0.000192392,-0.001412043,-0.662384093,0.749163091,0.023631463,-0.331914157,-0.000712215,0.332754344,-0.000712215,3.096999884,True,GUIDED,True
106.997478,2026-09-01T20:54:18.661664+00:00,1788296058.661663532,1788296054.705946922,1788296054.611963034,2.568083048,-20.571722031,3.089999914,0.127035,-0.104830,-82.964990,172.964990,0.000224544,-0.001419656,-0.662389755,0.749158025,0.023348985,-0.330674529,-0.000774899,0.331497842,-0.000774899,3.096999884,True,GUIDED,True
107.099457,2026-09-01T20:54:18.763642+00:00,1788296058.763642311,1788296054.811928988,1788296054.705946922,2.579152346,-20.616250992,3.089999914,0.132250,-0.112991,-82.965463,172.965463,0.000211458,-0.001503156,-0.662392676,0.749155223,0.023755798,-0.331272542,-0.000753592,0.332123223,-0.000753592,3.095999956,True,GUIDED,True
107.669336,2026-09-01T20:54:19.333521+00:00,1788296059.333521366,1788296055.374835014,1788296055.359837055,2.601290941,-20.805492401,3.089999914,0.123029,-0.119371,-82.965220,172.965220,0.000114297,-0.001491567,-0.662391126,0.749156654,0.023554493,-0.331040561,-0.000753265,0.331877488,-0.000753265,3.095999956,True,GUIDED,True
107.698417,2026-09-01T20:54:19.362602+00:00,1788296059.362602472,1788296055.408828974,1788296055.359837055,2.601290941,-20.816623688,3.089999914,0.123755,-0.123042,-82.966306,172.966306,0.000097807,-0.001519766,-0.662398160,0.749150455,0.023081612,-0.330071002,-0.000651907,0.330877058,-0.000651907,3.095999956,True,GUIDED,True
107.874188,2026-09-01T20:54:19.538374+00:00,1788296059.538373709,1788296055.548804998,1788296055.537806988,2.612360239,-20.872283936,3.089999914,0.122269,-0.131951,-82.965910,172.965910,0.000036601,-0.001569412,-0.662395477,0.749152660,0.022958437,-0.329863340,-0.000628744,0.330661326,-0.000628744,3.095999956,True,GUIDED,True
108.007011,2026-09-01T20:54:19.671196+00:00,1788296059.671196461,1788296055.686781883,1788296055.598797083,2.612360239,-20.916810989,3.089999914,0.122040,-0.131251,-82.965288,172.965288,0.000039162,-0.001563516,-0.662391424,0.749156237,0.023094168,-0.329342723,-0.000614296,0.330151435,-0.000614296,3.095999956,True,GUIDED,True
108.331004,2026-09-01T20:54:19.995189+00:00,1788296059.995189190,1788296056.032723904,1788296055.984731913,2.634499073,-21.039260864,3.089999914,0.113790,-0.100408,-82.965496,172.965496,0.000163511,-0.001314187,-0.662393272,0.749155104,0.023118941,-0.328611761,-0.000715807,0.329424005,-0.000715807,3.095999956,True,GUIDED,True
108.512908,2026-09-01T20:54:20.177093+00:00,1788296060.177093029,1788296056.206695080,1788296056.199696064,2.634499073,-21.094921112,3.089999914,0.113436,-0.073494,-82.965350,172.965350,0.000316771,-0.001136192,-0.662392616,0.749155879,0.022751557,-0.326678693,-0.000774811,0.327470002,-0.000774811,3.095999956,True,GUIDED,True
108.627344,2026-09-01T20:54:20.291529+00:00,1788296060.291529179,1788296056.311676979,1788296056.282681942,2.645568132,-21.128316879,3.089999914,0.111086,-0.060632,-82.966066,172.966066,0.000375748,-0.001038518,-0.662397444,0.749151766,0.023012718,-0.326743454,-0.000922472,0.327552850,-0.000922472,3.095999956,True,GUIDED,True
108.792716,2026-09-01T20:54:20.456901+00:00,1788296060.456901312,1788296056.484647989,1788296056.366667986,2.645568132,-21.195108414,3.089999914,0.113605,-0.049072,-82.966125,172.966125,0.000459045,-0.000977507,-0.662397921,0.749151289,0.023297537,-0.327134937,-0.000872869,0.327963477,-0.000872869,3.095999956,True,GUIDED,True
108.959190,2026-09-01T20:54:20.623375+00:00,1788296060.623375177,1788296056.621624947,1788296056.603627920,2.656637669,-21.239635468,3.089999914,0.115551,-0.044897,-82.965622,172.965622,0.000495898,-0.000961457,-0.662394643,0.749154329,0.023720562,-0.328192592,-0.000851054,0.329048693,-0.000851054,3.095999956,True,GUIDED,True
109.035620,2026-09-01T20:54:20.699806+00:00,1788296060.699805737,1788296056.690613985,1788296056.675616026,2.656637669,-21.261899948,3.089999914,0.120802,-0.047548,-82.965878,172.965878,0.000514905,-0.001009149,-0.662396252,0.749152720,0.024149047,-0.329275310,-0.000819749,0.330159668,-0.000819749,3.095999956,True,GUIDED,True
109.163084,2026-09-01T20:54:20.827269+00:00,1788296060.827269316,1788296056.831589937,1788296056.782598019,2.667706728,-21.306427002,3.089999914,0.124359,-0.054285,-82.965428,172.965428,0.000499221,-0.001073751,-0.662393212,0.749155402,0.024312250,-0.329884768,-0.000810167,0.330779451,-0.000810167,3.095999956,True,GUIDED,True
109.284869,2026-09-01T20:54:20.949054+00:00,1788296060.949054241,1788296056.934572935,1788296056.903578043,2.667706728,-21.350954056,3.089999914,0.126142,-0.062411,-82.964567,172.964567,0.000463911,-0.001137175,-0.662387490,0.749160290,0.024279209,-0.330923378,-0.000746938,0.331812842,-0.000746938,3.095999956,True,GUIDED,True
109.549639,2026-09-01T20:54:21.213824+00:00,1788296061.213824034,1788296057.208527088,1788296057.116542101,2.678776264,-21.440010071,3.089999914,0.120667,-0.082959,-82.965022,172.965022,0.000309338,-0.001239865,-0.662390292,0.749157846,0.024581054,-0.331784368,-0.000710092,0.332693695,-0.000710092,3.095999956,True,GUIDED,True
109.751806,2026-09-01T20:54:21.415992+00:00,1788296061.415991783,1788296057.384496927,1788296057.366499901,2.689845562,-21.506801605,3.089999914,0.116917,-0.081765,-82.965159,172.965159,0.000291721,-0.001210381,-0.662391245,0.749157012,0.024380177,-0.332598478,-0.000610583,0.333490840,-0.000610583,3.095000029,True,GUIDED,True
110.454316,2026-09-01T20:54:22.118501+00:00,1788296062.118501425,1788296058.079380035,1788296057.926405907,2.711984158,-21.740570068,3.089999914,0.135166,-0.077244,-82.964561,172.964561,0.000437165,-0.001286315,-0.662387192,0.749160349,0.024783896,-0.332567275,-0.000489801,0.333489481,-0.000489801,3.095000029,True,GUIDED,True
110.664256,2026-09-01T20:54:22.328442+00:00,1788296062.328441620,1788296058.254350901,1788296058.222356081,2.723053455,-21.807361603,3.089999914,0.131951,-0.077766,-82.963727,172.963727,0.000413134,-0.001271137,-0.662381768,0.749165177,0.023965714,-0.334096193,0.000002152,0.334954656,0.000002152,3.094000101,True,GUIDED,True
110.780977,2026-09-01T20:54:22.445162+00:00,1788296062.445162296,1788296058.393327951,1788296058.330338001,2.734122753,-21.851888657,3.089999914,0.129185,-0.071412,-82.962454,172.962454,0.000431796,-0.001213601,-0.662373543,0.749172568,0.023589304,-0.334197611,0.000137264,0.335029101,0.000137264,3.094000101,True,GUIDED,True
111.210110,2026-09-01T20:54:22.874309+00:00,1788296062.874308825,1788296058.710273981,1788296058.615289927,2.745192289,-21.963207245,3.089999914,0.127039,-0.067594,-82.963794,172.963794,0.000439820,-0.001176243,-0.662382364,0.749164939,0.023733236,-0.334683031,0.000161637,0.335523468,0.000161637,3.094000101,True,GUIDED,True
111.514163,2026-09-01T20:54:23.178348+00:00,1788296063.178348064,1788296059.055216074,1788296058.937236071,2.756261349,-22.074527740,3.089999914,0.120301,-0.086023,-82.964834,172.964834,0.000289237,-0.001257783,-0.662389040,0.749158859,0.023582719,-0.335747063,0.000368082,0.336574264,0.000368082,3.094000101,True,GUIDED,True
111.593285,2026-09-01T20:54:23.257472+00:00,1788296063.257471561,1788296059.127203941,1788296059.103208065,2.756261349,-22.107923508,3.089999914,0.113496,-0.087121,-82.963996,172.963996,0.000238409,-0.001225621,-0.662383616,0.749163806,0.023316393,-0.336374551,0.000548582,0.337181691,0.000548582,3.094000101,True,GUIDED,True
111.787304,2026-09-01T20:54:23.451489+00:00,1788296063.451489449,1788296059.335169077,1788296059.305174112,2.767330885,-22.174713135,3.089999914,0.115108,-0.090709,-82.963667,172.963667,0.000228211,-0.001258395,-0.662381411,0.749165654,0.023659706,-0.336603343,0.000515428,0.337433834,0.000515428,3.094000101,True,GUIDED,True
112.473655,2026-09-01T20:54:24.137840+00:00,1788296064.137840271,1788296059.897074938,1788296059.770096064,2.800538778,-22.375087738,3.089999914,0.130085,-0.100785,-82.961724,172.961724,0.000267909,-0.001410838,-0.662368417,0.749176860,0.024061918,-0.336691439,0.000571757,0.337550146,0.000571757,3.092999935,True,GUIDED,True
112.596450,2026-09-01T20:54:24.260637+00:00,1788296064.260636568,1788296060.037050962,1788296059.770096064,2.800538778,-22.419614792,3.089999914,0.129198,-0.098856,-82.963342,172.963342,0.000273236,-0.001393101,-0.662379026,0.749167562,0.023986721,-0.335881054,0.000726917,0.336736463,0.000726917,3.092999935,True,GUIDED,True
112.771971,2026-09-01T20:54:24.436156+00:00,1788296064.436156273,1788296060.215020895,1788296060.076045036,2.811608076,-22.486406326,3.089999914,0.130658,-0.100724,-82.965454,172.965454,0.000271961,-0.001413758,-0.662392795,0.749155343,0.023633691,-0.335579574,0.000729639,0.336410764,0.000729639,3.092999935,True,GUIDED,True
112.827175,2026-09-01T20:54:24.491361+00:00,1788296064.491361141,1788296060.252015114,1788296060.076045036,2.811608076,-22.497539520,3.089999914,0.130712,-0.105469,-82.963522,172.963522,0.000244913,-0.001445089,-0.662380099,0.749166489,0.023590805,-0.335392475,0.000602024,0.336221115,0.000602024,3.094000101,True,GUIDED,True
112.974893,2026-09-01T20:54:24.639079+00:00,1788296064.639079094,1788296060.429985046,1788296060.382992983,2.822677374,-22.564329147,3.089999914,0.129564,-0.113309,-82.964091,172.964091,0.000192078,-0.001489712,-0.662383735,0.749163210,0.023430236,-0.335249543,0.000565426,0.336067303,0.000565426,3.094000101,True,GUIDED,True
113.038863,2026-09-01T20:54:24.703048+00:00,1788296064.703048468,1788296060.499974012,1788296060.429985046,2.822677374,-22.586593628,3.089999914,0.127666,-0.118014,-82.963331,172.963331,0.000152483,-0.001509496,-0.662378728,0.749167621,0.023340035,-0.335105419,0.000369576,0.335917251,0.000369576,3.094000101,True,GUIDED,True
113.227599,2026-09-01T20:54:24.891785+00:00,1788296064.891784906,1788296060.673943996,1788296060.587959051,2.833746672,-22.653385162,3.089999914,0.122245,-0.131452,-82.966711,172.966711,0.000039315,-0.001566020,-0.662400723,0.749148011,0.023449376,-0.335288674,0.000342445,0.336107673,0.000342445,3.094000101,True,GUIDED,True
114.004665,2026-09-01T20:54:25.668851+00:00,1788296065.668851137,1788296061.373826981,1788296061.346831083,2.855885506,-22.898286819,3.089999914,0.122052,-0.152371,-82.965516,172.965516,-0.000082853,-0.001701658,-0.662392616,0.749154925,0.023382608,-0.334699988,0.000130827,0.335515765,0.000130827,3.094000101,True,GUIDED,True
114.038373,2026-09-01T20:54:25.702559+00:00,1788296065.702559233,1788296061.409821033,1788296061.346831083,2.855885506,-22.909418106,3.089999914,0.121200,-0.151563,-82.965184,172.965184,-0.000083745,-0.001691457,-0.662390471,0.749156833,0.023194661,-0.329580247,-0.000415709,0.330395417,-0.000415709,3.094000101,True,GUIDED,True
114.131693,2026-09-01T20:54:25.795879+00:00,1788296065.795878887,1788296061.513803005,1788296061.346831083,2.866954803,-22.942813873,3.089999914,0.120389,-0.143218,-82.965247,172.965247,-0.000040807,-0.001632209,-0.662391007,0.749156535,0.023005983,-0.329183370,-0.000445919,0.329986312,-0.000445919,3.094000101,True,GUIDED,True
114.428031,2026-09-01T20:54:26.092216+00:00,1788296066.092216492,1788296061.691772938,1788296061.611787081,2.866954803,-23.009605408,3.089999914,0.119585,-0.125697,-82.965053,172.965053,0.000055219,-0.001513014,-0.662389994,0.749157667,0.023117933,-0.328435540,-0.000468834,0.329248148,-0.000468834,3.094000101,True,GUIDED,True
115.330325,2026-09-01T20:54:26.994511+00:00,1788296066.994510889,1788296062.675607920,1788296062.455645084,2.911232233,-23.343561172,3.089999914,0.121989,-0.039713,-82.966243,172.966243,0.000567949,-0.000964791,-0.662398696,0.749150634,0.022967983,-0.327153206,-0.000625333,0.327958455,-0.000625333,3.094000101,True,GUIDED,True
115.461932,2026-09-01T20:54:27.126119+00:00,1788296067.126118660,1788296062.817584038,1788296062.455645084,2.922301531,-23.388090134,3.089999914,0.116710,-0.049465,-82.966314,172.966314,0.000477066,-0.000998022,-0.662399113,0.749150336,0.023535617,-0.330599397,-0.001006148,0.331436098,-0.001006148,3.094000101,True,GUIDED,True
115.529110,2026-09-01T20:54:27.193295+00:00,1788296067.193295479,1788296062.888571978,1788296062.455645084,2.922301531,-23.410352707,3.089999914,0.112893,-0.053973,-82.964856,172.964856,0.000426066,-0.001005424,-0.662389576,0.749158800,0.023725780,-0.331965059,-0.001077617,0.332811828,-0.001077617,3.094000101,True,GUIDED,True
115.617900,2026-09-01T20:54:27.282086+00:00,1788296067.282085657,1788296062.995553970,1788296062.941562891,2.922301531,-23.454879761,3.089999914,0.112638,-0.063400,-82.965853,172.965853,0.000369897,-0.001065587,-0.662396014,0.749152958,0.023708235,-0.332447231,-0.001058358,0.333291527,-0.001058358,3.094000101,True,GUIDED,True
116.218345,2026-09-01T20:54:27.882532+00:00,1788296067.882531643,1788296063.551460981,1788296063.432481050,2.955509663,-23.644123077,3.089999914,0.114084,-0.095272,-82.964776,172.964776,0.000195127,-0.001282312,-0.662388623,0.749159276,0.024033967,-0.333192110,-0.001170464,0.334057800,-0.001170464,3.094000101,True,GUIDED,True
117.383066,2026-09-01T20:54:29.047253+00:00,1788296069.047253132,1788296064.632278919,1788296064.585287094,2.999786854,-24.022605896,3.089999914,0.133879,-0.093188,-82.964388,172.964388,0.000336591,-0.001383109,-0.662385881,0.749161422,0.025423089,-0.334161073,-0.001086822,0.335126776,-0.001086822,3.092999935,True,GUIDED,True
117.753326,2026-09-01T20:54:29.417511+00:00,1788296069.417511463,1788296064.983220100,1788296064.871238947,3.010856152,-24.145057678,3.089999914,0.141091,-0.082713,-82.964610,172.964610,0.000444287,-0.001356313,-0.662387371,0.749160171,0.023704948,-0.332893521,-0.000090505,0.333736454,-0.000090505,3.092999935,True,GUIDED,True
117.779573,2026-09-01T20:54:29.443760+00:00,1788296069.443760157,1788296065.019213915,1788296064.871238947,3.010856152,-24.156188965,3.089999914,0.141186,-0.082283,-82.964500,172.964500,0.000447401,-0.001354052,-0.662386656,0.749160767,0.023257907,-0.333049059,0.000050549,0.333860159,0.000050549,3.092999935,True,GUIDED,True
117.861950,2026-09-01T20:54:29.526136+00:00,1788296069.526136160,1788296065.089201927,1788296064.871238947,3.021925449,-24.178453445,3.089999914,0.141802,-0.079571,-82.963876,172.963876,0.000467112,-0.001339881,-0.662382603,0.749164343,0.023058733,-0.333029360,0.000064009,0.333826691,0.000064009,3.092999935,True,GUIDED,True
118.743692,2026-09-01T20:54:30.407878+00:00,1788296070.407877684,1788296065.995049953,1788296065.882069111,3.055133343,-24.490146637,3.089999914,0.117787,-0.080368,-82.964738,172.964738,0.000305485,-0.001206279,-0.662388504,0.749159396,0.022823298,-0.333211780,0.000085281,0.333992504,0.000085281,3.092000008,True,GUIDED,True
118.930954,2026-09-01T20:54:30.595140+00:00,1788296070.595139980,1788296066.209013939,1788296066.133027077,3.066202879,-24.568069458,3.089999914,0.110845,-0.093635,-82.963729,172.963729,0.000183421,-0.001252885,-0.662381828,0.749165356,0.022739680,-0.335232109,0.000281900,0.336002470,0.000281900,3.092000008,True,GUIDED,True
119.032754,2026-09-01T20:54:30.696940+00:00,1788296070.696940184,1788296066.311996937,1788296066.286000967,3.066202879,-24.601465225,3.089999914,0.109194,-0.097546,-82.963796,172.963796,0.000150027,-0.001268912,-0.662382245,0.749164939,0.023119759,-0.335279524,0.000344562,0.336075710,0.000344562,3.092000008,True,GUIDED,True
120.291899,2026-09-01T20:54:31.956084+00:00,1788296071.956084013,1788296067.527792931,1788296067.428808928,3.121549368,-25.035608292,3.089999914,0.102438,-0.125815,-82.965284,172.965284,-0.000057572,-0.001414667,-0.662391722,0.749156296,0.023475146,-0.335351795,0.000305582,0.336172439,0.000305582,3.091000080,True,GUIDED,True
120.412007,2026-09-01T20:54:32.076193+00:00,1788296072.076192617,1788296067.631774902,1788296067.609778881,3.121549368,-25.069004059,3.089999914,0.098674,-0.123150,-82.965473,172.965473,-0.000066773,-0.001375495,-0.662393034,0.749155223,0.024019632,-0.330922216,0.000315909,0.331792791,0.000315909,3.091000080,True,GUIDED,True
120.454215,2026-09-01T20:54:32.118402+00:00,1788296072.118401766,1788296067.666769028,1788296067.631774902,3.121549368,-25.080135345,3.089999914,0.099555,-0.120765,-82.964832,172.964832,-0.000047225,-0.001364992,-0.662388861,0.749158919,0.024091227,-0.330211729,0.000282285,0.331089373,0.000282285,3.091000080,True,GUIDED,True
121.019670,2026-09-01T20:54:32.683856+00:00,1788296072.683856010,1788296068.224675894,1788296068.071701050,3.154757500,-25.269378662,3.089999914,0.122184,-0.083935,-82.965600,172.965600,0.000313603,-0.001255015,-0.662394047,0.749154449,0.024310766,-0.330114096,0.000282916,0.331008051,0.000282916,3.091000080,True,GUIDED,True
121.239947,2026-09-01T20:54:32.904133+00:00,1788296072.904133081,1788296068.434639931,1788296068.297662973,3.154757500,-25.336168289,3.089999914,0.134206,-0.070489,-82.965980,172.965980,0.000469918,-0.001236606,-0.662396550,0.749152184,0.025216740,-0.328604877,0.000279549,0.329571008,0.000279549,3.091000080,True,GUIDED,True
121.412801,2026-09-01T20:54:33.076986+00:00,1788296073.076986074,1788296068.611610889,1788296068.547621012,3.165826559,-25.402959824,3.089999914,0.131785,-0.064373,-82.964589,172.964589,0.000489463,-0.001182626,-0.662387550,0.749160230,0.024863869,-0.328998506,0.000247262,0.329936704,0.000247262,3.091000080,True,GUIDED,True
121.486525,2026-09-01T20:54:33.150711+00:00,1788296073.150710821,1788296068.681598902,1788296068.547621012,3.165826559,-25.425224304,3.089999914,0.135613,-0.064246,-82.963483,172.963483,0.000515231,-0.001203913,-0.662380278,0.749166667,0.024730073,-0.330042005,0.000259783,0.330967221,0.000259783,3.091000080,True,GUIDED,True
121.815858,2026-09-01T20:54:33.480045+00:00,1788296073.480045080,1788296068.998545885,1788296068.846570969,3.187965155,-25.536542892,3.089999914,0.133894,-0.080050,-82.965978,172.965978,0.000412616,-0.001297312,-0.662396431,0.749152303,0.024602937,-0.330365568,0.000286231,0.331280415,0.000286231,3.091000080,True,GUIDED,True
121.846441,2026-09-01T20:54:33.510627+00:00,1788296073.510626554,1788296069.033540010,1788296068.846570969,3.187965155,-25.547674179,3.089999914,0.132616,-0.080284,-82.965466,172.965466,0.000402916,-0.001291448,-0.662393093,0.749155283,0.024105081,-0.331835002,0.000295040,0.332709368,0.000295040,3.091000080,True,GUIDED,True
121.895386,2026-09-01T20:54:33.559572+00:00,1788296073.559572220,1788296069.067533970,1788296068.846570969,3.187965155,-25.558807373,3.089999914,0.134739,-0.079754,-82.963918,172.963918,0.000419875,-0.001300251,-0.662382960,0.749164104,0.023908265,-0.331770152,0.000286027,0.332630484,0.000286027,3.091000080,True,GUIDED,True
122.066916,2026-09-01T20:54:33.731102+00:00,1788296073.731101513,1788296069.241504908,1788296069.226506948,3.199034691,-25.625598907,3.089999914,0.138655,-0.086667,-82.966409,172.966409,0.000405484,-0.001368094,-0.662399113,0.749149740,0.024030451,-0.331943721,0.000206574,0.332812404,0.000206574,3.091000080,True,GUIDED,True
122.170855,2026-09-01T20:54:33.835041+00:00,1788296073.835040569,1788296069.346487045,1788296069.298495054,3.199034691,-25.658994675,3.089999914,0.138956,-0.085955,-82.964576,172.964576,0.000411591,-0.001365164,-0.662387133,0.749160409,0.023743857,-0.332157850,0.000271999,0.333005418,0.000271999,3.091000080,True,GUIDED,True
122.888241,2026-09-01T20:54:34.552426+00:00,1788296074.552426338,1788296070.012375116,1788296070.000376940,3.232242584,-25.892763138,3.089999914,0.119879,-0.099724,-82.965678,172.965678,0.000207264,-0.001344914,-0.662394404,0.749153972,0.023719564,-0.332451463,0.000300490,0.333296554,0.000300490,3.091000080,True,GUIDED,True
123.492923,2026-09-01T20:54:35.157109+00:00,1788296075.157108784,1788296070.610275030,1788296070.526288986,3.254381180,-26.093137741,3.089999914,0.120821,-0.094770,-82.964915,172.964915,0.000242068,-0.001317973,-0.662389457,0.749158442,0.022987986,-0.332535744,0.000002417,0.333329369,0.000002417,3.092000008,True,GUIDED,True
123.812804,2026-09-01T20:54:35.476990+00:00,1788296075.476989746,1788296070.925221920,1788296070.729254961,3.265450716,-26.204456329,3.089999914,0.112848,-0.082293,-82.964661,172.964661,0.000262071,-0.001190317,-0.662388027,0.749159873,0.023103269,-0.332456946,-0.000661977,0.333258732,-0.000661977,3.092000008,True,GUIDED,True
123.907216,2026-09-01T20:54:35.571402+00:00,1788296075.571402311,1788296071.030204058,1788296070.976212978,3.276519775,-26.237852097,3.089999914,0.118709,-0.082552,-82.965738,172.965738,0.000298880,-0.001225889,-0.662395000,0.749153733,0.023537960,-0.332665682,-0.001007867,0.333497363,-0.001007867,3.092000008,True,GUIDED,True
124.106460,2026-09-01T20:54:35.770646+00:00,1788296075.770646095,1788296071.203175068,1788296071.143184900,3.276519775,-26.304643631,3.089999914,0.112474,-0.086136,-82.965314,172.965314,0.000237400,-0.001213277,-0.662392259,0.749156117,0.023380334,-0.332727969,-0.001118208,0.333548409,-0.001118208,3.092000008,True,GUIDED,True
124.459463,2026-09-01T20:54:36.123648+00:00,1788296076.123647928,1788296071.553116083,1788296071.465131044,3.287589312,-26.427093506,3.089999914,0.110380,-0.084519,-82.963586,172.963586,0.000233079,-0.001190594,-0.662380993,0.749166191,0.023711491,-0.333015054,-0.001150615,0.333858146,-0.001150615,3.092000008,True,GUIDED,True
125.295310,2026-09-01T20:54:36.959495+00:00,1788296076.959495068,1788296072.356981039,1788296072.308989048,3.331866503,-26.705390930,3.089999914,0.117596,-0.083624,-82.963996,172.963996,0.000285426,-0.001226453,-0.662383616,0.749163687,0.024190310,-0.332838118,-0.001466489,0.333716023,-0.001466489,3.091000080,True,GUIDED,True
125.822544,2026-09-01T20:54:37.486729+00:00,1788296077.486729383,1788296072.886892080,1788296072.831901073,3.354005098,-26.894632339,3.089999914,0.147873,-0.117891,-82.965169,172.965169,0.000285271,-0.001625502,-0.662390471,0.749156952,0.026066491,-0.334223956,-0.000922342,0.335238892,-0.000922342,3.091000080,True,GUIDED,True
126.164878,2026-09-01T20:54:37.829064+00:00,1788296077.829063654,1788296073.201838970,1788296073.189841032,3.365074396,-26.994819641,3.089999914,0.134505,-0.115534,-82.965099,172.965099,0.000211505,-0.001532822,-0.662390232,0.749157310,0.024777012,-0.334253728,-0.000570837,0.335170785,-0.000570837,3.091000080,True,GUIDED,True
126.236239,2026-09-01T20:54:37.900425+00:00,1788296077.900425196,1788296073.271827936,1788296073.201838970,3.365074396,-27.028215408,3.089999914,0.129633,-0.114880,-82.964104,172.964104,0.000183451,-0.001500377,-0.662383795,0.749163151,0.023387142,-0.333136529,-0.000471650,0.333956442,-0.000471650,3.089999914,True,GUIDED,True
126.360804,2026-09-01T20:54:38.024989+00:00,1788296078.024989367,1788296073.410804033,1788296073.395807028,3.376143932,-27.072742462,3.089999914,0.127305,-0.120161,-82.964638,172.964638,0.000137694,-0.001521453,-0.662387252,0.749160051,0.023439089,-0.333102882,-0.000460073,0.333926520,-0.000460073,3.089999914,True,GUIDED,True
126.390827,2026-09-01T20:54:38.055013+00:00,1788296078.055012703,1788296073.445797920,1788296073.430800915,3.376143932,-27.083875656,3.089999914,0.128898,-0.119772,-82.964394,172.964394,0.000150359,-0.001528112,-0.662385643,0.749161422,0.023138231,-0.332444459,-0.000402830,0.333248700,-0.000402830,3.089999914,True,GUIDED,True
126.429882,2026-09-01T20:54:38.094068+00:00,1788296078.094067812,1788296073.481791973,1788296073.430800915,3.376143932,-27.095006943,3.089999914,0.128531,-0.119198,-82.964821,172.964821,0.000151269,-0.001522241,-0.662388444,0.749158978,0.023116715,-0.332326680,-0.000427900,0.333129712,-0.000427900,3.089999914,True,GUIDED,True
126.664465,2026-09-01T20:54:38.328650+00:00,1788296078.328650236,1788296073.691756964,1788296073.612770081,3.387212992,-27.172929764,3.089999914,0.126712,-0.118787,-82.964944,172.964944,0.000141750,-0.001509038,-0.662389278,0.749158263,0.023113968,-0.332272351,-0.000387935,0.333075323,-0.000387935,3.089999914,True,GUIDED,True
127.586924,2026-09-01T20:54:39.251109+00:00,1788296079.251109362,1788296074.561610937,1788296074.456628084,3.420421124,-27.473491669,3.089999914,0.121479,-0.056810,-82.963695,172.963695,0.000465811,-0.001073601,-0.662381887,0.749165416,0.023000920,-0.331285477,-0.000443051,0.332082986,-0.000443051,3.089999914,True,GUIDED,True
127.626592,2026-09-01T20:54:39.290778+00:00,1788296079.290777683,1788296074.595604897,1788296074.582607031,3.420421124,-27.484622955,3.089999914,0.120826,-0.056110,-82.965445,172.965445,0.000465571,-0.001065262,-0.662393332,0.749155402,0.023301601,-0.331361890,-0.000453617,0.332180172,-0.000453617,3.089999914,True,GUIDED,True
127.734777,2026-09-01T20:54:39.398964+00:00,1788296079.398963690,1788296074.701586962,1788296074.595604897,3.431490421,-27.518018723,3.089999914,0.122731,-0.053892,-82.965006,172.965006,0.000490854,-0.001061768,-0.662390471,0.749157906,0.023261406,-0.331532717,-0.000396022,0.332347763,-0.000396022,3.089999914,True,GUIDED,True
128.069569,2026-09-01T20:54:39.733755+00:00,1788296079.733754873,1788296075.046529055,1788296074.978540897,3.442559719,-27.640468597,3.089999914,0.127336,-0.059638,-82.963335,172.963335,0.000487758,-0.001125939,-0.662379444,0.749167502,0.023385074,-0.332026780,-0.000417125,0.332849281,-0.000417125,3.089999914,True,GUIDED,True
128.632701,2026-09-01T20:54:40.296887+00:00,1788296080.296886683,1788296075.606435061,1788296075.529448032,3.464698315,-27.818578720,3.089999914,0.136974,-3.460659,-82.974247,172.974247,-0.019107932,-0.023410948,-0.662122130,0.748786449,0.023475986,-0.333930701,-0.000405724,0.334754888,-0.000405724,3.089999914,True,GUIDED,True
128.780163,2026-09-01T20:54:40.444348+00:00,1788296080.444347858,1788296075.709418058,1788296075.695420027,3.464698315,-27.840843201,3.089999914,0.138816,-3.978218,-82.976418,172.976418,-0.022086959,-0.026802637,-0.662034750,0.748667955,0.010602487,-0.227040589,0.000629490,0.227288015,0.000629490,3.089999914,True,GUIDED,True
129.335407,2026-09-01T20:54:40.999593+00:00,1788296080.999592781,1788296076.236329079,1788296076.196336031,3.464698315,-27.851974487,3.089999914,0.105187,-0.991810,-83.006505,173.006505,-0.005047958,-0.007090187,-0.662631512,0.748895049,0.002559838,-0.164111048,0.000246056,0.164131011,0.000246056,3.089999914,True,GUIDED,True
129.421743,2026-09-01T20:54:41.085929+00:00,1788296081.085928679,1788296076.343311071,1788296076.314316034,3.475767612,-27.851974487,3.089999914,0.097597,-0.056302,-83.012858,173.012858,0.000312215,-0.000932364,-0.662703454,0.748881161,-0.033666898,0.115549184,-0.000238174,0.120353953,-0.000238174,3.089999914,True,GUIDED,True
129.541467,2026-09-01T20:54:41.205653+00:00,1788296081.205653191,1788296076.487287045,1788296076.456291914,3.475767612,-27.840843201,3.079999924,0.087221,0.639918,-83.021391,173.021391,0.004271017,0.003677258,-0.662752509,0.748817205,-0.034300353,0.121506207,-0.000151279,0.126254792,-0.000151279,3.089999914,True,GUIDED,True
129.633445,2026-09-01T20:54:41.297631+00:00,1788296081.297631025,1788296076.558274984,1788296076.456291914,3.475767612,-27.840843201,3.079999924,0.080615,0.779878,-83.026335,173.026335,0.005037510,0.004629841,-0.662780225,0.748782694,-0.032528687,0.109530456,-0.000319322,0.114258638,-0.000319322,3.089999914,True,GUIDED,True
130.178206,2026-09-01T20:54:41.842392+00:00,1788296081.842391968,1788296077.011198997,1788296076.826230049,3.475767612,-27.818578720,3.079999924,0.069796,0.563082,-83.025565,173.025565,0.003712879,0.003275799,-0.662781239,0.748796701,-0.030848190,0.099311650,-0.000385234,0.103992378,-0.000385234,3.088999987,True,GUIDED,True
130.933968,2026-09-01T20:54:42.598154+00:00,1788296082.598154068,1788296077.787069082,1788296077.743076086,3.475767612,-27.818578720,3.079999924,0.134037,-0.011593,-82.985769,172.985769,0.000809117,-0.000850729,-0.662526488,0.749037504,-0.020372555,0.032737140,-0.000483305,0.038558544,-0.000483305,3.088999987,True,GUIDED,True
130.953689,2026-09-01T20:54:42.617875+00:00,1788296082.617874622,1788296077.821063042,1788296077.743076086,3.475767612,-27.818578720,3.079999924,0.137017,-0.027601,-82.984672,172.984672,0.000736060,-0.000972592,-0.662519157,0.749043882,-0.013560911,-0.009481638,0.000307538,0.016546896,0.000307538,3.088999987,True,GUIDED,True
131.059898,2026-09-01T20:54:42.724084+00:00,1788296082.724084377,1788296077.927045107,1788296077.743076086,3.475767612,-27.818578720,3.079999924,0.137596,-0.068215,-82.982202,172.982202,0.000505052,-0.001241404,-0.662502587,0.749058425,-0.013659742,-0.009866174,0.000290359,0.016850221,0.000290359,3.088999987,True,GUIDED,True
131.104687,2026-09-01T20:54:42.768872+00:00,1788296082.768872499,1788296077.961040020,1788296077.743076086,3.475767612,-27.818578720,3.079999924,0.140552,-0.080964,-82.980753,172.980753,0.000450685,-0.001341831,-0.662492931,0.749066770,-0.014001275,-0.010612980,0.000238073,0.017569037,0.000238073,3.088999987,True,GUIDED,True
131.318314,2026-09-01T20:54:42.982499+00:00,1788296082.982499123,1788296078.168004990,1788296077.991034985,3.475767612,-27.818578720,3.079999924,0.133735,-0.145198,-82.976286,172.976286,0.000034829,-0.001722299,-0.662462950,0.749092698,-0.014155087,-0.010704063,0.000274227,0.017746646,0.000274227,3.088999987,True,GUIDED,True
131.365405,2026-09-01T20:54:43.029590+00:00,1788296083.029590130,1788296078.236993074,1788296078.224994898,3.475767612,-27.818578720,3.079999924,0.131064,-0.163749,-82.976532,172.976532,-0.000089878,-0.001828129,-0.662464321,0.749091208,-0.015015085,-0.009726075,0.000247909,0.017889923,0.000247909,3.088999987,True,GUIDED,True
131.505223,2026-09-01T20:54:43.169408+00:00,1788296083.169408083,1788296078.375969887,1788296078.331976891,3.475767612,-27.818578720,3.079999924,0.128721,-0.186953,-82.974086,172.974086,-0.000239298,-0.001966272,-0.662447989,0.749105275,-0.015571748,-0.008836236,0.000172737,0.017904145,0.000172737,3.088999987,True,GUIDED,True
131.603152,2026-09-01T20:54:43.267339+00:00,1788296083.267338514,1788296078.480952024,1788296078.438958883,3.475767612,-27.829711914,3.079999924,0.125861,-0.199462,-82.973709,172.973709,-0.000330302,-0.002031516,-0.662445366,0.749107301,-0.016078193,-0.006811533,0.000059222,0.017461537,0.000059222,3.088999987,True,GUIDED,True
131.770715,2026-09-01T20:54:43.434901+00:00,1788296083.434900761,1788296078.619929075,1788296078.581934929,3.475767612,-27.829711914,3.079999924,0.123694,-0.206576,-82.972483,172.972483,-0.000385571,-0.002065504,-0.662437260,0.749114454,-0.016500695,-0.004993794,0.000032223,0.017239806,0.000032223,3.088999987,True,GUIDED,True
132.372653,2026-09-01T20:54:44.036838+00:00,1788296084.036838293,1788296079.207829952,1788296079.191833019,3.475767612,-27.829711914,3.079999924,0.106273,-0.148941,-82.975003,172.975003,-0.000166308,-0.001588013,-0.662454903,0.749100149,-0.017391469,-0.002057722,0.000124712,0.017512779,0.000124712,3.088999987,True,GUIDED,True
132.572593,2026-09-01T20:54:44.236778+00:00,1788296084.236778021,1788296079.420794010,1788296079.321810961,3.475767612,-27.829711914,3.079999924,0.112054,-0.127385,-82.973256,172.973256,-0.000003881,-0.001480523,-0.662443697,0.749110162,-0.019030947,0.008043088,0.000015139,0.020660789,0.000015139,3.088999987,True,GUIDED,True
132.716572,2026-09-01T20:54:44.380757+00:00,1788296084.380757332,1788296079.557770967,1788296079.486783028,3.475767612,-27.829711914,3.079999924,0.109524,-0.109380,-82.973464,172.973464,0.000083665,-0.001348188,-0.662445307,0.749109030,-0.019036874,0.009960764,0.000066953,0.021485330,0.000066953,3.088999987,True,GUIDED,True
133.013363,2026-09-01T20:54:44.677550+00:00,1788296084.677549839,1788296079.801729918,1788296079.656754971,3.475767612,-27.829711914,3.079999924,0.102713,-0.082785,-82.974411,172.974411,0.000192874,-0.001134960,-0.662451863,0.749103546,-0.018981855,0.010588963,0.000068501,0.021735615,0.000068501,3.088999987,True,GUIDED,True
133.050661,2026-09-01T20:54:44.714846+00:00,1788296084.714846134,1788296079.837723970,1788296079.819726944,3.475767612,-27.829711914,3.079999924,0.102878,-0.082058,-82.976206,172.976206,0.000198140,-0.001131166,-0.662463605,0.749093115,-0.018995252,0.011138503,-0.000009917,0.022020123,-0.000009917,3.088999987,True,GUIDED,True
133.432928,2026-09-01T20:54:45.097115+00:00,1788296085.097114801,1788296080.224658966,1788296080.173667908,3.475767612,-27.829711914,3.079999924,0.110315,-0.073411,-82.977545,172.977545,0.000296727,-0.001117638,-0.662472367,0.749085426,-0.019085450,0.011195396,0.000063830,0.022126710,0.000063830,3.088999987,True,GUIDED,True
133.542983,2026-09-01T20:54:45.207168+00:00,1788296085.207168341,1788296080.331640959,1788296080.326642036,3.475767612,-27.829711914,3.079999924,0.112738,-0.074512,-82.972754,172.972754,0.000306246,-0.001138831,-0.662441015,0.749113083,-0.018207671,0.010193172,0.000062754,0.020866721,0.000062754,3.088999987,True,GUIDED,True
133.698720,2026-09-01T20:54:45.362905+00:00,1788296085.362905025,1788296080.507611990,1788296080.432624102,3.475767612,-27.829711914,3.079999924,0.118499,-0.078790,-82.975614,172.975614,0.000319153,-0.001200109,-0.662459612,0.749096513,-0.017877422,0.009695880,-0.000002112,0.020337461,-0.000002112,3.088999987,True,GUIDED,True
133.825344,2026-09-01T20:54:45.489530+00:00,1788296085.489529848,1788296080.611593962,1788296080.564601898,3.475767612,-27.829711914,3.079999924,0.122149,-0.079624,-82.975685,172.975685,0.000338185,-0.001226661,-0.662460029,0.749096096,-0.017918311,0.009168155,0.000102383,0.020127616,0.000102383,3.088999987,True,GUIDED,True
134.018478,2026-09-01T20:54:45.682664+00:00,1788296085.682664156,1788296080.751570940,1788296080.706578016,3.475767612,-27.829711914,3.079999924,0.118686,-0.079800,-82.974632,172.974632,0.000314540,-0.001207789,-0.662453175,0.749102235,-0.018065417,0.008895400,0.000049866,0.020136719,0.000049866,3.088999987,True,GUIDED,True
134.051160,2026-09-01T20:54:45.715346+00:00,1788296085.715346336,1788296080.820559025,1788296080.706578016,3.475767612,-27.829711914,3.079999924,0.121776,-0.085706,-82.974628,172.974628,0.000300600,-0.001264262,-0.662453055,0.749102235,-0.018071337,0.008386990,0.000110839,0.019922721,0.000110839,3.088999987,True,GUIDED,True
134.252353,2026-09-01T20:54:45.916539+00:00,1788296085.916538715,1788296081.030524015,1788296081.017525911,3.475767612,-27.829711914,3.079999924,0.122319,-0.102387,-82.976592,172.976592,0.000207693,-0.001376449,-0.662465692,0.749090910,-0.018070763,0.008201917,0.000037730,0.019844997,0.000037730,3.088999987,True,GUIDED,True
134.555758,2026-09-01T20:54:46.219943+00:00,1788296086.219943285,1788296081.308476925,1788296081.290479898,3.475767612,-27.829711914,3.079999924,0.117650,-0.137986,-82.977848,172.977848,-0.000028649,-0.001582170,-0.662473500,0.749083698,-0.018334888,0.007624079,0.000106686,0.019856855,0.000106686,3.088999987,True,GUIDED,True
134.652539,2026-09-01T20:54:46.316724+00:00,1788296086.316724300,1788296081.415458918,1788296081.290479898,3.475767612,-27.829711914,3.079999924,0.116010,-0.146390,-82.977680,172.977680,-0.000087946,-0.001627625,-0.662472308,0.749084651,-0.018651996,0.007844628,0.000032467,0.020234504,0.000032467,3.088999987,True,GUIDED,True
135.394039,2026-09-01T20:54:47.058225+00:00,1788296087.058224916,1788296082.147336006,1788296082.114341974,3.475767612,-27.829711914,3.079999924,0.107105,-0.147935,-82.983418,172.983418,-0.000155176,-0.001586234,-0.662509918,0.749051452,-0.018919149,0.008391895,0.000035015,0.020696814,0.000035015,3.088999987,True,GUIDED,True
135.588304,2026-09-01T20:54:47.252489+00:00,1788296087.252489328,1788296082.321306944,1788296082.230321884,3.475767612,-27.829711914,3.079999924,0.102588,-0.139683,-82.985216,172.985216,-0.000137014,-0.001506172,-0.662521839,0.749041080,-0.019410640,0.013359887,0.000139025,0.023563945,0.000139025,3.088999987,True,GUIDED,True
136.385088,2026-09-01T20:54:48.049274+00:00,1788296088.049274445,1788296083.100176096,1788296083.075180054,3.475767612,-27.840843201,3.079999924,0.095175,-0.174272,-82.993469,172.993469,-0.000385570,-0.001689387,-0.662575424,0.748993099,-0.019299502,0.014015630,0.000056449,0.023851806,0.000056449,3.088999987,True,GUIDED,True
136.497322,2026-09-01T20:54:48.161508+00:00,1788296088.161507845,1788296083.206157923,1788296083.137170076,3.475767612,-27.840843201,3.079999924,0.093813,-0.171020,-82.993605,172.993605,-0.000375672,-0.001660259,-0.662576377,0.748992383,-0.018862512,0.019060757,0.000074632,0.026816167,0.000074632,3.088999987,True,GUIDED,True
136.616154,2026-09-01T20:54:48.280339+00:00,1788296088.280339003,1788296083.313139915,1788296083.137170076,3.475767612,-27.840843201,3.079999924,0.095845,-0.166545,-82.994028,172.994028,-0.000336525,-0.001642753,-0.662579179,0.748989940,-0.018693469,0.019921983,0.000074031,0.027319063,0.000074031,3.088999987,True,GUIDED,True
136.789784,2026-09-01T20:54:48.453970+00:00,1788296088.453970194,1788296083.490111113,1788296083.325138092,3.475767612,-27.840843201,3.079999924,0.102990,-0.151724,-82.995919,172.995919,-0.000204151,-0.001587194,-0.662591636,0.748979151,-0.018421812,0.020798704,0.000121707,0.027783974,0.000121707,3.088999987,True,GUIDED,True
136.924952,2026-09-01T20:54:48.589138+00:00,1788296088.589138269,1788296083.596092939,1788296083.575095892,3.475767612,-27.840843201,3.079999924,0.111492,-0.145925,-82.997584,172.997584,-0.000115076,-0.001598443,-0.662602484,0.748969495,-0.018220164,0.021889487,0.000152150,0.028480239,0.000152150,3.088999987,True,GUIDED,True
136.999363,2026-09-01T20:54:48.663549+00:00,1788296088.663548708,1788296083.666080952,1788296083.575095892,3.475767612,-27.840843201,3.079999924,0.111748,-0.141110,-82.998132,172.998132,-0.000085563,-0.001568458,-0.662606120,0.748966455,-0.018334089,0.022481624,0.000157459,0.029009692,0.000157459,3.088999987,True,GUIDED,True
137.522039,2026-09-01T20:54:49.186224+00:00,1788296089.186224461,1788296084.193991899,1788296084.182993889,3.475767612,-27.840843201,3.079999924,0.112197,-0.112011,-83.002617,173.002617,0.000085574,-0.001380863,-0.662635803,0.748940468,-0.018277854,0.022712685,0.000137281,0.029153833,0.000137281,3.088999987,True,GUIDED,True
137.665235,2026-09-01T20:54:49.329421+00:00,1788296089.329420805,1788296084.331969023,1788296084.193991899,3.475767612,-27.840843201,3.079999924,0.113464,-0.101854,-83.001050,173.001050,0.000152611,-0.001321803,-0.662625670,0.748949528,-0.019123085,0.023206167,0.000133716,0.030070227,0.000133716,3.088999987,True,GUIDED,True
137.966371,2026-09-01T20:54:49.630557+00:00,1788296089.630556583,1788296084.612921953,1788296084.504940033,3.475767612,-27.840843201,3.079999924,0.113275,-0.099222,-83.005086,173.005086,0.000166546,-0.001303516,-0.662652075,0.748926222,-0.018906223,0.022740999,0.000138938,0.029573608,0.000138938,3.088999987,True,GUIDED,True
138.083617,2026-09-01T20:54:49.747803+00:00,1788296089.747803450,1788296084.715904951,1788296084.504940033,3.475767612,-27.840843201,3.079999924,0.114478,-0.099690,-83.006438,173.006438,0.000171689,-0.001313533,-0.662660897,0.748918355,-0.019054616,0.022094779,0.000061620,0.029176320,0.000061620,3.088999987,True,GUIDED,True
138.312915,2026-09-01T20:54:49.977101+00:00,1788296089.977100849,1788296084.956864119,1788296084.920870066,3.475767612,-27.840843201,3.079999924,0.111275,-0.091829,-83.009374,173.009374,0.000196184,-0.001243637,-0.662680209,0.748901427,-0.018899996,0.021722620,0.000128890,0.028793785,0.000128890,3.088999987,True,GUIDED,True
138.343649,2026-09-01T20:54:50.007834+00:00,1788296090.007834435,1788296084.991858006,1788296084.956864119,3.475767612,-27.840843201,3.079999924,0.114074,-0.087576,-83.009289,173.009289,0.000239067,-0.001232027,-0.662679672,0.748901844,-0.019185958,0.021581825,0.000081634,0.028876914,0.000081634,3.088999987,True,GUIDED,True
138.375478,2026-09-01T20:54:50.039664+00:00,1788296090.039663553,1788296085.025852919,1788296084.991858006,3.475767612,-27.840843201,3.079999924,0.113901,-0.083098,-83.010349,173.010349,0.000263826,-0.001201764,-0.662686646,0.748895705,-0.019236658,0.021555416,0.000094131,0.028890915,0.000094131,3.088999987,True,GUIDED,True
138.527655,2026-09-01T20:54:50.191841+00:00,1788296090.191841364,1788296085.163829088,1788296085.122836113,3.475767612,-27.840843201,3.079999924,0.114107,-0.064773,-83.009272,173.009272,0.000371154,-0.001083200,-0.662679791,0.748901963,-0.019254701,0.021462958,0.000080208,0.028834044,0.000080208,3.088999987,True,GUIDED,True
138.813971,2026-09-01T20:54:50.478158+00:00,1788296090.478157520,1788296085.438782930,1788296085.313803911,3.475767612,-27.840843201,3.079999924,0.113038,-0.038617,-83.010876,173.010876,0.000515414,-0.000906079,-0.662690520,0.748892665,-0.019171400,0.020832479,0.000111753,0.028311389,0.000111753,3.088999987,True,GUIDED,True
139.282877,2026-09-01T20:54:50.947063+00:00,1788296090.947063208,1788296085.858712912,1788296085.746731043,3.475767612,-27.829711914,3.079999924,0.116276,-0.044239,-83.012137,173.012137,0.000504051,-0.000961554,-0.662698686,0.748885334,-0.019002527,0.018604111,0.000099351,0.026593401,0.000099351,3.088999987,True,GUIDED,True
139.475953,2026-09-01T20:54:51.140140+00:00,1788296091.140139580,1788296086.068676949,1788296085.746731043,3.475767612,-27.829711914,3.079999924,0.113544,-0.057281,-83.012188,173.012188,0.000410773,-0.001030984,-0.662698925,0.748885095,-0.018823259,0.014019054,0.000056046,0.023470171,0.000056046,3.088999987,True,GUIDED,True
139.595005,2026-09-01T20:54:51.259191+00:00,1788296091.259190559,1788296086.206654072,1788296086.115669012,3.475767612,-27.829711914,3.079999924,0.110249,-0.066740,-83.012142,173.012142,0.000334537,-0.001073745,-0.662698567,0.748885334,-0.018925445,0.012232538,0.000150768,0.022534584,0.000150768,3.088999987,True,GUIDED,True
139.841303,2026-09-01T20:54:51.505489+00:00,1788296091.505489111,1788296086.419617891,1788296086.402621031,3.475767612,-27.829711914,3.079999924,0.107566,-0.072646,-83.013506,173.013506,0.000282839,-0.001096832,-0.662707448,0.748877525,-0.018644301,0.011325321,0.000076884,0.021814510,0.000076884,3.088999987,True,GUIDED,True
139.986938,2026-09-01T20:54:51.651124+00:00,1788296091.651124239,1788296086.562593937,1788296086.509603024,3.475767612,-27.829711914,3.079999924,0.108215,-0.076385,-83.012974,173.012974,0.000265461,-0.001125022,-0.662703931,0.748880565,-0.018411499,0.010466551,0.000062554,0.021178574,0.000062554,3.088999987,True,GUIDED,True
140.257216,2026-09-01T20:54:51.921402+00:00,1788296091.921402454,1788296086.807553053,1788296086.655579090,3.475767612,-27.829711914,3.079999924,0.119307,-0.084975,-83.014119,173.014119,0.000288261,-0.001245307,-0.662711203,0.748874009,-0.018038942,0.009889625,0.000167877,0.020572022,0.000167877,3.088999987,True,GUIDED,True
140.711682,2026-09-01T20:54:52.375867+00:00,1788296092.375867367,1788296087.265475988,1788296087.220484018,3.475767612,-27.829711914,3.079999924,0.116290,-0.085376,-83.017717,173.017717,0.000266180,-0.001230487,-0.662734747,0.748853087,-0.018097207,0.009347774,0.000063143,0.020368843,0.000063143,3.088999987,True,GUIDED,True
140.946540,2026-09-01T20:54:52.610727+00:00,1788296092.610726595,1788296087.509434938,1788296087.454443932,3.475767612,-27.829711914,3.079999924,0.114923,-0.099001,-83.017957,173.017957,0.000178447,-0.001311621,-0.662736177,0.748851776,-0.018795557,0.008447296,0.000118390,0.020606547,0.000118390,3.088999987,True,GUIDED,True
140.987689,2026-09-01T20:54:52.651875+00:00,1788296092.651875496,1788296087.545428991,1788296087.454443932,3.475767612,-27.829711914,3.079999924,0.115047,-0.099500,-83.017457,173.017457,0.000176374,-0.001315600,-0.662732899,0.748854697,-0.018604554,0.007897576,0.000100358,0.020211411,0.000100358,3.088999987,True,GUIDED,True
141.158882,2026-09-01T20:54:52.823068+00:00,1788296092.823068380,1788296087.688405037,1788296087.587421894,3.475767612,-27.829711914,3.079999924,0.113198,-0.098870,-83.017625,173.017625,0.000167932,-0.001300788,-0.662734032,0.748853683,-0.018582985,0.007853338,0.000113704,0.020174296,0.000113704,3.088999987,True,GUIDED,True
141.187069,2026-09-01T20:54:52.851255+00:00,1788296092.851254940,1788296087.723398924,1788296087.587421894,3.475767612,-27.829711914,3.079999924,0.113517,-0.100631,-83.020876,173.020876,0.000159800,-0.001314143,-0.662755251,0.748834848,-0.018767999,0.007909731,0.000060020,0.020366680,0.000060020,3.088999987,True,GUIDED,True
141.266977,2026-09-01T20:54:52.931162+00:00,1788296092.931162357,1788296087.793386936,1788296087.753393888,3.475767612,-27.829711914,3.079999924,0.114183,-0.105136,-83.020822,173.020822,0.000138095,-0.001347437,-0.662754834,0.748835266,-0.018736070,0.007841824,0.000075262,0.020310946,0.000075262,3.088999987,True,GUIDED,True
141.294787,2026-09-01T20:54:52.958973+00:00,1788296092.958972931,1788296087.829380989,1788296087.753393888,3.475767612,-27.829711914,3.079999924,0.117235,-0.106742,-83.019699,173.019699,0.000148768,-0.001375580,-0.662747443,0.748841703,-0.018793544,0.007931024,0.000079938,0.020398491,0.000079938,3.088999987,True,GUIDED,True
141.385807,2026-09-01T20:54:53.049993+00:00,1788296093.049992800,1788296087.937362909,1788296087.753393888,3.475767612,-27.829711914,3.079999924,0.114002,-0.111073,-83.019601,173.019601,0.000102592,-0.001385184,-0.662746787,0.748842239,-0.018936118,0.007985631,0.000045922,0.020551080,0.000045922,3.088999987,True,GUIDED,True
141.528781,2026-09-01T20:54:53.192966+00:00,1788296093.192966461,1788296088.081338882,1788296088.027348042,3.475767612,-27.829711914,3.079999924,0.111461,-0.115268,-83.019723,173.019723,0.000061723,-0.001397901,-0.662747562,0.748841584,-0.018787194,0.008028741,0.000220451,0.020430843,0.000220451,3.088999987,True,GUIDED,True
141.560798,2026-09-01T20:54:53.224984+00:00,1788296093.224984407,1788296088.117332935,1788296088.027348042,3.475767612,-27.829711914,3.079999924,0.110762,-0.114336,-83.020039,173.020039,0.000062546,-0.001387772,-0.662749648,0.748839736,-0.018873567,0.008384622,0.000128876,0.020652201,0.000128876,3.088999987,True,GUIDED,True
141.750946,2026-09-01T20:54:53.415132+00:00,1788296093.415131569,1788296088.259309053,1788296088.228313923,3.475767612,-27.829711914,3.079999924,0.112321,-0.118139,-83.021754,173.021754,0.000050714,-0.001421640,-0.662760794,0.748829782,-0.019013321,0.008508656,0.000145260,0.020830353,0.000145260,3.088999987,True,GUIDED,True
141.913452,2026-09-01T20:54:53.577638+00:00,1788296093.577637672,1788296088.437278986,1788296088.360291958,3.475767612,-27.829711914,3.079999924,0.106344,-0.113705,-83.022929,173.022929,0.000037283,-0.001358097,-0.662768602,0.748822927,-0.019065371,0.008841258,0.000123420,0.021015618,0.000123420,3.088999987,True,GUIDED,True
142.558044,2026-09-01T20:54:54.222230+00:00,1788296094.222229958,1788296089.062174082,1788296089.003184080,3.475767612,-27.829711914,3.079999924,0.100552,-0.147986,-83.026040,173.026040,-0.000198876,-0.001548610,-0.662788570,0.748804986,-0.019166214,0.009097997,0.000079151,0.021215969,0.000079151,3.088999987,True,GUIDED,True
142.834842,2026-09-01T20:54:54.499029+00:00,1788296094.499028683,1788296089.309133053,1788296089.256141901,3.475767612,-27.829711914,3.089999914,0.106669,-0.148744,-83.027952,173.027952,-0.000163319,-0.001588938,-0.662800968,0.748793900,-0.018939311,0.011116533,0.000175248,0.021960756,0.000175248,3.088999987,True,GUIDED,True
143.221973,2026-09-01T20:54:54.886159+00:00,1788296094.886158943,1788296089.690068960,1788296089.646075964,3.475767612,-27.829711914,3.089999914,0.149558,-0.138802,-83.031136,173.031136,0.000174397,-0.001772046,-0.662821293,0.748775482,-0.018291980,0.012536133,0.000082850,0.022175463,0.000082850,3.088999987,True,GUIDED,True
143.353817,2026-09-01T20:54:55.018002+00:00,1788296095.018002272,1788296089.828046083,1788296089.717063904,3.475767612,-27.829711914,3.089999914,0.166724,-0.139928,-83.031746,173.031746,0.000280041,-0.001878699,-0.662824988,0.748771906,-0.018706020,0.014554229,-0.000248299,0.023701071,-0.000248299,3.089999914,True,GUIDED,True
143.406728,2026-09-01T20:54:55.070915+00:00,1788296095.070914507,1788296089.863039970,1788296089.717063904,3.475767612,-27.829711914,3.089999914,0.170903,-0.142230,-83.032457,173.032457,0.000294021,-0.001917920,-0.662829518,0.748767853,-0.019549938,0.014923562,-0.000405236,0.024594975,-0.000405236,3.089999914,True,GUIDED,True
143.557187,2026-09-01T20:54:55.221372+00:00,1788296095.221372366,1788296090.038009882,1788296090.023013115,3.475767612,-27.829711914,3.089999914,0.174276,-0.143536,-83.035643,173.035643,0.000308449,-0.001945969,-0.662850261,0.748749375,-0.019847302,0.015005380,-0.000392149,0.024881254,-0.000392149,3.089999914,True,GUIDED,True
143.663489,2026-09-01T20:54:55.327674+00:00,1788296095.327674389,1788296090.144992113,1788296090.094001055,3.475767612,-27.829711914,3.089999914,0.173494,-0.147870,-83.035114,173.035114,0.000278277,-0.001969762,-0.662846744,0.748752415,-0.021332733,0.015212378,-0.000602216,0.026201183,-0.000602216,3.089999914,True,GUIDED,True
143.742060,2026-09-01T20:54:55.406246+00:00,1788296095.406245947,1788296090.214981079,1788296090.188985109,3.475767612,-27.829711914,3.089999914,0.172900,-0.159210,-83.036603,173.036603,0.000208775,-0.002040426,-0.662856281,0.748743832,-0.022103999,0.015157554,-0.000679187,0.026801832,-0.000679187,3.089999914,True,GUIDED,True
144.029069,2026-09-01T20:54:55.693255+00:00,1788296095.693255186,1788296090.490933895,1788296090.321963072,3.475767612,-27.840843201,3.089999914,0.162870,-0.177928,-83.038807,173.038807,0.000034925,-0.002104714,-0.662870526,0.748731136,-0.022941142,0.015583858,-0.000773975,0.027733601,-0.000773975,3.089999914,True,GUIDED,True
144.151537,2026-09-01T20:54:55.815723+00:00,1788296095.815722704,1788296090.595916986,1788296090.514930010,3.475767612,-27.840843201,3.089999914,0.153928,-0.177271,-83.039711,173.039711,-0.000019721,-0.002048690,-0.662876606,0.748725891,-0.025341693,0.016945306,-0.000913526,0.030485157,-0.000913526,3.089999914,True,GUIDED,True
144.503682,2026-09-01T20:54:56.167867+00:00,1788296096.167866945,1788296090.948857069,1788296090.927860975,3.475767612,-27.840843201,3.089999914,0.121265,-0.165163,-83.042351,173.042351,-0.000163134,-0.001780633,-0.662894607,0.748710513,-0.026189923,0.017793043,-0.001027975,0.031662351,-0.001027975,3.089999914,True,GUIDED,True
144.528582,2026-09-01T20:54:56.192767+00:00,1788296096.192766905,1788296090.983850956,1788296090.927860975,3.475767612,-27.840843201,3.089999914,0.119294,-0.163238,-83.043026,173.043026,-0.000164886,-0.001756649,-0.662899077,0.748706639,-0.028072828,0.020411810,-0.000954882,0.034709158,-0.000954882,3.089999914,True,GUIDED,True
144.629464,2026-09-01T20:54:56.293649+00:00,1788296096.293648958,1788296091.085834026,1788296090.927860975,3.475767612,-27.840843201,3.089999914,0.107508,-0.155721,-83.043549,173.043549,-0.000198409,-0.001639355,-0.662902772,0.748703659,-0.028111281,0.020663774,-0.000936974,0.034888904,-0.000936974,3.089999914,True,GUIDED,True
144.955284,2026-09-01T20:54:56.619471+00:00,1788296096.619470835,1788296091.371786118,1788296091.306797028,3.475767612,-27.840843201,3.089999914,0.091045,-0.134151,-83.044814,173.044814,-0.000181212,-0.001403182,-0.662911534,0.748696446,-0.028163545,0.021303458,-0.000881051,0.035313207,-0.000881051,3.089999914,True,GUIDED,True
145.861833,2026-09-01T20:54:57.526019+00:00,1788296097.526018620,1788296092.248639107,1788296092.222642899,3.475767612,-27.840843201,3.089999914,0.031331,-0.080666,-83.046955,173.046955,-0.000261965,-0.000708286,-0.662926555,0.748684049,-0.027897710,0.022612577,-0.000497186,0.035911153,-0.000497186,3.089999914,True,GUIDED,True
146.244585,2026-09-01T20:54:57.908770+00:00,1788296097.908770323,1788296092.597579956,1788296092.567584991,3.475767612,-27.840843201,3.089999914,0.055841,-0.060983,-83.049022,173.049022,0.000012031,-0.000721480,-0.662940025,0.748672128,-0.021200757,0.021796156,-0.000181154,0.030406324,-0.000181154,3.089999914,True,GUIDED,True
146.275181,2026-09-01T20:54:57.939367+00:00,1788296097.939366817,1788296092.633574009,1788296092.567584991,3.475767612,-27.840843201,3.089999914,0.061438,-0.058358,-83.048286,173.048286,0.000063787,-0.000736706,-0.662935197,0.748676360,-0.017047465,0.020508429,-0.000136007,0.026668553,-0.000136007,3.089999914,True,GUIDED,True
146.422734,2026-09-01T20:54:58.086920+00:00,1788296098.086920023,1788296092.774550915,1788296092.662569046,3.475767612,-27.840843201,3.089999914,0.074564,-0.047667,-83.048954,173.048954,0.000211393,-0.000742802,-0.662939548,0.748672485,-0.016819492,0.020386554,-0.000104752,0.026429281,-0.000104752,3.089999914,True,GUIDED,True
146.866339,2026-09-01T20:54:58.530524+00:00,1788296098.530524492,1788296093.222475052,1788296093.210477114,3.475767612,-27.829711914,3.079999924,0.117822,-0.041763,-83.049498,173.049498,0.000528164,-0.000954482,-0.662942827,0.748669207,-0.015622566,0.019418133,-0.000102628,0.024922449,-0.000102628,3.089999914,True,GUIDED,True
147.185976,2026-09-01T20:54:58.850163+00:00,1788296098.850162745,1788296093.543421030,1788296093.341454983,3.475767612,-27.829711914,3.079999924,0.128237,-0.059762,-83.049256,173.049256,0.000492082,-0.001132337,-0.662940979,0.748670578,-0.014541878,0.015081105,-0.000015474,0.020950082,-0.000015474,3.088999987,True,GUIDED,True
147.343348,2026-09-01T20:54:59.007533+00:00,1788296099.007533312,1788296093.682398081,1788296093.341454983,3.475767612,-27.829711914,3.079999924,0.126743,-0.070135,-83.048286,173.048286,0.000422320,-0.001191456,-0.662934542,0.748676300,-0.015060072,0.011930642,-0.000028140,0.019213172,-0.000028140,3.088999987,True,GUIDED,True
147.760302,2026-09-01T20:54:59.424487+00:00,1788296099.424487352,1788296094.099328041,1788296094.055335045,3.475767612,-27.829711914,3.079999924,0.117988,-0.105122,-83.049134,173.049134,0.000162706,-0.001369396,-0.662939787,0.748671412,-0.015618718,0.010983733,-0.000007868,0.019094155,-0.000007868,3.088999987,True,GUIDED,True
148.146628,2026-09-01T20:54:59.810814+00:00,1788296099.810813904,1788296094.454267979,1788296094.426273108,3.475767612,-27.829711914,3.079999924,0.111818,-0.114963,-83.050519,173.050519,0.000065445,-0.001397989,-0.662948787,0.748663485,-0.016946819,0.009872238,0.000072146,0.019612643,0.000072146,3.088999987,True,GUIDED,True
148.184942,2026-09-01T20:54:59.849127+00:00,1788296099.849126577,1788296094.490262032,1788296094.426273108,3.475767612,-27.829711914,3.079999924,0.108474,-0.114884,-83.050749,173.050749,0.000044054,-0.001378133,-0.662950337,0.748662055,-0.017685078,0.010462782,0.000050403,0.020548280,0.000050403,3.088999987,True,GUIDED,True
148.684527,2026-09-01T20:55:00.348713+00:00,1788296100.348713398,1788296094.978179932,1788296094.960182905,3.475767612,-27.829711914,3.079999924,0.103673,-0.110317,-83.053533,173.053533,0.000039071,-0.001320516,-0.662968636,0.748645902,-0.017540215,0.010404109,0.000045789,0.020393740,0.000045789,3.088999987,True,GUIDED,True
148.810125,2026-09-01T20:55:00.474311+00:00,1788296100.474310875,1788296095.116157055,1788296095.103158951,3.475767612,-27.829711914,3.079999924,0.102232,-0.111261,-83.053943,173.053943,0.000024192,-0.001318348,-0.662971318,0.748643577,-0.017643217,0.011187134,0.000053611,0.020891029,0.000053611,3.088999987,True,GUIDED,True
148.885860,2026-09-01T20:55:00.550045+00:00,1788296100.550044775,1788296095.185144901,1788296095.116157055,3.475767612,-27.829711914,3.079999924,0.106136,-0.113240,-83.055231,173.055231,0.000038235,-0.001353867,-0.662979662,0.748636186,-0.017539660,0.011411554,0.000067911,0.020925182,0.000067911,3.088999987,True,GUIDED,True
149.516967,2026-09-01T20:55:01.181153+00:00,1788296101.181153297,1788296095.779046059,1788296095.686060905,3.475767612,-27.829711914,3.079999924,0.118562,-0.120549,-83.053927,173.053927,0.000077142,-0.001473503,-0.662970901,0.748643637,-0.017566662,0.011617043,0.000139833,0.021060468,0.000139833,3.088999987,True,GUIDED,True
149.538406,2026-09-01T20:55:01.202591+00:00,1788296101.202591181,1788296095.813040018,1788296095.686060905,3.475767612,-27.829711914,3.079999924,0.118243,-0.122368,-83.059688,173.059688,0.000064460,-0.001483546,-0.663008511,0.748610437,-0.018025093,0.012980131,0.000096756,0.022212334,0.000096756,3.088999987,True,GUIDED,True
149.921293,2026-09-01T20:55:01.585480+00:00,1788296101.585480213,1788296096.192975998,1788296096.105990887,3.475767612,-27.829711914,3.079999924,0.114653,-0.110947,-83.059931,173.059931,0.000107086,-0.001388168,-0.663010299,0.748608887,-0.018275427,0.013167845,0.000247530,0.022525172,0.000247530,3.088999987,True,GUIDED,True
149.973267,2026-09-01T20:55:01.637452+00:00,1788296101.637452364,1788296096.227969885,1788296096.105990887,3.475767612,-27.829711914,3.079999924,0.114005,-0.111448,-83.059557,173.059557,0.000099953,-0.001387690,-0.663007855,0.748611093,-0.018419864,0.013656175,0.000083415,0.022929947,0.000083415,3.088999987,True,GUIDED,True
150.052265,2026-09-01T20:55:01.716451+00:00,1788296101.716450930,1788296096.299957991,1788296096.278961897,3.475767612,-27.829711914,3.079999924,0.116827,-0.109457,-83.059359,173.059359,0.000129912,-0.001391008,-0.663006544,0.748612285,-0.018394789,0.013706033,0.000129106,0.022939564,0.000129106,3.088999987,True,GUIDED,True
150.164172,2026-09-01T20:55:01.828358+00:00,1788296101.828358173,1788296096.405940056,1788296096.328953028,3.475767612,-27.829711914,3.079999924,0.120902,-0.112073,-83.060731,173.060731,0.000141385,-0.001431684,-0.663015425,0.748604357,-0.018416008,0.013643722,0.000142245,0.022919435,0.000142245,3.088999987,True,GUIDED,True
150.184004,2026-09-01T20:55:01.848189+00:00,1788296101.848188877,1788296096.439934969,1788296096.328953028,3.475767612,-27.829711914,3.079999924,0.120146,-0.111965,-83.059890,173.059890,0.000137080,-0.001426601,-0.663009942,0.748609245,-0.018616041,0.013773202,0.000199054,0.023157247,0.000199054,3.088999987,True,GUIDED,True
150.409018,2026-09-01T20:55:02.073203+00:00,1788296102.073203087,1788296096.650898933,1788296096.555915117,3.475767612,-27.829711914,3.079999924,0.114869,-0.104164,-83.060988,173.060988,0.000147732,-0.001345104,-0.663017273,0.748602867,-0.018656546,0.013708476,0.000132968,0.023151437,0.000132968,3.088999987,True,GUIDED,True
150.443615,2026-09-01T20:55:02.107800+00:00,1788296102.107800484,1788296096.685893059,1788296096.650898933,3.475767612,-27.829711914,3.079999924,0.113434,-0.103315,-83.062188,173.062188,0.000143256,-0.001331258,-0.663025141,0.748595953,-0.019052088,0.013795505,0.000128779,0.023522288,0.000128779,3.088999987,True,GUIDED,True
150.715368,2026-09-01T20:55:02.379555+00:00,1788296102.379554749,1788296096.962846994,1788296096.911854982,3.475767612,-27.829711914,3.079999924,0.106746,-0.101917,-83.061846,173.061846,0.000107654,-0.001283423,-0.663022995,0.748597980,-0.019019695,0.013715150,0.000127270,0.023448969,0.000127270,3.088999987,True,GUIDED,True
151.112348,2026-09-01T20:55:02.776533+00:00,1788296102.776533365,1788296097.315787077,1788296097.292790890,3.475767612,-27.829711914,3.079999924,0.107682,-0.101500,-83.063653,173.063653,0.000116158,-0.001286122,-0.663034797,0.748587489,-0.019004276,0.013489557,0.000180950,0.023305164,0.000180950,3.088999987,True,LAND,True
151.407615,2026-09-01T20:55:03.071801+00:00,1788296103.071801186,1788296097.633733988,1788296097.602739096,3.475767612,-27.829711914,3.079999924,0.110062,-0.102339,-83.064132,173.064132,0.000126848,-0.001305375,-0.663037896,0.748584628,-0.018513786,0.013154407,0.000346555,0.022711202,0.000346555,3.088999987,True,LAND,True
151.538503,2026-09-01T20:55:03.202689+00:00,1788296103.202688694,1788296097.740715981,1788296097.721719027,3.475767612,-27.829711914,3.079999924,0.112065,-0.100842,-83.064964,173.064964,0.000148586,-0.001307183,-0.663043320,0.748579919,-0.018746534,0.013283879,0.000129563,0.022975944,0.000129563,3.088999987,True,LAND,True
151.586574,2026-09-01T20:55:03.250760+00:00,1788296103.250759840,1788296097.775710106,1788296097.721719027,3.475767612,-27.829711914,3.079999924,0.110953,-0.101010,-83.064990,173.064990,0.000140352,-0.001301851,-0.663043499,0.748579741,-0.018568898,0.013056641,0.000067354,0.022699776,0.000067354,3.088999987,True,LAND,True
151.638694,2026-09-01T20:55:03.302880+00:00,1788296103.302879572,1788296097.846698046,1788296097.817703009,3.475767612,-27.829711914,3.079999924,0.111435,-0.106045,-83.065227,173.065227,0.000114366,-0.001337531,-0.663044989,0.748578250,-0.018626014,0.013132014,0.000144696,0.022789870,0.000144696,3.088999987,True,LAND,True
151.676830,2026-09-01T20:55:03.341015+00:00,1788296103.341015339,1788296097.882692099,1788296097.817703009,3.475767612,-27.829711914,3.079999924,0.112429,-0.107899,-83.064631,173.064631,0.000110135,-0.001355394,-0.663041055,0.748581827,-0.018778514,0.013270256,0.000173536,0.022994179,0.000173536,3.088999987,True,LAND,True
152.240412,2026-09-01T20:55:03.904598+00:00,1788296103.904598236,1788296098.409604073,1788296098.328617096,3.475767612,-27.829711914,3.079999924,0.112784,-0.107498,-83.065141,173.065141,0.000114772,-0.001354828,-0.663044393,0.748578846,-0.018596074,0.013122263,0.000130563,0.022759784,0.000130563,3.088999987,True,LAND,True
152.317304,2026-09-01T20:55:03.981490+00:00,1788296103.981489897,1788296098.513586044,1788296098.458595037,3.475767612,-27.829711914,3.079999924,0.112110,-0.107889,-83.062796,173.062796,0.000108133,-0.001353474,-0.663029075,0.748592377,-0.018543219,0.012887429,0.000145873,0.022581780,0.000145873,3.088999987,True,LAND,True
152.916865,2026-09-01T20:55:04.581051+00:00,1788296104.581051111,1788296099.066493034,1788296098.912518978,3.475767612,-27.829711914,3.079999924,0.116645,-0.123329,-83.062989,173.062989,0.000048421,-0.001480581,-0.663030088,0.748591244,-0.018360162,0.012727062,0.000155773,0.022339957,0.000155773,3.088999987,True,LAND,True
152.932967,2026-09-01T20:55:04.597153+00:00,1788296104.597153187,1788296099.102487087,1788296099.066493034,3.475767612,-27.829711914,3.079999924,0.118474,-0.122760,-83.063119,173.063119,0.000063659,-0.001487449,-0.663030922,0.748590529,-0.018713087,0.013333918,0.000177129,0.022977663,0.000177129,3.088999987,True,LAND,True
152.974158,2026-09-01T20:55:04.638344+00:00,1788296104.638344049,1788296099.138480902,1788296099.102487087,3.475767612,-27.829711914,3.079999924,0.118001,-0.121277,-83.063052,173.063052,0.000069144,-0.001475023,-0.663030505,0.748590946,-0.018563235,0.013320166,0.000116541,0.022847768,0.000116541,3.088999987,True,LAND,True
153.043632,2026-09-01T20:55:04.707817+00:00,1788296104.707817078,1788296099.209469080,1788296099.138480902,3.475767612,-27.829711914,3.079999924,0.114918,-0.119697,-83.062878,173.062878,0.000058154,-0.001446863,-0.663029432,0.748591900,-0.018615182,0.013337307,0.000154073,0.022899973,0.000154073,3.088999987,True,LAND,True
153.184539,2026-09-01T20:55:04.848725+00:00,1788296104.848724842,1788296099.316451073,1788296099.209469080,3.475767612,-27.829711914,3.079999924,0.114331,-0.118685,-83.063706,173.063706,0.000060163,-0.001436859,-0.663034856,0.748587191,-0.018869417,0.013681661,0.000190213,0.023307568,0.000190213,3.088999987,True,LAND,True
153.558167,2026-09-01T20:55:05.222353+00:00,1788296105.222353458,1788296099.700387001,1788296099.633398056,3.475767612,-27.829711914,3.079999924,0.116753,-0.114138,-83.062177,173.062177,0.000102316,-0.001421164,-0.663024902,0.748595953,-0.018781368,0.013745472,0.000123886,0.023273972,0.000123886,3.088999987,True,LAND,True
153.672374,2026-09-01T20:55:05.336559+00:00,1788296105.336559057,1788296099.805368900,1788296099.633398056,3.475767612,-27.829711914,3.089999914,0.116041,-0.109368,-83.063855,173.063855,0.000125239,-0.001385886,-0.663035929,0.748586237,-0.019052448,0.014287690,0.000202930,0.023814572,0.000202930,3.089999914,True,LAND,True
153.794941,2026-09-01T20:55:05.459128+00:00,1788296105.459127665,1788296099.908351898,1788296099.895354033,3.475767612,-27.829711914,3.089999914,0.116065,-0.107197,-83.062692,173.062692,0.000137969,-0.001371840,-0.663028359,0.748592973,-0.019285904,0.014424613,0.000065526,0.024083512,0.000065526,3.089999914,True,LAND,True
154.326523,2026-09-01T20:55:05.990708+00:00,1788296105.990707874,1788296100.429264069,1788296100.336280107,3.475767612,-27.829711914,3.089999914,0.113442,-0.099609,-83.064536,173.064536,0.000164721,-0.001307095,-0.663040519,0.748582363,-0.019292388,0.014332256,0.000010521,0.024033514,0.000010521,3.089999914,True,LAND,True
154.473489,2026-09-01T20:55:06.137674+00:00,1788296106.137674332,1788296100.569241047,1788296100.542244911,3.475767612,-27.829711914,3.089999914,0.109095,-0.101934,-83.063929,173.063929,0.000122874,-0.001297134,-0.663036585,0.748585820,-0.019314844,0.013624580,-0.000520008,0.023636674,-0.000520008,3.089999914,True,LAND,True
154.522221,2026-09-01T20:55:06.186407+00:00,1788296106.186406612,1788296100.638228893,1788296100.590236902,3.475767612,-27.829711914,3.089999914,0.111697,-0.106671,-83.063879,173.063879,0.000112472,-0.001343132,-0.663036168,0.748586118,-0.019178201,0.013283315,-0.000604371,0.023329163,-0.000604371,3.089999914,True,LAND,True
154.737420,2026-09-01T20:55:06.401606+00:00,1788296106.401606321,1788296100.816199064,1788296100.804200888,3.475767612,-27.829711914,3.089999914,0.110738,-0.110554,-83.063911,173.063911,0.000083736,-0.001362953,-0.663036346,0.748585939,-0.019173203,0.013301464,-0.000646152,0.023335395,-0.000646152,3.091000080,True,LAND,True
155.965524,2026-09-01T20:55:07.629709+00:00,1788296107.629709482,1788296102.039994001,1788296101.984003067,3.475767612,-27.829711914,3.089999914,0.121048,-0.113715,-83.064365,173.064365,0.000132792,-0.001443253,-0.663039148,0.748583257,-0.019106857,0.013319755,-0.000853200,0.023291369,-0.000853200,3.091000080,True,LAND,True
156.050619,2026-09-01T20:55:07.714805+00:00,1788296107.714805365,1788296102.110981941,1788296101.984003067,3.475767612,-27.829711914,3.089999914,0.116558,-0.112050,-83.064144,173.064144,0.000113101,-0.001406401,-0.663037777,0.748584628,-0.018951038,0.013723200,-0.001481910,0.023398035,-0.001481910,3.091000080,True,LAND,True
156.081753,2026-09-01T20:55:07.745939+00:00,1788296107.745939255,1788296102.144975901,1788296101.984003067,3.475767612,-27.829711914,3.089999914,0.117367,-0.112613,-83.064402,173.064402,0.000115118,-0.001414759,-0.663039446,0.748583078,-0.018847831,0.013611067,-0.001420349,0.023248696,-0.001420349,3.091000080,True,LAND,True
156.272267,2026-09-01T20:55:07.936453+00:00,1788296107.936452627,1788296102.319947004,1788296102.279953003,3.475767612,-27.829711914,3.089999914,0.118731,-0.111722,-83.065169,173.065169,0.000129178,-0.001416833,-0.663044453,0.748578668,-0.018971149,0.013714029,-0.001383420,0.023408953,-0.001383420,3.089999914,True,LAND,True
156.314924,2026-09-01T20:55:07.979110+00:00,1788296107.979110241,1788296102.353940964,1788296102.279953003,3.475767612,-27.829711914,3.089999914,0.117268,-0.111764,-83.064290,173.064290,0.000119389,-0.001408639,-0.663038731,0.748583674,-0.019158352,0.013767937,-0.001171260,0.023592341,-0.001171260,3.089999914,True,LAND,True
156.768811,2026-09-01T20:55:08.432997+00:00,1788296108.432996750,1788296102.803864956,1788296102.732877016,3.475767612,-27.829711914,3.089999914,0.113502,-0.133227,-83.064307,173.064307,-0.000029396,-0.001527057,-0.663038611,0.748583674,-0.019211115,0.013779757,-0.001146091,0.023642095,-0.001146091,3.089999914,True,LAND,True
157.028329,2026-09-01T20:55:08.692514+00:00,1788296108.692513943,1788296103.048824072,1788296103.006830931,3.475767612,-27.829711914,3.089999914,0.108332,-0.158395,-83.063555,173.063555,-0.000208786,-0.001661559,-0.663033426,0.748587906,-0.019837780,0.013504892,-0.000705579,0.023998325,-0.000705579,3.089999914,True,LAND,True
157.086964,2026-09-01T20:55:08.751150+00:00,1788296108.751150131,1788296103.119812012,1788296103.101814985,3.475767612,-27.829711914,3.089999914,0.102414,-0.163638,-83.064246,173.064246,-0.000277798,-0.001661563,-0.663037956,0.748583853,-0.019677894,0.014027808,-0.000431037,0.024166069,-0.000431037,3.089999914,True,LAND,True
157.159189,2026-09-01T20:55:08.823374+00:00,1788296108.823374271,1788296103.190799952,1788296103.101814985,3.475767612,-27.829711914,3.089999914,0.104213,-0.169569,-83.063980,173.063980,-0.000300359,-0.001710715,-0.663036108,0.748585343,-0.019694274,0.014510196,-0.000480230,0.024462425,-0.000480230,3.089999914,True,LAND,True
157.203842,2026-09-01T20:55:08.868028+00:00,1788296108.868027925,1788296103.226794004,1788296103.208796978,3.475767612,-27.829711914,3.089999914,0.101378,-0.171583,-83.065219,173.065219,-0.000330553,-0.001707469,-0.663044214,0.748578191,-0.019825615,0.015088656,-0.000449597,0.024914304,-0.000449597,3.089999914,True,LAND,True
157.609095,2026-09-01T20:55:09.273281+00:00,1788296109.273280621,1788296103.613729000,1788296103.595731974,3.475767612,-27.840843201,3.089999914,0.090263,-0.162071,-83.064263,173.064263,-0.000348106,-0.001581023,-0.663038254,0.748583794,-0.019835159,0.015426164,-0.000442845,0.025127675,-0.000442845,3.089999914,True,LAND,True
157.678652,2026-09-01T20:55:09.342838+00:00,1788296109.342838049,1788296103.684716940,1788296103.632725954,3.475767612,-27.840843201,3.089999914,0.088747,-0.157978,-83.063695,173.063695,-0.000334318,-0.001545508,-0.663034618,0.748587072,-0.019614412,0.018809179,-0.000254587,0.027175547,-0.000254587,3.089999914,True,LAND,True
157.999618,2026-09-01T20:55:09.663804+00:00,1788296109.663804054,1788296103.964669943,1788296103.913678885,3.475767612,-27.840843201,3.089999914,0.092339,-0.143762,-83.065572,173.065572,-0.000228625,-0.001473425,-0.663047016,0.748576224,-0.019281074,0.019240920,-0.000251217,0.027239178,-0.000251217,3.089999914,True,LAND,True
158.142338,2026-09-01T20:55:09.806524+00:00,1788296109.806523561,1788296104.143640041,1788296104.048655987,3.475767612,-27.840843201,3.089999914,0.104173,-0.139619,-83.064228,173.064228,-0.000127323,-0.001514836,-0.663038135,0.748584032,-0.018345119,0.020772653,-0.000226133,0.027713652,-0.000226133,3.089999914,True,LAND,True
158.197969,2026-09-01T20:55:09.862154+00:00,1788296109.862154484,1788296104.178633928,1788296104.155637980,3.475767612,-27.840843201,3.089999914,0.105202,-0.137904,-83.064555,173.064555,-0.000110686,-0.001509584,-0.663040280,0.748582125,-0.018084342,0.021512123,-0.000119807,0.028103645,-0.000119807,3.089999914,True,LAND,True
158.217910,2026-09-01T20:55:09.882095+00:00,1788296109.882095098,1788296104.212629080,1788296104.178633928,3.475767612,-27.840843201,3.089999914,0.107943,-0.136468,-83.064119,173.064119,-0.000084469,-0.001516063,-0.663037419,0.748584628,-0.018026309,0.021636637,-0.000115980,0.028161887,-0.000115980,3.089999914,True,LAND,True
158.581092,2026-09-01T20:55:10.245277+00:00,1788296110.245277405,1788296104.562570095,1788296104.547571898,3.475767612,-27.840843201,3.079999924,0.107792,-0.121620,-83.064456,173.064456,0.000000457,-0.001418192,-0.663039804,0.748582840,-0.018088097,0.021726394,-0.000168722,0.028270399,-0.000168722,3.089999914,True,LAND,True
158.609001,2026-09-01T20:55:10.273186+00:00,1788296110.273185730,1788296104.597563982,1788296104.547571898,3.475767612,-27.840843201,3.069999933,0.107408,-0.120307,-83.065201,173.065201,0.000005534,-0.001407400,-0.663044691,0.748578548,-0.017635312,0.022208840,-0.108715124,0.028359069,-0.108715124,3.089999914,True,LAND,True
158.851134,2026-09-01T20:55:10.515320+00:00,1788296110.515319586,1788296104.806529045,1788296104.547571898,3.475767612,-27.840843201,3.019999981,0.106091,-0.114554,-83.065561,173.065561,0.000030219,-0.001362192,-0.663047135,0.748576343,-0.017573159,0.022214154,-0.137994334,0.028324628,-0.137994334,3.046000004,True,LAND,True
158.886791,2026-09-01T20:55:10.550976+00:00,1788296110.550976276,1788296104.840523005,1788296104.547571898,3.475767612,-27.840843201,3.009999990,0.109286,-0.114567,-83.065321,173.065321,0.000051011,-0.001380767,-0.663045526,0.748577714,-0.017249575,0.022020971,-0.326255947,0.027972683,-0.326255947,3.046000004,True,LAND,True
160.151344,2026-09-01T20:55:11.815531+00:00,1788296111.815530777,1788296106.069317102,1788296106.008327007,3.475767612,-27.829711914,2.389999866,0.115566,-0.031021,-83.062856,173.062856,0.000575468,-0.000871322,-0.663030207,0.748591840,-0.017224543,0.021986347,-0.350470454,0.027929990,-0.350470454,2.565999985,True,LAND,True
160.261400,2026-09-01T20:55:11.925586+00:00,1788296111.925585985,1788296106.173299074,1788296106.092313051,3.475767612,-27.829711914,2.329999924,0.112971,-0.042893,-83.064584,173.064584,0.000489808,-0.000933866,-0.663041413,0.748581946,-0.020785369,0.013630076,-0.531169295,0.024855795,-0.531169295,2.565999985,True,LAND,True
160.413796,2026-09-01T20:55:12.077982+00:00,1788296112.077982187,1788296106.315274954,1788296106.302277088,3.475767612,-27.829711914,2.250000000,0.107528,-0.054122,-83.064829,173.064829,0.000389278,-0.000975733,-0.663042963,0.748580515,-0.020683529,0.012609303,-0.524642885,0.024224015,-0.524642885,2.295000076,True,LAND,True
160.644972,2026-09-01T20:55:12.309157+00:00,1788296112.309157133,1788296106.559233904,1788296106.410259008,3.475767612,-27.829711914,2.129999876,0.099476,-0.062091,-83.061974,173.061974,0.000290593,-0.000981190,-0.663024306,0.748597145,-0.020498790,0.011565359,-0.515883029,0.023536311,-0.515883029,2.295000076,True,LAND,True
160.709737,2026-09-01T20:55:12.373923+00:00,1788296112.373922825,1788296106.629223108,1788296106.602226973,3.475767612,-27.829711914,2.089999914,0.100750,-0.060523,-83.061681,173.061681,0.000307991,-0.000978322,-0.663022399,0.748598814,-0.019834924,0.010193630,-0.503886282,0.022300994,-0.503886282,2.295000076,True,LAND,True
160.761279,2026-09-01T20:55:12.425464+00:00,1788296112.425464392,1788296106.663217068,1788296106.638221025,3.475767612,-27.829711914,2.079999924,0.101166,-0.059002,-83.060841,173.060841,0.000319516,-0.000970781,-0.663016915,0.748603702,-0.019769965,0.009963834,-0.501151323,0.022138868,-0.501151323,2.295000076,True,LAND,True
160.782552,2026-09-01T20:55:12.446738+00:00,1788296112.446737766,1788296106.699210882,1788296106.638221025,3.475767612,-27.829711914,2.059999943,0.099923,-0.057581,-83.061412,173.061412,0.000319609,-0.000954313,-0.663020670,0.748600423,-0.019724786,0.009758328,-0.500032246,0.022006639,-0.500032246,2.295000076,True,LAND,True
160.819291,2026-09-01T20:55:12.483477+00:00,1788296112.483476877,1788296106.734205008,1788296106.638221025,3.475767612,-27.829711914,2.039999962,0.100778,-0.056495,-83.062926,173.062926,0.000331474,-0.000952170,-0.663030565,0.748591602,-0.019465290,0.009477929,-0.498860210,0.021650142,-0.498860210,2.295000076,True,LAND,True
160.913622,2026-09-01T20:55:12.577808+00:00,1788296112.577807665,1788296106.803193092,1788296106.638221025,3.475767612,-27.829711914,2.000000000,0.102195,-0.058032,-83.059865,173.059865,0.000331862,-0.000970400,-0.663010538,0.748609364,-0.019247092,0.009235355,-0.497862399,0.021348123,-0.497862399,2.036999941,True,LAND,True
161.053327,2026-09-01T20:55:12.717513+00:00,1788296112.717512608,1788296106.946168900,1788296106.898176908,3.475767612,-27.829711914,1.929999948,0.101476,-0.066440,-83.057083,173.057083,0.000278535,-0.001021164,-0.662992299,0.748625457,-0.019168168,0.008903307,-0.496073991,0.021134984,-0.496073991,2.036999941,True,LAND,True
161.153931,2026-09-01T20:55:12.818117+00:00,1788296112.818117380,1788296107.051151991,1788296107.019156933,3.475767612,-27.829711914,1.879999995,0.101958,-0.065994,-83.057448,173.057448,0.000284265,-0.001021038,-0.662994683,0.748623312,-0.018693345,0.008008756,-0.492915601,0.020336698,-0.492915601,2.036999941,True,LAND,True
161.216333,2026-09-01T20:55:12.880520+00:00,1788296112.880519629,1788296107.120140076,1788296107.019156933,3.475767612,-27.829711914,1.839999914,0.104237,-0.062989,-83.056909,173.056909,0.000316546,-0.001014589,-0.662991166,0.748626471,-0.018662643,0.007646520,-0.491175860,0.020168379,-0.491175860,2.036999941,True,LAND,True
161.329990,2026-09-01T20:55:12.994175+00:00,1788296112.994175196,1788296107.224123001,1788296107.019156933,3.475767612,-27.829711914,1.789999962,0.108645,-0.063826,-83.062281,173.062281,0.000340451,-0.001045581,-0.663026214,0.748595357,-0.018103840,0.007116619,-0.490408510,0.019452385,-0.490408510,2.036999941,True,LAND,True
161.884681,2026-09-01T20:55:13.548866+00:00,1788296113.548866034,1788296107.744035006,1788296107.656049967,3.475767612,-27.829711914,1.529999971,0.108899,-0.129776,-83.062520,173.062520,-0.000039477,-0.001477879,-0.663027048,0.748593926,-0.018117815,0.006661783,-0.489617676,0.019303745,-0.489617676,1.786000013,True,LAND,True
162.156029,2026-09-01T20:55:13.820215+00:00,1788296113.820215464,1788296107.987993956,1788296107.820022106,3.475767612,-27.829711914,1.409999967,0.112114,-0.128052,-83.062305,173.062305,-0.000008497,-0.001485219,-0.663025618,0.748595238,-0.017587725,0.006317605,-0.489375025,0.018687969,-0.489375025,1.537999988,True,LAND,True
162.263248,2026-09-01T20:55:13.927434+00:00,1788296113.927433968,1788296108.093976021,1788296108.012989998,3.475767612,-27.829711914,1.360000014,0.112848,-0.123876,-83.061659,173.061659,0.000020468,-0.001462190,-0.663021445,0.748598933,-0.017822670,0.007676087,-0.490558803,0.019405408,-0.490558803,1.537999988,True,LAND,True
162.483001,2026-09-01T20:55:14.147187+00:00,1788296114.147186995,1788296108.338934898,1788296108.297941923,3.475767612,-27.829711914,1.240000010,0.115167,-0.119584,-83.062732,173.062732,0.000060435,-0.001447564,-0.663028479,0.748592734,-0.017731253,0.007953473,-0.491180331,0.019433350,-0.491180331,1.289999962,True,LAND,True
162.554108,2026-09-01T20:55:14.218294+00:00,1788296114.218293905,1788296108.409923077,1788296108.392925978,3.475767612,-27.829711914,1.199999928,0.117440,-0.119179,-83.062836,173.062836,0.000077632,-0.001458071,-0.663029134,0.748592079,-0.018152425,0.008818375,-0.492314428,0.020181037,-0.492314428,1.289999962,True,LAND,True
162.712710,2026-09-01T20:55:14.376896+00:00,1788296114.376895666,1788296108.547899961,1788296108.485910892,3.475767612,-27.829711914,1.139999986,0.120112,-0.119998,-83.063007,173.063007,0.000090338,-0.001478882,-0.663030207,0.748591125,-0.018348534,0.009101499,-0.492668718,0.020481845,-0.492668718,1.289999962,True,LAND,True
162.800857,2026-09-01T20:55:14.465043+00:00,1788296114.465042830,1788296108.618887901,1788296108.590893030,3.475767612,-27.829711914,1.100000024,0.117956,-0.121192,-83.062732,173.062732,0.000069353,-0.001474208,-0.663028419,0.748592794,-0.018410482,0.009250802,-0.493202060,0.020603960,-0.493202060,1.289999962,True,LAND,True
