elapsed_time_s,wall_time,wall_time_unix_s,source_timestamp_s,source_clock_s,message_type,topic,sequence_number,sysid,compid,interarrival_ms
0.142651,2026-09-01T20:06:45.243885+00:00,1788293205.243884563,,1788293206.223319054,MAVLINK_GLOBAL_POSITION_INT_BRIDGE_REL_ALT,/uav1/rel_alt,,1,,
0.245627,2026-09-01T20:06:45.346861+00:00,1788293205.346861124,,1788293206.320254087,MAVLINK_GLOBAL_POSITION_INT_BRIDGE_REL_ALT,/uav1/rel_alt,,1,,102.975
0.346596,2026-09-01T20:06:45.447830+00:00,1788293205.447830200,,1788293206.320254087,MAVLINK_GLOBAL_POSITION_INT_BRIDGE_REL_ALT,/uav1/rel_alt,,1,,100.967
0.440579,2026-09-01T20:06:45.541813+00:00,1788293205.541812897,,1788293206.516122103,MAVLINK_GLOBAL_POSITION_INT_BRIDGE_REL_ALT,/uav1/rel_alt,,1,,93.978
0.536050,2026-09-01T20:06:45.637285+00:00,1788293205.637284517,,1788293206.516122103,MAVLINK_GLOBAL_POSITION_INT_BRIDGE_REL_ALT,/uav1/rel_alt,,1,,95.477
0.625033,2026-09-01T20:06:45.726267+00:00,1788293205.726266623,,1788293206.516122103,MAVLINK_GLOBAL_POSITION_INT_BRIDGE_REL_ALT,/uav1/rel_alt,,1,,88.977
0.741994,2026-09-01T20:06:45.843228+00:00,1788293205.843227625,,1788293206.798932076,MAVLINK_GLOBAL_POSITION_INT_BRIDGE_REL_ALT,/uav1/rel_alt,,1,,116.961
0.851693,2026-09-01T20:06:45.952927+00:00,1788293205.952926636,,1788293206.859890938,MAVLINK_GLOBAL_POSITION_INT_BRIDGE_REL_ALT,/uav1/rel_alt,,1,,109.703
0.960570,2026-09-01T20:06:46.061804+00:00,1788293206.061803579,,1788293206.993801117,MAVLINK_GLOBAL_POSITION_INT_BRIDGE_REL_ALT,/uav1/rel_alt,,1,,108.875
1.047269,2026-09-01T20:06:46.148503+00:00,1788293206.148503065,,1788293207.118716955,MAVLINK_GLOBAL_POSITION_INT_BRIDGE_REL_ALT,/uav1/rel_alt,,1,,86.702
1.142024,2026-09-01T20:06:46.243258+00:00,1788293206.243257999,,1788293207.167684078,MAVLINK_GLOBAL_POSITION_INT_BRIDGE_REL_ALT,/uav1/rel_alt,,1,,94.754
1.252015,2026-09-01T20:06:46.353249+00:00,1788293206.353248596,,1788293207.286603928,MAVLINK_GLOBAL_POSITION_INT_BRIDGE_REL_ALT,/uav1/rel_alt,,1,,109.985
1.359288,2026-09-01T20:06:46.460522+00:00,1788293206.460522175,,1788293207.371546984,MAVLINK_GLOBAL_POSITION_INT_BRIDGE_REL_ALT,/uav1/rel_alt,,1,,107.281
1.470709,2026-09-01T20:06:46.571943+00:00,1788293206.571942568,,1788293207.445497036,MAVLINK_GLOBAL_POSITION_INT_BRIDGE_REL_ALT,/uav1/rel_alt,,1,,111.412
1.558199,2026-09-01T20:06:46.659433+00:00,1788293206.659432650,,1788293207.591398954,MAVLINK_GLOBAL_POSITION_INT_BRIDGE_REL_ALT,/uav1/rel_alt,,1,,87.495
1.653123,2026-09-01T20:06:46.754358+00:00,1788293206.754357576,,1788293207.591398954,MAVLINK_GLOBAL_POSITION_INT_BRIDGE_REL_ALT,/uav1/rel_alt,,1,,94.923
1.751048,2026-09-01T20:06:46.852282+00:00,1788293206.852282286,,1788293207.774276018,MAVLINK_GLOBAL_POSITION_INT_BRIDGE_REL_ALT,/uav1/rel_alt,,1,,97.930
1.869149,2026-09-01T20:06:46.970383+00:00,1788293206.970382690,,1788293207.896193981,MAVLINK_GLOBAL_POSITION_INT_BRIDGE_REL_ALT,/uav1/rel_alt,,1,,118.098
1.978151,2026-09-01T20:06:47.079385+00:00,1788293207.079385042,,1788293207.933168888,MAVLINK_GLOBAL_POSITION_INT_BRIDGE_REL_ALT,/uav1/rel_alt,,1,,109.005
2.064426,2026-09-01T20:06:47.165660+00:00,1788293207.165659666,,1788293208.054088116,MAVLINK_GLOBAL_POSITION_INT_BRIDGE_REL_ALT,/uav1/rel_alt,,1,,86.272
2.166301,2026-09-01T20:06:47.267535+00:00,1788293207.267534733,,1788293208.164014101,MAVLINK_GLOBAL_POSITION_INT_BRIDGE_REL_ALT,/uav1/rel_alt,,1,,101.874
2.275252,2026-09-01T20:06:47.376486+00:00,1788293207.376485586,,1788293208.318909883,MAVLINK_GLOBAL_POSITION_INT_BRIDGE_REL_ALT,/uav1/rel_alt,,1,,108.951
2.391187,2026-09-01T20:06:47.492421+00:00,1788293207.492420673,,1788293208.318909883,MAVLINK_GLOBAL_POSITION_INT_BRIDGE_REL_ALT,/uav1/rel_alt,,1,,115.937
2.507977,2026-09-01T20:06:47.609211+00:00,1788293207.609210730,,1788293208.318909883,MAVLINK_GLOBAL_POSITION_INT_BRIDGE_REL_ALT,/uav1/rel_alt,,1,,116.787
2.592212,2026-09-01T20:06:47.693446+00:00,1788293207.693446159,,1788293208.318909883,MAVLINK_GLOBAL_POSITION_INT_BRIDGE_REL_ALT,/uav1/rel_alt,,1,,84.237
2.685205,2026-09-01T20:06:47.786439+00:00,1788293207.786439180,,1788293208.709646940,MAVLINK_GLOBAL_POSITION_INT_BRIDGE_REL_ALT,/uav1/rel_alt,,1,,92.990
2.791797,2026-09-01T20:06:47.893030+00:00,1788293207.893030167,,1788293208.769606113,MAVLINK_GLOBAL_POSITION_INT_BRIDGE_REL_ALT,/uav1/rel_alt,,1,,106.597
2.916636,2026-09-01T20:06:48.017871+00:00,1788293208.017870903,,1788293208.917506933,MAVLINK_GLOBAL_POSITION_INT_BRIDGE_REL_ALT,/uav1/rel_alt,,1,,124.840
3.024999,2026-09-01T20:06:48.126233+00:00,1788293208.126232624,,1788293209.023436069,MAVLINK_GLOBAL_POSITION_INT_BRIDGE_REL_ALT,/uav1/rel_alt,,1,,108.359
3.100045,2026-09-01T20:06:48.201279+00:00,1788293208.201279163,,1788293209.023436069,MAVLINK_GLOBAL_POSITION_INT_BRIDGE_REL_ALT,/uav1/rel_alt,,1,,75.046
3.201792,2026-09-01T20:06:48.303026+00:00,1788293208.303026438,,1788293209.181329966,MAVLINK_GLOBAL_POSITION_INT_BRIDGE_REL_ALT,/uav1/rel_alt,,1,,101.745
3.309499,2026-09-01T20:06:48.410733+00:00,1788293208.410733461,,1788293209.267271996,MAVLINK_GLOBAL_POSITION_INT_BRIDGE_REL_ALT,/uav1/rel_alt,,1,,107.707
3.418928,2026-09-01T20:06:48.520162+00:00,1788293208.520161867,,1788293209.361208916,MAVLINK_GLOBAL_POSITION_INT_BRIDGE_REL_ALT,/uav1/rel_alt,,1,,109.433
3.534941,2026-09-01T20:06:48.636175+00:00,1788293208.636175156,,1788293209.508110046,MAVLINK_GLOBAL_POSITION_INT_BRIDGE_REL_ALT,/uav1/rel_alt,,1,,116.004
3.629949,2026-09-01T20:06:48.731183+00:00,1788293208.731183290,,1788293209.581060886,MAVLINK_GLOBAL_POSITION_INT_BRIDGE_REL_ALT,/uav1/rel_alt,,1,,95.016
3.721810,2026-09-01T20:06:48.823044+00:00,1788293208.823043823,,1788293209.702979088,MAVLINK_GLOBAL_POSITION_INT_BRIDGE_REL_ALT,/uav1/rel_alt,,1,,91.865
3.822239,2026-09-01T20:06:48.923473+00:00,1788293208.923472643,,1788293209.775929928,MAVLINK_GLOBAL_POSITION_INT_BRIDGE_REL_ALT,/uav1/rel_alt,,1,,100.425
3.929181,2026-09-01T20:06:49.030416+00:00,1788293209.030415773,,1788293209.860872984,MAVLINK_GLOBAL_POSITION_INT_BRIDGE_REL_ALT,/uav1/rel_alt,,1,,106.946
4.056842,2026-09-01T20:06:49.158075+00:00,1788293209.158075333,,1788293209.982790947,MAVLINK_GLOBAL_POSITION_INT_BRIDGE_REL_ALT,/uav1/rel_alt,,1,,127.659
4.131738,2026-09-01T20:06:49.232972+00:00,1788293209.232972383,,1788293209.982790947,MAVLINK_GLOBAL_POSITION_INT_BRIDGE_REL_ALT,/uav1/rel_alt,,1,,74.895
4.248398,2026-09-01T20:06:49.349632+00:00,1788293209.349631786,,1788293210.223630905,MAVLINK_GLOBAL_POSITION_INT_BRIDGE_REL_ALT,/uav1/rel_alt,,1,,116.662
4.341269,2026-09-01T20:06:49.442502+00:00,1788293209.442502260,,1788293210.297580957,MAVLINK_GLOBAL_POSITION_INT_BRIDGE_REL_ALT,/uav1/rel_alt,,1,,92.870
4.455223,2026-09-01T20:06:49.556457+00:00,1788293209.556456804,,1788293210.382524014,MAVLINK_GLOBAL_POSITION_INT_BRIDGE_REL_ALT,/uav1/rel_alt,,1,,113.954
4.581011,2026-09-01T20:06:49.682246+00:00,1788293209.682245970,,1788293210.516433954,MAVLINK_GLOBAL_POSITION_INT_BRIDGE_REL_ALT,/uav1/rel_alt,,1,,125.785
4.670114,2026-09-01T20:06:49.771347+00:00,1788293209.771347284,,1788293210.540417910,MAVLINK_GLOBAL_POSITION_INT_BRIDGE_REL_ALT,/uav1/rel_alt,,1,,89.103
4.769230,2026-09-01T20:06:49.870464+00:00,1788293209.870463848,,1788293210.720297098,MAVLINK_GLOBAL_POSITION_INT_BRIDGE_REL_ALT,/uav1/rel_alt,,1,,99.122
4.867296,2026-09-01T20:06:49.968530+00:00,1788293209.968530178,,1788293210.793247938,MAVLINK_GLOBAL_POSITION_INT_BRIDGE_REL_ALT,/uav1/rel_alt,,1,,98.062
4.979049,2026-09-01T20:06:50.080283+00:00,1788293210.080283165,,1788293210.843214035,MAVLINK_GLOBAL_POSITION_INT_BRIDGE_REL_ALT,/uav1/rel_alt,,1,,111.755
5.060037,2026-09-01T20:06:50.161271+00:00,1788293210.161271334,,1788293210.964133024,MAVLINK_GLOBAL_POSITION_INT_BRIDGE_REL_ALT,/uav1/rel_alt,,1,,80.984
5.163869,2026-09-01T20:06:50.265103+00:00,1788293210.265102863,,1788293211.037084103,MAVLINK_GLOBAL_POSITION_INT_BRIDGE_REL_ALT,/uav1/rel_alt,,1,,103.834
5.274385,2026-09-01T20:06:50.375619+00:00,1788293210.375619173,,1788293211.147010088,MAVLINK_GLOBAL_POSITION_INT_BRIDGE_REL_ALT,/uav1/rel_alt,,1,,110.517
5.384166,2026-09-01T20:06:50.485400+00:00,1788293210.485399961,,1788293211.304903984,MAVLINK_GLOBAL_POSITION_INT_BRIDGE_REL_ALT,/uav1/rel_alt,,1,,109.782
5.484471,2026-09-01T20:06:50.585705+00:00,1788293210.585705280,,1788293211.304903984,MAVLINK_GLOBAL_POSITION_INT_BRIDGE_REL_ALT,/uav1/rel_alt,,1,,100.295
5.606841,2026-09-01T20:06:50.708075+00:00,1788293210.708075047,,1788293211.491777897,MAVLINK_GLOBAL_POSITION_INT_BRIDGE_REL_ALT,/uav1/rel_alt,,1,,122.380
5.706384,2026-09-01T20:06:50.807618+00:00,1788293210.807618380,,1788293211.491777897,MAVLINK_GLOBAL_POSITION_INT_BRIDGE_REL_ALT,/uav1/rel_alt,,1,,99.543
5.794420,2026-09-01T20:06:50.895654+00:00,1788293210.895653963,,1788293211.491777897,MAVLINK_GLOBAL_POSITION_INT_BRIDGE_REL_ALT,/uav1/rel_alt,,1,,88.031
5.896597,2026-09-01T20:06:50.997831+00:00,1788293210.997830868,,1788293211.756599903,MAVLINK_GLOBAL_POSITION_INT_BRIDGE_REL_ALT,/uav1/rel_alt,,1,,102.180
6.002734,2026-09-01T20:06:51.103968+00:00,1788293211.103967905,,1788293211.899503946,MAVLINK_GLOBAL_POSITION_INT_BRIDGE_REL_ALT,/uav1/rel_alt,,1,,106.137
6.116667,2026-09-01T20:06:51.217901+00:00,1788293211.217901468,,1788293212.021421909,MAVLINK_GLOBAL_POSITION_INT_BRIDGE_REL_ALT,/uav1/rel_alt,,1,,113.932
6.198231,2026-09-01T20:06:51.299465+00:00,1788293211.299465418,,1788293212.106364965,MAVLINK_GLOBAL_POSITION_INT_BRIDGE_REL_ALT,/uav1/rel_alt,,1,,81.565
6.299925,2026-09-01T20:06:51.401159+00:00,1788293211.401159286,,1788293212.179316044,MAVLINK_GLOBAL_POSITION_INT_BRIDGE_REL_ALT,/uav1/rel_alt,,1,,101.693
6.420011,2026-09-01T20:06:51.521245+00:00,1788293211.521245003,,1788293212.301234007,MAVLINK_GLOBAL_POSITION_INT_BRIDGE_REL_ALT,/uav1/rel_alt,,1,,120.085
6.520692,2026-09-01T20:06:51.621925+00:00,1788293211.621925354,,1788293212.399168015,MAVLINK_GLOBAL_POSITION_INT_BRIDGE_REL_ALT,/uav1/rel_alt,,1,,100.682
6.632215,2026-09-01T20:06:51.733449+00:00,1788293211.733448982,,1788293212.484111071,MAVLINK_GLOBAL_POSITION_INT_BRIDGE_REL_ALT,/uav1/rel_alt,,1,,111.524
6.727539,2026-09-01T20:06:51.828773+00:00,1788293211.828773022,,1788293212.545069933,MAVLINK_GLOBAL_POSITION_INT_BRIDGE_REL_ALT,/uav1/rel_alt,,1,,95.324
6.823155,2026-09-01T20:06:51.924389+00:00,1788293211.924389124,,1788293212.678980112,MAVLINK_GLOBAL_POSITION_INT_BRIDGE_REL_ALT,/uav1/rel_alt,,1,,95.615
6.928092,2026-09-01T20:06:52.029326+00:00,1788293212.029325962,,1788293212.678980112,MAVLINK_GLOBAL_POSITION_INT_BRIDGE_REL_ALT,/uav1/rel_alt,,1,,104.934
7.050782,2026-09-01T20:06:52.152017+00:00,1788293212.152017117,,1788293212.898832083,MAVLINK_GLOBAL_POSITION_INT_BRIDGE_REL_ALT,/uav1/rel_alt,,1,,122.682
7.129260,2026-09-01T20:06:52.230494+00:00,1788293212.230493784,,1788293212.959790945,MAVLINK_GLOBAL_POSITION_INT_BRIDGE_REL_ALT,/uav1/rel_alt,,1,,78.492
7.231922,2026-09-01T20:06:52.333157+00:00,1788293212.333156824,,1788293212.959790945,MAVLINK_GLOBAL_POSITION_INT_BRIDGE_REL_ALT,/uav1/rel_alt,,1,,102.656
7.348367,2026-09-01T20:06:52.449600+00:00,1788293212.449600458,,1788293213.206624985,MAVLINK_GLOBAL_POSITION_INT_BRIDGE_REL_ALT,/uav1/rel_alt,,1,,116.450
7.465833,2026-09-01T20:06:52.567067+00:00,1788293212.567067146,,1788293213.303560019,MAVLINK_GLOBAL_POSITION_INT_BRIDGE_REL_ALT,/uav1/rel_alt,,1,,117.463
7.557165,2026-09-01T20:06:52.658400+00:00,1788293212.658400059,,1788293213.303560019,MAVLINK_GLOBAL_POSITION_INT_BRIDGE_REL_ALT,/uav1/rel_alt,,1,,91.330
7.662979,2026-09-01T20:06:52.764213+00:00,1788293212.764213085,,1788293213.303560019,MAVLINK_GLOBAL_POSITION_INT_BRIDGE_REL_ALT,/uav1/rel_alt,,1,,105.815
7.756433,2026-09-01T20:06:52.857668+00:00,1788293212.857667923,,1788293213.608355045,MAVLINK_GLOBAL_POSITION_INT_BRIDGE_REL_ALT,/uav1/rel_alt,,1,,93.451
7.846622,2026-09-01T20:06:52.947856+00:00,1788293212.947855949,,1788293213.693298101,MAVLINK_GLOBAL_POSITION_INT_BRIDGE_REL_ALT,/uav1/rel_alt,,1,,90.196
7.955708,2026-09-01T20:06:53.056943+00:00,1788293213.056942701,,1788293213.755255938,MAVLINK_GLOBAL_POSITION_INT_BRIDGE_REL_ALT,/uav1/rel_alt,,1,,109.087
8.064728,2026-09-01T20:06:53.165963+00:00,1788293213.165962696,,1788293213.901158094,MAVLINK_GLOBAL_POSITION_INT_BRIDGE_REL_ALT,/uav1/rel_alt,,1,,109.014
8.173185,2026-09-01T20:06:53.274418+00:00,1788293213.274418354,,1788293213.974108934,MAVLINK_GLOBAL_POSITION_INT_BRIDGE_REL_ALT,/uav1/rel_alt,,1,,108.461
8.284024,2026-09-01T20:06:53.385258+00:00,1788293213.385258436,,1788293214.059051991,MAVLINK_GLOBAL_POSITION_INT_BRIDGE_REL_ALT,/uav1/rel_alt,,1,,110.835
8.378145,2026-09-01T20:06:53.479379+00:00,1788293213.479378939,,1788293214.156985998,MAVLINK_GLOBAL_POSITION_INT_BRIDGE_REL_ALT,/uav1/rel_alt,,1,,94.123
8.472034,2026-09-01T20:06:53.573268+00:00,1788293213.573267937,,1788293214.290895939,MAVLINK_GLOBAL_POSITION_INT_BRIDGE_REL_ALT,/uav1/rel_alt,,1,,93.891
8.583589,2026-09-01T20:06:53.684822+00:00,1788293213.684822321,,1788293214.290895939,MAVLINK_GLOBAL_POSITION_INT_BRIDGE_REL_ALT,/uav1/rel_alt,,1,,111.554
8.718319,2026-09-01T20:06:53.819554+00:00,1788293213.819553614,,1788293214.522739887,MAVLINK_GLOBAL_POSITION_INT_BRIDGE_REL_ALT,/uav1/rel_alt,,1,,134.727
8.815476,2026-09-01T20:06:53.916710+00:00,1788293213.916710377,,1788293214.572705984,MAVLINK_GLOBAL_POSITION_INT_BRIDGE_REL_ALT,/uav1/rel_alt,,1,,97.157
8.907624,2026-09-01T20:06:54.008857+00:00,1788293214.008857250,,1788293214.694623947,MAVLINK_GLOBAL_POSITION_INT_BRIDGE_REL_ALT,/uav1/rel_alt,,1,,92.148
9.022697,2026-09-01T20:06:54.123931+00:00,1788293214.123930693,,1788293214.694623947,MAVLINK_GLOBAL_POSITION_INT_BRIDGE_REL_ALT,/uav1/rel_alt,,1,,115.069
9.120970,2026-09-01T20:06:54.222204+00:00,1788293214.222204447,,1788293214.910479069,MAVLINK_GLOBAL_POSITION_INT_BRIDGE_REL_ALT,/uav1/rel_alt,,1,,98.272
9.207791,2026-09-01T20:06:54.309026+00:00,1788293214.309025526,,1788293214.970438957,MAVLINK_GLOBAL_POSITION_INT_BRIDGE_REL_ALT,/uav1/rel_alt,,1,,86.832
9.308056,2026-09-01T20:06:54.409291+00:00,1788293214.409290791,,1788293215.115340948,MAVLINK_GLOBAL_POSITION_INT_BRIDGE_REL_ALT,/uav1/rel_alt,,1,,100.257
9.403821,2026-09-01T20:06:54.505055+00:00,1788293214.505055189,,1788293215.178298950,MAVLINK_GLOBAL_POSITION_INT_BRIDGE_REL_ALT,/uav1/rel_alt,,1,,95.765
9.517965,2026-09-01T20:06:54.619200+00:00,1788293214.619199514,,1788293215.323200941,MAVLINK_GLOBAL_POSITION_INT_BRIDGE_REL_ALT,/uav1/rel_alt,,1,,114.144
9.650249,2026-09-01T20:06:54.751484+00:00,1788293214.751483679,,1788293215.409143925,MAVLINK_GLOBAL_POSITION_INT_BRIDGE_REL_ALT,/uav1/rel_alt,,1,,132.284
9.757319,2026-09-01T20:06:54.858555+00:00,1788293214.858554840,,1788293215.483093977,MAVLINK_GLOBAL_POSITION_INT_BRIDGE_REL_ALT,/uav1/rel_alt,,1,,107.066
9.849439,2026-09-01T20:06:54.950673+00:00,1788293214.950673103,,1788293215.605011940,MAVLINK_GLOBAL_POSITION_INT_BRIDGE_REL_ALT,/uav1/rel_alt,,1,,92.124
9.940751,2026-09-01T20:06:55.041985+00:00,1788293215.041984797,,1788293215.701946974,MAVLINK_GLOBAL_POSITION_INT_BRIDGE_REL_ALT,/uav1/rel_alt,,1,,91.316
10.050312,2026-09-01T20:06:55.151546+00:00,1788293215.151545763,,1788293215.774898052,MAVLINK_GLOBAL_POSITION_INT_BRIDGE_REL_ALT,/uav1/rel_alt,,1,,109.559
10.167829,2026-09-01T20:06:55.269063+00:00,1788293215.269063234,,1788293215.884824038,MAVLINK_GLOBAL_POSITION_INT_BRIDGE_REL_ALT,/uav1/rel_alt,,1,,117.518
10.292998,2026-09-01T20:06:55.394233+00:00,1788293215.394232988,,1788293215.957775116,MAVLINK_GLOBAL_POSITION_INT_BRIDGE_REL_ALT,/uav1/rel_alt,,1,,125.160
10.393403,2026-09-01T20:06:55.494637+00:00,1788293215.494637012,,1788293216.103677034,MAVLINK_GLOBAL_POSITION_INT_BRIDGE_REL_ALT,/uav1/rel_alt,,1,,100.408
10.477715,2026-09-01T20:06:55.578949+00:00,1788293215.578949451,,1788293216.213603020,MAVLINK_GLOBAL_POSITION_INT_BRIDGE_REL_ALT,/uav1/rel_alt,,1,,84.319
10.565239,2026-09-01T20:06:55.666473+00:00,1788293215.666473389,,1788293216.310538054,MAVLINK_GLOBAL_POSITION_INT_BRIDGE_REL_ALT,/uav1/rel_alt,,1,,87.523
10.686753,2026-09-01T20:06:55.787988+00:00,1788293215.787988186,,1788293216.408472061,MAVLINK_GLOBAL_POSITION_INT_BRIDGE_REL_ALT,/uav1/rel_alt,,1,,121.513
10.778050,2026-09-01T20:06:55.879284+00:00,1788293215.879284143,,1788293216.445446968,MAVLINK_GLOBAL_POSITION_INT_BRIDGE_REL_ALT,/uav1/rel_alt,,1,,91.301
10.886976,2026-09-01T20:06:55.988210+00:00,1788293215.988210201,,1788293216.615333080,MAVLINK_GLOBAL_POSITION_INT_BRIDGE_REL_ALT,/uav1/rel_alt,,1,,108.924
10.970938,2026-09-01T20:06:56.072171+00:00,1788293216.072171450,,1788293216.688283920,MAVLINK_GLOBAL_POSITION_INT_BRIDGE_REL_ALT,/uav1/rel_alt,,1,,83.966
11.101054,2026-09-01T20:06:56.202288+00:00,1788293216.202288151,,1788293216.823193073,MAVLINK_GLOBAL_POSITION_INT_BRIDGE_REL_ALT,/uav1/rel_alt,,1,,130.108
11.191496,2026-09-01T20:06:56.292731+00:00,1788293216.292730570,,1788293216.884151936,MAVLINK_GLOBAL_POSITION_INT_BRIDGE_REL_ALT,/uav1/rel_alt,,1,,90.447
11.291710,2026-09-01T20:06:56.392944+00:00,1788293216.392944336,,1788293216.956103086,MAVLINK_GLOBAL_POSITION_INT_BRIDGE_REL_ALT,/uav1/rel_alt,,1,,100.209
11.381022,2026-09-01T20:06:56.482256+00:00,1788293216.482256413,,1788293216.956103086,MAVLINK_GLOBAL_POSITION_INT_BRIDGE_REL_ALT,/uav1/rel_alt,,1,,89.315
11.479855,2026-09-01T20:06:56.581089+00:00,1788293216.581088543,,1788293217.212930918,MAVLINK_GLOBAL_POSITION_INT_BRIDGE_REL_ALT,/uav1/rel_alt,,1,,98.839
11.572704,2026-09-01T20:06:56.673939+00:00,1788293216.673938751,,1788293217.212930918,MAVLINK_GLOBAL_POSITION_INT_BRIDGE_REL_ALT,/uav1/rel_alt,,1,,92.848
11.686603,2026-09-01T20:06:56.787836+00:00,1788293216.787836075,,1788293217.347840071,MAVLINK_GLOBAL_POSITION_INT_BRIDGE_REL_ALT,/uav1/rel_alt,,1,,113.900
11.793707,2026-09-01T20:06:56.894941+00:00,1788293216.894941330,,1788293217.483748913,MAVLINK_GLOBAL_POSITION_INT_BRIDGE_REL_ALT,/uav1/rel_alt,,1,,107.102
11.907985,2026-09-01T20:06:57.009222+00:00,1788293217.009221792,,1788293217.568691015,MAVLINK_GLOBAL_POSITION_INT_BRIDGE_REL_ALT,/uav1/rel_alt,,1,,114.240
12.004255,2026-09-01T20:06:57.105490+00:00,1788293217.105489731,,1788293217.715593100,MAVLINK_GLOBAL_POSITION_INT_BRIDGE_REL_ALT,/uav1/rel_alt,,1,,96.305
12.107755,2026-09-01T20:06:57.208989+00:00,1788293217.208988905,,1788293217.776551962,MAVLINK_GLOBAL_POSITION_INT_BRIDGE_REL_ALT,/uav1/rel_alt,,1,,103.499
12.219936,2026-09-01T20:06:57.321171+00:00,1788293217.321170807,,1788293217.909461975,MAVLINK_GLOBAL_POSITION_INT_BRIDGE_REL_ALT,/uav1/rel_alt,,1,,112.179
12.315824,2026-09-01T20:06:57.417058+00:00,1788293217.417057514,,1788293217.970421076,MAVLINK_GLOBAL_POSITION_INT_BRIDGE_REL_ALT,/uav1/rel_alt,,1,,95.892
12.415753,2026-09-01T20:06:57.516987+00:00,1788293217.516987324,,1788293218.108329058,MAVLINK_GLOBAL_POSITION_INT_BRIDGE_REL_ALT,/uav1/rel_alt,,1,,99.927
12.501278,2026-09-01T20:06:57.602513+00:00,1788293217.602512598,,1788293218.191272974,MAVLINK_GLOBAL_POSITION_INT_BRIDGE_REL_ALT,/uav1/rel_alt,,1,,85.526
12.632454,2026-09-01T20:06:57.733687+00:00,1788293217.733686924,,1788293218.251231909,MAVLINK_GLOBAL_POSITION_INT_BRIDGE_REL_ALT,/uav1/rel_alt,,1,,131.174
12.752220,2026-09-01T20:06:57.853454+00:00,1788293217.853453636,,1788293218.373151064,MAVLINK_GLOBAL_POSITION_INT_BRIDGE_REL_ALT,/uav1/rel_alt,,1,,119.765
12.861141,2026-09-01T20:06:57.962375+00:00,1788293217.962375164,,1788293218.520051956,MAVLINK_GLOBAL_POSITION_INT_BRIDGE_REL_ALT,/uav1/rel_alt,,1,,108.922
12.944482,2026-09-01T20:06:58.045716+00:00,1788293218.045715809,,1788293218.604995012,MAVLINK_GLOBAL_POSITION_INT_BRIDGE_REL_ALT,/uav1/rel_alt,,1,,83.345
13.033850,2026-09-01T20:06:58.135084+00:00,1788293218.135084391,,1788293218.676945925,MAVLINK_GLOBAL_POSITION_INT_BRIDGE_REL_ALT,/uav1/rel_alt,,1,,89.364
13.141145,2026-09-01T20:06:58.242379+00:00,1788293218.242378950,,1788293218.811856031,MAVLINK_GLOBAL_POSITION_INT_BRIDGE_REL_ALT,/uav1/rel_alt,,1,,107.296
13.237994,2026-09-01T20:06:58.339228+00:00,1788293218.339228153,,1788293218.811856031,MAVLINK_GLOBAL_POSITION_INT_BRIDGE_REL_ALT,/uav1/rel_alt,,1,,96.849
13.336122,2026-09-01T20:06:58.437356+00:00,1788293218.437355995,,1788293218.993732929,MAVLINK_GLOBAL_POSITION_INT_BRIDGE_REL_ALT,/uav1/rel_alt,,1,,98.133
13.447315,2026-09-01T20:06:58.548549+00:00,1788293218.548548937,,1788293218.993732929,MAVLINK_GLOBAL_POSITION_INT_BRIDGE_REL_ALT,/uav1/rel_alt,,1,,111.188
13.539767,2026-09-01T20:06:58.641001+00:00,1788293218.641000986,,1788293219.177609921,MAVLINK_GLOBAL_POSITION_INT_BRIDGE_REL_ALT,/uav1/rel_alt,,1,,92.452
13.660243,2026-09-01T20:06:58.761477+00:00,1788293218.761476755,,1788293219.251559973,MAVLINK_GLOBAL_POSITION_INT_BRIDGE_REL_ALT,/uav1/rel_alt,,1,,120.478
13.756362,2026-09-01T20:06:58.857595+00:00,1788293218.857595444,,1788293219.251559973,MAVLINK_GLOBAL_POSITION_INT_BRIDGE_REL_ALT,/uav1/rel_alt,,1,,96.122
13.859608,2026-09-01T20:06:58.960843+00:00,1788293218.960842609,,1788293219.445429087,MAVLINK_GLOBAL_POSITION_INT_BRIDGE_REL_ALT,/uav1/rel_alt,,1,,103.242
13.975455,2026-09-01T20:06:59.076689+00:00,1788293219.076688528,,1788293219.544363022,MAVLINK_GLOBAL_POSITION_INT_BRIDGE_REL_ALT,/uav1/rel_alt,,1,,115.851
14.050508,2026-09-01T20:06:59.151742+00:00,1788293219.151742220,,1788293219.665282011,MAVLINK_GLOBAL_POSITION_INT_BRIDGE_REL_ALT,/uav1/rel_alt,,1,,75.050
14.156570,2026-09-01T20:06:59.257805+00:00,1788293219.257805109,,1788293219.751224041,MAVLINK_GLOBAL_POSITION_INT_BRIDGE_REL_ALT,/uav1/rel_alt,,1,,106.058
14.252980,2026-09-01T20:06:59.354215+00:00,1788293219.354214668,,1788293219.873142004,MAVLINK_GLOBAL_POSITION_INT_BRIDGE_REL_ALT,/uav1/rel_alt,,1,,96.411
14.390459,2026-09-01T20:06:59.491693+00:00,1788293219.491693020,,1788293219.958085060,MAVLINK_GLOBAL_POSITION_INT_BRIDGE_REL_ALT,/uav1/rel_alt,,1,,137.482
14.469101,2026-09-01T20:06:59.570335+00:00,1788293219.570335388,,1788293220.043028116,MAVLINK_GLOBAL_POSITION_INT_BRIDGE_REL_ALT,/uav1/rel_alt,,1,,78.646
14.568987,2026-09-01T20:06:59.670222+00:00,1788293219.670221806,,1788293220.152954102,MAVLINK_GLOBAL_POSITION_INT_BRIDGE_REL_ALT,/uav1/rel_alt,,1,,99.887
14.684390,2026-09-01T20:06:59.785624+00:00,1788293219.785624266,,1788293220.323838949,MAVLINK_GLOBAL_POSITION_INT_BRIDGE_REL_ALT,/uav1/rel_alt,,1,,115.404
14.778689,2026-09-01T20:06:59.879922+00:00,1788293219.879922390,,1788293220.335830927,MAVLINK_GLOBAL_POSITION_INT_BRIDGE_REL_ALT,/uav1/rel_alt,,1,,94.298
14.919433,2026-09-01T20:07:00.020668+00:00,1788293220.020667791,,1788293220.432765961,MAVLINK_GLOBAL_POSITION_INT_BRIDGE_REL_ALT,/uav1/rel_alt,,1,,140.739
15.011456,2026-09-01T20:07:00.112691+00:00,1788293220.112690926,,1788293220.576668978,MAVLINK_GLOBAL_POSITION_INT_BRIDGE_REL_ALT,/uav1/rel_alt,,1,,92.021
15.094775,2026-09-01T20:07:00.196008+00:00,1788293220.196008444,,1788293220.698586941,MAVLINK_GLOBAL_POSITION_INT_BRIDGE_REL_ALT,/uav1/rel_alt,,1,,83.324
15.195524,2026-09-01T20:07:00.296758+00:00,1788293220.296757698,,1788293220.795521975,MAVLINK_GLOBAL_POSITION_INT_BRIDGE_REL_ALT,/uav1/rel_alt,,1,,100.748
15.296610,2026-09-01T20:07:00.397845+00:00,1788293220.397844791,,1788293220.856481075,MAVLINK_GLOBAL_POSITION_INT_BRIDGE_REL_ALT,/uav1/rel_alt,,1,,101.086
15.419622,2026-09-01T20:07:00.520855+00:00,1788293220.520855188,,1788293220.966407061,MAVLINK_GLOBAL_POSITION_INT_BRIDGE_REL_ALT,/uav1/rel_alt,,1,,123.011
15.525269,2026-09-01T20:07:00.626503+00:00,1788293220.626502514,,1788293221.124300003,MAVLINK_GLOBAL_POSITION_INT_BRIDGE_REL_ALT,/uav1/rel_alt,,1,,105.643
15.604886,2026-09-01T20:07:00.706120+00:00,1788293220.706119537,,1788293221.210242987,MAVLINK_GLOBAL_POSITION_INT_BRIDGE_REL_ALT,/uav1/rel_alt,,1,,79.621
15.710940,2026-09-01T20:07:00.812175+00:00,1788293220.812174797,,1788293221.304179907,MAVLINK_GLOBAL_POSITION_INT_BRIDGE_REL_ALT,/uav1/rel_alt,,1,,106.055
15.805718,2026-09-01T20:07:00.906952+00:00,1788293220.906952381,,1788293221.387124062,MAVLINK_GLOBAL_POSITION_INT_BRIDGE_REL_ALT,/uav1/rel_alt,,1,,94.779
15.943818,2026-09-01T20:07:01.045052+00:00,1788293221.045052052,,1788293221.483058929,MAVLINK_GLOBAL_POSITION_INT_BRIDGE_REL_ALT,/uav1/rel_alt,,1,,138.097
16.039340,2026-09-01T20:07:01.140574+00:00,1788293221.140574455,,1788293221.530028105,MAVLINK_GLOBAL_POSITION_INT_BRIDGE_REL_ALT,/uav1/rel_alt,,1,,95.520
16.136657,2026-09-01T20:07:01.237890+00:00,1788293221.237890482,,1788293221.700912952,MAVLINK_GLOBAL_POSITION_INT_BRIDGE_REL_ALT,/uav1/rel_alt,,1,,97.319
16.234563,2026-09-01T20:07:01.335797+00:00,1788293221.335796833,,1788293221.797847986,MAVLINK_GLOBAL_POSITION_INT_BRIDGE_REL_ALT,/uav1/rel_alt,,1,,97.906
16.352953,2026-09-01T20:07:01.454187+00:00,1788293221.454186916,,1788293221.847814083,MAVLINK_GLOBAL_POSITION_INT_BRIDGE_REL_ALT,/uav1/rel_alt,,1,,118.390
16.452027,2026-09-01T20:07:01.553261+00:00,1788293221.553261280,,1788293221.993716002,MAVLINK_GLOBAL_POSITION_INT_BRIDGE_REL_ALT,/uav1/rel_alt,,1,,99.075
16.545605,2026-09-01T20:07:01.646838+00:00,1788293221.646837950,,1788293222.078659058,MAVLINK_GLOBAL_POSITION_INT_BRIDGE_REL_ALT,/uav1/rel_alt,,1,,93.576
16.635728,2026-09-01T20:07:01.736963+00:00,1788293221.736962557,,1788293222.175594091,MAVLINK_GLOBAL_POSITION_INT_BRIDGE_REL_ALT,/uav1/rel_alt,,1,,90.118
16.756504,2026-09-01T20:07:01.857738+00:00,1788293221.857738495,,1788293222.285520077,MAVLINK_GLOBAL_POSITION_INT_BRIDGE_REL_ALT,/uav1/rel_alt,,1,,120.783
16.854346,2026-09-01T20:07:01.955580+00:00,1788293221.955579758,,1788293222.285520077,MAVLINK_GLOBAL_POSITION_INT_BRIDGE_REL_ALT,/uav1/rel_alt,,1,,97.844
16.975131,2026-09-01T20:07:02.076366+00:00,1788293222.076366186,,1788293222.468396902,MAVLINK_GLOBAL_POSITION_INT_BRIDGE_REL_ALT,/uav1/rel_alt,,1,,120.777
17.078955,2026-09-01T20:07:02.180189+00:00,1788293222.180189371,,1788293222.614299059,MAVLINK_GLOBAL_POSITION_INT_BRIDGE_REL_ALT,/uav1/rel_alt,,1,,103.829
17.170968,2026-09-01T20:07:02.272202+00:00,1788293222.272201538,,1788293222.724225044,MAVLINK_GLOBAL_POSITION_INT_BRIDGE_REL_ALT,/uav1/rel_alt,,1,,92.010
17.271592,2026-09-01T20:07:02.372826+00:00,1788293222.372825861,,1788293222.772192001,MAVLINK_GLOBAL_POSITION_INT_BRIDGE_REL_ALT,/uav1/rel_alt,,1,,100.628
17.376634,2026-09-01T20:07:02.477869+00:00,1788293222.477868795,,1788293222.904103994,MAVLINK_GLOBAL_POSITION_INT_BRIDGE_REL_ALT,/uav1/rel_alt,,1,,105.037
17.464962,2026-09-01T20:07:02.566196+00:00,1788293222.566196442,,1788293223.001038074,MAVLINK_GLOBAL_POSITION_INT_BRIDGE_REL_ALT,/uav1/rel_alt,,1,,88.334
17.573636,2026-09-01T20:07:02.674870+00:00,1788293222.674869776,,1788293223.098973036,MAVLINK_GLOBAL_POSITION_INT_BRIDGE_REL_ALT,/uav1/rel_alt,,1,,108.672
17.660501,2026-09-01T20:07:02.761736+00:00,1788293222.761735678,,1788293223.196907043,MAVLINK_GLOBAL_POSITION_INT_BRIDGE_REL_ALT,/uav1/rel_alt,,1,,86.861
17.773808,2026-09-01T20:07:02.875042+00:00,1788293222.875042200,,1788293223.244874954,MAVLINK_GLOBAL_POSITION_INT_BRIDGE_REL_ALT,/uav1/rel_alt,,1,,113.312
17.872809,2026-09-01T20:07:02.974044+00:00,1788293222.974043846,,1788293223.366792917,MAVLINK_GLOBAL_POSITION_INT_BRIDGE_REL_ALT,/uav1/rel_alt,,1,,99.004
18.002439,2026-09-01T20:07:03.103673+00:00,1788293223.103672981,,1788293223.464726925,MAVLINK_GLOBAL_POSITION_INT_BRIDGE_REL_ALT,/uav1/rel_alt,,1,,129.622
18.102790,2026-09-01T20:07:03.204024+00:00,1788293223.204023838,,1788293223.563659906,MAVLINK_GLOBAL_POSITION_INT_BRIDGE_REL_ALT,/uav1/rel_alt,,1,,100.352
18.196286,2026-09-01T20:07:03.297520+00:00,1788293223.297519684,,1788293223.720555067,MAVLINK_GLOBAL_POSITION_INT_BRIDGE_REL_ALT,/uav1/rel_alt,,1,,93.500
18.288430,2026-09-01T20:07:03.389663+00:00,1788293223.389663458,,1788293223.720555067,MAVLINK_GLOBAL_POSITION_INT_BRIDGE_REL_ALT,/uav1/rel_alt,,1,,92.140
18.386763,2026-09-01T20:07:03.487997+00:00,1788293223.487997293,,1788293223.892438889,MAVLINK_GLOBAL_POSITION_INT_BRIDGE_REL_ALT,/uav1/rel_alt,,1,,98.335
18.539880,2026-09-01T20:07:03.641114+00:00,1788293223.641113758,,1788293223.892438889,MAVLINK_GLOBAL_POSITION_INT_BRIDGE_REL_ALT,/uav1/rel_alt,,1,,153.115
18.624962,2026-09-01T20:07:03.726196+00:00,1788293223.726196051,,1788293224.025350094,MAVLINK_GLOBAL_POSITION_INT_BRIDGE_REL_ALT,/uav1/rel_alt,,1,,85.082
18.722088,2026-09-01T20:07:03.823322+00:00,1788293223.823322058,,1788293224.025350094,MAVLINK_GLOBAL_POSITION_INT_BRIDGE_REL_ALT,/uav1/rel_alt,,1,,97.124
18.831506,2026-09-01T20:07:03.932742+00:00,1788293223.932742357,,1788293224.316154003,MAVLINK_GLOBAL_POSITION_INT_BRIDGE_REL_ALT,/uav1/rel_alt,,1,,109.417
18.929861,2026-09-01T20:07:04.031094+00:00,1788293224.031094313,,1788293224.316154003,MAVLINK_GLOBAL_POSITION_INT_BRIDGE_REL_ALT,/uav1/rel_alt,,1,,98.355
19.063341,2026-09-01T20:07:04.164575+00:00,1788293224.164574623,,1788293224.522016048,MAVLINK_GLOBAL_POSITION_INT_BRIDGE_REL_ALT,/uav1/rel_alt,,1,,133.488
19.142869,2026-09-01T20:07:04.244103+00:00,1788293224.244103193,,1788293224.594966888,MAVLINK_GLOBAL_POSITION_INT_BRIDGE_REL_ALT,/uav1/rel_alt,,1,,79.523
19.222618,2026-09-01T20:07:04.323853+00:00,1788293224.323852539,,1788293224.708889961,MAVLINK_GLOBAL_POSITION_INT_BRIDGE_REL_ALT,/uav1/rel_alt,,1,,79.752
19.325057,2026-09-01T20:07:04.426291+00:00,1788293224.426291466,,1788293224.756858110,MAVLINK_GLOBAL_POSITION_INT_BRIDGE_REL_ALT,/uav1/rel_alt,,1,,102.435
19.440876,2026-09-01T20:07:04.542111+00:00,1788293224.542110920,,1788293224.887769938,MAVLINK_GLOBAL_POSITION_INT_BRIDGE_REL_ALT,/uav1/rel_alt,,1,,115.818
19.552062,2026-09-01T20:07:04.653307+00:00,1788293224.653307199,,1788293224.993699074,MAVLINK_GLOBAL_POSITION_INT_BRIDGE_REL_ALT,/uav1/rel_alt,,1,,111.187
19.654578,2026-09-01T20:07:04.755813+00:00,1788293224.755812645,,1788293225.116616011,MAVLINK_GLOBAL_POSITION_INT_BRIDGE_REL_ALT,/uav1/rel_alt,,1,,102.516
19.751370,2026-09-01T20:07:04.852603+00:00,1788293224.852603197,,1788293225.189567089,MAVLINK_GLOBAL_POSITION_INT_BRIDGE_REL_ALT,/uav1/rel_alt,,1,,96.788
19.857806,2026-09-01T20:07:04.959040+00:00,1788293224.959040403,,1788293225.298494101,MAVLINK_GLOBAL_POSITION_INT_BRIDGE_REL_ALT,/uav1/rel_alt,,1,,106.442
19.949456,2026-09-01T20:07:05.050691+00:00,1788293225.050690889,,1788293225.399425983,MAVLINK_GLOBAL_POSITION_INT_BRIDGE_REL_ALT,/uav1/rel_alt,,1,,91.650
20.070624,2026-09-01T20:07:05.171858+00:00,1788293225.171857834,,1788293225.399425983,MAVLINK_GLOBAL_POSITION_INT_BRIDGE_REL_ALT,/uav1/rel_alt,,1,,121.167
20.171641,2026-09-01T20:07:05.272875+00:00,1788293225.272875309,,1788293225.579304934,MAVLINK_GLOBAL_POSITION_INT_BRIDGE_REL_ALT,/uav1/rel_alt,,1,,101.018
20.254479,2026-09-01T20:07:05.355712+00:00,1788293225.355711937,,1788293225.579304934,MAVLINK_GLOBAL_POSITION_INT_BRIDGE_REL_ALT,/uav1/rel_alt,,1,,82.841
20.373202,2026-09-01T20:07:05.474435+00:00,1788293225.474435329,,1788293225.762181997,MAVLINK_GLOBAL_POSITION_INT_BRIDGE_REL_ALT,/uav1/rel_alt,,1,,118.718
20.460316,2026-09-01T20:07:05.561550+00:00,1788293225.561550140,,1788293225.762181997,MAVLINK_GLOBAL_POSITION_INT_BRIDGE_REL_ALT,/uav1/rel_alt,,1,,87.111
20.606467,2026-09-01T20:07:05.707701+00:00,1788293225.707701206,,1788293226.003020048,MAVLINK_GLOBAL_POSITION_INT_BRIDGE_REL_ALT,/uav1/rel_alt,,1,,146.154
20.699600,2026-09-01T20:07:05.800835+00:00,1788293225.800834656,,1788293226.111947060,MAVLINK_GLOBAL_POSITION_INT_BRIDGE_REL_ALT,/uav1/rel_alt,,1,,93.135
20.779026,2026-09-01T20:07:05.880260+00:00,1788293225.880260468,,1788293226.185897112,MAVLINK_GLOBAL_POSITION_INT_BRIDGE_REL_ALT,/uav1/rel_alt,,1,,79.427
20.884583,2026-09-01T20:07:05.985818+00:00,1788293225.985817909,,1788293226.185897112,MAVLINK_GLOBAL_POSITION_INT_BRIDGE_REL_ALT,/uav1/rel_alt,,1,,105.553
20.987681,2026-09-01T20:07:06.088915+00:00,1788293226.088915348,,1788293226.331799030,MAVLINK_GLOBAL_POSITION_INT_BRIDGE_REL_ALT,/uav1/rel_alt,,1,,103.096
21.102990,2026-09-01T20:07:06.204225+00:00,1788293226.204224586,,1788293226.488692999,MAVLINK_GLOBAL_POSITION_INT_BRIDGE_REL_ALT,/uav1/rel_alt,,1,,115.313
21.212048,2026-09-01T20:07:06.313282+00:00,1788293226.313282251,,1788293226.593622923,MAVLINK_GLOBAL_POSITION_INT_BRIDGE_REL_ALT,/uav1/rel_alt,,1,,109.053
21.295269,2026-09-01T20:07:06.396503+00:00,1788293226.396503448,,1788293226.676567078,MAVLINK_GLOBAL_POSITION_INT_BRIDGE_REL_ALT,/uav1/rel_alt,,1,,83.224
21.412079,2026-09-01T20:07:06.513313+00:00,1788293226.513312578,,1788293226.797486067,MAVLINK_GLOBAL_POSITION_INT_BRIDGE_REL_ALT,/uav1/rel_alt,,1,,116.801
21.494716,2026-09-01T20:07:06.595950+00:00,1788293226.595949888,,1788293226.895420074,MAVLINK_GLOBAL_POSITION_INT_BRIDGE_REL_ALT,/uav1/rel_alt,,1,,82.646
21.605373,2026-09-01T20:07:06.706608+00:00,1788293226.706607580,,1788293226.895420074,MAVLINK_GLOBAL_POSITION_INT_BRIDGE_REL_ALT,/uav1/rel_alt,,1,,110.659
21.699332,2026-09-01T20:07:06.800566+00:00,1788293226.800566196,,1788293227.041321993,MAVLINK_GLOBAL_POSITION_INT_BRIDGE_REL_ALT,/uav1/rel_alt,,1,,93.957
21.799053,2026-09-01T20:07:06.900287+00:00,1788293226.900286913,,1788293227.185225010,MAVLINK_GLOBAL_POSITION_INT_BRIDGE_REL_ALT,/uav1/rel_alt,,1,,99.724
21.912326,2026-09-01T20:07:07.013561+00:00,1788293227.013560772,,1788293227.318135023,MAVLINK_GLOBAL_POSITION_INT_BRIDGE_REL_ALT,/uav1/rel_alt,,1,,113.274
22.016370,2026-09-01T20:07:07.117605+00:00,1788293227.117605448,,1788293227.367103100,MAVLINK_GLOBAL_POSITION_INT_BRIDGE_REL_ALT,/uav1/rel_alt,,1,,104.036
22.124079,2026-09-01T20:07:07.225313+00:00,1788293227.225313425,,1788293227.492018938,MAVLINK_GLOBAL_POSITION_INT_BRIDGE_REL_ALT,/uav1/rel_alt,,1,,107.704
22.259813,2026-09-01T20:07:07.361049+00:00,1788293227.361048937,,1788293227.492018938,MAVLINK_GLOBAL_POSITION_INT_BRIDGE_REL_ALT,/uav1/rel_alt,,1,,135.728
22.371579,2026-09-01T20:07:07.472813+00:00,1788293227.472813368,,1788293227.711870909,MAVLINK_GLOBAL_POSITION_INT_BRIDGE_REL_ALT,/uav1/rel_alt,,1,,111.777
22.474405,2026-09-01T20:07:07.575638+00:00,1788293227.575638294,,1788293227.748846054,MAVLINK_GLOBAL_POSITION_INT_BRIDGE_REL_ALT,/uav1/rel_alt,,1,,102.829
22.557160,2026-09-01T20:07:07.658393+00:00,1788293227.658393383,,1788293227.748846054,MAVLINK_GLOBAL_POSITION_INT_BRIDGE_REL_ALT,/uav1/rel_alt,,1,,82.751
22.660580,2026-09-01T20:07:07.761814+00:00,1788293227.761814117,,1788293228.007672071,MAVLINK_GLOBAL_POSITION_INT_BRIDGE_REL_ALT,/uav1/rel_alt,,1,,103.425
22.760411,2026-09-01T20:07:07.861645+00:00,1788293227.861645460,,1788293228.117598057,MAVLINK_GLOBAL_POSITION_INT_BRIDGE_REL_ALT,/uav1/rel_alt,,1,,99.829
22.865113,2026-09-01T20:07:07.966347+00:00,1788293227.966346502,,1788293228.226525068,MAVLINK_GLOBAL_POSITION_INT_BRIDGE_REL_ALT,/uav1/rel_alt,,1,,104.703
22.962970,2026-09-01T20:07:08.064204+00:00,1788293228.064203978,,1788293228.287483931,MAVLINK_GLOBAL_POSITION_INT_BRIDGE_REL_ALT,/uav1/rel_alt,,1,,97.855
23.097780,2026-09-01T20:07:08.199015+00:00,1788293228.199015379,,1788293228.385417938,MAVLINK_GLOBAL_POSITION_INT_BRIDGE_REL_ALT,/uav1/rel_alt,,1,,134.810
23.198512,2026-09-01T20:07:08.299746+00:00,1788293228.299746037,,1788293228.385417938,MAVLINK_GLOBAL_POSITION_INT_BRIDGE_REL_ALT,/uav1/rel_alt,,1,,100.733
23.289328,2026-09-01T20:07:08.390562+00:00,1788293228.390562296,,1788293228.531320095,MAVLINK_GLOBAL_POSITION_INT_BRIDGE_REL_ALT,/uav1/rel_alt,,1,,90.817
23.392042,2026-09-01T20:07:08.493275+00:00,1788293228.493275404,,1788293228.714196920,MAVLINK_GLOBAL_POSITION_INT_BRIDGE_REL_ALT,/uav1/rel_alt,,1,,102.709
23.475293,2026-09-01T20:07:08.576527+00:00,1788293228.576527119,,1788293228.811131001,MAVLINK_GLOBAL_POSITION_INT_BRIDGE_REL_ALT,/uav1/rel_alt,,1,,83.257
23.597693,2026-09-01T20:07:08.698927+00:00,1788293228.698926926,,1788293228.811131001,MAVLINK_GLOBAL_POSITION_INT_BRIDGE_REL_ALT,/uav1/rel_alt,,1,,122.400
23.689099,2026-09-01T20:07:08.790334+00:00,1788293228.790333986,,1788293229.007998943,MAVLINK_GLOBAL_POSITION_INT_BRIDGE_REL_ALT,/uav1/rel_alt,,1,,91.404
23.804948,2026-09-01T20:07:08.906182+00:00,1788293228.906182289,,1788293229.115926981,MAVLINK_GLOBAL_POSITION_INT_BRIDGE_REL_ALT,/uav1/rel_alt,,1,,115.850
23.894161,2026-09-01T20:07:08.995395+00:00,1788293228.995394707,,1788293229.214859962,MAVLINK_GLOBAL_POSITION_INT_BRIDGE_REL_ALT,/uav1/rel_alt,,1,,89.212
24.004536,2026-09-01T20:07:09.105770+00:00,1788293229.105770350,,1788293229.237844944,MAVLINK_GLOBAL_POSITION_INT_BRIDGE_REL_ALT,/uav1/rel_alt,,1,,110.373
24.117599,2026-09-01T20:07:09.218833+00:00,1788293229.218832970,,1788293229.237844944,MAVLINK_GLOBAL_POSITION_INT_BRIDGE_REL_ALT,/uav1/rel_alt,,1,,113.065
24.231955,2026-09-01T20:07:09.333190+00:00,1788293229.333189964,,1788293229.432713032,MAVLINK_GLOBAL_POSITION_INT_BRIDGE_REL_ALT,/uav1/rel_alt,,1,,114.357
24.337531,2026-09-01T20:07:09.438765+00:00,1788293229.438765287,,1788293229.579615116,MAVLINK_GLOBAL_POSITION_INT_BRIDGE_REL_ALT,/uav1/rel_alt,,1,,105.576
24.422566,2026-09-01T20:07:09.523800+00:00,1788293229.523799896,,1788293229.688540936,MAVLINK_GLOBAL_POSITION_INT_BRIDGE_REL_ALT,/uav1/rel_alt,,1,,85.032
24.525901,2026-09-01T20:07:09.627136+00:00,1788293229.627135754,,1788293229.823451042,MAVLINK_GLOBAL_POSITION_INT_BRIDGE_REL_ALT,/uav1/rel_alt,,1,,103.331
24.622354,2026-09-01T20:07:09.723588+00:00,1788293229.723587751,,1788293229.917387962,MAVLINK_GLOBAL_POSITION_INT_BRIDGE_REL_ALT,/uav1/rel_alt,,1,,96.459
24.716755,2026-09-01T20:07:09.817989+00:00,1788293229.817989349,,1788293229.990339041,MAVLINK_GLOBAL_POSITION_INT_BRIDGE_REL_ALT,/uav1/rel_alt,,1,,94.402
24.834938,2026-09-01T20:07:09.936172+00:00,1788293229.936172009,,1788293230.051297903,MAVLINK_GLOBAL_POSITION_INT_BRIDGE_REL_ALT,/uav1/rel_alt,,1,,118.173
24.930962,2026-09-01T20:07:10.032196+00:00,1788293230.032195807,,1788293230.146234035,MAVLINK_GLOBAL_POSITION_INT_BRIDGE_REL_ALT,/uav1/rel_alt,,1,,96.031
25.032042,2026-09-01T20:07:10.133276+00:00,1788293230.133276224,,1788293230.302129030,MAVLINK_GLOBAL_POSITION_INT_BRIDGE_REL_ALT,/uav1/rel_alt,,1,,101.078
25.165869,2026-09-01T20:07:10.267103+00:00,1788293230.267102718,,1788293230.423048019,MAVLINK_GLOBAL_POSITION_INT_BRIDGE_REL_ALT,/uav1/rel_alt,,1,,133.832
25.285289,2026-09-01T20:07:10.386524+00:00,1788293230.386524200,,1788293230.508990049,MAVLINK_GLOBAL_POSITION_INT_BRIDGE_REL_ALT,/uav1/rel_alt,,1,,119.415
25.377593,2026-09-01T20:07:10.478827+00:00,1788293230.478827238,,1788293230.615917921,MAVLINK_GLOBAL_POSITION_INT_BRIDGE_REL_ALT,/uav1/rel_alt,,1,,92.308
25.455037,2026-09-01T20:07:10.556272+00:00,1788293230.556271553,,1788293230.615917921,MAVLINK_GLOBAL_POSITION_INT_BRIDGE_REL_ALT,/uav1/rel_alt,,1,,77.439
25.569657,2026-09-01T20:07:10.670891+00:00,1788293230.670891047,,1788293230.749828100,MAVLINK_GLOBAL_POSITION_INT_BRIDGE_REL_ALT,/uav1/rel_alt,,1,,114.622
25.663019,2026-09-01T20:07:10.764253+00:00,1788293230.764253139,,1788293230.907721996,MAVLINK_GLOBAL_POSITION_INT_BRIDGE_REL_ALT,/uav1/rel_alt,,1,,93.364
25.755015,2026-09-01T20:07:10.856249+00:00,1788293230.856249094,,1788293231.005656004,MAVLINK_GLOBAL_POSITION_INT_BRIDGE_REL_ALT,/uav1/rel_alt,,1,,91.992
25.885292,2026-09-01T20:07:10.986527+00:00,1788293230.986526966,,1788293231.126574039,MAVLINK_GLOBAL_POSITION_INT_BRIDGE_REL_ALT,/uav1/rel_alt,,1,,130.282
26.003038,2026-09-01T20:07:11.104273+00:00,1788293231.104272842,,1788293231.187532902,MAVLINK_GLOBAL_POSITION_INT_BRIDGE_REL_ALT,/uav1/rel_alt,,1,,117.745
26.102533,2026-09-01T20:07:11.203767+00:00,1788293231.203767300,,1788293231.187532902,MAVLINK_GLOBAL_POSITION_INT_BRIDGE_REL_ALT,/uav1/rel_alt,,1,,99.499
26.184151,2026-09-01T20:07:11.285392+00:00,1788293231.285391569,,1788293231.187532902,MAVLINK_GLOBAL_POSITION_INT_BRIDGE_REL_ALT,/uav1/rel_alt,,1,,81.576
26.339489,2026-09-01T20:07:11.440723+00:00,1788293231.440722942,,1788293231.187532902,MAVLINK_GLOBAL_POSITION_INT_BRIDGE_REL_ALT,/uav1/rel_alt,,1,,155.374
26.498667,2026-09-01T20:07:11.599901+00:00,1788293231.599900723,,1788293231.578270912,MAVLINK_GLOBAL_POSITION_INT_BRIDGE_REL_ALT,/uav1/rel_alt,,1,,159.179
26.614242,2026-09-01T20:07:11.715477+00:00,1788293231.715476990,,1788293231.724173069,MAVLINK_GLOBAL_POSITION_INT_BRIDGE_REL_ALT,/uav1/rel_alt,,1,,115.574
26.690377,2026-09-01T20:07:11.791611+00:00,1788293231.791611195,,1788293231.772140026,MAVLINK_GLOBAL_POSITION_INT_BRIDGE_REL_ALT,/uav1/rel_alt,,1,,76.137
26.768908,2026-09-01T20:07:11.870142+00:00,1788293231.870142221,,1788293231.896056890,MAVLINK_GLOBAL_POSITION_INT_BRIDGE_REL_ALT,/uav1/rel_alt,,1,,78.531
26.864324,2026-09-01T20:07:11.965558+00:00,1788293231.965558290,,1788293231.956017017,MAVLINK_GLOBAL_POSITION_INT_BRIDGE_REL_ALT,/uav1/rel_alt,,1,,95.415
26.959721,2026-09-01T20:07:12.060956+00:00,1788293232.060956240,,1788293231.956017017,MAVLINK_GLOBAL_POSITION_INT_BRIDGE_REL_ALT,/uav1/rel_alt,,1,,95.395
27.080136,2026-09-01T20:07:12.181371+00:00,1788293232.181370974,,1788293232.220839024,MAVLINK_GLOBAL_POSITION_INT_BRIDGE_REL_ALT,/uav1/rel_alt,,1,,120.421
27.152523,2026-09-01T20:07:12.253757+00:00,1788293232.253757000,,1788293232.220839024,MAVLINK_GLOBAL_POSITION_INT_BRIDGE_REL_ALT,/uav1/rel_alt,,1,,72.381
27.249231,2026-09-01T20:07:12.350466+00:00,1788293232.350465775,,1788293232.379731894,MAVLINK_GLOBAL_POSITION_INT_BRIDGE_REL_ALT,/uav1/rel_alt,,1,,96.710
27.365056,2026-09-01T20:07:12.466291+00:00,1788293232.466290712,,1788293232.488658905,MAVLINK_GLOBAL_POSITION_INT_BRIDGE_REL_ALT,/uav1/rel_alt,,1,,115.826
27.456601,2026-09-01T20:07:12.557836+00:00,1788293232.557835579,,1788293232.546619892,MAVLINK_GLOBAL_POSITION_INT_BRIDGE_REL_ALT,/uav1/rel_alt,,1,,91.542
27.556598,2026-09-01T20:07:12.657832+00:00,1788293232.657832384,,1788293232.702514887,MAVLINK_GLOBAL_POSITION_INT_BRIDGE_REL_ALT,/uav1/rel_alt,,1,,100.000
27.637553,2026-09-01T20:07:12.738786+00:00,1788293232.738785982,,1788293232.702514887,MAVLINK_GLOBAL_POSITION_INT_BRIDGE_REL_ALT,/uav1/rel_alt,,1,,80.957
27.733302,2026-09-01T20:07:12.834536+00:00,1788293232.834535837,,1788293232.702514887,MAVLINK_GLOBAL_POSITION_INT_BRIDGE_REL_ALT,/uav1/rel_alt,,1,,95.746
27.854386,2026-09-01T20:07:12.955620+00:00,1788293232.955620050,,1788293233.019301891,MAVLINK_GLOBAL_POSITION_INT_BRIDGE_REL_ALT,/uav1/rel_alt,,1,,121.085
27.962859,2026-09-01T20:07:13.064093+00:00,1788293233.064093351,,1788293233.019301891,MAVLINK_GLOBAL_POSITION_INT_BRIDGE_REL_ALT,/uav1/rel_alt,,1,,108.464
28.040358,2026-09-01T20:07:13.141593+00:00,1788293233.141592741,,1788293233.162205935,MAVLINK_GLOBAL_POSITION_INT_BRIDGE_REL_ALT,/uav1/rel_alt,,1,,77.507
28.153148,2026-09-01T20:07:13.254381+00:00,1788293233.254381418,,1788293233.299113989,MAVLINK_GLOBAL_POSITION_INT_BRIDGE_REL_ALT,/uav1/rel_alt,,1,,112.791
28.247378,2026-09-01T20:07:13.348612+00:00,1788293233.348612070,,1788293233.336088896,MAVLINK_GLOBAL_POSITION_INT_BRIDGE_REL_ALT,/uav1/rel_alt,,1,,94.228
28.450029,2026-09-01T20:07:13.551264+00:00,1788293233.551263809,,1788293233.518965960,MAVLINK_GLOBAL_POSITION_INT_BRIDGE_REL_ALT,/uav1/rel_alt,,1,,202.648
28.530972,2026-09-01T20:07:13.632206+00:00,1788293233.632205963,,1788293233.612903118,MAVLINK_GLOBAL_POSITION_INT_BRIDGE_REL_ALT,/uav1/rel_alt,,1,,80.947
28.617816,2026-09-01T20:07:13.719050+00:00,1788293233.719049931,,1788293233.718831062,MAVLINK_GLOBAL_POSITION_INT_BRIDGE_REL_ALT,/uav1/rel_alt,,1,,86.845
28.715491,2026-09-01T20:07:13.816725+00:00,1788293233.816725254,,1788293233.718831062,MAVLINK_GLOBAL_POSITION_INT_BRIDGE_REL_ALT,/uav1/rel_alt,,1,,97.674
28.816093,2026-09-01T20:07:13.917327+00:00,1788293233.917326927,,1788293233.864732981,MAVLINK_GLOBAL_POSITION_INT_BRIDGE_REL_ALT,/uav1/rel_alt,,1,,100.603
28.929451,2026-09-01T20:07:14.030685+00:00,1788293234.030685425,,1788293233.936685085,MAVLINK_GLOBAL_POSITION_INT_BRIDGE_REL_ALT,/uav1/rel_alt,,1,,113.355
29.032080,2026-09-01T20:07:14.133314+00:00,1788293234.133314133,,1788293234.059602022,MAVLINK_GLOBAL_POSITION_INT_BRIDGE_REL_ALT,/uav1/rel_alt,,1,,102.623
29.118626,2026-09-01T20:07:14.219859+00:00,1788293234.219859362,,1788293234.143546104,MAVLINK_GLOBAL_POSITION_INT_BRIDGE_REL_ALT,/uav1/rel_alt,,1,,86.551
29.213197,2026-09-01T20:07:14.314432+00:00,1788293234.314431906,,1788293234.143546104,MAVLINK_GLOBAL_POSITION_INT_BRIDGE_REL_ALT,/uav1/rel_alt,,1,,94.572
29.333472,2026-09-01T20:07:14.434707+00:00,1788293234.434706688,,1788293234.424356937,MAVLINK_GLOBAL_POSITION_INT_BRIDGE_REL_ALT,/uav1/rel_alt,,1,,120.271
29.463531,2026-09-01T20:07:14.564765+00:00,1788293234.564765215,,1788293234.521291971,MAVLINK_GLOBAL_POSITION_INT_BRIDGE_REL_ALT,/uav1/rel_alt,,1,,130.069
29.529823,2026-09-01T20:07:14.631057+00:00,1788293234.631056786,,1788293234.582251072,MAVLINK_GLOBAL_POSITION_INT_BRIDGE_REL_ALT,/uav1/rel_alt,,1,,66.289
29.616297,2026-09-01T20:07:14.717531+00:00,1788293234.717531443,,1788293234.655201912,MAVLINK_GLOBAL_POSITION_INT_BRIDGE_REL_ALT,/uav1/rel_alt,,1,,86.477
29.697555,2026-09-01T20:07:14.798788+00:00,1788293234.798788309,,1788293234.655201912,MAVLINK_GLOBAL_POSITION_INT_BRIDGE_REL_ALT,/uav1/rel_alt,,1,,81.256
29.818034,2026-09-01T20:07:14.919268+00:00,1788293234.919267654,,1788293234.913028002,MAVLINK_GLOBAL_POSITION_INT_BRIDGE_REL_ALT,/uav1/rel_alt,,1,,120.473
29.944590,2026-09-01T20:07:15.045824+00:00,1788293235.045824289,,1788293234.913028002,MAVLINK_GLOBAL_POSITION_INT_BRIDGE_REL_ALT,/uav1/rel_alt,,1,,126.562
30.037533,2026-09-01T20:07:15.138768+00:00,1788293235.138767958,,1788293235.118890047,MAVLINK_GLOBAL_POSITION_INT_BRIDGE_REL_ALT,/uav1/rel_alt,,1,,92.937
30.129293,2026-09-01T20:07:15.230527+00:00,1788293235.230527401,,1788293235.215825081,MAVLINK_GLOBAL_POSITION_INT_BRIDGE_REL_ALT,/uav1/rel_alt,,1,,91.762
30.274174,2026-09-01T20:07:15.375408+00:00,1788293235.375407934,,1788293235.311759949,MAVLINK_GLOBAL_POSITION_INT_BRIDGE_REL_ALT,/uav1/rel_alt,,1,,144.884
30.340369,2026-09-01T20:07:15.441603+00:00,1788293235.441602707,,1788293235.419687986,MAVLINK_GLOBAL_POSITION_INT_BRIDGE_REL_ALT,/uav1/rel_alt,,1,,66.193
30.458197,2026-09-01T20:07:15.559433+00:00,1788293235.559433222,,1788293235.419687986,MAVLINK_GLOBAL_POSITION_INT_BRIDGE_REL_ALT,/uav1/rel_alt,,1,,117.816
30.563471,2026-09-01T20:07:15.664705+00:00,1788293235.664704561,,1788293235.624550104,MAVLINK_GLOBAL_POSITION_INT_BRIDGE_REL_ALT,/uav1/rel_alt,,1,,105.286
30.634453,2026-09-01T20:07:15.735687+00:00,1788293235.735687256,,1788293235.624550104,MAVLINK_GLOBAL_POSITION_INT_BRIDGE_REL_ALT,/uav1/rel_alt,,1,,70.985
30.740393,2026-09-01T20:07:15.841627+00:00,1788293235.841627121,,1788293235.794435978,MAVLINK_GLOBAL_POSITION_INT_BRIDGE_REL_ALT,/uav1/rel_alt,,1,,105.936
30.836405,2026-09-01T20:07:15.937639+00:00,1788293235.937638760,,1788293235.915354013,MAVLINK_GLOBAL_POSITION_INT_BRIDGE_REL_ALT,/uav1/rel_alt,,1,,96.018
30.958407,2026-09-01T20:07:16.059641+00:00,1788293236.059641361,,1788293235.915354013,MAVLINK_GLOBAL_POSITION_INT_BRIDGE_REL_ALT,/uav1/rel_alt,,1,,121.997
31.048362,2026-09-01T20:07:16.149596+00:00,1788293236.149596453,,1788293236.099231005,MAVLINK_GLOBAL_POSITION_INT_BRIDGE_REL_ALT,/uav1/rel_alt,,1,,89.959
31.133581,2026-09-01T20:07:16.234815+00:00,1788293236.234814882,,1788293236.221148968,MAVLINK_GLOBAL_POSITION_INT_BRIDGE_REL_ALT,/uav1/rel_alt,,1,,85.215
31.254213,2026-09-01T20:07:16.355448+00:00,1788293236.355447769,,1788293236.221148968,MAVLINK_GLOBAL_POSITION_INT_BRIDGE_REL_ALT,/uav1/rel_alt,,1,,120.631
31.353077,2026-09-01T20:07:16.454312+00:00,1788293236.454312086,,1788293236.221148968,MAVLINK_GLOBAL_POSITION_INT_BRIDGE_REL_ALT,/uav1/rel_alt,,1,,98.850
31.477294,2026-09-01T20:07:16.578527+00:00,1788293236.578527451,,1788293236.514950991,MAVLINK_GLOBAL_POSITION_INT_BRIDGE_REL_ALT,/uav1/rel_alt,,1,,124.233
31.582562,2026-09-01T20:07:16.683795+00:00,1788293236.683795214,,1788293236.598895073,MAVLINK_GLOBAL_POSITION_INT_BRIDGE_REL_ALT,/uav1/rel_alt,,1,,105.268
31.685685,2026-09-01T20:07:16.786919+00:00,1788293236.786919117,,1788293236.708821058,MAVLINK_GLOBAL_POSITION_INT_BRIDGE_REL_ALT,/uav1/rel_alt,,1,,103.119
31.777410,2026-09-01T20:07:16.878645+00:00,1788293236.878645182,,1788293236.781771898,MAVLINK_GLOBAL_POSITION_INT_BRIDGE_REL_ALT,/uav1/rel_alt,,1,,91.722
31.876815,2026-09-01T20:07:16.978049+00:00,1788293236.978048801,,1788293236.781771898,MAVLINK_GLOBAL_POSITION_INT_BRIDGE_REL_ALT,/uav1/rel_alt,,1,,99.415
31.994163,2026-09-01T20:07:17.095397+00:00,1788293237.095396757,,1788293236.988631964,MAVLINK_GLOBAL_POSITION_INT_BRIDGE_REL_ALT,/uav1/rel_alt,,1,,117.350
32.089175,2026-09-01T20:07:17.190410+00:00,1788293237.190409660,,1788293237.123542070,MAVLINK_GLOBAL_POSITION_INT_BRIDGE_REL_ALT,/uav1/rel_alt,,1,,95.010
32.165885,2026-09-01T20:07:17.267119+00:00,1788293237.267119169,,1788293237.184500933,MAVLINK_GLOBAL_POSITION_INT_BRIDGE_REL_ALT,/uav1/rel_alt,,1,,76.705
32.279087,2026-09-01T20:07:17.380321+00:00,1788293237.380321026,,1788293237.278438091,MAVLINK_GLOBAL_POSITION_INT_BRIDGE_REL_ALT,/uav1/rel_alt,,1,,113.193
32.377417,2026-09-01T20:07:17.478652+00:00,1788293237.478652477,,1788293237.400356054,MAVLINK_GLOBAL_POSITION_INT_BRIDGE_REL_ALT,/uav1/rel_alt,,1,,98.342
32.491284,2026-09-01T20:07:17.592519+00:00,1788293237.592518568,,1788293237.475305080,MAVLINK_GLOBAL_POSITION_INT_BRIDGE_REL_ALT,/uav1/rel_alt,,1,,113.865
32.590726,2026-09-01T20:07:17.691958+00:00,1788293237.691958427,,1788293237.574239016,MAVLINK_GLOBAL_POSITION_INT_BRIDGE_REL_ALT,/uav1/rel_alt,,1,,99.445
32.688688,2026-09-01T20:07:17.789922+00:00,1788293237.789922476,,1788293237.671174049,MAVLINK_GLOBAL_POSITION_INT_BRIDGE_REL_ALT,/uav1/rel_alt,,1,,97.961
32.787541,2026-09-01T20:07:17.888775+00:00,1788293237.888775110,,1788293237.793092012,MAVLINK_GLOBAL_POSITION_INT_BRIDGE_REL_ALT,/uav1/rel_alt,,1,,98.852
32.883098,2026-09-01T20:07:17.984332+00:00,1788293237.984332323,,1788293237.891026020,MAVLINK_GLOBAL_POSITION_INT_BRIDGE_REL_ALT,/uav1/rel_alt,,1,,95.560
32.996104,2026-09-01T20:07:18.097338+00:00,1788293238.097338200,,1788293238.012963057,MAVLINK_GLOBAL_POSITION_INT_BRIDGE_REL_ALT,/uav1/rel_alt,,1,,113.002
33.089589,2026-09-01T20:07:18.190824+00:00,1788293238.190823793,,1788293238.071943045,MAVLINK_GLOBAL_POSITION_INT_BRIDGE_REL_ALT,/uav1/rel_alt,,1,,93.486
33.210224,2026-09-01T20:07:18.311459+00:00,1788293238.311459303,,1788293238.071943045,MAVLINK_GLOBAL_POSITION_INT_BRIDGE_REL_ALT,/uav1/rel_alt,,1,,120.635
33.318330,2026-09-01T20:07:18.419564+00:00,1788293238.419564247,,1788293238.238887072,MAVLINK_GLOBAL_POSITION_INT_BRIDGE_REL_ALT,/uav1/rel_alt,,1,,108.108
33.406054,2026-09-01T20:07:18.507289+00:00,1788293238.507288933,,1788293238.381839037,MAVLINK_GLOBAL_POSITION_INT_BRIDGE_REL_ALT,/uav1/rel_alt,,1,,87.719
33.534298,2026-09-01T20:07:18.635531+00:00,1788293238.635531187,,1788293238.500798941,MAVLINK_GLOBAL_POSITION_INT_BRIDGE_REL_ALT,/uav1/rel_alt,,1,,128.246
33.626830,2026-09-01T20:07:18.728065+00:00,1788293238.728065014,,1788293238.500798941,MAVLINK_GLOBAL_POSITION_INT_BRIDGE_REL_ALT,/uav1/rel_alt,,1,,92.533
33.724336,2026-09-01T20:07:18.825570+00:00,1788293238.825570345,,1788293238.706729889,MAVLINK_GLOBAL_POSITION_INT_BRIDGE_REL_ALT,/uav1/rel_alt,,1,,97.502
33.830493,2026-09-01T20:07:18.931727+00:00,1788293238.931727409,,1788293238.706729889,MAVLINK_GLOBAL_POSITION_INT_BRIDGE_REL_ALT,/uav1/rel_alt,,1,,106.161
33.941693,2026-09-01T20:07:19.042928+00:00,1788293239.042927504,,1788293238.848681927,MAVLINK_GLOBAL_POSITION_INT_BRIDGE_REL_ALT,/uav1/rel_alt,,1,,111.201
34.051918,2026-09-01T20:07:19.153153+00:00,1788293239.153152943,,1788293238.991633892,MAVLINK_GLOBAL_POSITION_INT_BRIDGE_REL_ALT,/uav1/rel_alt,,1,,110.221
34.154969,2026-09-01T20:07:19.256203+00:00,1788293239.256203175,,1788293239.074605942,MAVLINK_GLOBAL_POSITION_INT_BRIDGE_REL_ALT,/uav1/rel_alt,,1,,103.054
34.250024,2026-09-01T20:07:19.351259+00:00,1788293239.351258516,,1788293239.217557907,MAVLINK_GLOBAL_POSITION_INT_BRIDGE_REL_ALT,/uav1/rel_alt,,1,,95.049
34.364540,2026-09-01T20:07:19.465774+00:00,1788293239.465774059,,1788293239.277538061,MAVLINK_GLOBAL_POSITION_INT_BRIDGE_REL_ALT,/uav1/rel_alt,,1,,114.523
34.465166,2026-09-01T20:07:19.566400+00:00,1788293239.566400290,,1788293239.407494068,MAVLINK_GLOBAL_POSITION_INT_BRIDGE_REL_ALT,/uav1/rel_alt,,1,,100.621
34.588038,2026-09-01T20:07:19.689272+00:00,1788293239.689272165,,1788293239.479470015,MAVLINK_GLOBAL_POSITION_INT_BRIDGE_REL_ALT,/uav1/rel_alt,,1,,122.878
34.673029,2026-09-01T20:07:19.774263+00:00,1788293239.774263382,,1788293239.479470015,MAVLINK_GLOBAL_POSITION_INT_BRIDGE_REL_ALT,/uav1/rel_alt,,1,,84.989
34.757523,2026-09-01T20:07:19.858757+00:00,1788293239.858757257,,1788293239.717390060,MAVLINK_GLOBAL_POSITION_INT_BRIDGE_REL_ALT,/uav1/rel_alt,,1,,84.494
34.856831,2026-09-01T20:07:19.958066+00:00,1788293239.958065510,,1788293239.812357903,MAVLINK_GLOBAL_POSITION_INT_BRIDGE_REL_ALT,/uav1/rel_alt,,1,,99.308
34.951194,2026-09-01T20:07:20.052428+00:00,1788293240.052428246,,1788293239.895329952,MAVLINK_GLOBAL_POSITION_INT_BRIDGE_REL_ALT,/uav1/rel_alt,,1,,94.368
35.088409,2026-09-01T20:07:20.189643+00:00,1788293240.189642906,,1788293239.979301929,MAVLINK_GLOBAL_POSITION_INT_BRIDGE_REL_ALT,/uav1/rel_alt,,1,,137.207
35.195079,2026-09-01T20:07:20.296314+00:00,1788293240.296313524,,1788293240.038281918,MAVLINK_GLOBAL_POSITION_INT_BRIDGE_REL_ALT,/uav1/rel_alt,,1,,106.667
35.283372,2026-09-01T20:07:20.384606+00:00,1788293240.384605885,,1788293240.157242060,MAVLINK_GLOBAL_POSITION_INT_BRIDGE_REL_ALT,/uav1/rel_alt,,1,,88.299
35.390565,2026-09-01T20:07:20.491799+00:00,1788293240.491799116,,1788293240.157242060,MAVLINK_GLOBAL_POSITION_INT_BRIDGE_REL_ALT,/uav1/rel_alt,,1,,107.194
35.478907,2026-09-01T20:07:20.580141+00:00,1788293240.580140829,,1788293240.395162106,MAVLINK_GLOBAL_POSITION_INT_BRIDGE_REL_ALT,/uav1/rel_alt,,1,,88.344
35.620874,2026-09-01T20:07:20.722109+00:00,1788293240.722109079,,1788293240.515121937,MAVLINK_GLOBAL_POSITION_INT_BRIDGE_REL_ALT,/uav1/rel_alt,,1,,141.958
35.689712,2026-09-01T20:07:20.790947+00:00,1788293240.790946722,,1788293240.562105894,MAVLINK_GLOBAL_POSITION_INT_BRIDGE_REL_ALT,/uav1/rel_alt,,1,,68.848
35.798829,2026-09-01T20:07:20.900063+00:00,1788293240.900063038,,1788293240.717053890,MAVLINK_GLOBAL_POSITION_INT_BRIDGE_REL_ALT,/uav1/rel_alt,,1,,109.113
35.893240,2026-09-01T20:07:20.994475+00:00,1788293240.994474649,,1788293240.803025007,MAVLINK_GLOBAL_POSITION_INT_BRIDGE_REL_ALT,/uav1/rel_alt,,1,,94.409
35.995172,2026-09-01T20:07:21.096406+00:00,1788293241.096405745,,1788293240.803025007,MAVLINK_GLOBAL_POSITION_INT_BRIDGE_REL_ALT,/uav1/rel_alt,,1,,101.934
36.115259,2026-09-01T20:07:21.216493+00:00,1788293241.216493368,,1788293240.993961096,MAVLINK_GLOBAL_POSITION_INT_BRIDGE_REL_ALT,/uav1/rel_alt,,1,,120.078
36.212531,2026-09-01T20:07:21.313765+00:00,1788293241.313765287,,1788293241.040945053,MAVLINK_GLOBAL_POSITION_INT_BRIDGE_REL_ALT,/uav1/rel_alt,,1,,97.278
36.310810,2026-09-01T20:07:21.412044+00:00,1788293241.412043810,,1788293241.040945053,MAVLINK_GLOBAL_POSITION_INT_BRIDGE_REL_ALT,/uav1/rel_alt,,1,,98.284
36.420305,2026-09-01T20:07:21.521539+00:00,1788293241.521538973,,1788293241.290860891,MAVLINK_GLOBAL_POSITION_INT_BRIDGE_REL_ALT,/uav1/rel_alt,,1,,109.497
36.511796,2026-09-01T20:07:21.613030+00:00,1788293241.613030195,,1788293241.409821033,MAVLINK_GLOBAL_POSITION_INT_BRIDGE_REL_ALT,/uav1/rel_alt,,1,,91.491
36.630121,2026-09-01T20:07:21.731355+00:00,1788293241.731354952,,1788293241.481796980,MAVLINK_GLOBAL_POSITION_INT_BRIDGE_REL_ALT,/uav1/rel_alt,,1,,118.319
36.729292,2026-09-01T20:07:21.830525+00:00,1788293241.830525160,,1788293241.582762957,MAVLINK_GLOBAL_POSITION_INT_BRIDGE_REL_ALT,/uav1/rel_alt,,1,,99.170
36.847316,2026-09-01T20:07:21.948551+00:00,1788293241.948550701,,1788293241.677731037,MAVLINK_GLOBAL_POSITION_INT_BRIDGE_REL_ALT,/uav1/rel_alt,,1,,118.023
36.968630,2026-09-01T20:07:22.069865+00:00,1788293242.069864511,,1788293241.808686972,MAVLINK_GLOBAL_POSITION_INT_BRIDGE_REL_ALT,/uav1/rel_alt,,1,,121.320
37.057510,2026-09-01T20:07:22.158745+00:00,1788293242.158744812,,1788293241.906653881,MAVLINK_GLOBAL_POSITION_INT_BRIDGE_REL_ALT,/uav1/rel_alt,,1,,88.876
37.162273,2026-09-01T20:07:22.263508+00:00,1788293242.263507605,,1788293242.025614023,MAVLINK_GLOBAL_POSITION_INT_BRIDGE_REL_ALT,/uav1/rel_alt,,1,,104.761
37.280190,2026-09-01T20:07:22.381424+00:00,1788293242.381424189,,1788293242.121582031,MAVLINK_GLOBAL_POSITION_INT_BRIDGE_REL_ALT,/uav1/rel_alt,,1,,117.916
37.387615,2026-09-01T20:07:22.488849+00:00,1788293242.488849401,,1788293242.166567087,MAVLINK_GLOBAL_POSITION_INT_BRIDGE_REL_ALT,/uav1/rel_alt,,1,,107.430
37.482821,2026-09-01T20:07:22.584054+00:00,1788293242.584054470,,1788293242.321515083,MAVLINK_GLOBAL_POSITION_INT_BRIDGE_REL_ALT,/uav1/rel_alt,,1,,95.209
37.587871,2026-09-01T20:07:22.689106+00:00,1788293242.689106226,,1788293242.321515083,MAVLINK_GLOBAL_POSITION_INT_BRIDGE_REL_ALT,/uav1/rel_alt,,1,,105.043
37.687249,2026-09-01T20:07:22.788483+00:00,1788293242.788482666,,1788293242.463466883,MAVLINK_GLOBAL_POSITION_INT_BRIDGE_REL_ALT,/uav1/rel_alt,,1,,99.383
37.800248,2026-09-01T20:07:22.901482+00:00,1788293242.901482344,,1788293242.534442902,MAVLINK_GLOBAL_POSITION_INT_BRIDGE_REL_ALT,/uav1/rel_alt,,1,,112.996
37.891278,2026-09-01T20:07:22.992512+00:00,1788293242.992511988,,1788293242.534442902,MAVLINK_GLOBAL_POSITION_INT_BRIDGE_REL_ALT,/uav1/rel_alt,,1,,91.031
37.982559,2026-09-01T20:07:23.083793+00:00,1788293243.083793402,,1788293242.820347071,MAVLINK_GLOBAL_POSITION_INT_BRIDGE_REL_ALT,/uav1/rel_alt,,1,,91.285
38.085117,2026-09-01T20:07:23.186351+00:00,1788293243.186351061,,1788293242.868330956,MAVLINK_GLOBAL_POSITION_INT_BRIDGE_REL_ALT,/uav1/rel_alt,,1,,102.554
38.165119,2026-09-01T20:07:23.266354+00:00,1788293243.266353846,,1788293242.999286890,MAVLINK_GLOBAL_POSITION_INT_BRIDGE_REL_ALT,/uav1/rel_alt,,1,,80.001
38.286404,2026-09-01T20:07:23.387639+00:00,1788293243.387638569,,1788293243.059267044,MAVLINK_GLOBAL_POSITION_INT_BRIDGE_REL_ALT,/uav1/rel_alt,,1,,121.282
38.367941,2026-09-01T20:07:23.469176+00:00,1788293243.469175816,,1788293243.165230989,MAVLINK_GLOBAL_POSITION_INT_BRIDGE_REL_ALT,/uav1/rel_alt,,1,,81.543
38.488040,2026-09-01T20:07:23.589274+00:00,1788293243.589273691,,1788293243.261198997,MAVLINK_GLOBAL_POSITION_INT_BRIDGE_REL_ALT,/uav1/rel_alt,,1,,120.098
38.579197,2026-09-01T20:07:23.680431+00:00,1788293243.680430889,,1788293243.381159067,MAVLINK_GLOBAL_POSITION_INT_BRIDGE_REL_ALT,/uav1/rel_alt,,1,,91.158
38.702090,2026-09-01T20:07:23.803324+00:00,1788293243.803324461,,1788293243.523111105,MAVLINK_GLOBAL_POSITION_INT_BRIDGE_REL_ALT,/uav1/rel_alt,,1,,122.889
38.815267,2026-09-01T20:07:23.916501+00:00,1788293243.916501045,,1788293243.558099031,MAVLINK_GLOBAL_POSITION_INT_BRIDGE_REL_ALT,/uav1/rel_alt,,1,,113.179
38.905207,2026-09-01T20:07:24.006441+00:00,1788293244.006441116,,1788293243.558099031,MAVLINK_GLOBAL_POSITION_INT_BRIDGE_REL_ALT,/uav1/rel_alt,,1,,89.941
39.011726,2026-09-01T20:07:24.112960+00:00,1788293244.112960100,,1788293243.820010900,MAVLINK_GLOBAL_POSITION_INT_BRIDGE_REL_ALT,/uav1/rel_alt,,1,,106.518
39.102033,2026-09-01T20:07:24.203267+00:00,1788293244.203267097,,1788293243.854999065,MAVLINK_GLOBAL_POSITION_INT_BRIDGE_REL_ALT,/uav1/rel_alt,,1,,90.301
39.219526,2026-09-01T20:07:24.320760+00:00,1788293244.320759535,,1788293243.998950958,MAVLINK_GLOBAL_POSITION_INT_BRIDGE_REL_ALT,/uav1/rel_alt,,1,,117.501
39.316932,2026-09-01T20:07:24.418166+00:00,1788293244.418165922,,1788293244.057930946,MAVLINK_GLOBAL_POSITION_INT_BRIDGE_REL_ALT,/uav1/rel_alt,,1,,97.403
39.412730,2026-09-01T20:07:24.513965+00:00,1788293244.513964653,,1788293244.200882912,MAVLINK_GLOBAL_POSITION_INT_BRIDGE_REL_ALT,/uav1/rel_alt,,1,,95.794
39.524981,2026-09-01T20:07:24.626215+00:00,1788293244.626214743,,1788293244.319843054,MAVLINK_GLOBAL_POSITION_INT_BRIDGE_REL_ALT,/uav1/rel_alt,,1,,112.256
39.611150,2026-09-01T20:07:24.712384+00:00,1788293244.712384224,,1788293244.368827105,MAVLINK_GLOBAL_POSITION_INT_BRIDGE_REL_ALT,/uav1/rel_alt,,1,,86.172
39.759182,2026-09-01T20:07:24.860418+00:00,1788293244.860417604,,1788293244.368827105,MAVLINK_GLOBAL_POSITION_INT_BRIDGE_REL_ALT,/uav1/rel_alt,,1,,148.022
39.856699,2026-09-01T20:07:24.957933+00:00,1788293244.957932949,,1788293244.584753990,MAVLINK_GLOBAL_POSITION_INT_BRIDGE_REL_ALT,/uav1/rel_alt,,1,,97.521
39.952301,2026-09-01T20:07:25.053536+00:00,1788293245.053536415,,1788293244.715709925,MAVLINK_GLOBAL_POSITION_INT_BRIDGE_REL_ALT,/uav1/rel_alt,,1,,95.600
40.040335,2026-09-01T20:07:25.141569+00:00,1788293245.141569138,,1788293244.786685944,MAVLINK_GLOBAL_POSITION_INT_BRIDGE_REL_ALT,/uav1/rel_alt,,1,,88.041
40.158486,2026-09-01T20:07:25.259721+00:00,1788293245.259721041,,1788293244.894649982,MAVLINK_GLOBAL_POSITION_INT_BRIDGE_REL_ALT,/uav1/rel_alt,,1,,118.149
40.232953,2026-09-01T20:07:25.334187+00:00,1788293245.334187031,,1788293244.894649982,MAVLINK_GLOBAL_POSITION_INT_BRIDGE_REL_ALT,/uav1/rel_alt,,1,,74.460
40.381997,2026-09-01T20:07:25.483233+00:00,1788293245.483232975,,1788293245.096581936,MAVLINK_GLOBAL_POSITION_INT_BRIDGE_REL_ALT,/uav1/rel_alt,,1,,149.038
40.467211,2026-09-01T20:07:25.568445+00:00,1788293245.568444729,,1788293245.155561924,MAVLINK_GLOBAL_POSITION_INT_BRIDGE_REL_ALT,/uav1/rel_alt,,1,,85.225
40.555213,2026-09-01T20:07:25.656447+00:00,1788293245.656447172,,1788293245.298513889,MAVLINK_GLOBAL_POSITION_INT_BRIDGE_REL_ALT,/uav1/rel_alt,,1,,88.004
40.652942,2026-09-01T20:07:25.754176+00:00,1788293245.754176140,,1788293245.406477928,MAVLINK_GLOBAL_POSITION_INT_BRIDGE_REL_ALT,/uav1/rel_alt,,1,,97.730
40.766570,2026-09-01T20:07:25.867805+00:00,1788293245.867804766,,1788293245.513442039,MAVLINK_GLOBAL_POSITION_INT_BRIDGE_REL_ALT,/uav1/rel_alt,,1,,113.624
40.897639,2026-09-01T20:07:25.998873+00:00,1788293245.998872995,,1788293245.560425997,MAVLINK_GLOBAL_POSITION_INT_BRIDGE_REL_ALT,/uav1/rel_alt,,1,,131.067
40.980518,2026-09-01T20:07:26.081753+00:00,1788293246.081753254,,1788293245.644397974,MAVLINK_GLOBAL_POSITION_INT_BRIDGE_REL_ALT,/uav1/rel_alt,,1,,82.878
41.099234,2026-09-01T20:07:26.200467+00:00,1788293246.200467348,,1788293245.798346043,MAVLINK_GLOBAL_POSITION_INT_BRIDGE_REL_ALT,/uav1/rel_alt,,1,,118.720
41.213882,2026-09-01T20:07:26.315116+00:00,1788293246.315115929,,1788293245.905309916,MAVLINK_GLOBAL_POSITION_INT_BRIDGE_REL_ALT,/uav1/rel_alt,,1,,114.648
41.331215,2026-09-01T20:07:26.432450+00:00,1788293246.432450056,,1788293246.024270058,MAVLINK_GLOBAL_POSITION_INT_BRIDGE_REL_ALT,/uav1/rel_alt,,1,,117.332
41.428030,2026-09-01T20:07:26.529264+00:00,1788293246.529264450,,1788293246.096246004,MAVLINK_GLOBAL_POSITION_INT_BRIDGE_REL_ALT,/uav1/rel_alt,,1,,96.815
41.506259,2026-09-01T20:07:26.607493+00:00,1788293246.607493162,,1788293246.144229889,MAVLINK_GLOBAL_POSITION_INT_BRIDGE_REL_ALT,/uav1/rel_alt,,1,,78.226
41.607653,2026-09-01T20:07:26.708887+00:00,1788293246.708886862,,1788293246.322170019,MAVLINK_GLOBAL_POSITION_INT_BRIDGE_REL_ALT,/uav1/rel_alt,,1,,101.395
41.711904,2026-09-01T20:07:26.813138+00:00,1788293246.813138008,,1788293246.358158112,MAVLINK_GLOBAL_POSITION_INT_BRIDGE_REL_ALT,/uav1/rel_alt,,1,,104.255
41.813081,2026-09-01T20:07:26.914315+00:00,1788293246.914315462,,1788293246.358158112,MAVLINK_GLOBAL_POSITION_INT_BRIDGE_REL_ALT,/uav1/rel_alt,,1,,101.163
41.913425,2026-09-01T20:07:27.014659+00:00,1788293247.014658928,,1788293246.611073017,MAVLINK_GLOBAL_POSITION_INT_BRIDGE_REL_ALT,/uav1/rel_alt,,1,,100.362
42.004199,2026-09-01T20:07:27.105433+00:00,1788293247.105432987,,1788293246.670053005,MAVLINK_GLOBAL_POSITION_INT_BRIDGE_REL_ALT,/uav1/rel_alt,,1,,90.768
42.114213,2026-09-01T20:07:27.215448+00:00,1788293247.215447903,,1788293246.813004971,MAVLINK_GLOBAL_POSITION_INT_BRIDGE_REL_ALT,/uav1/rel_alt,,1,,110.012
42.197032,2026-09-01T20:07:27.298266+00:00,1788293247.298266411,,1788293246.895977020,MAVLINK_GLOBAL_POSITION_INT_BRIDGE_REL_ALT,/uav1/rel_alt,,1,,82.822
42.310011,2026-09-01T20:07:27.411245+00:00,1788293247.411245346,,1788293246.994944096,MAVLINK_GLOBAL_POSITION_INT_BRIDGE_REL_ALT,/uav1/rel_alt,,1,,112.973
42.437412,2026-09-01T20:07:27.538647+00:00,1788293247.538647413,,1788293247.065920115,MAVLINK_GLOBAL_POSITION_INT_BRIDGE_REL_ALT,/uav1/rel_alt,,1,,127.399
42.554892,2026-09-01T20:07:27.656126+00:00,1788293247.656125784,,1788293247.160887957,MAVLINK_GLOBAL_POSITION_INT_BRIDGE_REL_ALT,/uav1/rel_alt,,1,,117.490
42.652309,2026-09-01T20:07:27.753543+00:00,1788293247.753542900,,1788293247.160887957,MAVLINK_GLOBAL_POSITION_INT_BRIDGE_REL_ALT,/uav1/rel_alt,,1,,97.408
42.745139,2026-09-01T20:07:27.846373+00:00,1788293247.846372843,,1788293247.398808002,MAVLINK_GLOBAL_POSITION_INT_BRIDGE_REL_ALT,/uav1/rel_alt,,1,,92.836
42.854769,2026-09-01T20:07:27.956004+00:00,1788293247.956003904,,1788293247.482779980,MAVLINK_GLOBAL_POSITION_INT_BRIDGE_REL_ALT,/uav1/rel_alt,,1,,109.628
42.982796,2026-09-01T20:07:28.084030+00:00,1788293248.084030390,,1788293247.592742920,MAVLINK_GLOBAL_POSITION_INT_BRIDGE_REL_ALT,/uav1/rel_alt,,1,,128.032
43.055645,2026-09-01T20:07:28.156879+00:00,1788293248.156879187,,1788293247.687711000,MAVLINK_GLOBAL_POSITION_INT_BRIDGE_REL_ALT,/uav1/rel_alt,,1,,72.845
43.159838,2026-09-01T20:07:28.261072+00:00,1788293248.261072397,,1788293247.736695051,MAVLINK_GLOBAL_POSITION_INT_BRIDGE_REL_ALT,/uav1/rel_alt,,1,,104.197
43.253396,2026-09-01T20:07:28.354630+00:00,1788293248.354629993,,1788293247.916634083,MAVLINK_GLOBAL_POSITION_INT_BRIDGE_REL_ALT,/uav1/rel_alt,,1,,93.555
43.349652,2026-09-01T20:07:28.450887+00:00,1788293248.450886726,,1788293248.012602091,MAVLINK_GLOBAL_POSITION_INT_BRIDGE_REL_ALT,/uav1/rel_alt,,1,,96.255
43.472476,2026-09-01T20:07:28.573711+00:00,1788293248.573710918,,1788293248.083578110,MAVLINK_GLOBAL_POSITION_INT_BRIDGE_REL_ALT,/uav1/rel_alt,,1,,122.823
43.569287,2026-09-01T20:07:28.670521+00:00,1788293248.670520782,,1788293248.178545952,MAVLINK_GLOBAL_POSITION_INT_BRIDGE_REL_ALT,/uav1/rel_alt,,1,,96.810
43.653731,2026-09-01T20:07:28.754965+00:00,1788293248.754965305,,1788293248.178545952,MAVLINK_GLOBAL_POSITION_INT_BRIDGE_REL_ALT,/uav1/rel_alt,,1,,84.445
43.757996,2026-09-01T20:07:28.859230+00:00,1788293248.859229803,,1788293248.178545952,MAVLINK_GLOBAL_POSITION_INT_BRIDGE_REL_ALT,/uav1/rel_alt,,1,,104.264
43.853752,2026-09-01T20:07:28.954985+00:00,1788293248.954985380,,1788293248.464449883,MAVLINK_GLOBAL_POSITION_INT_BRIDGE_REL_ALT,/uav1/rel_alt,,1,,95.759
43.964028,2026-09-01T20:07:29.065263+00:00,1788293249.065262794,,1788293248.584409952,MAVLINK_GLOBAL_POSITION_INT_BRIDGE_REL_ALT,/uav1/rel_alt,,1,,110.275
44.061831,2026-09-01T20:07:29.163066+00:00,1788293249.163065910,,1788293248.702369928,MAVLINK_GLOBAL_POSITION_INT_BRIDGE_REL_ALT,/uav1/rel_alt,,1,,97.805
44.199217,2026-09-01T20:07:29.300451+00:00,1788293249.300451040,,1788293248.821330070,MAVLINK_GLOBAL_POSITION_INT_BRIDGE_REL_ALT,/uav1/rel_alt,,1,,137.383
44.291357,2026-09-01T20:07:29.392592+00:00,1788293249.392591953,,1788293248.845321894,MAVLINK_GLOBAL_POSITION_INT_BRIDGE_REL_ALT,/uav1/rel_alt,,1,,92.139
44.372833,2026-09-01T20:07:29.474067+00:00,1788293249.474066973,,1788293248.845321894,MAVLINK_GLOBAL_POSITION_INT_BRIDGE_REL_ALT,/uav1/rel_alt,,1,,81.476
44.509338,2026-09-01T20:07:29.610573+00:00,1788293249.610572577,,1788293249.108233929,MAVLINK_GLOBAL_POSITION_INT_BRIDGE_REL_ALT,/uav1/rel_alt,,1,,136.506
44.589330,2026-09-01T20:07:29.690564+00:00,1788293249.690564156,,1788293249.202202082,MAVLINK_GLOBAL_POSITION_INT_BRIDGE_REL_ALT,/uav1/rel_alt,,1,,79.991
44.690005,2026-09-01T20:07:29.791238+00:00,1788293249.791238308,,1788293249.309165955,MAVLINK_GLOBAL_POSITION_INT_BRIDGE_REL_ALT,/uav1/rel_alt,,1,,100.672
44.817814,2026-09-01T20:07:29.919047+00:00,1788293249.919047356,,1788293249.404134035,MAVLINK_GLOBAL_POSITION_INT_BRIDGE_REL_ALT,/uav1/rel_alt,,1,,127.817
44.927236,2026-09-01T20:07:30.028470+00:00,1788293250.028469563,,1788293249.524094105,MAVLINK_GLOBAL_POSITION_INT_BRIDGE_REL_ALT,/uav1/rel_alt,,1,,109.422
45.039836,2026-09-01T20:07:30.141071+00:00,1788293250.141070604,,1788293249.595069885,MAVLINK_GLOBAL_POSITION_INT_BRIDGE_REL_ALT,/uav1/rel_alt,,1,,112.597
45.138451,2026-09-01T20:07:30.239686+00:00,1788293250.239685774,,1788293249.666045904,MAVLINK_GLOBAL_POSITION_INT_BRIDGE_REL_ALT,/uav1/rel_alt,,1,,98.611
45.222574,2026-09-01T20:07:30.323808+00:00,1788293250.323807716,,1788293249.820993900,MAVLINK_GLOBAL_POSITION_INT_BRIDGE_REL_ALT,/uav1/rel_alt,,1,,84.126
45.334572,2026-09-01T20:07:30.435806+00:00,1788293250.435806274,,1788293249.915961981,MAVLINK_GLOBAL_POSITION_INT_BRIDGE_REL_ALT,/uav1/rel_alt,,1,,112.002
45.410691,2026-09-01T20:07:30.511925+00:00,1788293250.511924744,,1788293250.011929989,MAVLINK_GLOBAL_POSITION_INT_BRIDGE_REL_ALT,/uav1/rel_alt,,1,,76.117
45.531413,2026-09-01T20:07:30.632647+00:00,1788293250.632646799,,1788293250.082906008,MAVLINK_GLOBAL_POSITION_INT_BRIDGE_REL_ALT,/uav1/rel_alt,,1,,120.718
45.619461,2026-09-01T20:07:30.720696+00:00,1788293250.720695734,,1788293250.189870119,MAVLINK_GLOBAL_POSITION_INT_BRIDGE_REL_ALT,/uav1/rel_alt,,1,,88.054
45.724748,2026-09-01T20:07:30.825983+00:00,1788293250.825982809,,1788293250.285837889,MAVLINK_GLOBAL_POSITION_INT_BRIDGE_REL_ALT,/uav1/rel_alt,,1,,105.283
45.823043,2026-09-01T20:07:30.924277+00:00,1788293250.924277067,,1788293250.285837889,MAVLINK_GLOBAL_POSITION_INT_BRIDGE_REL_ALT,/uav1/rel_alt,,1,,98.300
45.921826,2026-09-01T20:07:31.023061+00:00,1788293251.023060560,,1788293250.499766111,MAVLINK_GLOBAL_POSITION_INT_BRIDGE_REL_ALT,/uav1/rel_alt,,1,,98.779
46.065605,2026-09-01T20:07:31.166840+00:00,1788293251.166839600,,1788293250.499766111,MAVLINK_GLOBAL_POSITION_INT_BRIDGE_REL_ALT,/uav1/rel_alt,,1,,143.777
46.136956,2026-09-01T20:07:31.238189+00:00,1788293251.238188982,,1788293250.713694096,MAVLINK_GLOBAL_POSITION_INT_BRIDGE_REL_ALT,/uav1/rel_alt,,1,,71.355
46.254435,2026-09-01T20:07:31.355669+00:00,1788293251.355669022,,1788293250.784670115,MAVLINK_GLOBAL_POSITION_INT_BRIDGE_REL_ALT,/uav1/rel_alt,,1,,117.477
46.337979,2026-09-01T20:07:31.439213+00:00,1788293251.439212799,,1788293250.906629086,MAVLINK_GLOBAL_POSITION_INT_BRIDGE_REL_ALT,/uav1/rel_alt,,1,,83.543
46.432823,2026-09-01T20:07:31.534057+00:00,1788293251.534057379,,1788293250.966609001,MAVLINK_GLOBAL_POSITION_INT_BRIDGE_REL_ALT,/uav1/rel_alt,,1,,94.841
46.560456,2026-09-01T20:07:31.661690+00:00,1788293251.661689997,,1788293251.085568905,MAVLINK_GLOBAL_POSITION_INT_BRIDGE_REL_ALT,/uav1/rel_alt,,1,,127.633
46.654095,2026-09-01T20:07:31.755330+00:00,1788293251.755329609,,1788293251.144548893,MAVLINK_GLOBAL_POSITION_INT_BRIDGE_REL_ALT,/uav1/rel_alt,,1,,93.637
46.761971,2026-09-01T20:07:31.863204+00:00,1788293251.863204002,,1788293251.313492060,MAVLINK_GLOBAL_POSITION_INT_BRIDGE_REL_ALT,/uav1/rel_alt,,1,,107.877
46.857424,2026-09-01T20:07:31.958658+00:00,1788293251.958657980,,1788293251.371473074,MAVLINK_GLOBAL_POSITION_INT_BRIDGE_REL_ALT,/uav1/rel_alt,,1,,95.460
46.956913,2026-09-01T20:07:32.058147+00:00,1788293252.058146954,,1788293251.502429008,MAVLINK_GLOBAL_POSITION_INT_BRIDGE_REL_ALT,/uav1/rel_alt,,1,,99.493
47.093543,2026-09-01T20:07:32.194777+00:00,1788293252.194776535,,1788293251.561408997,MAVLINK_GLOBAL_POSITION_INT_BRIDGE_REL_ALT,/uav1/rel_alt,,1,,136.627
47.193111,2026-09-01T20:07:32.294345+00:00,1788293252.294345140,,1788293251.704360962,MAVLINK_GLOBAL_POSITION_INT_BRIDGE_REL_ALT,/uav1/rel_alt,,1,,99.571
47.297655,2026-09-01T20:07:32.398890+00:00,1788293252.398889780,,1788293251.799329042,MAVLINK_GLOBAL_POSITION_INT_BRIDGE_REL_ALT,/uav1/rel_alt,,1,,104.539
47.388678,2026-09-01T20:07:32.489912+00:00,1788293252.489911795,,1788293251.883301020,MAVLINK_GLOBAL_POSITION_INT_BRIDGE_REL_ALT,/uav1/rel_alt,,1,,91.019
47.475325,2026-09-01T20:07:32.576559+00:00,1788293252.576559067,,1788293252.014256954,MAVLINK_GLOBAL_POSITION_INT_BRIDGE_REL_ALT,/uav1/rel_alt,,1,,86.648
47.581461,2026-09-01T20:07:32.682695+00:00,1788293252.682695389,,1788293252.098228931,MAVLINK_GLOBAL_POSITION_INT_BRIDGE_REL_ALT,/uav1/rel_alt,,1,,106.145
47.697635,2026-09-01T20:07:32.798870+00:00,1788293252.798869848,,1788293252.168205023,MAVLINK_GLOBAL_POSITION_INT_BRIDGE_REL_ALT,/uav1/rel_alt,,1,,116.169
47.793761,2026-09-01T20:07:32.894995+00:00,1788293252.894994974,,1788293252.311156988,MAVLINK_GLOBAL_POSITION_INT_BRIDGE_REL_ALT,/uav1/rel_alt,,1,,96.128
47.892630,2026-09-01T20:07:32.993865+00:00,1788293252.993864775,,1788293252.311156988,MAVLINK_GLOBAL_POSITION_INT_BRIDGE_REL_ALT,/uav1/rel_alt,,1,,98.867
47.996191,2026-09-01T20:07:33.097426+00:00,1788293253.097425699,,1788293252.311156988,MAVLINK_GLOBAL_POSITION_INT_BRIDGE_REL_ALT,/uav1/rel_alt,,1,,103.562
48.101798,2026-09-01T20:07:33.203032+00:00,1788293253.203032017,,1788293252.585064888,MAVLINK_GLOBAL_POSITION_INT_BRIDGE_REL_ALT,/uav1/rel_alt,,1,,105.608
48.201213,2026-09-01T20:07:33.302447+00:00,1788293253.302446604,,1788293252.668036938,MAVLINK_GLOBAL_POSITION_INT_BRIDGE_REL_ALT,/uav1/rel_alt,,1,,99.413
48.296212,2026-09-01T20:07:33.397446+00:00,1788293253.397446156,,1788293252.775001049,MAVLINK_GLOBAL_POSITION_INT_BRIDGE_REL_ALT,/uav1/rel_alt,,1,,95.000
48.401861,2026-09-01T20:07:33.503095+00:00,1788293253.503095388,,1788293252.871968985,MAVLINK_GLOBAL_POSITION_INT_BRIDGE_REL_ALT,/uav1/rel_alt,,1,,105.645
48.498692,2026-09-01T20:07:33.599926+00:00,1788293253.599926233,,1788293252.978933096,MAVLINK_GLOBAL_POSITION_INT_BRIDGE_REL_ALT,/uav1/rel_alt,,1,,96.837
48.643493,2026-09-01T20:07:33.744726+00:00,1788293253.744726419,,1788293253.024916887,MAVLINK_GLOBAL_POSITION_INT_BRIDGE_REL_ALT,/uav1/rel_alt,,1,,144.796
48.728497,2026-09-01T20:07:33.829731+00:00,1788293253.829730511,,1788293253.167869091,MAVLINK_GLOBAL_POSITION_INT_BRIDGE_REL_ALT,/uav1/rel_alt,,1,,85.006
48.827281,2026-09-01T20:07:33.928515+00:00,1788293253.928514719,,1788293253.286828995,MAVLINK_GLOBAL_POSITION_INT_BRIDGE_REL_ALT,/uav1/rel_alt,,1,,98.787
48.937160,2026-09-01T20:07:34.038393+00:00,1788293254.038393497,,1788293253.420783997,MAVLINK_GLOBAL_POSITION_INT_BRIDGE_REL_ALT,/uav1/rel_alt,,1,,109.879
49.023975,2026-09-01T20:07:34.125209+00:00,1788293254.125208616,,1788293253.420783997,MAVLINK_GLOBAL_POSITION_INT_BRIDGE_REL_ALT,/uav1/rel_alt,,1,,86.815
49.146106,2026-09-01T20:07:34.247340+00:00,1788293254.247340202,,1788293253.539743900,MAVLINK_GLOBAL_POSITION_INT_BRIDGE_REL_ALT,/uav1/rel_alt,,1,,122.132
49.243217,2026-09-01T20:07:34.344451+00:00,1788293254.344450712,,1788293253.670700073,MAVLINK_GLOBAL_POSITION_INT_BRIDGE_REL_ALT,/uav1/rel_alt,,1,,97.107
49.346771,2026-09-01T20:07:34.448006+00:00,1788293254.448005915,,1788293253.813652039,MAVLINK_GLOBAL_POSITION_INT_BRIDGE_REL_ALT,/uav1/rel_alt,,1,,103.555
49.436543,2026-09-01T20:07:34.537777+00:00,1788293254.537776947,,1788293253.885627985,MAVLINK_GLOBAL_POSITION_INT_BRIDGE_REL_ALT,/uav1/rel_alt,,1,,89.774
49.546609,2026-09-01T20:07:34.647843+00:00,1788293254.647842646,,1788293254.004587889,MAVLINK_GLOBAL_POSITION_INT_BRIDGE_REL_ALT,/uav1/rel_alt,,1,,110.067
49.670824,2026-09-01T20:07:34.772058+00:00,1788293254.772058487,,1788293254.111552000,MAVLINK_GLOBAL_POSITION_INT_BRIDGE_REL_ALT,/uav1/rel_alt,,1,,124.210
49.751063,2026-09-01T20:07:34.852308+00:00,1788293254.852307558,,1788293254.182528019,MAVLINK_GLOBAL_POSITION_INT_BRIDGE_REL_ALT,/uav1/rel_alt,,1,,80.241
49.850371,2026-09-01T20:07:34.951605+00:00,1788293254.951605082,,1788293254.313483953,MAVLINK_GLOBAL_POSITION_INT_BRIDGE_REL_ALT,/uav1/rel_alt,,1,,99.305
49.958973,2026-09-01T20:07:35.060207+00:00,1788293255.060206890,,1788293254.420448065,MAVLINK_GLOBAL_POSITION_INT_BRIDGE_REL_ALT,/uav1/rel_alt,,1,,108.607
50.062838,2026-09-01T20:07:35.164073+00:00,1788293255.164073229,,1788293254.457436085,MAVLINK_GLOBAL_POSITION_INT_BRIDGE_REL_ALT,/uav1/rel_alt,,1,,103.864
50.172146,2026-09-01T20:07:35.273381+00:00,1788293255.273380518,,1788293254.575396061,MAVLINK_GLOBAL_POSITION_INT_BRIDGE_REL_ALT,/uav1/rel_alt,,1,,109.305
50.266655,2026-09-01T20:07:35.367888+00:00,1788293255.367888212,,1788293254.575396061,MAVLINK_GLOBAL_POSITION_INT_BRIDGE_REL_ALT,/uav1/rel_alt,,1,,94.512
50.368260,2026-09-01T20:07:35.469495+00:00,1788293255.469494581,,1788293254.801320076,MAVLINK_GLOBAL_POSITION_INT_BRIDGE_REL_ALT,/uav1/rel_alt,,1,,101.602
50.466212,2026-09-01T20:07:35.567446+00:00,1788293255.567445517,,1788293254.801320076,MAVLINK_GLOBAL_POSITION_INT_BRIDGE_REL_ALT,/uav1/rel_alt,,1,,97.959
50.570264,2026-09-01T20:07:35.671498+00:00,1788293255.671497822,,1788293254.957268000,MAVLINK_GLOBAL_POSITION_INT_BRIDGE_REL_ALT,/uav1/rel_alt,,1,,104.051
50.681870,2026-09-01T20:07:35.783104+00:00,1788293255.783103704,,1788293255.100219965,MAVLINK_GLOBAL_POSITION_INT_BRIDGE_REL_ALT,/uav1/rel_alt,,1,,111.604
50.778310,2026-09-01T20:07:35.879544+00:00,1788293255.879544258,,1788293255.100219965,MAVLINK_GLOBAL_POSITION_INT_BRIDGE_REL_ALT,/uav1/rel_alt,,1,,96.439
50.874159,2026-09-01T20:07:35.975394+00:00,1788293255.975393772,,1788293255.230175972,MAVLINK_GLOBAL_POSITION_INT_BRIDGE_REL_ALT,/uav1/rel_alt,,1,,95.850
50.994891,2026-09-01T20:07:36.096125+00:00,1788293256.096125126,,1788293255.386123896,MAVLINK_GLOBAL_POSITION_INT_BRIDGE_REL_ALT,/uav1/rel_alt,,1,,120.732
51.099752,2026-09-01T20:07:36.200986+00:00,1788293256.200985909,,1788293255.456099987,MAVLINK_GLOBAL_POSITION_INT_BRIDGE_REL_ALT,/uav1/rel_alt,,1,,104.862
51.207490,2026-09-01T20:07:36.308724+00:00,1788293256.308723927,,1788293255.456099987,MAVLINK_GLOBAL_POSITION_INT_BRIDGE_REL_ALT,/uav1/rel_alt,,1,,107.738
51.347237,2026-09-01T20:07:36.448471+00:00,1788293256.448471069,,1788293255.694020033,MAVLINK_GLOBAL_POSITION_INT_BRIDGE_REL_ALT,/uav1/rel_alt,,1,,139.751
51.435445,2026-09-01T20:07:36.536679+00:00,1788293256.536679029,,1788293255.765995979,MAVLINK_GLOBAL_POSITION_INT_BRIDGE_REL_ALT,/uav1/rel_alt,,1,,88.206
51.510862,2026-09-01T20:07:36.612096+00:00,1788293256.612095594,,1788293255.860964060,MAVLINK_GLOBAL_POSITION_INT_BRIDGE_REL_ALT,/uav1/rel_alt,,1,,75.418
51.607757,2026-09-01T20:07:36.708992+00:00,1788293256.708992004,,1788293256.015912056,MAVLINK_GLOBAL_POSITION_INT_BRIDGE_REL_ALT,/uav1/rel_alt,,1,,96.892
51.724415,2026-09-01T20:07:36.825650+00:00,1788293256.825649738,,1788293256.075891972,MAVLINK_GLOBAL_POSITION_INT_BRIDGE_REL_ALT,/uav1/rel_alt,,1,,116.661
51.814368,2026-09-01T20:07:36.915601+00:00,1788293256.915601254,,1788293256.160862923,MAVLINK_GLOBAL_POSITION_INT_BRIDGE_REL_ALT,/uav1/rel_alt,,1,,89.948
51.929540,2026-09-01T20:07:37.030774+00:00,1788293257.030774117,,1788293256.267827034,MAVLINK_GLOBAL_POSITION_INT_BRIDGE_REL_ALT,/uav1/rel_alt,,1,,115.175
52.025508,2026-09-01T20:07:37.126742+00:00,1788293257.126742125,,1788293256.363795042,MAVLINK_GLOBAL_POSITION_INT_BRIDGE_REL_ALT,/uav1/rel_alt,,1,,95.966
52.142983,2026-09-01T20:07:37.244216+00:00,1788293257.244215965,,1788293256.471759081,MAVLINK_GLOBAL_POSITION_INT_BRIDGE_REL_ALT,/uav1/rel_alt,,1,,117.479
52.236628,2026-09-01T20:07:37.337862+00:00,1788293257.337861538,,1788293256.471759081,MAVLINK_GLOBAL_POSITION_INT_BRIDGE_REL_ALT,/uav1/rel_alt,,1,,93.643
52.342983,2026-09-01T20:07:37.444217+00:00,1788293257.444217443,,1788293256.471759081,MAVLINK_GLOBAL_POSITION_INT_BRIDGE_REL_ALT,/uav1/rel_alt,,1,,106.356
52.432410,2026-09-01T20:07:37.533643+00:00,1788293257.533643484,,1788293256.756663084,MAVLINK_GLOBAL_POSITION_INT_BRIDGE_REL_ALT,/uav1/rel_alt,,1,,89.425
52.540477,2026-09-01T20:07:37.641712+00:00,1788293257.641712189,,1788293256.898614883,MAVLINK_GLOBAL_POSITION_INT_BRIDGE_REL_ALT,/uav1/rel_alt,,1,,108.066
52.643568,2026-09-01T20:07:37.744802+00:00,1788293257.744802237,,1788293256.958595037,MAVLINK_GLOBAL_POSITION_INT_BRIDGE_REL_ALT,/uav1/rel_alt,,1,,103.094
52.771953,2026-09-01T20:07:37.873186+00:00,1788293257.873186111,,1788293257.125539064,MAVLINK_GLOBAL_POSITION_INT_BRIDGE_REL_ALT,/uav1/rel_alt,,1,,128.386
52.856926,2026-09-01T20:07:37.958159+00:00,1788293257.958159208,,1788293257.208511114,MAVLINK_GLOBAL_POSITION_INT_BRIDGE_REL_ALT,/uav1/rel_alt,,1,,84.967
52.973245,2026-09-01T20:07:38.074479+00:00,1788293258.074479103,,1788293257.318474054,MAVLINK_GLOBAL_POSITION_INT_BRIDGE_REL_ALT,/uav1/rel_alt,,1,,116.323
53.074566,2026-09-01T20:07:38.175800+00:00,1788293258.175800323,,1788293257.413441896,MAVLINK_GLOBAL_POSITION_INT_BRIDGE_REL_ALT,/uav1/rel_alt,,1,,101.314
53.170733,2026-09-01T20:07:38.271967+00:00,1788293258.271967411,,1788293257.497414112,MAVLINK_GLOBAL_POSITION_INT_BRIDGE_REL_ALT,/uav1/rel_alt,,1,,96.173
53.304575,2026-09-01T20:07:38.405809+00:00,1788293258.405808687,,1788293257.580385923,MAVLINK_GLOBAL_POSITION_INT_BRIDGE_REL_ALT,/uav1/rel_alt,,1,,133.843
53.372477,2026-09-01T20:07:38.473710+00:00,1788293258.473710299,,1788293257.580385923,MAVLINK_GLOBAL_POSITION_INT_BRIDGE_REL_ALT,/uav1/rel_alt,,1,,67.897
53.474650,2026-09-01T20:07:38.575885+00:00,1788293258.575884819,,1788293257.580385923,MAVLINK_GLOBAL_POSITION_INT_BRIDGE_REL_ALT,/uav1/rel_alt,,1,,102.171
53.588481,2026-09-01T20:07:38.689715+00:00,1788293258.689714909,,1788293257.891280890,MAVLINK_GLOBAL_POSITION_INT_BRIDGE_REL_ALT,/uav1/rel_alt,,1,,113.840
53.676403,2026-09-01T20:07:38.777636+00:00,1788293258.777636051,,1788293257.965256929,MAVLINK_GLOBAL_POSITION_INT_BRIDGE_REL_ALT,/uav1/rel_alt,,1,,87.920
53.787946,2026-09-01T20:07:38.889181+00:00,1788293258.889180660,,1788293258.107208967,MAVLINK_GLOBAL_POSITION_INT_BRIDGE_REL_ALT,/uav1/rel_alt,,1,,111.537
53.880958,2026-09-01T20:07:38.982192+00:00,1788293258.982191563,,1788293258.166188955,MAVLINK_GLOBAL_POSITION_INT_BRIDGE_REL_ALT,/uav1/rel_alt,,1,,93.015
53.998956,2026-09-01T20:07:39.100191+00:00,1788293259.100190878,,1788293258.310141087,MAVLINK_GLOBAL_POSITION_INT_BRIDGE_REL_ALT,/uav1/rel_alt,,1,,117.999
54.087355,2026-09-01T20:07:39.188589+00:00,1788293259.188588858,,1788293258.404109001,MAVLINK_GLOBAL_POSITION_INT_BRIDGE_REL_ALT,/uav1/rel_alt,,1,,88.400
54.182376,2026-09-01T20:07:39.283610+00:00,1788293259.283610344,,1788293258.404109001,MAVLINK_GLOBAL_POSITION_INT_BRIDGE_REL_ALT,/uav1/rel_alt,,1,,95.023
54.301480,2026-09-01T20:07:39.402714+00:00,1788293259.402713537,,1788293258.404109001,MAVLINK_GLOBAL_POSITION_INT_BRIDGE_REL_ALT,/uav1/rel_alt,,1,,119.107
54.406112,2026-09-01T20:07:39.507345+00:00,1788293259.507345200,,1788293258.669019938,MAVLINK_GLOBAL_POSITION_INT_BRIDGE_REL_ALT,/uav1/rel_alt,,1,,104.626
54.502578,2026-09-01T20:07:39.603811+00:00,1788293259.603811026,,1788293258.766987085,MAVLINK_GLOBAL_POSITION_INT_BRIDGE_REL_ALT,/uav1/rel_alt,,1,,96.467
54.603164,2026-09-01T20:07:39.704398+00:00,1788293259.704398394,,1788293258.874950886,MAVLINK_GLOBAL_POSITION_INT_BRIDGE_REL_ALT,/uav1/rel_alt,,1,,100.585
54.693252,2026-09-01T20:07:39.794486+00:00,1788293259.794485569,,1788293258.993911028,MAVLINK_GLOBAL_POSITION_INT_BRIDGE_REL_ALT,/uav1/rel_alt,,1,,90.091
54.823617,2026-09-01T20:07:39.924851+00:00,1788293259.924850941,,1788293258.993911028,MAVLINK_GLOBAL_POSITION_INT_BRIDGE_REL_ALT,/uav1/rel_alt,,1,,130.361
54.916086,2026-09-01T20:07:40.017320+00:00,1788293260.017320156,,1788293259.147859097,MAVLINK_GLOBAL_POSITION_INT_BRIDGE_REL_ALT,/uav1/rel_alt,,1,,92.471
55.013750,2026-09-01T20:07:40.114984+00:00,1788293260.114984274,,1788293259.243827105,MAVLINK_GLOBAL_POSITION_INT_BRIDGE_REL_ALT,/uav1/rel_alt,,1,,97.667
55.122525,2026-09-01T20:07:40.223759+00:00,1788293260.223758936,,1788293259.385778904,MAVLINK_GLOBAL_POSITION_INT_BRIDGE_REL_ALT,/uav1/rel_alt,,1,,108.775
55.232042,2026-09-01T20:07:40.333277+00:00,1788293260.333276510,,1788293259.457755089,MAVLINK_GLOBAL_POSITION_INT_BRIDGE_REL_ALT,/uav1/rel_alt,,1,,109.514
55.333409,2026-09-01T20:07:40.434644+00:00,1788293260.434643507,,1788293259.528731108,MAVLINK_GLOBAL_POSITION_INT_BRIDGE_REL_ALT,/uav1/rel_alt,,1,,101.365
55.435291,2026-09-01T20:07:40.536525+00:00,1788293260.536525249,,1788293259.647691011,MAVLINK_GLOBAL_POSITION_INT_BRIDGE_REL_ALT,/uav1/rel_alt,,1,,101.882
55.537173,2026-09-01T20:07:40.638406+00:00,1788293260.638406038,,1788293259.778646946,MAVLINK_GLOBAL_POSITION_INT_BRIDGE_REL_ALT,/uav1/rel_alt,,1,,101.884
55.630857,2026-09-01T20:07:40.732092+00:00,1788293260.732091904,,1788293259.862618923,MAVLINK_GLOBAL_POSITION_INT_BRIDGE_REL_ALT,/uav1/rel_alt,,1,,93.685
55.718366,2026-09-01T20:07:40.819601+00:00,1788293260.819600821,,1788293259.945590973,MAVLINK_GLOBAL_POSITION_INT_BRIDGE_REL_ALT,/uav1/rel_alt,,1,,87.507
55.847370,2026-09-01T20:07:40.948604+00:00,1788293260.948604107,,1788293260.040559053,MAVLINK_GLOBAL_POSITION_INT_BRIDGE_REL_ALT,/uav1/rel_alt,,1,,129.003
55.938753,2026-09-01T20:07:41.039987+00:00,1788293261.039986849,,1788293260.040559053,MAVLINK_GLOBAL_POSITION_INT_BRIDGE_REL_ALT,/uav1/rel_alt,,1,,91.385
56.042044,2026-09-01T20:07:41.143278+00:00,1788293261.143278360,,1788293260.243490934,MAVLINK_GLOBAL_POSITION_INT_BRIDGE_REL_ALT,/uav1/rel_alt,,1,,103.289
56.145908,2026-09-01T20:07:41.247142+00:00,1788293261.247142076,,1788293260.386442900,MAVLINK_GLOBAL_POSITION_INT_BRIDGE_REL_ALT,/uav1/rel_alt,,1,,103.861
56.272396,2026-09-01T20:07:41.373630+00:00,1788293261.373629808,,1788293260.517399073,MAVLINK_GLOBAL_POSITION_INT_BRIDGE_REL_ALT,/uav1/rel_alt,,1,,126.495
56.379592,2026-09-01T20:07:41.480826+00:00,1788293261.480826139,,1788293260.564383030,MAVLINK_GLOBAL_POSITION_INT_BRIDGE_REL_ALT,/uav1/rel_alt,,1,,107.193
56.481735,2026-09-01T20:07:41.582969+00:00,1788293261.582969427,,1788293260.659351110,MAVLINK_GLOBAL_POSITION_INT_BRIDGE_REL_ALT,/uav1/rel_alt,,1,,102.145
56.571658,2026-09-01T20:07:41.672893+00:00,1788293261.672892570,,1788293260.814299107,MAVLINK_GLOBAL_POSITION_INT_BRIDGE_REL_ALT,/uav1/rel_alt,,1,,89.921
56.666959,2026-09-01T20:07:41.768193+00:00,1788293261.768193483,,1788293260.897270918,MAVLINK_GLOBAL_POSITION_INT_BRIDGE_REL_ALT,/uav1/rel_alt,,1,,95.299
56.764636,2026-09-01T20:07:41.865870+00:00,1788293261.865869761,,1788293260.981242895,MAVLINK_GLOBAL_POSITION_INT_BRIDGE_REL_ALT,/uav1/rel_alt,,1,,97.682
56.895942,2026-09-01T20:07:41.997177+00:00,1788293261.997176647,,1788293261.076210976,MAVLINK_GLOBAL_POSITION_INT_BRIDGE_REL_ALT,/uav1/rel_alt,,1,,131.300
56.979500,2026-09-01T20:07:42.080734+00:00,1788293262.080733776,,1788293261.207166910,MAVLINK_GLOBAL_POSITION_INT_BRIDGE_REL_ALT,/uav1/rel_alt,,1,,83.563
57.082897,2026-09-01T20:07:42.184132+00:00,1788293262.184131622,,1788293261.207166910,MAVLINK_GLOBAL_POSITION_INT_BRIDGE_REL_ALT,/uav1/rel_alt,,1,,103.395
57.181293,2026-09-01T20:07:42.282527+00:00,1788293262.282527208,,1788293261.397103071,MAVLINK_GLOBAL_POSITION_INT_BRIDGE_REL_ALT,/uav1/rel_alt,,1,,98.395
57.303685,2026-09-01T20:07:42.404918+00:00,1788293262.404918432,,1788293261.469079018,MAVLINK_GLOBAL_POSITION_INT_BRIDGE_REL_ALT,/uav1/rel_alt,,1,,122.394
57.416031,2026-09-01T20:07:42.517264+00:00,1788293262.517264128,,1788293261.624027014,MAVLINK_GLOBAL_POSITION_INT_BRIDGE_REL_ALT,/uav1/rel_alt,,1,,112.347
57.519046,2026-09-01T20:07:42.620280+00:00,1788293262.620280266,,1788293261.624027014,MAVLINK_GLOBAL_POSITION_INT_BRIDGE_REL_ALT,/uav1/rel_alt,,1,,103.015
57.609281,2026-09-01T20:07:42.710515+00:00,1788293262.710515022,,1788293261.624027014,MAVLINK_GLOBAL_POSITION_INT_BRIDGE_REL_ALT,/uav1/rel_alt,,1,,90.232
57.708961,2026-09-01T20:07:42.810194+00:00,1788293262.810194492,,1788293261.624027014,MAVLINK_GLOBAL_POSITION_INT_BRIDGE_REL_ALT,/uav1/rel_alt,,1,,99.677
57.796018,2026-09-01T20:07:42.897253+00:00,1788293262.897252560,,1788293262.004899025,MAVLINK_GLOBAL_POSITION_INT_BRIDGE_REL_ALT,/uav1/rel_alt,,1,,87.061
57.902750,2026-09-01T20:07:43.003984+00:00,1788293263.003984451,,1788293262.087871075,MAVLINK_GLOBAL_POSITION_INT_BRIDGE_REL_ALT,/uav1/rel_alt,,1,,106.715
58.021322,2026-09-01T20:07:43.122556+00:00,1788293263.122556448,,1788293262.182838917,MAVLINK_GLOBAL_POSITION_INT_BRIDGE_REL_ALT,/uav1/rel_alt,,1,,118.583
58.107624,2026-09-01T20:07:43.208859+00:00,1788293263.208858728,,1788293262.277806997,MAVLINK_GLOBAL_POSITION_INT_BRIDGE_REL_ALT,/uav1/rel_alt,,1,,86.304
58.207334,2026-09-01T20:07:43.308568+00:00,1788293263.308567524,,1788293262.373775005,MAVLINK_GLOBAL_POSITION_INT_BRIDGE_REL_ALT,/uav1/rel_alt,,1,,99.711
58.339699,2026-09-01T20:07:43.440934+00:00,1788293263.440934181,,1788293262.518726110,MAVLINK_GLOBAL_POSITION_INT_BRIDGE_REL_ALT,/uav1/rel_alt,,1,,132.366
58.431570,2026-09-01T20:07:43.532804+00:00,1788293263.532804251,,1788293262.614694118,MAVLINK_GLOBAL_POSITION_INT_BRIDGE_REL_ALT,/uav1/rel_alt,,1,,91.873
58.552009,2026-09-01T20:07:43.653243+00:00,1788293263.653243303,,1788293262.709661961,MAVLINK_GLOBAL_POSITION_INT_BRIDGE_REL_ALT,/uav1/rel_alt,,1,,120.438
58.651725,2026-09-01T20:07:43.752960+00:00,1788293263.752959728,,1788293262.792634010,MAVLINK_GLOBAL_POSITION_INT_BRIDGE_REL_ALT,/uav1/rel_alt,,1,,99.715
58.749813,2026-09-01T20:07:43.851047+00:00,1788293263.851046801,,1788293262.887602091,MAVLINK_GLOBAL_POSITION_INT_BRIDGE_REL_ALT,/uav1/rel_alt,,1,,98.091
58.849079,2026-09-01T20:07:43.950312+00:00,1788293263.950312376,,1788293263.007561922,MAVLINK_GLOBAL_POSITION_INT_BRIDGE_REL_ALT,/uav1/rel_alt,,1,,99.257
58.931857,2026-09-01T20:07:44.033092+00:00,1788293264.033092022,,1788293263.102530003,MAVLINK_GLOBAL_POSITION_INT_BRIDGE_REL_ALT,/uav1/rel_alt,,1,,82.781
59.047958,2026-09-01T20:07:44.149192+00:00,1788293264.149192333,,1788293263.161509991,MAVLINK_GLOBAL_POSITION_INT_BRIDGE_REL_ALT,/uav1/rel_alt,,1,,116.104
59.156085,2026-09-01T20:07:44.257318+00:00,1788293264.257318497,,1788293263.257477999,MAVLINK_GLOBAL_POSITION_INT_BRIDGE_REL_ALT,/uav1/rel_alt,,1,,108.129
59.270307,2026-09-01T20:07:44.371541+00:00,1788293264.371540785,,1788293263.412425995,MAVLINK_GLOBAL_POSITION_INT_BRIDGE_REL_ALT,/uav1/rel_alt,,1,,114.221
59.352988,2026-09-01T20:07:44.454222+00:00,1788293264.454222441,,1788293263.495398045,MAVLINK_GLOBAL_POSITION_INT_BRIDGE_REL_ALT,/uav1/rel_alt,,1,,82.683
59.464637,2026-09-01T20:07:44.565872+00:00,1788293264.565871716,,1788293263.555377960,MAVLINK_GLOBAL_POSITION_INT_BRIDGE_REL_ALT,/uav1/rel_alt,,1,,111.650
59.580626,2026-09-01T20:07:44.681861+00:00,1788293264.681861401,,1788293263.685333967,MAVLINK_GLOBAL_POSITION_INT_BRIDGE_REL_ALT,/uav1/rel_alt,,1,,115.986
59.681693,2026-09-01T20:07:44.782926+00:00,1788293264.782926321,,1788293263.757309914,MAVLINK_GLOBAL_POSITION_INT_BRIDGE_REL_ALT,/uav1/rel_alt,,1,,101.070
59.766456,2026-09-01T20:07:44.867691+00:00,1788293264.867690563,,1788293263.912257910,MAVLINK_GLOBAL_POSITION_INT_BRIDGE_REL_ALT,/uav1/rel_alt,,1,,84.758
59.870785,2026-09-01T20:07:44.972019+00:00,1788293264.972018719,,1788293264.007225990,MAVLINK_GLOBAL_POSITION_INT_BRIDGE_REL_ALT,/uav1/rel_alt,,1,,104.332
59.968298,2026-09-01T20:07:45.069532+00:00,1788293265.069531918,,1788293264.054209948,MAVLINK_GLOBAL_POSITION_INT_BRIDGE_REL_ALT,/uav1/rel_alt,,1,,97.507
60.081048,2026-09-01T20:07:45.182282+00:00,1788293265.182282448,,1788293264.161174059,MAVLINK_GLOBAL_POSITION_INT_BRIDGE_REL_ALT,/uav1/rel_alt,,1,,112.756
60.191109,2026-09-01T20:07:45.292343+00:00,1788293265.292343378,,1788293264.293129921,MAVLINK_GLOBAL_POSITION_INT_BRIDGE_REL_ALT,/uav1/rel_alt,,1,,110.063
60.293842,2026-09-01T20:07:45.395076+00:00,1788293265.395076036,,1788293264.411089897,MAVLINK_GLOBAL_POSITION_INT_BRIDGE_REL_ALT,/uav1/rel_alt,,1,,102.732
60.390940,2026-09-01T20:07:45.492175+00:00,1788293265.492174864,,1788293264.507057905,MAVLINK_GLOBAL_POSITION_INT_BRIDGE_REL_ALT,/uav1/rel_alt,,1,,97.092
60.495908,2026-09-01T20:07:45.597142+00:00,1788293265.597141504,,1788293264.507057905,MAVLINK_GLOBAL_POSITION_INT_BRIDGE_REL_ALT,/uav1/rel_alt,,1,,104.972
60.614305,2026-09-01T20:07:45.715539+00:00,1788293265.715539217,,1788293264.708990097,MAVLINK_GLOBAL_POSITION_INT_BRIDGE_REL_ALT,/uav1/rel_alt,,1,,118.397
60.720045,2026-09-01T20:07:45.821278+00:00,1788293265.821278095,,1788293264.815953970,MAVLINK_GLOBAL_POSITION_INT_BRIDGE_REL_ALT,/uav1/rel_alt,,1,,105.744
60.808888,2026-09-01T20:07:45.910122+00:00,1788293265.910121918,,1788293264.875933886,MAVLINK_GLOBAL_POSITION_INT_BRIDGE_REL_ALT,/uav1/rel_alt,,1,,88.840
60.913813,2026-09-01T20:07:46.015046+00:00,1788293266.015046120,,1788293264.969902039,MAVLINK_GLOBAL_POSITION_INT_BRIDGE_REL_ALT,/uav1/rel_alt,,1,,104.926
60.992680,2026-09-01T20:07:46.093913+00:00,1788293266.093913317,,1788293265.101857901,MAVLINK_GLOBAL_POSITION_INT_BRIDGE_REL_ALT,/uav1/rel_alt,,1,,78.871
61.115556,2026-09-01T20:07:46.216790+00:00,1788293266.216789722,,1788293265.196825981,MAVLINK_GLOBAL_POSITION_INT_BRIDGE_REL_ALT,/uav1/rel_alt,,1,,122.872
61.224743,2026-09-01T20:07:46.325977+00:00,1788293266.325976610,,1788293265.196825981,MAVLINK_GLOBAL_POSITION_INT_BRIDGE_REL_ALT,/uav1/rel_alt,,1,,109.186
61.324087,2026-09-01T20:07:46.425321+00:00,1788293266.425320864,,1788293265.422749996,MAVLINK_GLOBAL_POSITION_INT_BRIDGE_REL_ALT,/uav1/rel_alt,,1,,99.347
61.439210,2026-09-01T20:07:46.540444+00:00,1788293266.540443659,,1788293265.518718004,MAVLINK_GLOBAL_POSITION_INT_BRIDGE_REL_ALT,/uav1/rel_alt,,1,,115.120
61.532031,2026-09-01T20:07:46.633265+00:00,1788293266.633265495,,1788293265.589694023,MAVLINK_GLOBAL_POSITION_INT_BRIDGE_REL_ALT,/uav1/rel_alt,,1,,92.820
61.638089,2026-09-01T20:07:46.739323+00:00,1788293266.739323378,,1788293265.672666073,MAVLINK_GLOBAL_POSITION_INT_BRIDGE_REL_ALT,/uav1/rel_alt,,1,,106.044
61.747776,2026-09-01T20:07:46.849011+00:00,1788293266.849010706,,1788293265.804621935,MAVLINK_GLOBAL_POSITION_INT_BRIDGE_REL_ALT,/uav1/rel_alt,,1,,109.699
61.838361,2026-09-01T20:07:46.939595+00:00,1788293266.939595222,,1788293265.910586119,MAVLINK_GLOBAL_POSITION_INT_BRIDGE_REL_ALT,/uav1/rel_alt,,1,,90.587
61.939127,2026-09-01T20:07:47.040360+00:00,1788293267.040360451,,1788293266.006553888,MAVLINK_GLOBAL_POSITION_INT_BRIDGE_REL_ALT,/uav1/rel_alt,,1,,100.765
62.030221,2026-09-01T20:07:47.131455+00:00,1788293267.131454706,,1788293266.090526104,MAVLINK_GLOBAL_POSITION_INT_BRIDGE_REL_ALT,/uav1/rel_alt,,1,,91.099
62.158200,2026-09-01T20:07:47.259434+00:00,1788293267.259434462,,1788293266.196490049,MAVLINK_GLOBAL_POSITION_INT_BRIDGE_REL_ALT,/uav1/rel_alt,,1,,127.979
62.259838,2026-09-01T20:07:47.361072+00:00,1788293267.361071587,,1788293266.279462099,MAVLINK_GLOBAL_POSITION_INT_BRIDGE_REL_ALT,/uav1/rel_alt,,1,,101.634
62.375292,2026-09-01T20:07:47.476526+00:00,1788293267.476526022,,1788293266.422414064,MAVLINK_GLOBAL_POSITION_INT_BRIDGE_REL_ALT,/uav1/rel_alt,,1,,115.455
62.460221,2026-09-01T20:07:47.561456+00:00,1788293267.561455727,,1788293266.506386042,MAVLINK_GLOBAL_POSITION_INT_BRIDGE_REL_ALT,/uav1/rel_alt,,1,,84.932
62.549811,2026-09-01T20:07:47.651045+00:00,1788293267.651044607,,1788293266.601353884,MAVLINK_GLOBAL_POSITION_INT_BRIDGE_REL_ALT,/uav1/rel_alt,,1,,89.589
62.677269,2026-09-01T20:07:47.778502+00:00,1788293267.778502226,,1788293266.661334038,MAVLINK_GLOBAL_POSITION_INT_BRIDGE_REL_ALT,/uav1/rel_alt,,1,,127.455
62.778903,2026-09-01T20:07:47.880136+00:00,1788293267.880136490,,1788293266.804286003,MAVLINK_GLOBAL_POSITION_INT_BRIDGE_REL_ALT,/uav1/rel_alt,,1,,101.632
62.873747,2026-09-01T20:07:47.974981+00:00,1788293267.974981070,,1788293266.804286003,MAVLINK_GLOBAL_POSITION_INT_BRIDGE_REL_ALT,/uav1/rel_alt,,1,,94.848
62.968650,2026-09-01T20:07:48.069885+00:00,1788293268.069885015,,1788293267.017214060,MAVLINK_GLOBAL_POSITION_INT_BRIDGE_REL_ALT,/uav1/rel_alt,,1,,94.902
63.058903,2026-09-01T20:07:48.160137+00:00,1788293268.160136938,,1788293267.077193975,MAVLINK_GLOBAL_POSITION_INT_BRIDGE_REL_ALT,/uav1/rel_alt,,1,,90.255
63.191375,2026-09-01T20:07:48.292609+00:00,1788293268.292608738,,1788293267.137173891,MAVLINK_GLOBAL_POSITION_INT_BRIDGE_REL_ALT,/uav1/rel_alt,,1,,132.470
63.293073,2026-09-01T20:07:48.394308+00:00,1788293268.394307613,,1788293267.303117990,MAVLINK_GLOBAL_POSITION_INT_BRIDGE_REL_ALT,/uav1/rel_alt,,1,,101.690
63.383510,2026-09-01T20:07:48.484744+00:00,1788293268.484744310,,1788293267.386090040,MAVLINK_GLOBAL_POSITION_INT_BRIDGE_REL_ALT,/uav1/rel_alt,,1,,90.444
63.487693,2026-09-01T20:07:48.588928+00:00,1788293268.588927746,,1788293267.386090040,MAVLINK_GLOBAL_POSITION_INT_BRIDGE_REL_ALT,/uav1/rel_alt,,1,,104.181
63.598142,2026-09-01T20:07:48.699377+00:00,1788293268.699376822,,1788293267.565030098,MAVLINK_GLOBAL_POSITION_INT_BRIDGE_REL_ALT,/uav1/rel_alt,,1,,110.450
63.691402,2026-09-01T20:07:48.792636+00:00,1788293268.792636156,,1788293267.565030098,MAVLINK_GLOBAL_POSITION_INT_BRIDGE_REL_ALT,/uav1/rel_alt,,1,,93.265
63.809703,2026-09-01T20:07:48.910937+00:00,1788293268.910936594,,1788293267.790954113,MAVLINK_GLOBAL_POSITION_INT_BRIDGE_REL_ALT,/uav1/rel_alt,,1,,118.301
63.906610,2026-09-01T20:07:49.007845+00:00,1788293269.007845402,,1788293267.909914017,MAVLINK_GLOBAL_POSITION_INT_BRIDGE_REL_ALT,/uav1/rel_alt,,1,,96.897
64.008996,2026-09-01T20:07:49.110230+00:00,1788293269.110230446,,1788293267.993885994,MAVLINK_GLOBAL_POSITION_INT_BRIDGE_REL_ALT,/uav1/rel_alt,,1,,102.393
64.093454,2026-09-01T20:07:49.194688+00:00,1788293269.194687843,,1788293267.993885994,MAVLINK_GLOBAL_POSITION_INT_BRIDGE_REL_ALT,/uav1/rel_alt,,1,,84.456
64.202565,2026-09-01T20:07:49.303800+00:00,1788293269.303799629,,1788293267.993885994,MAVLINK_GLOBAL_POSITION_INT_BRIDGE_REL_ALT,/uav1/rel_alt,,1,,109.113
64.308294,2026-09-01T20:07:49.409529+00:00,1788293269.409528732,,1788293267.993885994,MAVLINK_GLOBAL_POSITION_INT_BRIDGE_REL_ALT,/uav1/rel_alt,,1,,105.728
64.417098,2026-09-01T20:07:49.518331+00:00,1788293269.518331051,,1788293267.993885994,MAVLINK_GLOBAL_POSITION_INT_BRIDGE_REL_ALT,/uav1/rel_alt,,1,,108.804
64.518112,2026-09-01T20:07:49.619345+00:00,1788293269.619344950,,1788293268.472724915,MAVLINK_GLOBAL_POSITION_INT_BRIDGE_REL_ALT,/uav1/rel_alt,,1,,101.016
64.622680,2026-09-01T20:07:49.723914+00:00,1788293269.723913670,,1788293268.567692995,MAVLINK_GLOBAL_POSITION_INT_BRIDGE_REL_ALT,/uav1/rel_alt,,1,,104.569
64.722662,2026-09-01T20:07:49.823895+00:00,1788293269.823895216,,1788293268.567692995,MAVLINK_GLOBAL_POSITION_INT_BRIDGE_REL_ALT,/uav1/rel_alt,,1,,99.976
64.827062,2026-09-01T20:07:49.928305+00:00,1788293269.928305149,,1788293268.805613041,MAVLINK_GLOBAL_POSITION_INT_BRIDGE_REL_ALT,/uav1/rel_alt,,1,,104.403
64.939174,2026-09-01T20:07:50.040408+00:00,1788293270.040407658,,1788293268.912576914,MAVLINK_GLOBAL_POSITION_INT_BRIDGE_REL_ALT,/uav1/rel_alt,,1,,112.113
65.021343,2026-09-01T20:07:50.122577+00:00,1788293270.122576952,,1788293268.912576914,MAVLINK_GLOBAL_POSITION_INT_BRIDGE_REL_ALT,/uav1/rel_alt,,1,,82.170
65.126044,2026-09-01T20:07:50.227278+00:00,1788293270.227278233,,1788293269.079520941,MAVLINK_GLOBAL_POSITION_INT_BRIDGE_REL_ALT,/uav1/rel_alt,,1,,104.701
65.259519,2026-09-01T20:07:50.360753+00:00,1788293270.360752821,,1788293269.222472906,MAVLINK_GLOBAL_POSITION_INT_BRIDGE_REL_ALT,/uav1/rel_alt,,1,,133.473
65.348047,2026-09-01T20:07:50.449282+00:00,1788293270.449281693,,1788293269.294449091,MAVLINK_GLOBAL_POSITION_INT_BRIDGE_REL_ALT,/uav1/rel_alt,,1,,88.520
65.459297,2026-09-01T20:07:50.560532+00:00,1788293270.560531616,,1788293269.413408995,MAVLINK_GLOBAL_POSITION_INT_BRIDGE_REL_ALT,/uav1/rel_alt,,1,,111.255
65.552279,2026-09-01T20:07:50.653513+00:00,1788293270.653513432,,1788293269.413408995,MAVLINK_GLOBAL_POSITION_INT_BRIDGE_REL_ALT,/uav1/rel_alt,,1,,92.984
65.656374,2026-09-01T20:07:50.757608+00:00,1788293270.757607698,,1788293269.603344917,MAVLINK_GLOBAL_POSITION_INT_BRIDGE_REL_ALT,/uav1/rel_alt,,1,,104.095
65.749434,2026-09-01T20:07:50.850668+00:00,1788293270.850668192,,1788293269.603344917,MAVLINK_GLOBAL_POSITION_INT_BRIDGE_REL_ALT,/uav1/rel_alt,,1,,93.063
65.867607,2026-09-01T20:07:50.968842+00:00,1788293270.968841553,,1788293269.784284115,MAVLINK_GLOBAL_POSITION_INT_BRIDGE_REL_ALT,/uav1/rel_alt,,1,,118.173
65.955501,2026-09-01T20:07:51.056736+00:00,1788293271.056735516,,1788293269.880251884,MAVLINK_GLOBAL_POSITION_INT_BRIDGE_REL_ALT,/uav1/rel_alt,,1,,87.893
66.054217,2026-09-01T20:07:51.155451+00:00,1788293271.155451059,,1788293270.011208057,MAVLINK_GLOBAL_POSITION_INT_BRIDGE_REL_ALT,/uav1/rel_alt,,1,,98.721
66.163164,2026-09-01T20:07:51.264399+00:00,1788293271.264398575,,1788293270.082184076,MAVLINK_GLOBAL_POSITION_INT_BRIDGE_REL_ALT,/uav1/rel_alt,,1,,108.949
66.272027,2026-09-01T20:07:51.373261+00:00,1788293271.373260736,,1788293270.154160023,MAVLINK_GLOBAL_POSITION_INT_BRIDGE_REL_ALT,/uav1/rel_alt,,1,,108.859
66.392632,2026-09-01T20:07:51.493866+00:00,1788293271.493866444,,1788293270.320103884,MAVLINK_GLOBAL_POSITION_INT_BRIDGE_REL_ALT,/uav1/rel_alt,,1,,120.606
66.479023,2026-09-01T20:07:51.580257+00:00,1788293271.580257177,,1788293270.391079903,MAVLINK_GLOBAL_POSITION_INT_BRIDGE_REL_ALT,/uav1/rel_alt,,1,,86.387
66.605678,2026-09-01T20:07:51.706913+00:00,1788293271.706912518,,1788293270.522036076,MAVLINK_GLOBAL_POSITION_INT_BRIDGE_REL_ALT,/uav1/rel_alt,,1,,126.656
66.679762,2026-09-01T20:07:51.780997+00:00,1788293271.780996799,,1788293270.594012022,MAVLINK_GLOBAL_POSITION_INT_BRIDGE_REL_ALT,/uav1/rel_alt,,1,,74.077
66.786052,2026-09-01T20:07:51.887286+00:00,1788293271.887285948,,1788293270.594012022,MAVLINK_GLOBAL_POSITION_INT_BRIDGE_REL_ALT,/uav1/rel_alt,,1,,106.297
66.896367,2026-09-01T20:07:51.997602+00:00,1788293271.997601509,,1788293270.810939074,MAVLINK_GLOBAL_POSITION_INT_BRIDGE_REL_ALT,/uav1/rel_alt,,1,,110.313
66.987313,2026-09-01T20:07:52.088547+00:00,1788293272.088547230,,1788293270.893910885,MAVLINK_GLOBAL_POSITION_INT_BRIDGE_REL_ALT,/uav1/rel_alt,,1,,90.945
67.088126,2026-09-01T20:07:52.189360+00:00,1788293272.189360380,,1788293270.965887070,MAVLINK_GLOBAL_POSITION_INT_BRIDGE_REL_ALT,/uav1/rel_alt,,1,,100.818
67.196173,2026-09-01T20:07:52.297407+00:00,1788293272.297407150,,1788293271.036863089,MAVLINK_GLOBAL_POSITION_INT_BRIDGE_REL_ALT,/uav1/rel_alt,,1,,108.045
67.326933,2026-09-01T20:07:52.428167+00:00,1788293272.428166628,,1788293271.191811085,MAVLINK_GLOBAL_POSITION_INT_BRIDGE_REL_ALT,/uav1/rel_alt,,1,,130.763
67.415008,2026-09-01T20:07:52.516242+00:00,1788293272.516242266,,1788293271.191811085,MAVLINK_GLOBAL_POSITION_INT_BRIDGE_REL_ALT,/uav1/rel_alt,,1,,88.067
67.520978,2026-09-01T20:07:52.622212+00:00,1788293272.622212410,,1788293271.191811085,MAVLINK_GLOBAL_POSITION_INT_BRIDGE_REL_ALT,/uav1/rel_alt,,1,,105.977
67.615474,2026-09-01T20:07:52.716709+00:00,1788293272.716708660,,1788293271.501707077,MAVLINK_GLOBAL_POSITION_INT_BRIDGE_REL_ALT,/uav1/rel_alt,,1,,94.488
67.727563,2026-09-01T20:07:52.828797+00:00,1788293272.828796625,,1788293271.620666981,MAVLINK_GLOBAL_POSITION_INT_BRIDGE_REL_ALT,/uav1/rel_alt,,1,,112.096
67.825541,2026-09-01T20:07:52.926775+00:00,1788293272.926775217,,1788293271.703639030,MAVLINK_GLOBAL_POSITION_INT_BRIDGE_REL_ALT,/uav1/rel_alt,,1,,97.980
67.940312,2026-09-01T20:07:53.041546+00:00,1788293273.041546345,,1788293271.822598934,MAVLINK_GLOBAL_POSITION_INT_BRIDGE_REL_ALT,/uav1/rel_alt,,1,,114.765
68.024078,2026-09-01T20:07:53.125311+00:00,1788293273.125311375,,1788293271.846590996,MAVLINK_GLOBAL_POSITION_INT_BRIDGE_REL_ALT,/uav1/rel_alt,,1,,83.758
68.122985,2026-09-01T20:07:53.224219+00:00,1788293273.224218845,,1788293272.013535023,MAVLINK_GLOBAL_POSITION_INT_BRIDGE_REL_ALT,/uav1/rel_alt,,1,,98.918
68.212000,2026-09-01T20:07:53.313234+00:00,1788293273.313234091,,1788293272.096507072,MAVLINK_GLOBAL_POSITION_INT_BRIDGE_REL_ALT,/uav1/rel_alt,,1,,89.015
68.326851,2026-09-01T20:07:53.428086+00:00,1788293273.428085804,,1788293272.179478884,MAVLINK_GLOBAL_POSITION_INT_BRIDGE_REL_ALT,/uav1/rel_alt,,1,,114.850
68.443842,2026-09-01T20:07:53.545076+00:00,1788293273.545075655,,1788293272.227463007,MAVLINK_GLOBAL_POSITION_INT_BRIDGE_REL_ALT,/uav1/rel_alt,,1,,116.993
68.531486,2026-09-01T20:07:53.632721+00:00,1788293273.632720709,,1788293272.382411003,MAVLINK_GLOBAL_POSITION_INT_BRIDGE_REL_ALT,/uav1/rel_alt,,1,,87.642
68.638698,2026-09-01T20:07:53.739932+00:00,1788293273.739932299,,1788293272.501370907,MAVLINK_GLOBAL_POSITION_INT_BRIDGE_REL_ALT,/uav1/rel_alt,,1,,107.214
68.757037,2026-09-01T20:07:53.858272+00:00,1788293273.858271837,,1788293272.536359072,MAVLINK_GLOBAL_POSITION_INT_BRIDGE_REL_ALT,/uav1/rel_alt,,1,,118.337
68.852127,2026-09-01T20:07:53.953362+00:00,1788293273.953361511,,1788293272.667315006,MAVLINK_GLOBAL_POSITION_INT_BRIDGE_REL_ALT,/uav1/rel_alt,,1,,95.092
68.949991,2026-09-01T20:07:54.051225+00:00,1788293274.051224947,,1788293272.798270941,MAVLINK_GLOBAL_POSITION_INT_BRIDGE_REL_ALT,/uav1/rel_alt,,1,,97.866
69.065874,2026-09-01T20:07:54.167108+00:00,1788293274.167108297,,1788293272.834259033,MAVLINK_GLOBAL_POSITION_INT_BRIDGE_REL_ALT,/uav1/rel_alt,,1,,115.883
69.165181,2026-09-01T20:07:54.266415+00:00,1788293274.266415119,,1788293273.001203060,MAVLINK_GLOBAL_POSITION_INT_BRIDGE_REL_ALT,/uav1/rel_alt,,1,,99.308
69.268905,2026-09-01T20:07:54.370140+00:00,1788293274.370140076,,1788293273.001203060,MAVLINK_GLOBAL_POSITION_INT_BRIDGE_REL_ALT,/uav1/rel_alt,,1,,103.720
69.366437,2026-09-01T20:07:54.467671+00:00,1788293274.467671156,,1788293273.191138983,MAVLINK_GLOBAL_POSITION_INT_BRIDGE_REL_ALT,/uav1/rel_alt,,1,,97.532
69.479546,2026-09-01T20:07:54.580780+00:00,1788293274.580780268,,1788293273.310098886,MAVLINK_GLOBAL_POSITION_INT_BRIDGE_REL_ALT,/uav1/rel_alt,,1,,113.108
69.567658,2026-09-01T20:07:54.668892+00:00,1788293274.668891668,,1788293273.393070936,MAVLINK_GLOBAL_POSITION_INT_BRIDGE_REL_ALT,/uav1/rel_alt,,1,,88.115
69.670887,2026-09-01T20:07:54.772122+00:00,1788293274.772121668,,1788293273.465046883,MAVLINK_GLOBAL_POSITION_INT_BRIDGE_REL_ALT,/uav1/rel_alt,,1,,103.228
69.774118,2026-09-01T20:07:54.875353+00:00,1788293274.875352859,,1788293273.465046883,MAVLINK_GLOBAL_POSITION_INT_BRIDGE_REL_ALT,/uav1/rel_alt,,1,,103.230
69.871271,2026-09-01T20:07:54.972506+00:00,1788293274.972505569,,1788293273.690970898,MAVLINK_GLOBAL_POSITION_INT_BRIDGE_REL_ALT,/uav1/rel_alt,,1,,97.153
69.999934,2026-09-01T20:07:55.101168+00:00,1788293275.101167917,,1788293273.761946917,MAVLINK_GLOBAL_POSITION_INT_BRIDGE_REL_ALT,/uav1/rel_alt,,1,,128.669
70.077347,2026-09-01T20:07:55.178581+00:00,1788293275.178581476,,1788293273.895901918,MAVLINK_GLOBAL_POSITION_INT_BRIDGE_REL_ALT,/uav1/rel_alt,,1,,77.407
70.191746,2026-09-01T20:07:55.292980+00:00,1788293275.292980433,,1788293274.003865957,MAVLINK_GLOBAL_POSITION_INT_BRIDGE_REL_ALT,/uav1/rel_alt,,1,,114.399
70.286751,2026-09-01T20:07:55.387985+00:00,1788293275.387984991,,1788293274.075841904,MAVLINK_GLOBAL_POSITION_INT_BRIDGE_REL_ALT,/uav1/rel_alt,,1,,95.005
70.385885,2026-09-01T20:07:55.487118+00:00,1788293275.487118483,,1788293274.169810057,MAVLINK_GLOBAL_POSITION_INT_BRIDGE_REL_ALT,/uav1/rel_alt,,1,,99.135
70.510120,2026-09-01T20:07:55.611354+00:00,1788293275.611353874,,1788293274.241786003,MAVLINK_GLOBAL_POSITION_INT_BRIDGE_REL_ALT,/uav1/rel_alt,,1,,124.237
70.605146,2026-09-01T20:07:55.706380+00:00,1788293275.706379890,,1788293274.395734072,MAVLINK_GLOBAL_POSITION_INT_BRIDGE_REL_ALT,/uav1/rel_alt,,1,,95.023
70.702843,2026-09-01T20:07:55.804078+00:00,1788293275.804077625,,1788293274.467710018,MAVLINK_GLOBAL_POSITION_INT_BRIDGE_REL_ALT,/uav1/rel_alt,,1,,97.697
70.798683,2026-09-01T20:07:55.899917+00:00,1788293275.899917126,,1788293274.586669922,MAVLINK_GLOBAL_POSITION_INT_BRIDGE_REL_ALT,/uav1/rel_alt,,1,,95.841
70.914461,2026-09-01T20:07:56.015694+00:00,1788293276.015694380,,1788293274.717626095,MAVLINK_GLOBAL_POSITION_INT_BRIDGE_REL_ALT,/uav1/rel_alt,,1,,115.775
71.032125,2026-09-01T20:07:56.133359+00:00,1788293276.133359432,,1788293274.824589968,MAVLINK_GLOBAL_POSITION_INT_BRIDGE_REL_ALT,/uav1/rel_alt,,1,,117.671
71.110199,2026-09-01T20:07:56.211434+00:00,1788293276.211433887,,1788293274.883569956,MAVLINK_GLOBAL_POSITION_INT_BRIDGE_REL_ALT,/uav1/rel_alt,,1,,78.069
71.259471,2026-09-01T20:07:56.360705+00:00,1788293276.360705376,,1788293274.967541933,MAVLINK_GLOBAL_POSITION_INT_BRIDGE_REL_ALT,/uav1/rel_alt,,1,,149.269
71.343252,2026-09-01T20:07:56.444486+00:00,1788293276.444486141,,1788293275.099498034,MAVLINK_GLOBAL_POSITION_INT_BRIDGE_REL_ALT,/uav1/rel_alt,,1,,83.786
71.456391,2026-09-01T20:07:56.557625+00:00,1788293276.557625055,,1788293275.099498034,MAVLINK_GLOBAL_POSITION_INT_BRIDGE_REL_ALT,/uav1/rel_alt,,1,,113.140
71.548369,2026-09-01T20:07:56.649603+00:00,1788293276.649602890,,1788293275.288434029,MAVLINK_GLOBAL_POSITION_INT_BRIDGE_REL_ALT,/uav1/rel_alt,,1,,91.975
71.636674,2026-09-01T20:07:56.737909+00:00,1788293276.737908840,,1788293275.288434029,MAVLINK_GLOBAL_POSITION_INT_BRIDGE_REL_ALT,/uav1/rel_alt,,1,,88.307
71.753530,2026-09-01T20:07:56.854764+00:00,1788293276.854764223,,1788293275.514358044,MAVLINK_GLOBAL_POSITION_INT_BRIDGE_REL_ALT,/uav1/rel_alt,,1,,116.855
71.836262,2026-09-01T20:07:56.937495+00:00,1788293276.937495232,,1788293275.586333990,MAVLINK_GLOBAL_POSITION_INT_BRIDGE_REL_ALT,/uav1/rel_alt,,1,,82.731
71.944401,2026-09-01T20:07:57.045635+00:00,1788293277.045634508,,1788293275.657310009,MAVLINK_GLOBAL_POSITION_INT_BRIDGE_REL_ALT,/uav1/rel_alt,,1,,108.136
72.046116,2026-09-01T20:07:57.147351+00:00,1788293277.147350788,,1788293275.800261974,MAVLINK_GLOBAL_POSITION_INT_BRIDGE_REL_ALT,/uav1/rel_alt,,1,,101.719
72.151471,2026-09-01T20:07:57.252705+00:00,1788293277.252704859,,1788293275.800261974,MAVLINK_GLOBAL_POSITION_INT_BRIDGE_REL_ALT,/uav1/rel_alt,,1,,105.353
72.244643,2026-09-01T20:07:57.345877+00:00,1788293277.345877409,,1788293275.800261974,MAVLINK_GLOBAL_POSITION_INT_BRIDGE_REL_ALT,/uav1/rel_alt,,1,,93.171
72.347771,2026-09-01T20:07:57.449005+00:00,1788293277.449005127,,1788293276.074170113,MAVLINK_GLOBAL_POSITION_INT_BRIDGE_REL_ALT,/uav1/rel_alt,,1,,103.129
72.475272,2026-09-01T20:07:57.576505+00:00,1788293277.576505423,,1788293276.205126047,MAVLINK_GLOBAL_POSITION_INT_BRIDGE_REL_ALT,/uav1/rel_alt,,1,,127.498
72.575163,2026-09-01T20:07:57.676397+00:00,1788293277.676397085,,1788293276.241113901,MAVLINK_GLOBAL_POSITION_INT_BRIDGE_REL_ALT,/uav1/rel_alt,,1,,99.897
72.674259,2026-09-01T20:07:57.775493+00:00,1788293277.775493383,,1788293276.419054031,MAVLINK_GLOBAL_POSITION_INT_BRIDGE_REL_ALT,/uav1/rel_alt,,1,,99.096
72.777051,2026-09-01T20:07:57.878285+00:00,1788293277.878285170,,1788293276.506025076,MAVLINK_GLOBAL_POSITION_INT_BRIDGE_REL_ALT,/uav1/rel_alt,,1,,102.792
72.873365,2026-09-01T20:07:57.974600+00:00,1788293277.974599600,,1788293276.506025076,MAVLINK_GLOBAL_POSITION_INT_BRIDGE_REL_ALT,/uav1/rel_alt,,1,,96.307
72.967706,2026-09-01T20:07:58.068941+00:00,1788293278.068940878,,1788293276.506025076,MAVLINK_GLOBAL_POSITION_INT_BRIDGE_REL_ALT,/uav1/rel_alt,,1,,94.348
73.084226,2026-09-01T20:07:58.185460+00:00,1788293278.185460329,,1788293276.746943951,MAVLINK_GLOBAL_POSITION_INT_BRIDGE_REL_ALT,/uav1/rel_alt,,1,,116.518
73.181991,2026-09-01T20:07:58.283225+00:00,1788293278.283225060,,1788293276.912888050,MAVLINK_GLOBAL_POSITION_INT_BRIDGE_REL_ALT,/uav1/rel_alt,,1,,97.766
73.292130,2026-09-01T20:07:58.393364+00:00,1788293278.393363953,,1788293276.912888050,MAVLINK_GLOBAL_POSITION_INT_BRIDGE_REL_ALT,/uav1/rel_alt,,1,,110.134
73.380706,2026-09-01T20:07:58.481940+00:00,1788293278.481939793,,1788293276.912888050,MAVLINK_GLOBAL_POSITION_INT_BRIDGE_REL_ALT,/uav1/rel_alt,,1,,88.583
73.500244,2026-09-01T20:07:58.601478+00:00,1788293278.601477861,,1788293277.222784042,MAVLINK_GLOBAL_POSITION_INT_BRIDGE_REL_ALT,/uav1/rel_alt,,1,,119.539
73.615758,2026-09-01T20:07:58.716991+00:00,1788293278.716991425,,1788293277.320750952,MAVLINK_GLOBAL_POSITION_INT_BRIDGE_REL_ALT,/uav1/rel_alt,,1,,115.511
73.702206,2026-09-01T20:07:58.803440+00:00,1788293278.803439856,,1788293277.320750952,MAVLINK_GLOBAL_POSITION_INT_BRIDGE_REL_ALT,/uav1/rel_alt,,1,,86.441
73.814139,2026-09-01T20:07:58.915373+00:00,1788293278.915373087,,1788293277.510687113,MAVLINK_GLOBAL_POSITION_INT_BRIDGE_REL_ALT,/uav1/rel_alt,,1,,111.937
73.913489,2026-09-01T20:07:59.014723+00:00,1788293279.014722586,,1788293277.594659090,MAVLINK_GLOBAL_POSITION_INT_BRIDGE_REL_ALT,/uav1/rel_alt,,1,,99.354
74.010516,2026-09-01T20:07:59.111750+00:00,1788293279.111750126,,1788293277.713618994,MAVLINK_GLOBAL_POSITION_INT_BRIDGE_REL_ALT,/uav1/rel_alt,,1,,97.027
74.120646,2026-09-01T20:07:59.221881+00:00,1788293279.221880674,,1788293277.796591043,MAVLINK_GLOBAL_POSITION_INT_BRIDGE_REL_ALT,/uav1/rel_alt,,1,,110.130
74.210797,2026-09-01T20:07:59.312032+00:00,1788293279.312031746,,1788293277.796591043,MAVLINK_GLOBAL_POSITION_INT_BRIDGE_REL_ALT,/uav1/rel_alt,,1,,90.148
74.320352,2026-09-01T20:07:59.421586+00:00,1788293279.421586037,,1788293277.951539040,MAVLINK_GLOBAL_POSITION_INT_BRIDGE_REL_ALT,/uav1/rel_alt,,1,,109.560
74.417731,2026-09-01T20:07:59.518965+00:00,1788293279.518964529,,1788293278.082494974,MAVLINK_GLOBAL_POSITION_INT_BRIDGE_REL_ALT,/uav1/rel_alt,,1,,97.377
74.532935,2026-09-01T20:07:59.634170+00:00,1788293279.634169579,,1788293278.192457914,MAVLINK_GLOBAL_POSITION_INT_BRIDGE_REL_ALT,/uav1/rel_alt,,1,,115.206
74.641414,2026-09-01T20:07:59.742647+00:00,1788293279.742647409,,1788293278.240442038,MAVLINK_GLOBAL_POSITION_INT_BRIDGE_REL_ALT,/uav1/rel_alt,,1,,108.481
74.733792,2026-09-01T20:07:59.835026+00:00,1788293279.835026264,,1788293278.406385899,MAVLINK_GLOBAL_POSITION_INT_BRIDGE_REL_ALT,/uav1/rel_alt,,1,,92.372
74.837391,2026-09-01T20:07:59.938625+00:00,1788293279.938624620,,1788293278.502353907,MAVLINK_GLOBAL_POSITION_INT_BRIDGE_REL_ALT,/uav1/rel_alt,,1,,103.598
74.943455,2026-09-01T20:08:00.044689+00:00,1788293280.044688702,,1788293278.573329926,MAVLINK_GLOBAL_POSITION_INT_BRIDGE_REL_ALT,/uav1/rel_alt,,1,,106.067
75.039128,2026-09-01T20:08:00.140362+00:00,1788293280.140362024,,1788293278.656301975,MAVLINK_GLOBAL_POSITION_INT_BRIDGE_REL_ALT,/uav1/rel_alt,,1,,95.671
75.154597,2026-09-01T20:08:00.255832+00:00,1788293280.255831718,,1788293278.656301975,MAVLINK_GLOBAL_POSITION_INT_BRIDGE_REL_ALT,/uav1/rel_alt,,1,,115.469
75.258862,2026-09-01T20:08:00.360096+00:00,1788293280.360095978,,1788293278.835242033,MAVLINK_GLOBAL_POSITION_INT_BRIDGE_REL_ALT,/uav1/rel_alt,,1,,104.267
75.341597,2026-09-01T20:08:00.442831+00:00,1788293280.442830563,,1788293279.002186060,MAVLINK_GLOBAL_POSITION_INT_BRIDGE_REL_ALT,/uav1/rel_alt,,1,,82.736
75.439051,2026-09-01T20:08:00.540285+00:00,1788293280.540285349,,1788293279.097153902,MAVLINK_GLOBAL_POSITION_INT_BRIDGE_REL_ALT,/uav1/rel_alt,,1,,97.448
75.558559,2026-09-01T20:08:00.659794+00:00,1788293280.659793615,,1788293279.180125952,MAVLINK_GLOBAL_POSITION_INT_BRIDGE_REL_ALT,/uav1/rel_alt,,1,,119.515
75.682455,2026-09-01T20:08:00.783690+00:00,1788293280.783690214,,1788293279.311081886,MAVLINK_GLOBAL_POSITION_INT_BRIDGE_REL_ALT,/uav1/rel_alt,,1,,123.893
75.772917,2026-09-01T20:08:00.874151+00:00,1788293280.874150515,,1788293279.311081886,MAVLINK_GLOBAL_POSITION_INT_BRIDGE_REL_ALT,/uav1/rel_alt,,1,,90.463
75.868671,2026-09-01T20:08:00.969905+00:00,1788293280.969905138,,1788293279.502017975,MAVLINK_GLOBAL_POSITION_INT_BRIDGE_REL_ALT,/uav1/rel_alt,,1,,95.750
75.985762,2026-09-01T20:08:01.086995+00:00,1788293281.086995125,,1788293279.608982086,MAVLINK_GLOBAL_POSITION_INT_BRIDGE_REL_ALT,/uav1/rel_alt,,1,,117.097
76.080430,2026-09-01T20:08:01.181664+00:00,1788293281.181663752,,1788293279.608982086,MAVLINK_GLOBAL_POSITION_INT_BRIDGE_REL_ALT,/uav1/rel_alt,,1,,94.669
76.193499,2026-09-01T20:08:01.294733+00:00,1788293281.294733286,,1788293279.813913107,MAVLINK_GLOBAL_POSITION_INT_BRIDGE_REL_ALT,/uav1/rel_alt,,1,,113.069
76.295511,2026-09-01T20:08:01.396745+00:00,1788293281.396744967,,1788293279.921876907,MAVLINK_GLOBAL_POSITION_INT_BRIDGE_REL_ALT,/uav1/rel_alt,,1,,102.008
76.379240,2026-09-01T20:08:01.480474+00:00,1788293281.480474472,,1788293280.004848957,MAVLINK_GLOBAL_POSITION_INT_BRIDGE_REL_ALT,/uav1/rel_alt,,1,,83.731
76.476456,2026-09-01T20:08:01.577689+00:00,1788293281.577689409,,1788293280.099817038,MAVLINK_GLOBAL_POSITION_INT_BRIDGE_REL_ALT,/uav1/rel_alt,,1,,97.213
76.591583,2026-09-01T20:08:01.692817+00:00,1788293281.692816734,,1788293280.194785118,MAVLINK_GLOBAL_POSITION_INT_BRIDGE_REL_ALT,/uav1/rel_alt,,1,,115.126
76.696740,2026-09-01T20:08:01.797974+00:00,1788293281.797974348,,1788293280.277756929,MAVLINK_GLOBAL_POSITION_INT_BRIDGE_REL_ALT,/uav1/rel_alt,,1,,105.159
76.787795,2026-09-01T20:08:01.889030+00:00,1788293281.889029741,,1788293280.349733114,MAVLINK_GLOBAL_POSITION_INT_BRIDGE_REL_ALT,/uav1/rel_alt,,1,,91.053
76.895867,2026-09-01T20:08:01.997101+00:00,1788293281.997100830,,1788293280.456696987,MAVLINK_GLOBAL_POSITION_INT_BRIDGE_REL_ALT,/uav1/rel_alt,,1,,108.078
76.998203,2026-09-01T20:08:02.099437+00:00,1788293282.099437237,,1788293280.587652922,MAVLINK_GLOBAL_POSITION_INT_BRIDGE_REL_ALT,/uav1/rel_alt,,1,,102.337
77.104202,2026-09-01T20:08:02.205436+00:00,1788293282.205436230,,1788293280.647633076,MAVLINK_GLOBAL_POSITION_INT_BRIDGE_REL_ALT,/uav1/rel_alt,,1,,105.996
77.221863,2026-09-01T20:08:02.323097+00:00,1788293282.323096514,,1788293280.825572968,MAVLINK_GLOBAL_POSITION_INT_BRIDGE_REL_ALT,/uav1/rel_alt,,1,,117.662
77.318268,2026-09-01T20:08:02.419502+00:00,1788293282.419502020,,1788293280.909544945,MAVLINK_GLOBAL_POSITION_INT_BRIDGE_REL_ALT,/uav1/rel_alt,,1,,96.402
77.413108,2026-09-01T20:08:02.514342+00:00,1788293282.514342308,,1788293281.004513025,MAVLINK_GLOBAL_POSITION_INT_BRIDGE_REL_ALT,/uav1/rel_alt,,1,,94.839
77.500855,2026-09-01T20:08:02.602090+00:00,1788293282.602089643,,1788293281.004513025,MAVLINK_GLOBAL_POSITION_INT_BRIDGE_REL_ALT,/uav1/rel_alt,,1,,87.749
77.621167,2026-09-01T20:08:02.722401+00:00,1788293282.722401381,,1788293281.161459923,MAVLINK_GLOBAL_POSITION_INT_BRIDGE_REL_ALT,/uav1/rel_alt,,1,,120.313
77.727814,2026-09-01T20:08:02.829048+00:00,1788293282.829048395,,1788293281.316407919,MAVLINK_GLOBAL_POSITION_INT_BRIDGE_REL_ALT,/uav1/rel_alt,,1,,106.649
77.820547,2026-09-01T20:08:02.921781+00:00,1788293282.921780825,,1788293281.351396084,MAVLINK_GLOBAL_POSITION_INT_BRIDGE_REL_ALT,/uav1/rel_alt,,1,,92.735
77.931290,2026-09-01T20:08:03.032524+00:00,1788293283.032524347,,1788293281.351396084,MAVLINK_GLOBAL_POSITION_INT_BRIDGE_REL_ALT,/uav1/rel_alt,,1,,110.738
78.027331,2026-09-01T20:08:03.128565+00:00,1788293283.128565073,,1788293281.614308119,MAVLINK_GLOBAL_POSITION_INT_BRIDGE_REL_ALT,/uav1/rel_alt,,1,,96.041
78.122838,2026-09-01T20:08:03.224072+00:00,1788293283.224072218,,1788293281.686284065,MAVLINK_GLOBAL_POSITION_INT_BRIDGE_REL_ALT,/uav1/rel_alt,,1,,95.507
78.252367,2026-09-01T20:08:03.353601+00:00,1788293283.353601217,,1788293281.816240072,MAVLINK_GLOBAL_POSITION_INT_BRIDGE_REL_ALT,/uav1/rel_alt,,1,,129.529
78.339054,2026-09-01T20:08:03.440288+00:00,1788293283.440288305,,1788293281.852227926,MAVLINK_GLOBAL_POSITION_INT_BRIDGE_REL_ALT,/uav1/rel_alt,,1,,86.686
78.441040,2026-09-01T20:08:03.542275+00:00,1788293283.542275190,,1788293282.006175995,MAVLINK_GLOBAL_POSITION_INT_BRIDGE_REL_ALT,/uav1/rel_alt,,1,,101.981
78.538218,2026-09-01T20:08:03.639452+00:00,1788293283.639451981,,1788293282.054160118,MAVLINK_GLOBAL_POSITION_INT_BRIDGE_REL_ALT,/uav1/rel_alt,,1,,97.185
78.652134,2026-09-01T20:08:03.753368+00:00,1788293283.753367901,,1788293282.161123991,MAVLINK_GLOBAL_POSITION_INT_BRIDGE_REL_ALT,/uav1/rel_alt,,1,,113.914
78.755311,2026-09-01T20:08:03.856545+00:00,1788293283.856545210,,1788293282.233099937,MAVLINK_GLOBAL_POSITION_INT_BRIDGE_REL_ALT,/uav1/rel_alt,,1,,103.172
78.856115,2026-09-01T20:08:03.957349+00:00,1788293283.957349062,,1788293282.364056110,MAVLINK_GLOBAL_POSITION_INT_BRIDGE_REL_ALT,/uav1/rel_alt,,1,,100.812
78.968899,2026-09-01T20:08:04.070133+00:00,1788293284.070132732,,1788293282.364056110,MAVLINK_GLOBAL_POSITION_INT_BRIDGE_REL_ALT,/uav1/rel_alt,,1,,112.785
79.052641,2026-09-01T20:08:04.153875+00:00,1788293284.153875113,,1788293282.565988064,MAVLINK_GLOBAL_POSITION_INT_BRIDGE_REL_ALT,/uav1/rel_alt,,1,,83.737
79.182005,2026-09-01T20:08:04.283239+00:00,1788293284.283238888,,1788293282.625967979,MAVLINK_GLOBAL_POSITION_INT_BRIDGE_REL_ALT,/uav1/rel_alt,,1,,129.368
79.296505,2026-09-01T20:08:04.397739+00:00,1788293284.397739172,,1788293282.768919945,MAVLINK_GLOBAL_POSITION_INT_BRIDGE_REL_ALT,/uav1/rel_alt,,1,,114.504
79.388007,2026-09-01T20:08:04.489241+00:00,1788293284.489241362,,1788293282.851891994,MAVLINK_GLOBAL_POSITION_INT_BRIDGE_REL_ALT,/uav1/rel_alt,,1,,91.496
79.476612,2026-09-01T20:08:04.577847+00:00,1788293284.577846766,,1788293282.851891994,MAVLINK_GLOBAL_POSITION_INT_BRIDGE_REL_ALT,/uav1/rel_alt,,1,,88.603
79.582588,2026-09-01T20:08:04.683822+00:00,1788293284.683821678,,1788293283.090811968,MAVLINK_GLOBAL_POSITION_INT_BRIDGE_REL_ALT,/uav1/rel_alt,,1,,105.981
79.680873,2026-09-01T20:08:04.782107+00:00,1788293284.782107115,,1788293283.196775913,MAVLINK_GLOBAL_POSITION_INT_BRIDGE_REL_ALT,/uav1/rel_alt,,1,,98.284
79.794848,2026-09-01T20:08:04.896081+00:00,1788293284.896081209,,1788293283.196775913,MAVLINK_GLOBAL_POSITION_INT_BRIDGE_REL_ALT,/uav1/rel_alt,,1,,113.969
79.893215,2026-09-01T20:08:04.994450+00:00,1788293284.994449615,,1788293283.398708105,MAVLINK_GLOBAL_POSITION_INT_BRIDGE_REL_ALT,/uav1/rel_alt,,1,,98.370
79.997319,2026-09-01T20:08:05.098554+00:00,1788293285.098553896,,1788293283.470684052,MAVLINK_GLOBAL_POSITION_INT_BRIDGE_REL_ALT,/uav1/rel_alt,,1,,104.100
80.096150,2026-09-01T20:08:05.197384+00:00,1788293285.197383881,,1788293283.601639986,MAVLINK_GLOBAL_POSITION_INT_BRIDGE_REL_ALT,/uav1/rel_alt,,1,,98.840
80.198889,2026-09-01T20:08:05.300123+00:00,1788293285.300122976,,1788293283.672616005,MAVLINK_GLOBAL_POSITION_INT_BRIDGE_REL_ALT,/uav1/rel_alt,,1,,102.737
80.312855,2026-09-01T20:08:05.414089+00:00,1788293285.414088726,,1788293283.672616005,MAVLINK_GLOBAL_POSITION_INT_BRIDGE_REL_ALT,/uav1/rel_alt,,1,,113.962
80.403234,2026-09-01T20:08:05.504467+00:00,1788293285.504467249,,1788293283.876548052,MAVLINK_GLOBAL_POSITION_INT_BRIDGE_REL_ALT,/uav1/rel_alt,,1,,90.383
80.515829,2026-09-01T20:08:05.617063+00:00,1788293285.617062807,,1788293284.008502960,MAVLINK_GLOBAL_POSITION_INT_BRIDGE_REL_ALT,/uav1/rel_alt,,1,,112.592
80.609489,2026-09-01T20:08:05.710723+00:00,1788293285.710723162,,1788293284.092474937,MAVLINK_GLOBAL_POSITION_INT_BRIDGE_REL_ALT,/uav1/rel_alt,,1,,93.662
80.718363,2026-09-01T20:08:05.819597+00:00,1788293285.819597006,,1788293284.142457962,MAVLINK_GLOBAL_POSITION_INT_BRIDGE_REL_ALT,/uav1/rel_alt,,1,,108.874
80.813805,2026-09-01T20:08:05.915038+00:00,1788293285.915038347,,1788293284.262418032,MAVLINK_GLOBAL_POSITION_INT_BRIDGE_REL_ALT,/uav1/rel_alt,,1,,95.442
80.925011,2026-09-01T20:08:06.026246+00:00,1788293286.026245594,,1788293284.392374039,MAVLINK_GLOBAL_POSITION_INT_BRIDGE_REL_ALT,/uav1/rel_alt,,1,,111.204
81.021460,2026-09-01T20:08:06.122694+00:00,1788293286.122693777,,1788293284.464349985,MAVLINK_GLOBAL_POSITION_INT_BRIDGE_REL_ALT,/uav1/rel_alt,,1,,96.450
81.124030,2026-09-01T20:08:06.225265+00:00,1788293286.225265265,,1788293284.583309889,MAVLINK_GLOBAL_POSITION_INT_BRIDGE_REL_ALT,/uav1/rel_alt,,1,,102.565
81.231122,2026-09-01T20:08:06.332355+00:00,1788293286.332355499,,1788293284.583309889,MAVLINK_GLOBAL_POSITION_INT_BRIDGE_REL_ALT,/uav1/rel_alt,,1,,107.099
81.361635,2026-09-01T20:08:06.462869+00:00,1788293286.462868690,,1788293284.785242081,MAVLINK_GLOBAL_POSITION_INT_BRIDGE_REL_ALT,/uav1/rel_alt,,1,,130.512
81.438365,2026-09-01T20:08:06.539600+00:00,1788293286.539599895,,1788293284.785242081,MAVLINK_GLOBAL_POSITION_INT_BRIDGE_REL_ALT,/uav1/rel_alt,,1,,76.727
81.543731,2026-09-01T20:08:06.644965+00:00,1788293286.644964695,,1788293284.785242081,MAVLINK_GLOBAL_POSITION_INT_BRIDGE_REL_ALT,/uav1/rel_alt,,1,,105.367
81.635313,2026-09-01T20:08:06.736547+00:00,1788293286.736546993,,1788293285.119129896,MAVLINK_GLOBAL_POSITION_INT_BRIDGE_REL_ALT,/uav1/rel_alt,,1,,91.581
81.751879,2026-09-01T20:08:06.853114+00:00,1788293286.853113651,,1788293285.191106081,MAVLINK_GLOBAL_POSITION_INT_BRIDGE_REL_ALT,/uav1/rel_alt,,1,,116.567
81.848410,2026-09-01T20:08:06.949645+00:00,1788293286.949644804,,1788293285.191106081,MAVLINK_GLOBAL_POSITION_INT_BRIDGE_REL_ALT,/uav1/rel_alt,,1,,96.530
81.968371,2026-09-01T20:08:07.069606+00:00,1788293287.069605589,,1788293285.369045973,MAVLINK_GLOBAL_POSITION_INT_BRIDGE_REL_ALT,/uav1/rel_alt,,1,,119.966
82.059582,2026-09-01T20:08:07.160816+00:00,1788293287.160815716,,1788293285.501002073,MAVLINK_GLOBAL_POSITION_INT_BRIDGE_REL_ALT,/uav1/rel_alt,,1,,91.206
82.163326,2026-09-01T20:08:07.264560+00:00,1788293287.264560223,,1788293285.546986103,MAVLINK_GLOBAL_POSITION_INT_BRIDGE_REL_ALT,/uav1/rel_alt,,1,,103.748
82.264762,2026-09-01T20:08:07.365995+00:00,1788293287.365994930,,1788293285.665946007,MAVLINK_GLOBAL_POSITION_INT_BRIDGE_REL_ALT,/uav1/rel_alt,,1,,101.436
82.377582,2026-09-01T20:08:07.478816+00:00,1788293287.478816271,,1788293285.749917984,MAVLINK_GLOBAL_POSITION_INT_BRIDGE_REL_ALT,/uav1/rel_alt,,1,,112.820
82.492876,2026-09-01T20:08:07.594110+00:00,1788293287.594109774,,1788293285.832890034,MAVLINK_GLOBAL_POSITION_INT_BRIDGE_REL_ALT,/uav1/rel_alt,,1,,115.292
82.567435,2026-09-01T20:08:07.668669+00:00,1788293287.668668747,,1788293286.010829926,MAVLINK_GLOBAL_POSITION_INT_BRIDGE_REL_ALT,/uav1/rel_alt,,1,,74.555
82.661425,2026-09-01T20:08:07.762658+00:00,1788293287.762658119,,1788293286.094801903,MAVLINK_GLOBAL_POSITION_INT_BRIDGE_REL_ALT,/uav1/rel_alt,,1,,93.992
82.775225,2026-09-01T20:08:07.876459+00:00,1788293287.876458645,,1788293286.216761112,MAVLINK_GLOBAL_POSITION_INT_BRIDGE_REL_ALT,/uav1/rel_alt,,1,,113.801
82.893141,2026-09-01T20:08:07.994375+00:00,1788293287.994374514,,1788293286.311728954,MAVLINK_GLOBAL_POSITION_INT_BRIDGE_REL_ALT,/uav1/rel_alt,,1,,117.919
82.989829,2026-09-01T20:08:08.091063+00:00,1788293288.091062784,,1788293286.418693066,MAVLINK_GLOBAL_POSITION_INT_BRIDGE_REL_ALT,/uav1/rel_alt,,1,,96.690
83.101929,2026-09-01T20:08:08.203163+00:00,1788293288.203163385,,1788293286.502665043,MAVLINK_GLOBAL_POSITION_INT_BRIDGE_REL_ALT,/uav1/rel_alt,,1,,112.099
83.190908,2026-09-01T20:08:08.292142+00:00,1788293288.292142391,,1788293286.502665043,MAVLINK_GLOBAL_POSITION_INT_BRIDGE_REL_ALT,/uav1/rel_alt,,1,,88.975
83.300767,2026-09-01T20:08:08.402001+00:00,1788293288.402000666,,1788293286.692600965,MAVLINK_GLOBAL_POSITION_INT_BRIDGE_REL_ALT,/uav1/rel_alt,,1,,109.858
83.410688,2026-09-01T20:08:08.511922+00:00,1788293288.511921883,,1788293286.766576052,MAVLINK_GLOBAL_POSITION_INT_BRIDGE_REL_ALT,/uav1/rel_alt,,1,,109.924
83.525541,2026-09-01T20:08:08.626775+00:00,1788293288.626775265,,1788293286.886535883,MAVLINK_GLOBAL_POSITION_INT_BRIDGE_REL_ALT,/uav1/rel_alt,,1,,114.855
83.611199,2026-09-01T20:08:08.712433+00:00,1788293288.712433100,,1788293286.886535883,MAVLINK_GLOBAL_POSITION_INT_BRIDGE_REL_ALT,/uav1/rel_alt,,1,,85.653
83.707819,2026-09-01T20:08:08.809053+00:00,1788293288.809052706,,1788293287.100464106,MAVLINK_GLOBAL_POSITION_INT_BRIDGE_REL_ALT,/uav1/rel_alt,,1,,96.621
83.797602,2026-09-01T20:08:08.898836+00:00,1788293288.898836136,,1788293287.100464106,MAVLINK_GLOBAL_POSITION_INT_BRIDGE_REL_ALT,/uav1/rel_alt,,1,,89.786
83.917097,2026-09-01T20:08:09.018331+00:00,1788293289.018331289,,1788293287.255412102,MAVLINK_GLOBAL_POSITION_INT_BRIDGE_REL_ALT,/uav1/rel_alt,,1,,119.496
84.027875,2026-09-01T20:08:09.129109+00:00,1788293289.129108667,,1788293287.385368109,MAVLINK_GLOBAL_POSITION_INT_BRIDGE_REL_ALT,/uav1/rel_alt,,1,,110.776
84.130652,2026-09-01T20:08:09.231886+00:00,1788293289.231885672,,1788293287.505327940,MAVLINK_GLOBAL_POSITION_INT_BRIDGE_REL_ALT,/uav1/rel_alt,,1,,102.771
84.236201,2026-09-01T20:08:09.337435+00:00,1788293289.337434769,,1788293287.600296021,MAVLINK_GLOBAL_POSITION_INT_BRIDGE_REL_ALT,/uav1/rel_alt,,1,,105.553
84.317395,2026-09-01T20:08:09.418629+00:00,1788293289.418628931,,1788293287.600296021,MAVLINK_GLOBAL_POSITION_INT_BRIDGE_REL_ALT,/uav1/rel_alt,,1,,81.190
84.455805,2026-09-01T20:08:09.557039+00:00,1788293289.557038784,,1788293287.802227974,MAVLINK_GLOBAL_POSITION_INT_BRIDGE_REL_ALT,/uav1/rel_alt,,1,,138.409
84.544128,2026-09-01T20:08:09.645362+00:00,1788293289.645361662,,1788293287.802227974,MAVLINK_GLOBAL_POSITION_INT_BRIDGE_REL_ALT,/uav1/rel_alt,,1,,88.327
84.646561,2026-09-01T20:08:09.747794+00:00,1788293289.747793913,,1788293288.016155958,MAVLINK_GLOBAL_POSITION_INT_BRIDGE_REL_ALT,/uav1/rel_alt,,1,,102.432
84.735632,2026-09-01T20:08:09.836866+00:00,1788293289.836865902,,1788293288.016155958,MAVLINK_GLOBAL_POSITION_INT_BRIDGE_REL_ALT,/uav1/rel_alt,,1,,89.075
84.827900,2026-09-01T20:08:09.929135+00:00,1788293289.929134846,,1788293288.208091974,MAVLINK_GLOBAL_POSITION_INT_BRIDGE_REL_ALT,/uav1/rel_alt,,1,,92.264
84.969558,2026-09-01T20:08:10.070792+00:00,1788293290.070792437,,1788293288.314055920,MAVLINK_GLOBAL_POSITION_INT_BRIDGE_REL_ALT,/uav1/rel_alt,,1,,141.658
85.070463,2026-09-01T20:08:10.171696+00:00,1788293290.171696186,,1788293288.338047981,MAVLINK_GLOBAL_POSITION_INT_BRIDGE_REL_ALT,/uav1/rel_alt,,1,,100.910
85.164332,2026-09-01T20:08:10.265566+00:00,1788293290.265566111,,1788293288.515988111,MAVLINK_GLOBAL_POSITION_INT_BRIDGE_REL_ALT,/uav1/rel_alt,,1,,93.866
85.270194,2026-09-01T20:08:10.371428+00:00,1788293290.371428013,,1788293288.587964058,MAVLINK_GLOBAL_POSITION_INT_BRIDGE_REL_ALT,/uav1/rel_alt,,1,,105.858
85.351170,2026-09-01T20:08:10.452404+00:00,1788293290.452403784,,1788293288.706923962,MAVLINK_GLOBAL_POSITION_INT_BRIDGE_REL_ALT,/uav1/rel_alt,,1,,80.981
85.466494,2026-09-01T20:08:10.567728+00:00,1788293290.567728043,,1788293288.765903950,MAVLINK_GLOBAL_POSITION_INT_BRIDGE_REL_ALT,/uav1/rel_alt,,1,,115.322
85.576323,2026-09-01T20:08:10.677557+00:00,1788293290.677557468,,1788293288.873867989,MAVLINK_GLOBAL_POSITION_INT_BRIDGE_REL_ALT,/uav1/rel_alt,,1,,109.828
85.663358,2026-09-01T20:08:10.764592+00:00,1788293290.764592409,,1788293288.992827892,MAVLINK_GLOBAL_POSITION_INT_BRIDGE_REL_ALT,/uav1/rel_alt,,1,,87.031
85.757814,2026-09-01T20:08:10.859048+00:00,1788293290.859048128,,1788293289.087795973,MAVLINK_GLOBAL_POSITION_INT_BRIDGE_REL_ALT,/uav1/rel_alt,,1,,94.461
85.867414,2026-09-01T20:08:10.968648+00:00,1788293290.968648195,,1788293289.158771992,MAVLINK_GLOBAL_POSITION_INT_BRIDGE_REL_ALT,/uav1/rel_alt,,1,,109.598
85.997662,2026-09-01T20:08:11.098896+00:00,1788293291.098895788,,1788293289.325716019,MAVLINK_GLOBAL_POSITION_INT_BRIDGE_REL_ALT,/uav1/rel_alt,,1,,130.255
86.096879,2026-09-01T20:08:11.198113+00:00,1788293291.198113203,,1788293289.420684099,MAVLINK_GLOBAL_POSITION_INT_BRIDGE_REL_ALT,/uav1/rel_alt,,1,,99.214
86.202925,2026-09-01T20:08:11.304158+00:00,1788293291.304158449,,1788293289.480664015,MAVLINK_GLOBAL_POSITION_INT_BRIDGE_REL_ALT,/uav1/rel_alt,,1,,106.043
86.314374,2026-09-01T20:08:11.415609+00:00,1788293291.415608644,,1788293289.575632095,MAVLINK_GLOBAL_POSITION_INT_BRIDGE_REL_ALT,/uav1/rel_alt,,1,,111.442
86.400834,2026-09-01T20:08:11.502068+00:00,1788293291.502068043,,1788293289.575632095,MAVLINK_GLOBAL_POSITION_INT_BRIDGE_REL_ALT,/uav1/rel_alt,,1,,86.472
86.520084,2026-09-01T20:08:11.621318+00:00,1788293291.621317863,,1788293289.801556110,MAVLINK_GLOBAL_POSITION_INT_BRIDGE_REL_ALT,/uav1/rel_alt,,1,,119.235
86.625452,2026-09-01T20:08:11.726686+00:00,1788293291.726685762,,1788293289.920516014,MAVLINK_GLOBAL_POSITION_INT_BRIDGE_REL_ALT,/uav1/rel_alt,,1,,105.382
86.702882,2026-09-01T20:08:11.804116+00:00,1788293291.804115772,,1788293290.015484095,MAVLINK_GLOBAL_POSITION_INT_BRIDGE_REL_ALT,/uav1/rel_alt,,1,,77.431
86.819118,2026-09-01T20:08:11.920352+00:00,1788293291.920351744,,1788293290.099456072,MAVLINK_GLOBAL_POSITION_INT_BRIDGE_REL_ALT,/uav1/rel_alt,,1,,116.235
86.899617,2026-09-01T20:08:12.000850+00:00,1788293292.000849962,,1788293290.158436060,MAVLINK_GLOBAL_POSITION_INT_BRIDGE_REL_ALT,/uav1/rel_alt,,1,,80.495
87.035916,2026-09-01T20:08:12.137150+00:00,1788293292.137149811,,1788293290.265399933,MAVLINK_GLOBAL_POSITION_INT_BRIDGE_REL_ALT,/uav1/rel_alt,,1,,136.303
87.125725,2026-09-01T20:08:12.226959+00:00,1788293292.226958752,,1788293290.265399933,MAVLINK_GLOBAL_POSITION_INT_BRIDGE_REL_ALT,/uav1/rel_alt,,1,,89.807
87.248923,2026-09-01T20:08:12.350157+00:00,1788293292.350157261,,1788293290.515316010,MAVLINK_GLOBAL_POSITION_INT_BRIDGE_REL_ALT,/uav1/rel_alt,,1,,123.199
87.332258,2026-09-01T20:08:12.433492+00:00,1788293292.433492184,,1788293290.515316010,MAVLINK_GLOBAL_POSITION_INT_BRIDGE_REL_ALT,/uav1/rel_alt,,1,,83.336
87.433805,2026-09-01T20:08:12.535039+00:00,1788293292.535039186,,1788293290.718247890,MAVLINK_GLOBAL_POSITION_INT_BRIDGE_REL_ALT,/uav1/rel_alt,,1,,101.548
87.557996,2026-09-01T20:08:12.659231+00:00,1788293292.659230947,,1788293290.743240118,MAVLINK_GLOBAL_POSITION_INT_BRIDGE_REL_ALT,/uav1/rel_alt,,1,,124.185
87.645575,2026-09-01T20:08:12.746809+00:00,1788293292.746808767,,1788293290.876194954,MAVLINK_GLOBAL_POSITION_INT_BRIDGE_REL_ALT,/uav1/rel_alt,,1,,87.586
87.734972,2026-09-01T20:08:12.836205+00:00,1788293292.836205482,,1788293290.876194954,MAVLINK_GLOBAL_POSITION_INT_BRIDGE_REL_ALT,/uav1/rel_alt,,1,,89.393
87.847123,2026-09-01T20:08:12.948356+00:00,1788293292.948356390,,1788293291.115114927,MAVLINK_GLOBAL_POSITION_INT_BRIDGE_REL_ALT,/uav1/rel_alt,,1,,112.149
87.917904,2026-09-01T20:08:13.019138+00:00,1788293293.019138336,,1788293291.197087049,MAVLINK_GLOBAL_POSITION_INT_BRIDGE_REL_ALT,/uav1/rel_alt,,1,,70.788
88.048630,2026-09-01T20:08:13.149864+00:00,1788293293.149863720,,1788293291.292054892,MAVLINK_GLOBAL_POSITION_INT_BRIDGE_REL_ALT,/uav1/rel_alt,,1,,130.725
88.143785,2026-09-01T20:08:13.245019+00:00,1788293293.245018721,,1788293291.292054892,MAVLINK_GLOBAL_POSITION_INT_BRIDGE_REL_ALT,/uav1/rel_alt,,1,,95.155
88.259780,2026-09-01T20:08:13.361014+00:00,1788293293.361014366,,1788293291.435007095,MAVLINK_GLOBAL_POSITION_INT_BRIDGE_REL_ALT,/uav1/rel_alt,,1,,115.992
88.354579,2026-09-01T20:08:13.455813+00:00,1788293293.455813408,,1788293291.554966927,MAVLINK_GLOBAL_POSITION_INT_BRIDGE_REL_ALT,/uav1/rel_alt,,1,,94.797
88.451253,2026-09-01T20:08:13.552488+00:00,1788293293.552487612,,1788293291.720911026,MAVLINK_GLOBAL_POSITION_INT_BRIDGE_REL_ALT,/uav1/rel_alt,,1,,96.673
88.584772,2026-09-01T20:08:13.686006+00:00,1788293293.686006308,,1788293291.791887045,MAVLINK_GLOBAL_POSITION_INT_BRIDGE_REL_ALT,/uav1/rel_alt,,1,,133.524
88.664549,2026-09-01T20:08:13.765783+00:00,1788293293.765783072,,1788293291.791887045,MAVLINK_GLOBAL_POSITION_INT_BRIDGE_REL_ALT,/uav1/rel_alt,,1,,79.777
88.767209,2026-09-01T20:08:13.868443+00:00,1788293293.868442774,,1788293291.791887045,MAVLINK_GLOBAL_POSITION_INT_BRIDGE_REL_ALT,/uav1/rel_alt,,1,,102.662
88.863655,2026-09-01T20:08:13.964889+00:00,1788293293.964888811,,1788293292.077790976,MAVLINK_GLOBAL_POSITION_INT_BRIDGE_REL_ALT,/uav1/rel_alt,,1,,96.445
88.966159,2026-09-01T20:08:14.067393+00:00,1788293294.067393303,,1788293292.208746910,MAVLINK_GLOBAL_POSITION_INT_BRIDGE_REL_ALT,/uav1/rel_alt,,1,,102.504
89.085996,2026-09-01T20:08:14.187229+00:00,1788293294.187229395,,1788293292.279722929,MAVLINK_GLOBAL_POSITION_INT_BRIDGE_REL_ALT,/uav1/rel_alt,,1,,119.837
89.194887,2026-09-01T20:08:14.296122+00:00,1788293294.296122074,,1788293292.398683071,MAVLINK_GLOBAL_POSITION_INT_BRIDGE_REL_ALT,/uav1/rel_alt,,1,,108.887
89.306724,2026-09-01T20:08:14.407958+00:00,1788293294.407957554,,1788293292.494651079,MAVLINK_GLOBAL_POSITION_INT_BRIDGE_REL_ALT,/uav1/rel_alt,,1,,111.837
89.409270,2026-09-01T20:08:14.510504+00:00,1788293294.510503531,,1788293292.625607014,MAVLINK_GLOBAL_POSITION_INT_BRIDGE_REL_ALT,/uav1/rel_alt,,1,,102.551
89.499553,2026-09-01T20:08:14.600786+00:00,1788293294.600786448,,1788293292.708579063,MAVLINK_GLOBAL_POSITION_INT_BRIDGE_REL_ALT,/uav1/rel_alt,,1,,90.279
89.620562,2026-09-01T20:08:14.721796+00:00,1788293294.721796274,,1788293292.791551113,MAVLINK_GLOBAL_POSITION_INT_BRIDGE_REL_ALT,/uav1/rel_alt,,1,,121.014
89.724476,2026-09-01T20:08:14.825710+00:00,1788293294.825709820,,1788293292.887518883,MAVLINK_GLOBAL_POSITION_INT_BRIDGE_REL_ALT,/uav1/rel_alt,,1,,103.910
89.792268,2026-09-01T20:08:14.893502+00:00,1788293294.893501759,,1788293293.008477926,MAVLINK_GLOBAL_POSITION_INT_BRIDGE_REL_ALT,/uav1/rel_alt,,1,,67.794
89.894905,2026-09-01T20:08:14.996139+00:00,1788293294.996139288,,1788293293.045465946,MAVLINK_GLOBAL_POSITION_INT_BRIDGE_REL_ALT,/uav1/rel_alt,,1,,102.634
89.999149,2026-09-01T20:08:15.100383+00:00,1788293295.100383043,,1788293293.223406076,MAVLINK_GLOBAL_POSITION_INT_BRIDGE_REL_ALT,/uav1/rel_alt,,1,,104.245
90.113376,2026-09-01T20:08:15.214611+00:00,1788293295.214610577,,1788293293.294382095,MAVLINK_GLOBAL_POSITION_INT_BRIDGE_REL_ALT,/uav1/rel_alt,,1,,114.222
90.223270,2026-09-01T20:08:15.324504+00:00,1788293295.324503660,,1788293293.330369949,MAVLINK_GLOBAL_POSITION_INT_BRIDGE_REL_ALT,/uav1/rel_alt,,1,,109.903
90.328367,2026-09-01T20:08:15.429601+00:00,1788293295.429600954,,1788293293.520306110,MAVLINK_GLOBAL_POSITION_INT_BRIDGE_REL_ALT,/uav1/rel_alt,,1,,105.094
90.411634,2026-09-01T20:08:15.512869+00:00,1788293295.512869120,,1788293293.556293964,MAVLINK_GLOBAL_POSITION_INT_BRIDGE_REL_ALT,/uav1/rel_alt,,1,,83.263
90.517557,2026-09-01T20:08:15.618792+00:00,1788293295.618791580,,1788293293.699245930,MAVLINK_GLOBAL_POSITION_INT_BRIDGE_REL_ALT,/uav1/rel_alt,,1,,105.924
90.635001,2026-09-01T20:08:15.736236+00:00,1788293295.736235619,,1788293293.758225918,MAVLINK_GLOBAL_POSITION_INT_BRIDGE_REL_ALT,/uav1/rel_alt,,1,,117.445
90.740510,2026-09-01T20:08:15.841744+00:00,1788293295.841743946,,1788293293.913173914,MAVLINK_GLOBAL_POSITION_INT_BRIDGE_REL_ALT,/uav1/rel_alt,,1,,105.509
90.830940,2026-09-01T20:08:15.932174+00:00,1788293295.932174444,,1788293293.913173914,MAVLINK_GLOBAL_POSITION_INT_BRIDGE_REL_ALT,/uav1/rel_alt,,1,,90.432
90.937425,2026-09-01T20:08:16.038658+00:00,1788293296.038658381,,1788293294.092113972,MAVLINK_GLOBAL_POSITION_INT_BRIDGE_REL_ALT,/uav1/rel_alt,,1,,106.480
91.035372,2026-09-01T20:08:16.136606+00:00,1788293296.136605501,,1788293294.151093960,MAVLINK_GLOBAL_POSITION_INT_BRIDGE_REL_ALT,/uav1/rel_alt,,1,,97.952
91.150472,2026-09-01T20:08:16.251706+00:00,1788293296.251705647,,1788293294.151093960,MAVLINK_GLOBAL_POSITION_INT_BRIDGE_REL_ALT,/uav1/rel_alt,,1,,115.102
91.256377,2026-09-01T20:08:16.357610+00:00,1788293296.357609987,,1788293294.342030048,MAVLINK_GLOBAL_POSITION_INT_BRIDGE_REL_ALT,/uav1/rel_alt,,1,,105.903
91.363907,2026-09-01T20:08:16.465141+00:00,1788293296.465141058,,1788293294.460989952,MAVLINK_GLOBAL_POSITION_INT_BRIDGE_REL_ALT,/uav1/rel_alt,,1,,107.526
91.453716,2026-09-01T20:08:16.554950+00:00,1788293296.554949999,,1788293294.591945887,MAVLINK_GLOBAL_POSITION_INT_BRIDGE_REL_ALT,/uav1/rel_alt,,1,,89.812
91.555201,2026-09-01T20:08:16.656436+00:00,1788293296.656435728,,1788293294.591945887,MAVLINK_GLOBAL_POSITION_INT_BRIDGE_REL_ALT,/uav1/rel_alt,,1,,101.482
91.671385,2026-09-01T20:08:16.772619+00:00,1788293296.772619486,,1788293294.769886017,MAVLINK_GLOBAL_POSITION_INT_BRIDGE_REL_ALT,/uav1/rel_alt,,1,,116.184
91.761856,2026-09-01T20:08:16.863089+00:00,1788293296.863089085,,1788293294.769886017,MAVLINK_GLOBAL_POSITION_INT_BRIDGE_REL_ALT,/uav1/rel_alt,,1,,90.472
91.862830,2026-09-01T20:08:16.964064+00:00,1788293296.964063644,,1788293295.022800922,MAVLINK_GLOBAL_POSITION_INT_BRIDGE_REL_ALT,/uav1/rel_alt,,1,,100.975
91.951204,2026-09-01T20:08:17.052438+00:00,1788293297.052438021,,1788293295.082781076,MAVLINK_GLOBAL_POSITION_INT_BRIDGE_REL_ALT,/uav1/rel_alt,,1,,88.367
92.069991,2026-09-01T20:08:17.171225+00:00,1788293297.171224594,,1788293295.168751955,MAVLINK_GLOBAL_POSITION_INT_BRIDGE_REL_ALT,/uav1/rel_alt,,1,,118.793
92.189401,2026-09-01T20:08:17.290635+00:00,1788293297.290634871,,1788293295.299707890,MAVLINK_GLOBAL_POSITION_INT_BRIDGE_REL_ALT,/uav1/rel_alt,,1,,119.413
92.284661,2026-09-01T20:08:17.385895+00:00,1788293297.385894537,,1788293295.359688044,MAVLINK_GLOBAL_POSITION_INT_BRIDGE_REL_ALT,/uav1/rel_alt,,1,,95.252
92.397875,2026-09-01T20:08:17.499109+00:00,1788293297.499109030,,1788293295.526632071,MAVLINK_GLOBAL_POSITION_INT_BRIDGE_REL_ALT,/uav1/rel_alt,,1,,113.221
92.487468,2026-09-01T20:08:17.588702+00:00,1788293297.588701963,,1788293295.574615955,MAVLINK_GLOBAL_POSITION_INT_BRIDGE_REL_ALT,/uav1/rel_alt,,1,,89.589
92.592285,2026-09-01T20:08:17.693519+00:00,1788293297.693519115,,1788293295.668584108,MAVLINK_GLOBAL_POSITION_INT_BRIDGE_REL_ALT,/uav1/rel_alt,,1,,104.821
92.697236,2026-09-01T20:08:17.798470+00:00,1788293297.798470497,,1788293295.787544012,MAVLINK_GLOBAL_POSITION_INT_BRIDGE_REL_ALT,/uav1/rel_alt,,1,,104.950
92.809337,2026-09-01T20:08:17.910571+00:00,1788293297.910571337,,1788293295.835527897,MAVLINK_GLOBAL_POSITION_INT_BRIDGE_REL_ALT,/uav1/rel_alt,,1,,112.100
92.888932,2026-09-01T20:08:17.990167+00:00,1788293297.990166903,,1788293295.966484070,MAVLINK_GLOBAL_POSITION_INT_BRIDGE_REL_ALT,/uav1/rel_alt,,1,,79.595
92.986907,2026-09-01T20:08:18.088140+00:00,1788293298.088140249,,1788293295.966484070,MAVLINK_GLOBAL_POSITION_INT_BRIDGE_REL_ALT,/uav1/rel_alt,,1,,97.974
93.096970,2026-09-01T20:08:18.198205+00:00,1788293298.198204756,,1788293296.192408085,MAVLINK_GLOBAL_POSITION_INT_BRIDGE_REL_ALT,/uav1/rel_alt,,1,,110.064
93.213734,2026-09-01T20:08:18.314968+00:00,1788293298.314967871,,1788293296.275379896,MAVLINK_GLOBAL_POSITION_INT_BRIDGE_REL_ALT,/uav1/rel_alt,,1,,116.766
93.325219,2026-09-01T20:08:18.426453+00:00,1788293298.426453352,,1788293296.383343935,MAVLINK_GLOBAL_POSITION_INT_BRIDGE_REL_ALT,/uav1/rel_alt,,1,,111.485
93.416723,2026-09-01T20:08:18.517957+00:00,1788293298.517957211,,1788293296.383343935,MAVLINK_GLOBAL_POSITION_INT_BRIDGE_REL_ALT,/uav1/rel_alt,,1,,91.502
93.526389,2026-09-01T20:08:18.627623+00:00,1788293298.627623081,,1788293296.562283993,MAVLINK_GLOBAL_POSITION_INT_BRIDGE_REL_ALT,/uav1/rel_alt,,1,,109.664
93.610373,2026-09-01T20:08:18.711607+00:00,1788293298.711607218,,1788293296.680243969,MAVLINK_GLOBAL_POSITION_INT_BRIDGE_REL_ALT,/uav1/rel_alt,,1,,83.985
93.731043,2026-09-01T20:08:18.832276+00:00,1788293298.832276106,,1788293296.811199903,MAVLINK_GLOBAL_POSITION_INT_BRIDGE_REL_ALT,/uav1/rel_alt,,1,,120.669
93.823918,2026-09-01T20:08:18.925152+00:00,1788293298.925151825,,1788293296.882175922,MAVLINK_GLOBAL_POSITION_INT_BRIDGE_REL_ALT,/uav1/rel_alt,,1,,92.880
93.921774,2026-09-01T20:08:19.023008+00:00,1788293299.023007631,,1788293297.001136065,MAVLINK_GLOBAL_POSITION_INT_BRIDGE_REL_ALT,/uav1/rel_alt,,1,,97.852
94.005130,2026-09-01T20:08:19.106366+00:00,1788293299.106365681,,1788293297.073112011,MAVLINK_GLOBAL_POSITION_INT_BRIDGE_REL_ALT,/uav1/rel_alt,,1,,83.341
94.119027,2026-09-01T20:08:19.220261+00:00,1788293299.220261097,,1788293297.216063976,MAVLINK_GLOBAL_POSITION_INT_BRIDGE_REL_ALT,/uav1/rel_alt,,1,,113.914
94.259681,2026-09-01T20:08:19.360916+00:00,1788293299.360915899,,1788293297.216063976,MAVLINK_GLOBAL_POSITION_INT_BRIDGE_REL_ALT,/uav1/rel_alt,,1,,140.653
94.351419,2026-09-01T20:08:19.452653+00:00,1788293299.452653170,,1788293297.371011972,MAVLINK_GLOBAL_POSITION_INT_BRIDGE_REL_ALT,/uav1/rel_alt,,1,,91.740
94.448722,2026-09-01T20:08:19.549956+00:00,1788293299.549955845,,1788293297.371011972,MAVLINK_GLOBAL_POSITION_INT_BRIDGE_REL_ALT,/uav1/rel_alt,,1,,97.305
94.541723,2026-09-01T20:08:19.642957+00:00,1788293299.642957211,,1788293297.608932018,MAVLINK_GLOBAL_POSITION_INT_BRIDGE_REL_ALT,/uav1/rel_alt,,1,,93.000
94.641663,2026-09-01T20:08:19.742898+00:00,1788293299.742897987,,1788293297.692903996,MAVLINK_GLOBAL_POSITION_INT_BRIDGE_REL_ALT,/uav1/rel_alt,,1,,99.937
94.757889,2026-09-01T20:08:19.859124+00:00,1788293299.859124422,,1788293297.798867941,MAVLINK_GLOBAL_POSITION_INT_BRIDGE_REL_ALT,/uav1/rel_alt,,1,,116.217
94.857979,2026-09-01T20:08:19.959213+00:00,1788293299.959212780,,1788293297.884839058,MAVLINK_GLOBAL_POSITION_INT_BRIDGE_REL_ALT,/uav1/rel_alt,,1,,100.098
94.959919,2026-09-01T20:08:20.061152+00:00,1788293300.061151981,,1788293297.992803097,MAVLINK_GLOBAL_POSITION_INT_BRIDGE_REL_ALT,/uav1/rel_alt,,1,,101.942
95.052777,2026-09-01T20:08:20.154012+00:00,1788293300.154011726,,1788293298.099766970,MAVLINK_GLOBAL_POSITION_INT_BRIDGE_REL_ALT,/uav1/rel_alt,,1,,92.854
95.163815,2026-09-01T20:08:20.265049+00:00,1788293300.265049458,,1788293298.099766970,MAVLINK_GLOBAL_POSITION_INT_BRIDGE_REL_ALT,/uav1/rel_alt,,1,,111.040
95.291327,2026-09-01T20:08:20.392561+00:00,1788293300.392561197,,1788293298.242718935,MAVLINK_GLOBAL_POSITION_INT_BRIDGE_REL_ALT,/uav1/rel_alt,,1,,127.512
95.383388,2026-09-01T20:08:20.484623+00:00,1788293300.484622955,,1788293298.373675108,MAVLINK_GLOBAL_POSITION_INT_BRIDGE_REL_ALT,/uav1/rel_alt,,1,,92.060
95.486399,2026-09-01T20:08:20.587633+00:00,1788293300.587632656,,1788293298.492635012,MAVLINK_GLOBAL_POSITION_INT_BRIDGE_REL_ALT,/uav1/rel_alt,,1,,103.015
95.589504,2026-09-01T20:08:20.690737+00:00,1788293300.690737247,,1788293298.599598885,MAVLINK_GLOBAL_POSITION_INT_BRIDGE_REL_ALT,/uav1/rel_alt,,1,,103.096
95.671115,2026-09-01T20:08:20.772349+00:00,1788293300.772349358,,1788293298.718559027,MAVLINK_GLOBAL_POSITION_INT_BRIDGE_REL_ALT,/uav1/rel_alt,,1,,81.616
95.786740,2026-09-01T20:08:20.887974+00:00,1788293300.887973547,,1788293298.801531076,MAVLINK_GLOBAL_POSITION_INT_BRIDGE_REL_ALT,/uav1/rel_alt,,1,,115.623
95.889996,2026-09-01T20:08:20.991230+00:00,1788293300.991230249,,1788293298.874505997,MAVLINK_GLOBAL_POSITION_INT_BRIDGE_REL_ALT,/uav1/rel_alt,,1,,103.256
95.988433,2026-09-01T20:08:21.089667+00:00,1788293301.089667082,,1788293298.874505997,MAVLINK_GLOBAL_POSITION_INT_BRIDGE_REL_ALT,/uav1/rel_alt,,1,,98.438
96.074521,2026-09-01T20:08:21.175755+00:00,1788293301.175754786,,1788293299.093432903,MAVLINK_GLOBAL_POSITION_INT_BRIDGE_REL_ALT,/uav1/rel_alt,,1,,86.087
96.180757,2026-09-01T20:08:21.281991+00:00,1788293301.281991482,,1788293299.188400984,MAVLINK_GLOBAL_POSITION_INT_BRIDGE_REL_ALT,/uav1/rel_alt,,1,,106.236
96.306999,2026-09-01T20:08:21.408234+00:00,1788293301.408233643,,1788293299.319356918,MAVLINK_GLOBAL_POSITION_INT_BRIDGE_REL_ALT,/uav1/rel_alt,,1,,126.243
96.396381,2026-09-01T20:08:21.497616+00:00,1788293301.497615814,,1788293299.389333010,MAVLINK_GLOBAL_POSITION_INT_BRIDGE_REL_ALT,/uav1/rel_alt,,1,,89.382
96.507894,2026-09-01T20:08:21.609128+00:00,1788293301.609127760,,1788293299.450313091,MAVLINK_GLOBAL_POSITION_INT_BRIDGE_REL_ALT,/uav1/rel_alt,,1,,111.515
96.611844,2026-09-01T20:08:21.713078+00:00,1788293301.713078022,,1788293299.620255947,MAVLINK_GLOBAL_POSITION_INT_BRIDGE_REL_ALT,/uav1/rel_alt,,1,,103.947
96.701510,2026-09-01T20:08:21.802743+00:00,1788293301.802743435,,1788293299.703227997,MAVLINK_GLOBAL_POSITION_INT_BRIDGE_REL_ALT,/uav1/rel_alt,,1,,89.666
96.823692,2026-09-01T20:08:21.924926+00:00,1788293301.924926043,,1788293299.774204016,MAVLINK_GLOBAL_POSITION_INT_BRIDGE_REL_ALT,/uav1/rel_alt,,1,,122.184
96.931688,2026-09-01T20:08:22.032922+00:00,1788293302.032921553,,1788293299.905159950,MAVLINK_GLOBAL_POSITION_INT_BRIDGE_REL_ALT,/uav1/rel_alt,,1,,107.997
97.010964,2026-09-01T20:08:22.112198+00:00,1788293302.112198114,,1788293299.905159950,MAVLINK_GLOBAL_POSITION_INT_BRIDGE_REL_ALT,/uav1/rel_alt,,1,,79.271
97.124944,2026-09-01T20:08:22.226178+00:00,1788293302.226177931,,1788293300.108092070,MAVLINK_GLOBAL_POSITION_INT_BRIDGE_REL_ALT,/uav1/rel_alt,,1,,113.984
97.215895,2026-09-01T20:08:22.317129+00:00,1788293302.317129135,,1788293300.179068089,MAVLINK_GLOBAL_POSITION_INT_BRIDGE_REL_ALT,/uav1/rel_alt,,1,,90.954
97.339709,2026-09-01T20:08:22.440944+00:00,1788293302.440943718,,1788293300.286031961,MAVLINK_GLOBAL_POSITION_INT_BRIDGE_REL_ALT,/uav1/rel_alt,,1,,123.813
97.437474,2026-09-01T20:08:22.538708+00:00,1788293302.538708448,,1788293300.334016085,MAVLINK_GLOBAL_POSITION_INT_BRIDGE_REL_ALT,/uav1/rel_alt,,1,,97.762
97.543973,2026-09-01T20:08:22.645207+00:00,1788293302.645206928,,1788293300.523952007,MAVLINK_GLOBAL_POSITION_INT_BRIDGE_REL_ALT,/uav1/rel_alt,,1,,106.502
97.629471,2026-09-01T20:08:22.730705+00:00,1788293302.730705500,,1788293300.595927954,MAVLINK_GLOBAL_POSITION_INT_BRIDGE_REL_ALT,/uav1/rel_alt,,1,,85.495
97.733486,2026-09-01T20:08:22.834720+00:00,1788293302.834719658,,1788293300.702892065,MAVLINK_GLOBAL_POSITION_INT_BRIDGE_REL_ALT,/uav1/rel_alt,,1,,104.016
97.851704,2026-09-01T20:08:22.952938+00:00,1788293302.952938318,,1788293300.809855938,MAVLINK_GLOBAL_POSITION_INT_BRIDGE_REL_ALT,/uav1/rel_alt,,1,,118.221
97.943226,2026-09-01T20:08:23.044459+00:00,1788293303.044459343,,1788293300.892827988,MAVLINK_GLOBAL_POSITION_INT_BRIDGE_REL_ALT,/uav1/rel_alt,,1,,91.517
98.040137,2026-09-01T20:08:23.141371+00:00,1788293303.141371489,,1788293300.892827988,MAVLINK_GLOBAL_POSITION_INT_BRIDGE_REL_ALT,/uav1/rel_alt,,1,,96.912
98.149467,2026-09-01T20:08:23.250702+00:00,1788293303.250701666,,1788293301.122750998,MAVLINK_GLOBAL_POSITION_INT_BRIDGE_REL_ALT,/uav1/rel_alt,,1,,109.322
98.252763,2026-09-01T20:08:23.353997+00:00,1788293303.353996515,,1788293301.217719078,MAVLINK_GLOBAL_POSITION_INT_BRIDGE_REL_ALT,/uav1/rel_alt,,1,,103.310
98.369524,2026-09-01T20:08:23.470758+00:00,1788293303.470757723,,1788293301.312686920,MAVLINK_GLOBAL_POSITION_INT_BRIDGE_REL_ALT,/uav1/rel_alt,,1,,116.757
98.470481,2026-09-01T20:08:23.571716+00:00,1788293303.571715593,,1788293301.373666048,MAVLINK_GLOBAL_POSITION_INT_BRIDGE_REL_ALT,/uav1/rel_alt,,1,,100.954
98.576161,2026-09-01T20:08:23.677395+00:00,1788293303.677395105,,1788293301.520617008,MAVLINK_GLOBAL_POSITION_INT_BRIDGE_REL_ALT,/uav1/rel_alt,,1,,105.685
98.668595,2026-09-01T20:08:23.769829+00:00,1788293303.769828796,,1788293301.592592955,MAVLINK_GLOBAL_POSITION_INT_BRIDGE_REL_ALT,/uav1/rel_alt,,1,,92.429
98.763336,2026-09-01T20:08:23.864570+00:00,1788293303.864569664,,1788293301.711553097,MAVLINK_GLOBAL_POSITION_INT_BRIDGE_REL_ALT,/uav1/rel_alt,,1,,94.737
98.891441,2026-09-01T20:08:23.992675+00:00,1788293303.992675066,,1788293301.821516037,MAVLINK_GLOBAL_POSITION_INT_BRIDGE_REL_ALT,/uav1/rel_alt,,1,,128.110
98.991617,2026-09-01T20:08:24.092851+00:00,1788293304.092850685,,1788293301.821516037,MAVLINK_GLOBAL_POSITION_INT_BRIDGE_REL_ALT,/uav1/rel_alt,,1,,100.178
99.095049,2026-09-01T20:08:24.196283+00:00,1788293304.196283340,,1788293301.989469051,MAVLINK_GLOBAL_POSITION_INT_BRIDGE_REL_ALT,/uav1/rel_alt,,1,,103.426
99.194167,2026-09-01T20:08:24.295402+00:00,1788293304.295401573,,1788293302.118447065,MAVLINK_GLOBAL_POSITION_INT_BRIDGE_REL_ALT,/uav1/rel_alt,,1,,99.120
99.292978,2026-09-01T20:08:24.394212+00:00,1788293304.394212008,,1788293302.212430954,MAVLINK_GLOBAL_POSITION_INT_BRIDGE_REL_ALT,/uav1/rel_alt,,1,,98.814
99.418977,2026-09-01T20:08:24.520211+00:00,1788293304.520211458,,1788293302.296416998,MAVLINK_GLOBAL_POSITION_INT_BRIDGE_REL_ALT,/uav1/rel_alt,,1,,125.996
99.500199,2026-09-01T20:08:24.601433+00:00,1788293304.601432800,,1788293302.368405104,MAVLINK_GLOBAL_POSITION_INT_BRIDGE_REL_ALT,/uav1/rel_alt,,1,,81.224
99.606462,2026-09-01T20:08:24.707697+00:00,1788293304.707696915,,1788293302.501383066,MAVLINK_GLOBAL_POSITION_INT_BRIDGE_REL_ALT,/uav1/rel_alt,,1,,106.260
99.703648,2026-09-01T20:08:24.804882+00:00,1788293304.804881811,,1788293302.584368944,MAVLINK_GLOBAL_POSITION_INT_BRIDGE_REL_ALT,/uav1/rel_alt,,1,,97.187
99.800707,2026-09-01T20:08:24.901941+00:00,1788293304.901941299,,1788293302.677352905,MAVLINK_GLOBAL_POSITION_INT_BRIDGE_REL_ALT,/uav1/rel_alt,,1,,97.058
99.917080,2026-09-01T20:08:25.018314+00:00,1788293305.018313646,,1788293302.785335064,MAVLINK_GLOBAL_POSITION_INT_BRIDGE_REL_ALT,/uav1/rel_alt,,1,,116.368
100.010493,2026-09-01T20:08:25.111727+00:00,1788293305.111726761,,1788293302.892317057,MAVLINK_GLOBAL_POSITION_INT_BRIDGE_REL_ALT,/uav1/rel_alt,,1,,93.422
100.113493,2026-09-01T20:08:25.214727+00:00,1788293305.214726925,,1788293302.987301111,MAVLINK_GLOBAL_POSITION_INT_BRIDGE_REL_ALT,/uav1/rel_alt,,1,,102.998
100.197673,2026-09-01T20:08:25.298907+00:00,1788293305.298907042,,1788293303.070286989,MAVLINK_GLOBAL_POSITION_INT_BRIDGE_REL_ALT,/uav1/rel_alt,,1,,84.180
100.317403,2026-09-01T20:08:25.418637+00:00,1788293305.418636799,,1788293303.070286989,MAVLINK_GLOBAL_POSITION_INT_BRIDGE_REL_ALT,/uav1/rel_alt,,1,,119.733
100.431982,2026-09-01T20:08:25.533216+00:00,1788293305.533215523,,1788293303.070286989,MAVLINK_GLOBAL_POSITION_INT_BRIDGE_REL_ALT,/uav1/rel_alt,,1,,114.578
100.523447,2026-09-01T20:08:25.624681+00:00,1788293305.624681234,,1788293303.367237091,MAVLINK_GLOBAL_POSITION_INT_BRIDGE_REL_ALT,/uav1/rel_alt,,1,,91.465
100.633470,2026-09-01T20:08:25.734705+00:00,1788293305.734704971,,1788293303.510212898,MAVLINK_GLOBAL_POSITION_INT_BRIDGE_REL_ALT,/uav1/rel_alt,,1,,110.019
100.722421,2026-09-01T20:08:25.823656+00:00,1788293305.823655605,,1788293303.570203066,MAVLINK_GLOBAL_POSITION_INT_BRIDGE_REL_ALT,/uav1/rel_alt,,1,,88.953
100.818405,2026-09-01T20:08:25.919639+00:00,1788293305.919638872,,1788293303.701180935,MAVLINK_GLOBAL_POSITION_INT_BRIDGE_REL_ALT,/uav1/rel_alt,,1,,95.979
100.951927,2026-09-01T20:08:26.053161+00:00,1788293306.053161144,,1788293303.761171103,MAVLINK_GLOBAL_POSITION_INT_BRIDGE_REL_ALT,/uav1/rel_alt,,1,,133.525
101.048002,2026-09-01T20:08:26.149236+00:00,1788293306.149235964,,1788293303.907146931,MAVLINK_GLOBAL_POSITION_INT_BRIDGE_REL_ALT,/uav1/rel_alt,,1,,96.079
101.176892,2026-09-01T20:08:26.278127+00:00,1788293306.278126955,,1788293303.944139957,MAVLINK_GLOBAL_POSITION_INT_BRIDGE_REL_ALT,/uav1/rel_alt,,1,,128.889
101.268687,2026-09-01T20:08:26.369921+00:00,1788293306.369921207,,1788293304.091115952,MAVLINK_GLOBAL_POSITION_INT_BRIDGE_REL_ALT,/uav1/rel_alt,,1,,91.793
101.358592,2026-09-01T20:08:26.459826+00:00,1788293306.459826231,,1788293304.207096100,MAVLINK_GLOBAL_POSITION_INT_BRIDGE_REL_ALT,/uav1/rel_alt,,1,,89.909
101.472075,2026-09-01T20:08:26.573309+00:00,1788293306.573309422,,1788293304.302079916,MAVLINK_GLOBAL_POSITION_INT_BRIDGE_REL_ALT,/uav1/rel_alt,,1,,113.471
101.568842,2026-09-01T20:08:26.670076+00:00,1788293306.670075893,,1788293304.386065960,MAVLINK_GLOBAL_POSITION_INT_BRIDGE_REL_ALT,/uav1/rel_alt,,1,,96.778
101.674104,2026-09-01T20:08:26.775338+00:00,1788293306.775337934,,1788293304.492048025,MAVLINK_GLOBAL_POSITION_INT_BRIDGE_REL_ALT,/uav1/rel_alt,,1,,105.256
101.775996,2026-09-01T20:08:26.877230+00:00,1788293306.877230406,,1788293304.590032101,MAVLINK_GLOBAL_POSITION_INT_BRIDGE_REL_ALT,/uav1/rel_alt,,1,,101.900
101.861408,2026-09-01T20:08:26.962642+00:00,1788293306.962642431,,1788293304.673017979,MAVLINK_GLOBAL_POSITION_INT_BRIDGE_REL_ALT,/uav1/rel_alt,,1,,85.404
101.996730,2026-09-01T20:08:27.097964+00:00,1788293307.097964287,,1788293304.807995081,MAVLINK_GLOBAL_POSITION_INT_BRIDGE_REL_ALT,/uav1/rel_alt,,1,,135.329
102.092131,2026-09-01T20:08:27.193366+00:00,1788293307.193365574,,1788293304.905978918,MAVLINK_GLOBAL_POSITION_INT_BRIDGE_REL_ALT,/uav1/rel_alt,,1,,95.398
102.201888,2026-09-01T20:08:27.303122+00:00,1788293307.303121805,,1788293304.992964029,MAVLINK_GLOBAL_POSITION_INT_BRIDGE_REL_ALT,/uav1/rel_alt,,1,,109.758
102.267793,2026-09-01T20:08:27.369027+00:00,1788293307.369027138,,1788293304.992964029,MAVLINK_GLOBAL_POSITION_INT_BRIDGE_REL_ALT,/uav1/rel_alt,,1,,65.901
102.374958,2026-09-01T20:08:27.476192+00:00,1788293307.476191759,,1788293304.992964029,MAVLINK_GLOBAL_POSITION_INT_BRIDGE_REL_ALT,/uav1/rel_alt,,1,,107.170
102.483155,2026-09-01T20:08:27.584389+00:00,1788293307.584388971,,1788293305.277915955,MAVLINK_GLOBAL_POSITION_INT_BRIDGE_REL_ALT,/uav1/rel_alt,,1,,108.191
102.592943,2026-09-01T20:08:27.694177+00:00,1788293307.694177389,,1788293305.397896051,MAVLINK_GLOBAL_POSITION_INT_BRIDGE_REL_ALT,/uav1/rel_alt,,1,,109.796
102.696956,2026-09-01T20:08:27.798190+00:00,1788293307.798190355,,1788293305.479882002,MAVLINK_GLOBAL_POSITION_INT_BRIDGE_REL_ALT,/uav1/rel_alt,,1,,104.009
102.794734,2026-09-01T20:08:27.895968+00:00,1788293307.895968199,,1788293305.610860109,MAVLINK_GLOBAL_POSITION_INT_BRIDGE_REL_ALT,/uav1/rel_alt,,1,,97.779
102.885294,2026-09-01T20:08:27.986528+00:00,1788293307.986527920,,1788293305.682847977,MAVLINK_GLOBAL_POSITION_INT_BRIDGE_REL_ALT,/uav1/rel_alt,,1,,90.559
103.011748,2026-09-01T20:08:28.112983+00:00,1788293308.112982750,,1788293305.765834093,MAVLINK_GLOBAL_POSITION_INT_BRIDGE_REL_ALT,/uav1/rel_alt,,1,,126.455
103.104976,2026-09-01T20:08:28.206210+00:00,1788293308.206210375,,1788293305.848819971,MAVLINK_GLOBAL_POSITION_INT_BRIDGE_REL_ALT,/uav1/rel_alt,,1,,93.232
103.207755,2026-09-01T20:08:28.308988+00:00,1788293308.308988333,,1788293305.967799902,MAVLINK_GLOBAL_POSITION_INT_BRIDGE_REL_ALT,/uav1/rel_alt,,1,,102.773
103.316187,2026-09-01T20:08:28.417422+00:00,1788293308.417421579,,1788293305.967799902,MAVLINK_GLOBAL_POSITION_INT_BRIDGE_REL_ALT,/uav1/rel_alt,,1,,108.433
103.409653,2026-09-01T20:08:28.510887+00:00,1788293308.510887146,,1788293306.193762064,MAVLINK_GLOBAL_POSITION_INT_BRIDGE_REL_ALT,/uav1/rel_alt,,1,,93.468
103.526665,2026-09-01T20:08:28.627898+00:00,1788293308.627898455,,1788293306.193762064,MAVLINK_GLOBAL_POSITION_INT_BRIDGE_REL_ALT,/uav1/rel_alt,,1,,117.009
103.640440,2026-09-01T20:08:28.741675+00:00,1788293308.741674662,,1788293306.339737892,MAVLINK_GLOBAL_POSITION_INT_BRIDGE_REL_ALT,/uav1/rel_alt,,1,,113.778
103.742204,2026-09-01T20:08:28.843439+00:00,1788293308.843438864,,1788293306.482713938,MAVLINK_GLOBAL_POSITION_INT_BRIDGE_REL_ALT,/uav1/rel_alt,,1,,101.766
103.850353,2026-09-01T20:08:28.951586+00:00,1788293308.951586485,,1788293306.610692024,MAVLINK_GLOBAL_POSITION_INT_BRIDGE_REL_ALT,/uav1/rel_alt,,1,,108.148
103.930880,2026-09-01T20:08:29.032114+00:00,1788293309.032113552,,1788293306.717674017,MAVLINK_GLOBAL_POSITION_INT_BRIDGE_REL_ALT,/uav1/rel_alt,,1,,80.529
104.058878,2026-09-01T20:08:29.160112+00:00,1788293309.160111666,,1788293306.789661884,MAVLINK_GLOBAL_POSITION_INT_BRIDGE_REL_ALT,/uav1/rel_alt,,1,,127.993
104.145374,2026-09-01T20:08:29.246607+00:00,1788293309.246607304,,1788293306.899643898,MAVLINK_GLOBAL_POSITION_INT_BRIDGE_REL_ALT,/uav1/rel_alt,,1,,86.497
104.251919,2026-09-01T20:08:29.353153+00:00,1788293309.353153229,,1788293306.994627953,MAVLINK_GLOBAL_POSITION_INT_BRIDGE_REL_ALT,/uav1/rel_alt,,1,,106.543
104.336061,2026-09-01T20:08:29.437294+00:00,1788293309.437294245,,1788293307.101609945,MAVLINK_GLOBAL_POSITION_INT_BRIDGE_REL_ALT,/uav1/rel_alt,,1,,84.144
104.435388,2026-09-01T20:08:29.536623+00:00,1788293309.536622524,,1788293307.173598051,MAVLINK_GLOBAL_POSITION_INT_BRIDGE_REL_ALT,/uav1/rel_alt,,1,,99.326
104.574501,2026-09-01T20:08:29.675735+00:00,1788293309.675734997,,1788293307.173598051,MAVLINK_GLOBAL_POSITION_INT_BRIDGE_REL_ALT,/uav1/rel_alt,,1,,139.115
104.655674,2026-09-01T20:08:29.756909+00:00,1788293309.756908655,,1788293307.398560047,MAVLINK_GLOBAL_POSITION_INT_BRIDGE_REL_ALT,/uav1/rel_alt,,1,,81.175
104.763469,2026-09-01T20:08:29.864702+00:00,1788293309.864702225,,1788293307.515539885,MAVLINK_GLOBAL_POSITION_INT_BRIDGE_REL_ALT,/uav1/rel_alt,,1,,107.794
104.857564,2026-09-01T20:08:29.958798+00:00,1788293309.958798170,,1788293307.598526001,MAVLINK_GLOBAL_POSITION_INT_BRIDGE_REL_ALT,/uav1/rel_alt,,1,,94.095
104.968611,2026-09-01T20:08:30.069845+00:00,1788293310.069844723,,1788293307.671514034,MAVLINK_GLOBAL_POSITION_INT_BRIDGE_REL_ALT,/uav1/rel_alt,,1,,111.042
105.077328,2026-09-01T20:08:30.178562+00:00,1788293310.178562164,,1788293307.790493965,MAVLINK_GLOBAL_POSITION_INT_BRIDGE_REL_ALT,/uav1/rel_alt,,1,,108.723
105.187445,2026-09-01T20:08:30.288678+00:00,1788293310.288678408,,1788293307.790493965,MAVLINK_GLOBAL_POSITION_INT_BRIDGE_REL_ALT,/uav1/rel_alt,,1,,110.113
105.289054,2026-09-01T20:08:30.390288+00:00,1788293310.390287876,,1788293308.006458044,MAVLINK_GLOBAL_POSITION_INT_BRIDGE_REL_ALT,/uav1/rel_alt,,1,,101.612
105.380292,2026-09-01T20:08:30.481526+00:00,1788293310.481526375,,1788293308.077445984,MAVLINK_GLOBAL_POSITION_INT_BRIDGE_REL_ALT,/uav1/rel_alt,,1,,91.233
105.474650,2026-09-01T20:08:30.575884+00:00,1788293310.575884342,,1788293308.198425055,MAVLINK_GLOBAL_POSITION_INT_BRIDGE_REL_ALT,/uav1/rel_alt,,1,,94.361
105.581920,2026-09-01T20:08:30.683153+00:00,1788293310.683153391,,1788293308.247416973,MAVLINK_GLOBAL_POSITION_INT_BRIDGE_REL_ALT,/uav1/rel_alt,,1,,107.272
105.685513,2026-09-01T20:08:30.786747+00:00,1788293310.786747456,,1788293308.390393019,MAVLINK_GLOBAL_POSITION_INT_BRIDGE_REL_ALT,/uav1/rel_alt,,1,,103.592
105.790676,2026-09-01T20:08:30.891910+00:00,1788293310.891910315,,1788293308.449383020,MAVLINK_GLOBAL_POSITION_INT_BRIDGE_REL_ALT,/uav1/rel_alt,,1,,105.164
105.889058,2026-09-01T20:08:30.990292+00:00,1788293310.990291595,,1788293308.582360983,MAVLINK_GLOBAL_POSITION_INT_BRIDGE_REL_ALT,/uav1/rel_alt,,1,,98.383
105.980676,2026-09-01T20:08:31.081910+00:00,1788293311.081910372,,1788293308.705339909,MAVLINK_GLOBAL_POSITION_INT_BRIDGE_REL_ALT,/uav1/rel_alt,,1,,91.615
106.097525,2026-09-01T20:08:31.198759+00:00,1788293311.198759317,,1788293308.705339909,MAVLINK_GLOBAL_POSITION_INT_BRIDGE_REL_ALT,/uav1/rel_alt,,1,,116.850
106.190570,2026-09-01T20:08:31.291804+00:00,1788293311.291803837,,1788293308.885309935,MAVLINK_GLOBAL_POSITION_INT_BRIDGE_REL_ALT,/uav1/rel_alt,,1,,93.048
106.296362,2026-09-01T20:08:31.397596+00:00,1788293311.397596121,,1788293308.992291927,MAVLINK_GLOBAL_POSITION_INT_BRIDGE_REL_ALT,/uav1/rel_alt,,1,,105.788
106.398181,2026-09-01T20:08:31.499414+00:00,1788293311.499414206,,1788293309.063280106,MAVLINK_GLOBAL_POSITION_INT_BRIDGE_REL_ALT,/uav1/rel_alt,,1,,101.818
106.484362,2026-09-01T20:08:31.585596+00:00,1788293311.585596323,,1788293309.182260036,MAVLINK_GLOBAL_POSITION_INT_BRIDGE_REL_ALT,/uav1/rel_alt,,1,,86.175
106.617144,2026-09-01T20:08:31.718378+00:00,1788293311.718378067,,1788293309.313237906,MAVLINK_GLOBAL_POSITION_INT_BRIDGE_REL_ALT,/uav1/rel_alt,,1,,132.787
106.706530,2026-09-01T20:08:31.807764+00:00,1788293311.807764053,,1788293309.313237906,MAVLINK_GLOBAL_POSITION_INT_BRIDGE_REL_ALT,/uav1/rel_alt,,1,,89.387
106.826951,2026-09-01T20:08:31.928185+00:00,1788293311.928184748,,1788293309.500206947,MAVLINK_GLOBAL_POSITION_INT_BRIDGE_REL_ALT,/uav1/rel_alt,,1,,120.421
106.924862,2026-09-01T20:08:32.026096+00:00,1788293312.026096106,,1788293309.500206947,MAVLINK_GLOBAL_POSITION_INT_BRIDGE_REL_ALT,/uav1/rel_alt,,1,,97.910
107.013211,2026-09-01T20:08:32.114444+00:00,1788293312.114444494,,1788293309.643182993,MAVLINK_GLOBAL_POSITION_INT_BRIDGE_REL_ALT,/uav1/rel_alt,,1,,88.350
107.117699,2026-09-01T20:08:32.218932+00:00,1788293312.218932390,,1788293309.795156956,MAVLINK_GLOBAL_POSITION_INT_BRIDGE_REL_ALT,/uav1/rel_alt,,1,,104.490
107.233781,2026-09-01T20:08:32.335016+00:00,1788293312.335015535,,1788293309.878143072,MAVLINK_GLOBAL_POSITION_INT_BRIDGE_REL_ALT,/uav1/rel_alt,,1,,116.083
107.358820,2026-09-01T20:08:32.460054+00:00,1788293312.460054159,,1788293310.009120941,MAVLINK_GLOBAL_POSITION_INT_BRIDGE_REL_ALT,/uav1/rel_alt,,1,,125.039
107.438895,2026-09-01T20:08:32.540128+00:00,1788293312.540128469,,1788293310.117103100,MAVLINK_GLOBAL_POSITION_INT_BRIDGE_REL_ALT,/uav1/rel_alt,,1,,80.077
107.530776,2026-09-01T20:08:32.632010+00:00,1788293312.632009506,,1788293310.187091112,MAVLINK_GLOBAL_POSITION_INT_BRIDGE_REL_ALT,/uav1/rel_alt,,1,,91.874
107.647017,2026-09-01T20:08:32.748251+00:00,1788293312.748250723,,1788293310.295073032,MAVLINK_GLOBAL_POSITION_INT_BRIDGE_REL_ALT,/uav1/rel_alt,,1,,116.245
107.760870,2026-09-01T20:08:32.862103+00:00,1788293312.862103462,,1788293310.402055025,MAVLINK_GLOBAL_POSITION_INT_BRIDGE_REL_ALT,/uav1/rel_alt,,1,,113.852
107.869061,2026-09-01T20:08:32.970295+00:00,1788293312.970295191,,1788293310.521034956,MAVLINK_GLOBAL_POSITION_INT_BRIDGE_REL_ALT,/uav1/rel_alt,,1,,108.193
107.970642,2026-09-01T20:08:33.071877+00:00,1788293313.071876526,,1788293310.521034956,MAVLINK_GLOBAL_POSITION_INT_BRIDGE_REL_ALT,/uav1/rel_alt,,1,,101.576
108.060879,2026-09-01T20:08:33.162114+00:00,1788293313.162114382,,1788293310.664011002,MAVLINK_GLOBAL_POSITION_INT_BRIDGE_REL_ALT,/uav1/rel_alt,,1,,90.235
108.179905,2026-09-01T20:08:33.281139+00:00,1788293313.281139135,,1788293310.782990932,MAVLINK_GLOBAL_POSITION_INT_BRIDGE_REL_ALT,/uav1/rel_alt,,1,,119.027
108.287320,2026-09-01T20:08:33.388553+00:00,1788293313.388553143,,1788293310.913969040,MAVLINK_GLOBAL_POSITION_INT_BRIDGE_REL_ALT,/uav1/rel_alt,,1,,107.421
108.380395,2026-09-01T20:08:33.481629+00:00,1788293313.481629133,,1788293310.996954918,MAVLINK_GLOBAL_POSITION_INT_BRIDGE_REL_ALT,/uav1/rel_alt,,1,,93.075
108.463638,2026-09-01T20:08:33.564873+00:00,1788293313.564872503,,1788293311.092938900,MAVLINK_GLOBAL_POSITION_INT_BRIDGE_REL_ALT,/uav1/rel_alt,,1,,83.243
108.562332,2026-09-01T20:08:33.663566+00:00,1788293313.663566351,,1788293311.197921038,MAVLINK_GLOBAL_POSITION_INT_BRIDGE_REL_ALT,/uav1/rel_alt,,1,,98.687
108.679372,2026-09-01T20:08:33.780607+00:00,1788293313.780606985,,1788293311.318901062,MAVLINK_GLOBAL_POSITION_INT_BRIDGE_REL_ALT,/uav1/rel_alt,,1,,117.043
108.773886,2026-09-01T20:08:33.875121+00:00,1788293313.875120640,,1788293311.388889074,MAVLINK_GLOBAL_POSITION_INT_BRIDGE_REL_ALT,/uav1/rel_alt,,1,,94.515
108.883861,2026-09-01T20:08:33.985095+00:00,1788293313.985095263,,1788293311.461877108,MAVLINK_GLOBAL_POSITION_INT_BRIDGE_REL_ALT,/uav1/rel_alt,,1,,109.975
108.999127,2026-09-01T20:08:34.100361+00:00,1788293314.100361109,,1788293311.603852987,MAVLINK_GLOBAL_POSITION_INT_BRIDGE_REL_ALT,/uav1/rel_alt,,1,,115.267
109.079915,2026-09-01T20:08:34.181150+00:00,1788293314.181149960,,1788293311.603852987,MAVLINK_GLOBAL_POSITION_INT_BRIDGE_REL_ALT,/uav1/rel_alt,,1,,80.787
109.200537,2026-09-01T20:08:34.301771+00:00,1788293314.301770926,,1788293311.806818962,MAVLINK_GLOBAL_POSITION_INT_BRIDGE_REL_ALT,/uav1/rel_alt,,1,,120.626
109.300592,2026-09-01T20:08:34.401827+00:00,1788293314.401826859,,1788293311.877806902,MAVLINK_GLOBAL_POSITION_INT_BRIDGE_REL_ALT,/uav1/rel_alt,,1,,100.052
109.412864,2026-09-01T20:08:34.514097+00:00,1788293314.514097214,,1788293311.972790956,MAVLINK_GLOBAL_POSITION_INT_BRIDGE_REL_ALT,/uav1/rel_alt,,1,,112.274
109.505037,2026-09-01T20:08:34.606271+00:00,1788293314.606271267,,1788293312.115767002,MAVLINK_GLOBAL_POSITION_INT_BRIDGE_REL_ALT,/uav1/rel_alt,,1,,92.172
109.598255,2026-09-01T20:08:34.699489+00:00,1788293314.699488878,,1788293312.212750912,MAVLINK_GLOBAL_POSITION_INT_BRIDGE_REL_ALT,/uav1/rel_alt,,1,,93.221
109.701317,2026-09-01T20:08:34.802551+00:00,1788293314.802551270,,1788293312.248744965,MAVLINK_GLOBAL_POSITION_INT_BRIDGE_REL_ALT,/uav1/rel_alt,,1,,103.059
109.822313,2026-09-01T20:08:34.923548+00:00,1788293314.923547506,,1788293312.248744965,MAVLINK_GLOBAL_POSITION_INT_BRIDGE_REL_ALT,/uav1/rel_alt,,1,,120.998
109.933044,2026-09-01T20:08:35.034279+00:00,1788293315.034278631,,1788293312.463709116,MAVLINK_GLOBAL_POSITION_INT_BRIDGE_REL_ALT,/uav1/rel_alt,,1,,110.731
110.026927,2026-09-01T20:08:35.128161+00:00,1788293315.128161192,,1788293312.592686892,MAVLINK_GLOBAL_POSITION_INT_BRIDGE_REL_ALT,/uav1/rel_alt,,1,,93.880
110.122387,2026-09-01T20:08:35.223622+00:00,1788293315.223621845,,1788293312.592686892,MAVLINK_GLOBAL_POSITION_INT_BRIDGE_REL_ALT,/uav1/rel_alt,,1,,95.458
110.233991,2026-09-01T20:08:35.335224+00:00,1788293315.335224152,,1788293312.819648981,MAVLINK_GLOBAL_POSITION_INT_BRIDGE_REL_ALT,/uav1/rel_alt,,1,,111.604
110.337584,2026-09-01T20:08:35.438818+00:00,1788293315.438817978,,1788293312.904634953,MAVLINK_GLOBAL_POSITION_INT_BRIDGE_REL_ALT,/uav1/rel_alt,,1,,103.597
110.435830,2026-09-01T20:08:35.537065+00:00,1788293315.537064791,,1788293313.024615049,MAVLINK_GLOBAL_POSITION_INT_BRIDGE_REL_ALT,/uav1/rel_alt,,1,,98.242
110.532414,2026-09-01T20:08:35.633648+00:00,1788293315.633647919,,1788293313.103600979,MAVLINK_GLOBAL_POSITION_INT_BRIDGE_REL_ALT,/uav1/rel_alt,,1,,96.584
110.631217,2026-09-01T20:08:35.732451+00:00,1788293315.732451439,,1788293313.186587095,MAVLINK_GLOBAL_POSITION_INT_BRIDGE_REL_ALT,/uav1/rel_alt,,1,,98.805
110.730331,2026-09-01T20:08:35.831564+00:00,1788293315.831564426,,1788293313.186587095,MAVLINK_GLOBAL_POSITION_INT_BRIDGE_REL_ALT,/uav1/rel_alt,,1,,99.114
110.852470,2026-09-01T20:08:35.953705+00:00,1788293315.953705311,,1788293313.371556044,MAVLINK_GLOBAL_POSITION_INT_BRIDGE_REL_ALT,/uav1/rel_alt,,1,,122.137
110.968675,2026-09-01T20:08:36.069909+00:00,1788293316.069909334,,1788293313.490535975,MAVLINK_GLOBAL_POSITION_INT_BRIDGE_REL_ALT,/uav1/rel_alt,,1,,116.209
111.051947,2026-09-01T20:08:36.153181+00:00,1788293316.153181076,,1788293313.490535975,MAVLINK_GLOBAL_POSITION_INT_BRIDGE_REL_ALT,/uav1/rel_alt,,1,,83.271
111.149376,2026-09-01T20:08:36.250611+00:00,1788293316.250610590,,1788293313.705499887,MAVLINK_GLOBAL_POSITION_INT_BRIDGE_REL_ALT,/uav1/rel_alt,,1,,97.428
111.262850,2026-09-01T20:08:36.364084+00:00,1788293316.364084005,,1788293313.791486025,MAVLINK_GLOBAL_POSITION_INT_BRIDGE_REL_ALT,/uav1/rel_alt,,1,,113.477
111.371805,2026-09-01T20:08:36.473040+00:00,1788293316.473039627,,1788293313.914464951,MAVLINK_GLOBAL_POSITION_INT_BRIDGE_REL_ALT,/uav1/rel_alt,,1,,108.954
111.485900,2026-09-01T20:08:36.587134+00:00,1788293316.587134123,,1788293313.973454952,MAVLINK_GLOBAL_POSITION_INT_BRIDGE_REL_ALT,/uav1/rel_alt,,1,,114.095
111.595440,2026-09-01T20:08:36.696675+00:00,1788293316.696674824,,1788293314.097434044,MAVLINK_GLOBAL_POSITION_INT_BRIDGE_REL_ALT,/uav1/rel_alt,,1,,109.535
111.690150,2026-09-01T20:08:36.791384+00:00,1788293316.791384459,,1788293314.097434044,MAVLINK_GLOBAL_POSITION_INT_BRIDGE_REL_ALT,/uav1/rel_alt,,1,,94.712
111.781352,2026-09-01T20:08:36.882587+00:00,1788293316.882586718,,1788293314.288402081,MAVLINK_GLOBAL_POSITION_INT_BRIDGE_REL_ALT,/uav1/rel_alt,,1,,91.204
111.900500,2026-09-01T20:08:37.001734+00:00,1788293317.001734257,,1788293314.395384073,MAVLINK_GLOBAL_POSITION_INT_BRIDGE_REL_ALT,/uav1/rel_alt,,1,,119.144
112.000525,2026-09-01T20:08:37.101758+00:00,1788293317.101758480,,1788293314.517364025,MAVLINK_GLOBAL_POSITION_INT_BRIDGE_REL_ALT,/uav1/rel_alt,,1,,100.032
112.083181,2026-09-01T20:08:37.184414+00:00,1788293317.184414148,,1788293314.517364025,MAVLINK_GLOBAL_POSITION_INT_BRIDGE_REL_ALT,/uav1/rel_alt,,1,,82.647
112.182166,2026-09-01T20:08:37.283401+00:00,1788293317.283400774,,1788293314.719330072,MAVLINK_GLOBAL_POSITION_INT_BRIDGE_REL_ALT,/uav1/rel_alt,,1,,98.985
112.285839,2026-09-01T20:08:37.387073+00:00,1788293317.387073040,,1788293314.776319981,MAVLINK_GLOBAL_POSITION_INT_BRIDGE_REL_ALT,/uav1/rel_alt,,1,,103.681
112.391893,2026-09-01T20:08:37.493128+00:00,1788293317.493127584,,1788293314.835309982,MAVLINK_GLOBAL_POSITION_INT_BRIDGE_REL_ALT,/uav1/rel_alt,,1,,106.050
112.488982,2026-09-01T20:08:37.590216+00:00,1788293317.590216160,,1788293315.003282070,MAVLINK_GLOBAL_POSITION_INT_BRIDGE_REL_ALT,/uav1/rel_alt,,1,,97.092
112.589944,2026-09-01T20:08:37.691178+00:00,1788293317.691177845,,1788293315.097265959,MAVLINK_GLOBAL_POSITION_INT_BRIDGE_REL_ALT,/uav1/rel_alt,,1,,100.962
112.702464,2026-09-01T20:08:37.803699+00:00,1788293317.803698778,,1788293315.169254065,MAVLINK_GLOBAL_POSITION_INT_BRIDGE_REL_ALT,/uav1/rel_alt,,1,,112.522
112.810256,2026-09-01T20:08:37.911489+00:00,1788293317.911489487,,1788293315.289233923,MAVLINK_GLOBAL_POSITION_INT_BRIDGE_REL_ALT,/uav1/rel_alt,,1,,107.791
112.910399,2026-09-01T20:08:38.011634+00:00,1788293318.011633635,,1788293315.360222101,MAVLINK_GLOBAL_POSITION_INT_BRIDGE_REL_ALT,/uav1/rel_alt,,1,,100.141
113.033254,2026-09-01T20:08:38.134487+00:00,1788293318.134487152,,1788293315.502197981,MAVLINK_GLOBAL_POSITION_INT_BRIDGE_REL_ALT,/uav1/rel_alt,,1,,122.857
113.111402,2026-09-01T20:08:38.212636+00:00,1788293318.212635994,,1788293315.597182035,MAVLINK_GLOBAL_POSITION_INT_BRIDGE_REL_ALT,/uav1/rel_alt,,1,,78.146
113.211000,2026-09-01T20:08:38.312234+00:00,1788293318.312233925,,1788293315.717161894,MAVLINK_GLOBAL_POSITION_INT_BRIDGE_REL_ALT,/uav1/rel_alt,,1,,99.598
113.327484,2026-09-01T20:08:38.428719+00:00,1788293318.428718567,,1788293315.776151896,MAVLINK_GLOBAL_POSITION_INT_BRIDGE_REL_ALT,/uav1/rel_alt,,1,,116.485
113.433705,2026-09-01T20:08:38.534940+00:00,1788293318.534939766,,1788293315.776151896,MAVLINK_GLOBAL_POSITION_INT_BRIDGE_REL_ALT,/uav1/rel_alt,,1,,106.220
113.539212,2026-09-01T20:08:38.640446+00:00,1788293318.640446424,,1788293316.002114058,MAVLINK_GLOBAL_POSITION_INT_BRIDGE_REL_ALT,/uav1/rel_alt,,1,,105.505
113.618397,2026-09-01T20:08:38.719632+00:00,1788293318.719631672,,1788293316.061104059,MAVLINK_GLOBAL_POSITION_INT_BRIDGE_REL_ALT,/uav1/rel_alt,,1,,79.183
113.715826,2026-09-01T20:08:38.817060+00:00,1788293318.817059994,,1788293316.192081928,MAVLINK_GLOBAL_POSITION_INT_BRIDGE_REL_ALT,/uav1/rel_alt,,1,,97.431
113.822942,2026-09-01T20:08:38.924176+00:00,1788293318.924176216,,1788293316.192081928,MAVLINK_GLOBAL_POSITION_INT_BRIDGE_REL_ALT,/uav1/rel_alt,,1,,107.117
113.936213,2026-09-01T20:08:39.037447+00:00,1788293319.037446976,,1788293316.407046080,MAVLINK_GLOBAL_POSITION_INT_BRIDGE_REL_ALT,/uav1/rel_alt,,1,,113.274
114.043630,2026-09-01T20:08:39.144865+00:00,1788293319.144864559,,1788293316.407046080,MAVLINK_GLOBAL_POSITION_INT_BRIDGE_REL_ALT,/uav1/rel_alt,,1,,107.415
114.166449,2026-09-01T20:08:39.267685+00:00,1788293319.267684698,,1788293316.597013950,MAVLINK_GLOBAL_POSITION_INT_BRIDGE_REL_ALT,/uav1/rel_alt,,1,,122.809
114.261095,2026-09-01T20:08:39.362329+00:00,1788293319.362329245,,1788293316.669002056,MAVLINK_GLOBAL_POSITION_INT_BRIDGE_REL_ALT,/uav1/rel_alt,,1,,94.654
114.361526,2026-09-01T20:08:39.462760+00:00,1788293319.462760210,,1788293316.799979925,MAVLINK_GLOBAL_POSITION_INT_BRIDGE_REL_ALT,/uav1/rel_alt,,1,,100.432
114.462365,2026-09-01T20:08:39.563599+00:00,1788293319.563598633,,1788293316.870968103,MAVLINK_GLOBAL_POSITION_INT_BRIDGE_REL_ALT,/uav1/rel_alt,,1,,100.842
114.556002,2026-09-01T20:08:39.657237+00:00,1788293319.657236814,,1788293316.989948034,MAVLINK_GLOBAL_POSITION_INT_BRIDGE_REL_ALT,/uav1/rel_alt,,1,,93.635
114.660482,2026-09-01T20:08:39.761716+00:00,1788293319.761716366,,1788293317.109927893,MAVLINK_GLOBAL_POSITION_INT_BRIDGE_REL_ALT,/uav1/rel_alt,,1,,104.474
114.752472,2026-09-01T20:08:39.853706+00:00,1788293319.853706121,,1788293317.180916071,MAVLINK_GLOBAL_POSITION_INT_BRIDGE_REL_ALT,/uav1/rel_alt,,1,,91.995
114.856399,2026-09-01T20:08:39.957634+00:00,1788293319.957633734,,1788293317.263901949,MAVLINK_GLOBAL_POSITION_INT_BRIDGE_REL_ALT,/uav1/rel_alt,,1,,103.925
114.966822,2026-09-01T20:08:40.068057+00:00,1788293320.068056583,,1788293317.358886003,MAVLINK_GLOBAL_POSITION_INT_BRIDGE_REL_ALT,/uav1/rel_alt,,1,,110.419
115.078923,2026-09-01T20:08:40.180157+00:00,1788293320.180156946,,1788293317.501862049,MAVLINK_GLOBAL_POSITION_INT_BRIDGE_REL_ALT,/uav1/rel_alt,,1,,112.105
115.167243,2026-09-01T20:08:40.268477+00:00,1788293320.268476725,,1788293317.585848093,MAVLINK_GLOBAL_POSITION_INT_BRIDGE_REL_ALT,/uav1/rel_alt,,1,,88.322
115.275060,2026-09-01T20:08:40.376294+00:00,1788293320.376294136,,1788293317.656836033,MAVLINK_GLOBAL_POSITION_INT_BRIDGE_REL_ALT,/uav1/rel_alt,,1,,107.818
115.390992,2026-09-01T20:08:40.492226+00:00,1788293320.492225885,,1788293317.741822004,MAVLINK_GLOBAL_POSITION_INT_BRIDGE_REL_ALT,/uav1/rel_alt,,1,,115.935
115.502401,2026-09-01T20:08:40.603636+00:00,1788293320.603635788,,1788293317.825808048,MAVLINK_GLOBAL_POSITION_INT_BRIDGE_REL_ALT,/uav1/rel_alt,,1,,111.407
115.591328,2026-09-01T20:08:40.692563+00:00,1788293320.692563295,,1788293317.992779970,MAVLINK_GLOBAL_POSITION_INT_BRIDGE_REL_ALT,/uav1/rel_alt,,1,,88.926
115.694075,2026-09-01T20:08:40.795310+00:00,1788293320.795309782,,1788293318.102761030,MAVLINK_GLOBAL_POSITION_INT_BRIDGE_REL_ALT,/uav1/rel_alt,,1,,102.734
115.797606,2026-09-01T20:08:40.898842+00:00,1788293320.898841619,,1788293318.198745012,MAVLINK_GLOBAL_POSITION_INT_BRIDGE_REL_ALT,/uav1/rel_alt,,1,,103.541
115.918258,2026-09-01T20:08:41.019492+00:00,1788293321.019492388,,1788293318.265733957,MAVLINK_GLOBAL_POSITION_INT_BRIDGE_REL_ALT,/uav1/rel_alt,,1,,120.651
116.048229,2026-09-01T20:08:41.149463+00:00,1788293321.149462938,,1788293318.409709930,MAVLINK_GLOBAL_POSITION_INT_BRIDGE_REL_ALT,/uav1/rel_alt,,1,,129.977
116.142973,2026-09-01T20:08:41.244208+00:00,1788293321.244207859,,1788293318.409709930,MAVLINK_GLOBAL_POSITION_INT_BRIDGE_REL_ALT,/uav1/rel_alt,,1,,94.735
116.230881,2026-09-01T20:08:41.332116+00:00,1788293321.332115650,,1788293318.560683966,MAVLINK_GLOBAL_POSITION_INT_BRIDGE_REL_ALT,/uav1/rel_alt,,1,,87.913
116.335430,2026-09-01T20:08:41.436665+00:00,1788293321.436664820,,1788293318.560683966,MAVLINK_GLOBAL_POSITION_INT_BRIDGE_REL_ALT,/uav1/rel_alt,,1,,104.553
116.438964,2026-09-01T20:08:41.540198+00:00,1788293321.540197611,,1788293318.798644066,MAVLINK_GLOBAL_POSITION_INT_BRIDGE_REL_ALT,/uav1/rel_alt,,1,,103.535
116.547366,2026-09-01T20:08:41.648600+00:00,1788293321.648599625,,1788293318.798644066,MAVLINK_GLOBAL_POSITION_INT_BRIDGE_REL_ALT,/uav1/rel_alt,,1,,108.403
116.642056,2026-09-01T20:08:41.743291+00:00,1788293321.743290901,,1788293319.025605917,MAVLINK_GLOBAL_POSITION_INT_BRIDGE_REL_ALT,/uav1/rel_alt,,1,,94.690
116.717173,2026-09-01T20:08:41.818407+00:00,1788293321.818406820,,1788293319.061599970,MAVLINK_GLOBAL_POSITION_INT_BRIDGE_REL_ALT,/uav1/rel_alt,,1,,75.115
116.829318,2026-09-01T20:08:41.930552+00:00,1788293321.930552006,,1788293319.132587910,MAVLINK_GLOBAL_POSITION_INT_BRIDGE_REL_ALT,/uav1/rel_alt,,1,,112.146
116.930339,2026-09-01T20:08:42.031573+00:00,1788293322.031572580,,1788293319.276563883,MAVLINK_GLOBAL_POSITION_INT_BRIDGE_REL_ALT,/uav1/rel_alt,,1,,101.022
117.042409,2026-09-01T20:08:42.143643+00:00,1788293322.143642664,,1788293319.395544052,MAVLINK_GLOBAL_POSITION_INT_BRIDGE_REL_ALT,/uav1/rel_alt,,1,,112.068
117.155593,2026-09-01T20:08:42.256827+00:00,1788293322.256827354,,1788293319.395544052,MAVLINK_GLOBAL_POSITION_INT_BRIDGE_REL_ALT,/uav1/rel_alt,,1,,113.183
117.246642,2026-09-01T20:08:42.347877+00:00,1788293322.347877264,,1788293319.608508110,MAVLINK_GLOBAL_POSITION_INT_BRIDGE_REL_ALT,/uav1/rel_alt,,1,,91.052
117.342269,2026-09-01T20:08:42.443503+00:00,1788293322.443503141,,1788293319.669497967,MAVLINK_GLOBAL_POSITION_INT_BRIDGE_REL_ALT,/uav1/rel_alt,,1,,95.626
117.449163,2026-09-01T20:08:42.550397+00:00,1788293322.550397158,,1788293319.787477970,MAVLINK_GLOBAL_POSITION_INT_BRIDGE_REL_ALT,/uav1/rel_alt,,1,,106.893
117.559231,2026-09-01T20:08:42.660466+00:00,1788293322.660465956,,1788293319.906457901,MAVLINK_GLOBAL_POSITION_INT_BRIDGE_REL_ALT,/uav1/rel_alt,,1,,110.067
117.663404,2026-09-01T20:08:42.764639+00:00,1788293322.764638662,,1788293319.990443945,MAVLINK_GLOBAL_POSITION_INT_BRIDGE_REL_ALT,/uav1/rel_alt,,1,,104.175
117.746020,2026-09-01T20:08:42.847254+00:00,1788293322.847254276,,1788293320.069431067,MAVLINK_GLOBAL_POSITION_INT_BRIDGE_REL_ALT,/uav1/rel_alt,,1,,82.614
117.848849,2026-09-01T20:08:42.950083+00:00,1788293322.950083494,,1788293320.126420975,MAVLINK_GLOBAL_POSITION_INT_BRIDGE_REL_ALT,/uav1/rel_alt,,1,,102.829
117.957789,2026-09-01T20:08:43.059024+00:00,1788293323.059023857,,1788293320.281394958,MAVLINK_GLOBAL_POSITION_INT_BRIDGE_REL_ALT,/uav1/rel_alt,,1,,108.940
118.066917,2026-09-01T20:08:43.168152+00:00,1788293323.168151617,,1788293320.389377117,MAVLINK_GLOBAL_POSITION_INT_BRIDGE_REL_ALT,/uav1/rel_alt,,1,,109.128
118.181938,2026-09-01T20:08:43.283173+00:00,1788293323.283172846,,1788293320.389377117,MAVLINK_GLOBAL_POSITION_INT_BRIDGE_REL_ALT,/uav1/rel_alt,,1,,115.019
118.270859,2026-09-01T20:08:43.372093+00:00,1788293323.372093439,,1788293320.555349112,MAVLINK_GLOBAL_POSITION_INT_BRIDGE_REL_ALT,/uav1/rel_alt,,1,,88.927
118.375571,2026-09-01T20:08:43.476805+00:00,1788293323.476804972,,1788293320.555349112,MAVLINK_GLOBAL_POSITION_INT_BRIDGE_REL_ALT,/uav1/rel_alt,,1,,104.709
118.464349,2026-09-01T20:08:43.565583+00:00,1788293323.565582514,,1788293320.781311035,MAVLINK_GLOBAL_POSITION_INT_BRIDGE_REL_ALT,/uav1/rel_alt,,1,,88.777
118.586227,2026-09-01T20:08:43.687461+00:00,1788293323.687461138,,1788293320.894292116,MAVLINK_GLOBAL_POSITION_INT_BRIDGE_REL_ALT,/uav1/rel_alt,,1,,121.879
118.684855,2026-09-01T20:08:43.786088+00:00,1788293323.786088228,,1788293321.001274109,MAVLINK_GLOBAL_POSITION_INT_BRIDGE_REL_ALT,/uav1/rel_alt,,1,,98.628
118.783326,2026-09-01T20:08:43.884559+00:00,1788293323.884559155,,1788293321.108256102,MAVLINK_GLOBAL_POSITION_INT_BRIDGE_REL_ALT,/uav1/rel_alt,,1,,98.473
118.880823,2026-09-01T20:08:43.982057+00:00,1788293323.982057333,,1788293321.168246031,MAVLINK_GLOBAL_POSITION_INT_BRIDGE_REL_ALT,/uav1/rel_alt,,1,,97.498
118.985535,2026-09-01T20:08:44.086770+00:00,1788293324.086769581,,1788293321.275228024,MAVLINK_GLOBAL_POSITION_INT_BRIDGE_REL_ALT,/uav1/rel_alt,,1,,104.709
119.123688,2026-09-01T20:08:44.224922+00:00,1788293324.224922419,,1788293321.370212078,MAVLINK_GLOBAL_POSITION_INT_BRIDGE_REL_ALT,/uav1/rel_alt,,1,,138.156
119.213110,2026-09-01T20:08:44.314344+00:00,1788293324.314343929,,1788293321.514188051,MAVLINK_GLOBAL_POSITION_INT_BRIDGE_REL_ALT,/uav1/rel_alt,,1,,89.414
119.312608,2026-09-01T20:08:44.413842+00:00,1788293324.413841963,,1788293321.560179949,MAVLINK_GLOBAL_POSITION_INT_BRIDGE_REL_ALT,/uav1/rel_alt,,1,,99.506
119.397768,2026-09-01T20:08:44.499003+00:00,1788293324.499002695,,1788293321.704155922,MAVLINK_GLOBAL_POSITION_INT_BRIDGE_REL_ALT,/uav1/rel_alt,,1,,85.153
119.503706,2026-09-01T20:08:44.604940+00:00,1788293324.604939938,,1788293321.810137987,MAVLINK_GLOBAL_POSITION_INT_BRIDGE_REL_ALT,/uav1/rel_alt,,1,,105.944
119.616772,2026-09-01T20:08:44.718005+00:00,1788293324.718005419,,1788293321.894124031,MAVLINK_GLOBAL_POSITION_INT_BRIDGE_REL_ALT,/uav1/rel_alt,,1,,113.068
119.725385,2026-09-01T20:08:44.826620+00:00,1788293324.826619625,,1788293322.013103962,MAVLINK_GLOBAL_POSITION_INT_BRIDGE_REL_ALT,/uav1/rel_alt,,1,,108.608
119.819608,2026-09-01T20:08:44.920842+00:00,1788293324.920842409,,1788293322.013103962,MAVLINK_GLOBAL_POSITION_INT_BRIDGE_REL_ALT,/uav1/rel_alt,,1,,94.224
119.917290,2026-09-01T20:08:45.018524+00:00,1788293325.018524170,,1788293322.216069937,MAVLINK_GLOBAL_POSITION_INT_BRIDGE_REL_ALT,/uav1/rel_alt,,1,,97.679
120.020446,2026-09-01T20:08:45.121680+00:00,1788293325.121680498,,1788293322.251064062,MAVLINK_GLOBAL_POSITION_INT_BRIDGE_REL_ALT,/uav1/rel_alt,,1,,103.158
120.127955,2026-09-01T20:08:45.229189+00:00,1788293325.229188919,,1788293322.406038046,MAVLINK_GLOBAL_POSITION_INT_BRIDGE_REL_ALT,/uav1/rel_alt,,1,,107.513
120.235851,2026-09-01T20:08:45.337084+00:00,1788293325.337084055,,1788293322.478025913,MAVLINK_GLOBAL_POSITION_INT_BRIDGE_REL_ALT,/uav1/rel_alt,,1,,107.894
120.340532,2026-09-01T20:08:45.441767+00:00,1788293325.441766739,,1788293322.478025913,MAVLINK_GLOBAL_POSITION_INT_BRIDGE_REL_ALT,/uav1/rel_alt,,1,,104.681
120.424307,2026-09-01T20:08:45.525540+00:00,1788293325.525540352,,1788293322.667994022,MAVLINK_GLOBAL_POSITION_INT_BRIDGE_REL_ALT,/uav1/rel_alt,,1,,83.774
120.549573,2026-09-01T20:08:45.650807+00:00,1788293325.650807142,,1788293322.800971985,MAVLINK_GLOBAL_POSITION_INT_BRIDGE_REL_ALT,/uav1/rel_alt,,1,,125.265
120.658318,2026-09-01T20:08:45.759552+00:00,1788293325.759552002,,1788293322.859961987,MAVLINK_GLOBAL_POSITION_INT_BRIDGE_REL_ALT,/uav1/rel_alt,,1,,108.748
120.748228,2026-09-01T20:08:45.849462+00:00,1788293325.849462271,,1788293322.859961987,MAVLINK_GLOBAL_POSITION_INT_BRIDGE_REL_ALT,/uav1/rel_alt,,1,,89.909
120.844412,2026-09-01T20:08:45.945646+00:00,1788293325.945646286,,1788293322.859961987,MAVLINK_GLOBAL_POSITION_INT_BRIDGE_REL_ALT,/uav1/rel_alt,,1,,96.183
120.939852,2026-09-01T20:08:46.041086+00:00,1788293326.041085720,,1788293323.168910027,MAVLINK_GLOBAL_POSITION_INT_BRIDGE_REL_ALT,/uav1/rel_alt,,1,,95.442
121.042849,2026-09-01T20:08:46.144084+00:00,1788293326.144083977,,1788293323.274892092,MAVLINK_GLOBAL_POSITION_INT_BRIDGE_REL_ALT,/uav1/rel_alt,,1,,102.994
121.173329,2026-09-01T20:08:46.274563+00:00,1788293326.274563313,,1788293323.417867899,MAVLINK_GLOBAL_POSITION_INT_BRIDGE_REL_ALT,/uav1/rel_alt,,1,,130.481
121.287957,2026-09-01T20:08:46.389191+00:00,1788293326.389190674,,1788293323.464859962,MAVLINK_GLOBAL_POSITION_INT_BRIDGE_REL_ALT,/uav1/rel_alt,,1,,114.627
121.373536,2026-09-01T20:08:46.474770+00:00,1788293326.474770069,,1788293323.609836102,MAVLINK_GLOBAL_POSITION_INT_BRIDGE_REL_ALT,/uav1/rel_alt,,1,,85.581
121.478392,2026-09-01T20:08:46.579627+00:00,1788293326.579627037,,1788293323.720817089,MAVLINK_GLOBAL_POSITION_INT_BRIDGE_REL_ALT,/uav1/rel_alt,,1,,104.850
121.574158,2026-09-01T20:08:46.675393+00:00,1788293326.675393343,,1788293323.778808117,MAVLINK_GLOBAL_POSITION_INT_BRIDGE_REL_ALT,/uav1/rel_alt,,1,,95.768
121.703668,2026-09-01T20:08:46.804902+00:00,1788293326.804901600,,1788293323.917783976,MAVLINK_GLOBAL_POSITION_INT_BRIDGE_REL_ALT,/uav1/rel_alt,,1,,129.515
121.819796,2026-09-01T20:08:46.921030+00:00,1788293326.921030045,,1788293324.014767885,MAVLINK_GLOBAL_POSITION_INT_BRIDGE_REL_ALT,/uav1/rel_alt,,1,,116.126
121.893523,2026-09-01T20:08:46.994757+00:00,1788293326.994757414,,1788293324.014767885,MAVLINK_GLOBAL_POSITION_INT_BRIDGE_REL_ALT,/uav1/rel_alt,,1,,73.727
122.014138,2026-09-01T20:08:47.115371+00:00,1788293327.115371466,,1788293324.192738056,MAVLINK_GLOBAL_POSITION_INT_BRIDGE_REL_ALT,/uav1/rel_alt,,1,,120.617
122.104926,2026-09-01T20:08:47.206160+00:00,1788293327.206160069,,1788293324.192738056,MAVLINK_GLOBAL_POSITION_INT_BRIDGE_REL_ALT,/uav1/rel_alt,,1,,90.786
122.207542,2026-09-01T20:08:47.308777+00:00,1788293327.308776617,,1788293324.396703959,MAVLINK_GLOBAL_POSITION_INT_BRIDGE_REL_ALT,/uav1/rel_alt,,1,,102.621
122.315933,2026-09-01T20:08:47.417167+00:00,1788293327.417167187,,1788293324.502686024,MAVLINK_GLOBAL_POSITION_INT_BRIDGE_REL_ALT,/uav1/rel_alt,,1,,108.387
122.405214,2026-09-01T20:08:47.506447+00:00,1788293327.506447315,,1788293324.502686024,MAVLINK_GLOBAL_POSITION_INT_BRIDGE_REL_ALT,/uav1/rel_alt,,1,,89.280
122.503206,2026-09-01T20:08:47.604441+00:00,1788293327.604440689,,1788293324.716650009,MAVLINK_GLOBAL_POSITION_INT_BRIDGE_REL_ALT,/uav1/rel_alt,,1,,97.993
122.605188,2026-09-01T20:08:47.706422+00:00,1788293327.706422091,,1788293324.787637949,MAVLINK_GLOBAL_POSITION_INT_BRIDGE_REL_ALT,/uav1/rel_alt,,1,,101.982
122.717322,2026-09-01T20:08:47.818556+00:00,1788293327.818555593,,1788293324.846627951,MAVLINK_GLOBAL_POSITION_INT_BRIDGE_REL_ALT,/uav1/rel_alt,,1,,112.136
122.803343,2026-09-01T20:08:47.904577+00:00,1788293327.904577255,,1788293324.846627951,MAVLINK_GLOBAL_POSITION_INT_BRIDGE_REL_ALT,/uav1/rel_alt,,1,,86.020
122.916232,2026-09-01T20:08:48.017465+00:00,1788293328.017465353,,1788293325.059592009,MAVLINK_GLOBAL_POSITION_INT_BRIDGE_REL_ALT,/uav1/rel_alt,,1,,112.886
123.014778,2026-09-01T20:08:48.116012+00:00,1788293328.116011620,,1788293325.190570116,MAVLINK_GLOBAL_POSITION_INT_BRIDGE_REL_ALT,/uav1/rel_alt,,1,,98.551
123.116898,2026-09-01T20:08:48.218132+00:00,1788293328.218132019,,1788293325.274555922,MAVLINK_GLOBAL_POSITION_INT_BRIDGE_REL_ALT,/uav1/rel_alt,,1,,102.121
123.226225,2026-09-01T20:08:48.327458+00:00,1788293328.327458143,,1788293325.394536018,MAVLINK_GLOBAL_POSITION_INT_BRIDGE_REL_ALT,/uav1/rel_alt,,1,,109.323
123.332186,2026-09-01T20:08:48.433419+00:00,1788293328.433419466,,1788293325.488519907,MAVLINK_GLOBAL_POSITION_INT_BRIDGE_REL_ALT,/uav1/rel_alt,,1,,105.959
123.428545,2026-09-01T20:08:48.529779+00:00,1788293328.529778957,,1788293325.607500076,MAVLINK_GLOBAL_POSITION_INT_BRIDGE_REL_ALT,/uav1/rel_alt,,1,,96.360
123.531712,2026-09-01T20:08:48.632946+00:00,1788293328.632946491,,1788293325.680488110,MAVLINK_GLOBAL_POSITION_INT_BRIDGE_REL_ALT,/uav1/rel_alt,,1,,103.170
123.638645,2026-09-01T20:08:48.739880+00:00,1788293328.739879847,,1788293325.777472019,MAVLINK_GLOBAL_POSITION_INT_BRIDGE_REL_ALT,/uav1/rel_alt,,1,,106.932
123.753197,2026-09-01T20:08:48.854431+00:00,1788293328.854430676,,1788293325.859457970,MAVLINK_GLOBAL_POSITION_INT_BRIDGE_REL_ALT,/uav1/rel_alt,,1,,114.553
123.853751,2026-09-01T20:08:48.954986+00:00,1788293328.954985619,,1788293325.954442024,MAVLINK_GLOBAL_POSITION_INT_BRIDGE_REL_ALT,/uav1/rel_alt,,1,,100.556
123.956418,2026-09-01T20:08:49.057652+00:00,1788293329.057652235,,1788293326.123414040,MAVLINK_GLOBAL_POSITION_INT_BRIDGE_REL_ALT,/uav1/rel_alt,,1,,102.663
124.050748,2026-09-01T20:08:49.151983+00:00,1788293329.151982784,,1788293326.123414040,MAVLINK_GLOBAL_POSITION_INT_BRIDGE_REL_ALT,/uav1/rel_alt,,1,,94.330
124.155177,2026-09-01T20:08:49.256412+00:00,1788293329.256411552,,1788293326.262389898,MAVLINK_GLOBAL_POSITION_INT_BRIDGE_REL_ALT,/uav1/rel_alt,,1,,104.430
124.253568,2026-09-01T20:08:49.354803+00:00,1788293329.354802608,,1788293326.381370068,MAVLINK_GLOBAL_POSITION_INT_BRIDGE_REL_ALT,/uav1/rel_alt,,1,,98.391
124.371212,2026-09-01T20:08:49.472446+00:00,1788293329.472445726,,1788293326.511348009,MAVLINK_GLOBAL_POSITION_INT_BRIDGE_REL_ALT,/uav1/rel_alt,,1,,117.643
124.460020,2026-09-01T20:08:49.561254+00:00,1788293329.561253548,,1788293326.607331991,MAVLINK_GLOBAL_POSITION_INT_BRIDGE_REL_ALT,/uav1/rel_alt,,1,,88.811
124.557933,2026-09-01T20:08:49.659168+00:00,1788293329.659167528,,1788293326.667321920,MAVLINK_GLOBAL_POSITION_INT_BRIDGE_REL_ALT,/uav1/rel_alt,,1,,97.913
124.656482,2026-09-01T20:08:49.757717+00:00,1788293329.757716656,,1788293326.774303913,MAVLINK_GLOBAL_POSITION_INT_BRIDGE_REL_ALT,/uav1/rel_alt,,1,,98.551
124.764192,2026-09-01T20:08:49.865425+00:00,1788293329.865425348,,1788293326.774303913,MAVLINK_GLOBAL_POSITION_INT_BRIDGE_REL_ALT,/uav1/rel_alt,,1,,107.707
124.893682,2026-09-01T20:08:49.994916+00:00,1788293329.994916439,,1788293327.024261951,MAVLINK_GLOBAL_POSITION_INT_BRIDGE_REL_ALT,/uav1/rel_alt,,1,,129.493
124.962254,2026-09-01T20:08:50.063488+00:00,1788293330.063488483,,1788293327.047257900,MAVLINK_GLOBAL_POSITION_INT_BRIDGE_REL_ALT,/uav1/rel_alt,,1,,68.566
125.071346,2026-09-01T20:08:50.172581+00:00,1788293330.172580957,,1788293327.179235935,MAVLINK_GLOBAL_POSITION_INT_BRIDGE_REL_ALT,/uav1/rel_alt,,1,,109.099
125.179118,2026-09-01T20:08:50.280353+00:00,1788293330.280352592,,1788293327.309214115,MAVLINK_GLOBAL_POSITION_INT_BRIDGE_REL_ALT,/uav1/rel_alt,,1,,107.767
125.294271,2026-09-01T20:08:50.395505+00:00,1788293330.395505428,,1788293327.394200087,MAVLINK_GLOBAL_POSITION_INT_BRIDGE_REL_ALT,/uav1/rel_alt,,1,,115.157
125.395195,2026-09-01T20:08:50.496428+00:00,1788293330.496428251,,1788293327.500181913,MAVLINK_GLOBAL_POSITION_INT_BRIDGE_REL_ALT,/uav1/rel_alt,,1,,100.921
125.495188,2026-09-01T20:08:50.596423+00:00,1788293330.596422911,,1788293327.500181913,MAVLINK_GLOBAL_POSITION_INT_BRIDGE_REL_ALT,/uav1/rel_alt,,1,,99.994
125.594890,2026-09-01T20:08:50.696124+00:00,1788293330.696124077,,1788293327.717145920,MAVLINK_GLOBAL_POSITION_INT_BRIDGE_REL_ALT,/uav1/rel_alt,,1,,99.701
125.697697,2026-09-01T20:08:50.798931+00:00,1788293330.798931122,,1788293327.717145920,MAVLINK_GLOBAL_POSITION_INT_BRIDGE_REL_ALT,/uav1/rel_alt,,1,,102.810
125.807216,2026-09-01T20:08:50.908450+00:00,1788293330.908449650,,1788293327.859122038,MAVLINK_GLOBAL_POSITION_INT_BRIDGE_REL_ALT,/uav1/rel_alt,,1,,109.518
125.906219,2026-09-01T20:08:51.007453+00:00,1788293331.007453203,,1788293327.966104031,MAVLINK_GLOBAL_POSITION_INT_BRIDGE_REL_ALT,/uav1/rel_alt,,1,,99.000
126.007950,2026-09-01T20:08:51.109184+00:00,1788293331.109184027,,1788293328.083084106,MAVLINK_GLOBAL_POSITION_INT_BRIDGE_REL_ALT,/uav1/rel_alt,,1,,101.731
126.106572,2026-09-01T20:08:51.207806+00:00,1788293331.207806110,,1788293328.202064037,MAVLINK_GLOBAL_POSITION_INT_BRIDGE_REL_ALT,/uav1/rel_alt,,1,,98.626
126.221631,2026-09-01T20:08:51.322865+00:00,1788293331.322864532,,1788293328.298048019,MAVLINK_GLOBAL_POSITION_INT_BRIDGE_REL_ALT,/uav1/rel_alt,,1,,115.059
126.328785,2026-09-01T20:08:51.430020+00:00,1788293331.430019855,,1788293328.381033897,MAVLINK_GLOBAL_POSITION_INT_BRIDGE_REL_ALT,/uav1/rel_alt,,1,,107.151
126.439378,2026-09-01T20:08:51.540612+00:00,1788293331.540611506,,1788293328.487015963,MAVLINK_GLOBAL_POSITION_INT_BRIDGE_REL_ALT,/uav1/rel_alt,,1,,110.593
126.535831,2026-09-01T20:08:51.637066+00:00,1788293331.637065649,,1788293328.573002100,MAVLINK_GLOBAL_POSITION_INT_BRIDGE_REL_ALT,/uav1/rel_alt,,1,,96.450
126.620616,2026-09-01T20:08:51.721850+00:00,1788293331.721850157,,1788293328.678983927,MAVLINK_GLOBAL_POSITION_INT_BRIDGE_REL_ALT,/uav1/rel_alt,,1,,84.789
126.733026,2026-09-01T20:08:51.834260+00:00,1788293331.834259748,,1788293328.809962034,MAVLINK_GLOBAL_POSITION_INT_BRIDGE_REL_ALT,/uav1/rel_alt,,1,,112.407
126.836534,2026-09-01T20:08:51.937767+00:00,1788293331.937767267,,1788293328.892947912,MAVLINK_GLOBAL_POSITION_INT_BRIDGE_REL_ALT,/uav1/rel_alt,,1,,103.511
126.943249,2026-09-01T20:08:52.044483+00:00,1788293332.044483423,,1788293328.978934050,MAVLINK_GLOBAL_POSITION_INT_BRIDGE_REL_ALT,/uav1/rel_alt,,1,,106.717
127.024199,2026-09-01T20:08:52.125434+00:00,1788293332.125433683,,1788293328.978934050,MAVLINK_GLOBAL_POSITION_INT_BRIDGE_REL_ALT,/uav1/rel_alt,,1,,80.947
127.121620,2026-09-01T20:08:52.222854+00:00,1788293332.222854137,,1788293328.978934050,MAVLINK_GLOBAL_POSITION_INT_BRIDGE_REL_ALT,/uav1/rel_alt,,1,,97.424
127.238680,2026-09-01T20:08:52.339915+00:00,1788293332.339914799,,1788293329.263885975,MAVLINK_GLOBAL_POSITION_INT_BRIDGE_REL_ALT,/uav1/rel_alt,,1,,117.052
127.337587,2026-09-01T20:08:52.438821+00:00,1788293332.438821316,,1788293329.380866051,MAVLINK_GLOBAL_POSITION_INT_BRIDGE_REL_ALT,/uav1/rel_alt,,1,,98.912
127.463744,2026-09-01T20:08:52.564978+00:00,1788293332.564977646,,1788293329.523842096,MAVLINK_GLOBAL_POSITION_INT_BRIDGE_REL_ALT,/uav1/rel_alt,,1,,126.158
127.551829,2026-09-01T20:08:52.653063+00:00,1788293332.653062820,,1788293329.618825912,MAVLINK_GLOBAL_POSITION_INT_BRIDGE_REL_ALT,/uav1/rel_alt,,1,,88.089
127.657439,2026-09-01T20:08:52.758674+00:00,1788293332.758673906,,1788293329.701812029,MAVLINK_GLOBAL_POSITION_INT_BRIDGE_REL_ALT,/uav1/rel_alt,,1,,105.607
127.755390,2026-09-01T20:08:52.856624+00:00,1788293332.856624126,,1788293329.701812029,MAVLINK_GLOBAL_POSITION_INT_BRIDGE_REL_ALT,/uav1/rel_alt,,1,,97.953
127.870243,2026-09-01T20:08:52.971477+00:00,1788293332.971476793,,1788293329.894779921,MAVLINK_GLOBAL_POSITION_INT_BRIDGE_REL_ALT,/uav1/rel_alt,,1,,114.856
127.965797,2026-09-01T20:08:53.067031+00:00,1788293333.067031384,,1788293329.979765892,MAVLINK_GLOBAL_POSITION_INT_BRIDGE_REL_ALT,/uav1/rel_alt,,1,,95.548
128.063211,2026-09-01T20:08:53.164445+00:00,1788293333.164445400,,1788293330.091747046,MAVLINK_GLOBAL_POSITION_INT_BRIDGE_REL_ALT,/uav1/rel_alt,,1,,97.418
128.155644,2026-09-01T20:08:53.256878+00:00,1788293333.256878138,,1788293330.198729038,MAVLINK_GLOBAL_POSITION_INT_BRIDGE_REL_ALT,/uav1/rel_alt,,1,,92.431
128.273145,2026-09-01T20:08:53.374379+00:00,1788293333.374378920,,1788293330.314708948,MAVLINK_GLOBAL_POSITION_INT_BRIDGE_REL_ALT,/uav1/rel_alt,,1,,117.502
128.390160,2026-09-01T20:08:53.491394+00:00,1788293333.491394043,,1788293330.350703001,MAVLINK_GLOBAL_POSITION_INT_BRIDGE_REL_ALT,/uav1/rel_alt,,1,,117.011
128.489726,2026-09-01T20:08:53.590961+00:00,1788293333.590960503,,1788293330.481681108,MAVLINK_GLOBAL_POSITION_INT_BRIDGE_REL_ALT,/uav1/rel_alt,,1,,99.567
128.590834,2026-09-01T20:08:53.692068+00:00,1788293333.692067862,,1788293330.600661039,MAVLINK_GLOBAL_POSITION_INT_BRIDGE_REL_ALT,/uav1/rel_alt,,1,,101.112
128.690120,2026-09-01T20:08:53.791355+00:00,1788293333.791354656,,1788293330.719640970,MAVLINK_GLOBAL_POSITION_INT_BRIDGE_REL_ALT,/uav1/rel_alt,,1,,99.278
128.789596,2026-09-01T20:08:53.890831+00:00,1788293333.890830994,,1788293330.719640970,MAVLINK_GLOBAL_POSITION_INT_BRIDGE_REL_ALT,/uav1/rel_alt,,1,,99.480
128.903604,2026-09-01T20:08:54.004839+00:00,1788293334.004839182,,1788293330.874614954,MAVLINK_GLOBAL_POSITION_INT_BRIDGE_REL_ALT,/uav1/rel_alt,,1,,114.008
129.004056,2026-09-01T20:08:54.105290+00:00,1788293334.105289936,,1788293330.980597019,MAVLINK_GLOBAL_POSITION_INT_BRIDGE_REL_ALT,/uav1/rel_alt,,1,,100.452
129.104235,2026-09-01T20:08:54.205470+00:00,1788293334.205469608,,1788293331.100577116,MAVLINK_GLOBAL_POSITION_INT_BRIDGE_REL_ALT,/uav1/rel_alt,,1,,100.181
129.192217,2026-09-01T20:08:54.293451+00:00,1788293334.293451071,,1788293331.207559109,MAVLINK_GLOBAL_POSITION_INT_BRIDGE_REL_ALT,/uav1/rel_alt,,1,,87.983
129.297377,2026-09-01T20:08:54.398612+00:00,1788293334.398611784,,1788293331.280546904,MAVLINK_GLOBAL_POSITION_INT_BRIDGE_REL_ALT,/uav1/rel_alt,,1,,105.163
129.411003,2026-09-01T20:08:54.512237+00:00,1788293334.512237310,,1788293331.374531031,MAVLINK_GLOBAL_POSITION_INT_BRIDGE_REL_ALT,/uav1/rel_alt,,1,,113.621
129.521683,2026-09-01T20:08:54.622917+00:00,1788293334.622916937,,1788293331.517507076,MAVLINK_GLOBAL_POSITION_INT_BRIDGE_REL_ALT,/uav1/rel_alt,,1,,110.683
129.615129,2026-09-01T20:08:54.716363+00:00,1788293334.716362715,,1788293331.576497078,MAVLINK_GLOBAL_POSITION_INT_BRIDGE_REL_ALT,/uav1/rel_alt,,1,,93.445
129.716146,2026-09-01T20:08:54.817379+00:00,1788293334.817379236,,1788293331.720473051,MAVLINK_GLOBAL_POSITION_INT_BRIDGE_REL_ALT,/uav1/rel_alt,,1,,101.015
129.816799,2026-09-01T20:08:54.918034+00:00,1788293334.918033600,,1788293331.816457033,MAVLINK_GLOBAL_POSITION_INT_BRIDGE_REL_ALT,/uav1/rel_alt,,1,,100.655
129.931841,2026-09-01T20:08:55.033075+00:00,1788293335.033075094,,1788293331.816457033,MAVLINK_GLOBAL_POSITION_INT_BRIDGE_REL_ALT,/uav1/rel_alt,,1,,115.043
130.027354,2026-09-01T20:08:55.128588+00:00,1788293335.128587961,,1788293331.945435047,MAVLINK_GLOBAL_POSITION_INT_BRIDGE_REL_ALT,/uav1/rel_alt,,1,,95.510
130.124830,2026-09-01T20:08:55.226064+00:00,1788293335.226064444,,1788293331.945435047,MAVLINK_GLOBAL_POSITION_INT_BRIDGE_REL_ALT,/uav1/rel_alt,,1,,97.477
130.213889,2026-09-01T20:08:55.315124+00:00,1788293335.315123558,,1788293332.197392941,MAVLINK_GLOBAL_POSITION_INT_BRIDGE_REL_ALT,/uav1/rel_alt,,1,,89.056
130.341349,2026-09-01T20:08:55.442583+00:00,1788293335.442582607,,1788293332.319371939,MAVLINK_GLOBAL_POSITION_INT_BRIDGE_REL_ALT,/uav1/rel_alt,,1,,127.461
130.446283,2026-09-01T20:08:55.547517+00:00,1788293335.547516823,,1788293332.404357910,MAVLINK_GLOBAL_POSITION_INT_BRIDGE_REL_ALT,/uav1/rel_alt,,1,,104.939
130.556321,2026-09-01T20:08:55.657555+00:00,1788293335.657555103,,1788293332.523338079,MAVLINK_GLOBAL_POSITION_INT_BRIDGE_REL_ALT,/uav1/rel_alt,,1,,110.038
130.648275,2026-09-01T20:08:55.749509+00:00,1788293335.749509335,,1788293332.523338079,MAVLINK_GLOBAL_POSITION_INT_BRIDGE_REL_ALT,/uav1/rel_alt,,1,,91.950
130.742752,2026-09-01T20:08:55.843987+00:00,1788293335.843986511,,1788293332.644318104,MAVLINK_GLOBAL_POSITION_INT_BRIDGE_REL_ALT,/uav1/rel_alt,,1,,94.476
130.847001,2026-09-01T20:08:55.948235+00:00,1788293335.948234797,,1788293332.785294056,MAVLINK_GLOBAL_POSITION_INT_BRIDGE_REL_ALT,/uav1/rel_alt,,1,,104.252
130.960334,2026-09-01T20:08:56.061567+00:00,1788293336.061567307,,1788293332.883277893,MAVLINK_GLOBAL_POSITION_INT_BRIDGE_REL_ALT,/uav1/rel_alt,,1,,113.334
131.051256,2026-09-01T20:08:56.152491+00:00,1788293336.152490854,,1788293332.942267895,MAVLINK_GLOBAL_POSITION_INT_BRIDGE_REL_ALT,/uav1/rel_alt,,1,,90.920
131.149400,2026-09-01T20:08:56.250634+00:00,1788293336.250634193,,1788293333.062247992,MAVLINK_GLOBAL_POSITION_INT_BRIDGE_REL_ALT,/uav1/rel_alt,,1,,98.141
131.256653,2026-09-01T20:08:56.357888+00:00,1788293336.357887745,,1788293333.161231041,MAVLINK_GLOBAL_POSITION_INT_BRIDGE_REL_ALT,/uav1/rel_alt,,1,,107.255
131.373568,2026-09-01T20:08:56.474802+00:00,1788293336.474802494,,1788293333.267213106,MAVLINK_GLOBAL_POSITION_INT_BRIDGE_REL_ALT,/uav1/rel_alt,,1,,116.916
131.470258,2026-09-01T20:08:56.571491+00:00,1788293336.571491480,,1788293333.267213106,MAVLINK_GLOBAL_POSITION_INT_BRIDGE_REL_ALT,/uav1/rel_alt,,1,,96.691
131.583037,2026-09-01T20:08:56.684271+00:00,1788293336.684271097,,1788293333.482177019,MAVLINK_GLOBAL_POSITION_INT_BRIDGE_REL_ALT,/uav1/rel_alt,,1,,112.778
131.672123,2026-09-01T20:08:56.773357+00:00,1788293336.773357391,,1788293333.529169083,MAVLINK_GLOBAL_POSITION_INT_BRIDGE_REL_ALT,/uav1/rel_alt,,1,,89.084
131.771197,2026-09-01T20:08:56.872432+00:00,1788293336.872432232,,1788293333.696141005,MAVLINK_GLOBAL_POSITION_INT_BRIDGE_REL_ALT,/uav1/rel_alt,,1,,99.074
131.879116,2026-09-01T20:08:56.980350+00:00,1788293336.980350494,,1788293333.696141005,MAVLINK_GLOBAL_POSITION_INT_BRIDGE_REL_ALT,/uav1/rel_alt,,1,,107.919
132.004163,2026-09-01T20:08:57.105397+00:00,1788293337.105397463,,1788293333.899106979,MAVLINK_GLOBAL_POSITION_INT_BRIDGE_REL_ALT,/uav1/rel_alt,,1,,125.045
132.089330,2026-09-01T20:08:57.190564+00:00,1788293337.190564156,,1788293333.899106979,MAVLINK_GLOBAL_POSITION_INT_BRIDGE_REL_ALT,/uav1/rel_alt,,1,,85.169
132.187905,2026-09-01T20:08:57.289140+00:00,1788293337.289139748,,1788293334.101073027,MAVLINK_GLOBAL_POSITION_INT_BRIDGE_REL_ALT,/uav1/rel_alt,,1,,98.574
132.278360,2026-09-01T20:08:57.379594+00:00,1788293337.379594088,,1788293334.172060966,MAVLINK_GLOBAL_POSITION_INT_BRIDGE_REL_ALT,/uav1/rel_alt,,1,,90.455
132.407547,2026-09-01T20:08:57.508782+00:00,1788293337.508781672,,1788293334.315037012,MAVLINK_GLOBAL_POSITION_INT_BRIDGE_REL_ALT,/uav1/rel_alt,,1,,129.187
132.517299,2026-09-01T20:08:57.618533+00:00,1788293337.618533373,,1788293334.315037012,MAVLINK_GLOBAL_POSITION_INT_BRIDGE_REL_ALT,/uav1/rel_alt,,1,,109.753
132.632082,2026-09-01T20:08:57.733316+00:00,1788293337.733316422,,1788293334.505004883,MAVLINK_GLOBAL_POSITION_INT_BRIDGE_REL_ALT,/uav1/rel_alt,,1,,114.771
132.729336,2026-09-01T20:08:57.830571+00:00,1788293337.830570698,,1788293334.553997040,MAVLINK_GLOBAL_POSITION_INT_BRIDGE_REL_ALT,/uav1/rel_alt,,1,,97.263
132.824551,2026-09-01T20:08:57.925786+00:00,1788293337.925785542,,1788293334.718969107,MAVLINK_GLOBAL_POSITION_INT_BRIDGE_REL_ALT,/uav1/rel_alt,,1,,95.219
132.927353,2026-09-01T20:08:58.028586+00:00,1788293338.028586388,,1788293334.754962921,MAVLINK_GLOBAL_POSITION_INT_BRIDGE_REL_ALT,/uav1/rel_alt,,1,,102.802
133.028612,2026-09-01T20:08:58.129846+00:00,1788293338.129846096,,1788293334.910937071,MAVLINK_GLOBAL_POSITION_INT_BRIDGE_REL_ALT,/uav1/rel_alt,,1,,101.257
133.153171,2026-09-01T20:08:58.254406+00:00,1788293338.254405737,,1788293335.004920959,MAVLINK_GLOBAL_POSITION_INT_BRIDGE_REL_ALT,/uav1/rel_alt,,1,,124.557
133.248905,2026-09-01T20:08:58.350138+00:00,1788293338.350138187,,1788293335.111902952,MAVLINK_GLOBAL_POSITION_INT_BRIDGE_REL_ALT,/uav1/rel_alt,,1,,95.735
133.359137,2026-09-01T20:08:58.460372+00:00,1788293338.460371733,,1788293335.221884966,MAVLINK_GLOBAL_POSITION_INT_BRIDGE_REL_ALT,/uav1/rel_alt,,1,,110.230
133.472010,2026-09-01T20:08:58.573244+00:00,1788293338.573244095,,1788293335.317868948,MAVLINK_GLOBAL_POSITION_INT_BRIDGE_REL_ALT,/uav1/rel_alt,,1,,112.878
133.564529,2026-09-01T20:08:58.665763+00:00,1788293338.665763140,,1788293335.317868948,MAVLINK_GLOBAL_POSITION_INT_BRIDGE_REL_ALT,/uav1/rel_alt,,1,,92.518
133.682169,2026-09-01T20:08:58.783403+00:00,1788293338.783402681,,1788293335.435848951,MAVLINK_GLOBAL_POSITION_INT_BRIDGE_REL_ALT,/uav1/rel_alt,,1,,117.637
133.765053,2026-09-01T20:08:58.866288+00:00,1788293338.866287947,,1788293335.541831017,MAVLINK_GLOBAL_POSITION_INT_BRIDGE_REL_ALT,/uav1/rel_alt,,1,,82.886
133.847382,2026-09-01T20:08:58.948617+00:00,1788293338.948616743,,1788293335.541831017,MAVLINK_GLOBAL_POSITION_INT_BRIDGE_REL_ALT,/uav1/rel_alt,,1,,82.319
134.010371,2026-09-01T20:08:59.111606+00:00,1788293339.111606359,,1788293335.803786993,MAVLINK_GLOBAL_POSITION_INT_BRIDGE_REL_ALT,/uav1/rel_alt,,1,,162.995
134.092547,2026-09-01T20:08:59.193781+00:00,1788293339.193781137,,1788293335.903769970,MAVLINK_GLOBAL_POSITION_INT_BRIDGE_REL_ALT,/uav1/rel_alt,,1,,82.177
134.173218,2026-09-01T20:08:59.274452+00:00,1788293339.274452448,,1788293335.950762033,MAVLINK_GLOBAL_POSITION_INT_BRIDGE_REL_ALT,/uav1/rel_alt,,1,,80.676
134.289059,2026-09-01T20:08:59.390292+00:00,1788293339.390292406,,1788293336.069741964,MAVLINK_GLOBAL_POSITION_INT_BRIDGE_REL_ALT,/uav1/rel_alt,,1,,115.841
134.370353,2026-09-01T20:08:59.471587+00:00,1788293339.471586704,,1788293336.224715948,MAVLINK_GLOBAL_POSITION_INT_BRIDGE_REL_ALT,/uav1/rel_alt,,1,,81.293
134.483804,2026-09-01T20:08:59.585037+00:00,1788293339.585036993,,1788293336.319700003,MAVLINK_GLOBAL_POSITION_INT_BRIDGE_REL_ALT,/uav1/rel_alt,,1,,113.451
134.580855,2026-09-01T20:08:59.682090+00:00,1788293339.682089567,,1788293336.391688108,MAVLINK_GLOBAL_POSITION_INT_BRIDGE_REL_ALT,/uav1/rel_alt,,1,,97.047
134.712703,2026-09-01T20:08:59.813937+00:00,1788293339.813936710,,1788293336.391688108,MAVLINK_GLOBAL_POSITION_INT_BRIDGE_REL_ALT,/uav1/rel_alt,,1,,131.851
134.785026,2026-09-01T20:08:59.886260+00:00,1788293339.886259794,,1788293336.582655907,MAVLINK_GLOBAL_POSITION_INT_BRIDGE_REL_ALT,/uav1/rel_alt,,1,,72.324
134.927672,2026-09-01T20:09:00.028906+00:00,1788293340.028905869,,1788293336.724632025,MAVLINK_GLOBAL_POSITION_INT_BRIDGE_REL_ALT,/uav1/rel_alt,,1,,142.649
135.019364,2026-09-01T20:09:00.120598+00:00,1788293340.120598316,,1788293336.796619892,MAVLINK_GLOBAL_POSITION_INT_BRIDGE_REL_ALT,/uav1/rel_alt,,1,,91.685
135.098236,2026-09-01T20:09:00.199470+00:00,1788293340.199469805,,1788293336.796619892,MAVLINK_GLOBAL_POSITION_INT_BRIDGE_REL_ALT,/uav1/rel_alt,,1,,78.877
135.204748,2026-09-01T20:09:00.305983+00:00,1788293340.305982828,,1788293337.010584116,MAVLINK_GLOBAL_POSITION_INT_BRIDGE_REL_ALT,/uav1/rel_alt,,1,,106.510
135.300385,2026-09-01T20:09:00.401620+00:00,1788293340.401619911,,1788293337.105567932,MAVLINK_GLOBAL_POSITION_INT_BRIDGE_REL_ALT,/uav1/rel_alt,,1,,95.637
135.404690,2026-09-01T20:09:00.505925+00:00,1788293340.505924940,,1788293337.200551987,MAVLINK_GLOBAL_POSITION_INT_BRIDGE_REL_ALT,/uav1/rel_alt,,1,,104.306
135.502288,2026-09-01T20:09:00.603523+00:00,1788293340.603522778,,1788293337.261542082,MAVLINK_GLOBAL_POSITION_INT_BRIDGE_REL_ALT,/uav1/rel_alt,,1,,97.600
135.618679,2026-09-01T20:09:00.719913+00:00,1788293340.719913483,,1788293337.404517889,MAVLINK_GLOBAL_POSITION_INT_BRIDGE_REL_ALT,/uav1/rel_alt,,1,,116.384
135.723686,2026-09-01T20:09:00.824921+00:00,1788293340.824920654,,1788293337.498502016,MAVLINK_GLOBAL_POSITION_INT_BRIDGE_REL_ALT,/uav1/rel_alt,,1,,105.004
135.842682,2026-09-01T20:09:00.943916+00:00,1788293340.943916321,,1788293337.617481947,MAVLINK_GLOBAL_POSITION_INT_BRIDGE_REL_ALT,/uav1/rel_alt,,1,,119.003
135.913898,2026-09-01T20:09:01.015131+00:00,1788293341.015131474,,1788293337.700468063,MAVLINK_GLOBAL_POSITION_INT_BRIDGE_REL_ALT,/uav1/rel_alt,,1,,71.218
136.032335,2026-09-01T20:09:01.133569+00:00,1788293341.133569479,,1788293337.818448067,MAVLINK_GLOBAL_POSITION_INT_BRIDGE_REL_ALT,/uav1/rel_alt,,1,,118.440
136.115796,2026-09-01T20:09:01.217030+00:00,1788293341.217030287,,1788293337.904433966,MAVLINK_GLOBAL_POSITION_INT_BRIDGE_REL_ALT,/uav1/rel_alt,,1,,83.457
136.241729,2026-09-01T20:09:01.342963+00:00,1788293341.342963457,,1788293338.011415958,MAVLINK_GLOBAL_POSITION_INT_BRIDGE_REL_ALT,/uav1/rel_alt,,1,,125.937
136.336370,2026-09-01T20:09:01.437604+00:00,1788293341.437604189,,1788293338.105400085,MAVLINK_GLOBAL_POSITION_INT_BRIDGE_REL_ALT,/uav1/rel_alt,,1,,94.641
136.443346,2026-09-01T20:09:01.544581+00:00,1788293341.544581175,,1788293338.200383902,MAVLINK_GLOBAL_POSITION_INT_BRIDGE_REL_ALT,/uav1/rel_alt,,1,,106.974
136.532543,2026-09-01T20:09:01.633778+00:00,1788293341.633777857,,1788293338.309365988,MAVLINK_GLOBAL_POSITION_INT_BRIDGE_REL_ALT,/uav1/rel_alt,,1,,89.197
136.645574,2026-09-01T20:09:01.746809+00:00,1788293341.746808529,,1788293338.405349970,MAVLINK_GLOBAL_POSITION_INT_BRIDGE_REL_ALT,/uav1/rel_alt,,1,,113.026
136.746103,2026-09-01T20:09:01.847337+00:00,1788293341.847336531,,1788293338.487335920,MAVLINK_GLOBAL_POSITION_INT_BRIDGE_REL_ALT,/uav1/rel_alt,,1,,100.531
136.852590,2026-09-01T20:09:01.953825+00:00,1788293341.953824520,,1788293338.487335920,MAVLINK_GLOBAL_POSITION_INT_BRIDGE_REL_ALT,/uav1/rel_alt,,1,,106.486
136.958140,2026-09-01T20:09:02.059374+00:00,1788293342.059373856,,1788293338.714298010,MAVLINK_GLOBAL_POSITION_INT_BRIDGE_REL_ALT,/uav1/rel_alt,,1,,105.555
137.071676,2026-09-01T20:09:02.172911+00:00,1788293342.172910690,,1788293338.714298010,MAVLINK_GLOBAL_POSITION_INT_BRIDGE_REL_ALT,/uav1/rel_alt,,1,,113.536
137.178644,2026-09-01T20:09:02.279878+00:00,1788293342.279878139,,1788293338.915263891,MAVLINK_GLOBAL_POSITION_INT_BRIDGE_REL_ALT,/uav1/rel_alt,,1,,106.965
137.292598,2026-09-01T20:09:02.393833+00:00,1788293342.393833160,,1788293339.021245956,MAVLINK_GLOBAL_POSITION_INT_BRIDGE_REL_ALT,/uav1/rel_alt,,1,,113.952
137.404475,2026-09-01T20:09:02.505710+00:00,1788293342.505709648,,1788293339.046241999,MAVLINK_GLOBAL_POSITION_INT_BRIDGE_REL_ALT,/uav1/rel_alt,,1,,111.875
137.471186,2026-09-01T20:09:02.572421+00:00,1788293342.572420597,,1788293339.211214066,MAVLINK_GLOBAL_POSITION_INT_BRIDGE_REL_ALT,/uav1/rel_alt,,1,,66.709
137.593307,2026-09-01T20:09:02.694542+00:00,1788293342.694542408,,1788293339.320195913,MAVLINK_GLOBAL_POSITION_INT_BRIDGE_REL_ALT,/uav1/rel_alt,,1,,122.122
137.707849,2026-09-01T20:09:02.809082+00:00,1788293342.809082270,,1788293339.416179895,MAVLINK_GLOBAL_POSITION_INT_BRIDGE_REL_ALT,/uav1/rel_alt,,1,,114.543
137.802217,2026-09-01T20:09:02.903450+00:00,1788293342.903450012,,1788293339.490168095,MAVLINK_GLOBAL_POSITION_INT_BRIDGE_REL_ALT,/uav1/rel_alt,,1,,94.362
137.911422,2026-09-01T20:09:03.012657+00:00,1788293343.012656689,,1788293339.582151890,MAVLINK_GLOBAL_POSITION_INT_BRIDGE_REL_ALT,/uav1/rel_alt,,1,,109.210
137.997473,2026-09-01T20:09:03.098707+00:00,1788293343.098706961,,1788293339.665138006,MAVLINK_GLOBAL_POSITION_INT_BRIDGE_REL_ALT,/uav1/rel_alt,,1,,86.059
138.104572,2026-09-01T20:09:03.205806+00:00,1788293343.205806017,,1788293339.820111990,MAVLINK_GLOBAL_POSITION_INT_BRIDGE_REL_ALT,/uav1/rel_alt,,1,,107.097
138.188866,2026-09-01T20:09:03.290100+00:00,1788293343.290099621,,1788293339.904098034,MAVLINK_GLOBAL_POSITION_INT_BRIDGE_REL_ALT,/uav1/rel_alt,,1,,84.292
138.295749,2026-09-01T20:09:03.396984+00:00,1788293343.396984100,,1788293339.962088108,MAVLINK_GLOBAL_POSITION_INT_BRIDGE_REL_ALT,/uav1/rel_alt,,1,,106.883
138.386234,2026-09-01T20:09:03.487468+00:00,1788293343.487467527,,1788293340.083067894,MAVLINK_GLOBAL_POSITION_INT_BRIDGE_REL_ALT,/uav1/rel_alt,,1,,90.484
138.513085,2026-09-01T20:09:03.614320+00:00,1788293343.614319563,,1788293340.212045908,MAVLINK_GLOBAL_POSITION_INT_BRIDGE_REL_ALT,/uav1/rel_alt,,1,,126.835
138.620345,2026-09-01T20:09:03.721580+00:00,1788293343.721580267,,1788293340.296031952,MAVLINK_GLOBAL_POSITION_INT_BRIDGE_REL_ALT,/uav1/rel_alt,,1,,107.272
138.735741,2026-09-01T20:09:03.836974+00:00,1788293343.836974382,,1788293340.296031952,MAVLINK_GLOBAL_POSITION_INT_BRIDGE_REL_ALT,/uav1/rel_alt,,1,,115.401
138.852603,2026-09-01T20:09:03.953837+00:00,1788293343.953837395,,1788293340.522994041,MAVLINK_GLOBAL_POSITION_INT_BRIDGE_REL_ALT,/uav1/rel_alt,,1,,116.861
138.935531,2026-09-01T20:09:04.036765+00:00,1788293344.036765099,,1788293340.522994041,MAVLINK_GLOBAL_POSITION_INT_BRIDGE_REL_ALT,/uav1/rel_alt,,1,,82.923
139.021090,2026-09-01T20:09:04.122323+00:00,1788293344.122323275,,1788293340.640974045,MAVLINK_GLOBAL_POSITION_INT_BRIDGE_REL_ALT,/uav1/rel_alt,,1,,85.566
139.136982,2026-09-01T20:09:04.238217+00:00,1788293344.238216639,,1788293340.640974045,MAVLINK_GLOBAL_POSITION_INT_BRIDGE_REL_ALT,/uav1/rel_alt,,1,,115.893
139.243171,2026-09-01T20:09:04.344405+00:00,1788293344.344404697,,1788293340.843940020,MAVLINK_GLOBAL_POSITION_INT_BRIDGE_REL_ALT,/uav1/rel_alt,,1,,106.184
139.342320,2026-09-01T20:09:04.443554+00:00,1788293344.443554401,,1788293341.009912014,MAVLINK_GLOBAL_POSITION_INT_BRIDGE_REL_ALT,/uav1/rel_alt,,1,,99.155
139.476043,2026-09-01T20:09:04.577278+00:00,1788293344.577277899,,1788293341.116894007,MAVLINK_GLOBAL_POSITION_INT_BRIDGE_REL_ALT,/uav1/rel_alt,,1,,133.721
139.543734,2026-09-01T20:09:04.644969+00:00,1788293344.644968510,,1788293341.116894007,MAVLINK_GLOBAL_POSITION_INT_BRIDGE_REL_ALT,/uav1/rel_alt,,1,,67.691
139.642549,2026-09-01T20:09:04.743783+00:00,1788293344.743783474,,1788293341.235873938,MAVLINK_GLOBAL_POSITION_INT_BRIDGE_REL_ALT,/uav1/rel_alt,,1,,98.813
139.759154,2026-09-01T20:09:04.860388+00:00,1788293344.860388279,,1788293341.393847942,MAVLINK_GLOBAL_POSITION_INT_BRIDGE_REL_ALT,/uav1/rel_alt,,1,,116.608
139.890909,2026-09-01T20:09:04.992143+00:00,1788293344.992143154,,1788293341.512828112,MAVLINK_GLOBAL_POSITION_INT_BRIDGE_REL_ALT,/uav1/rel_alt,,1,,131.752
139.983436,2026-09-01T20:09:05.084671+00:00,1788293345.084670782,,1788293341.571818113,MAVLINK_GLOBAL_POSITION_INT_BRIDGE_REL_ALT,/uav1/rel_alt,,1,,92.529
140.083799,2026-09-01T20:09:05.185034+00:00,1788293345.185033560,,1788293341.571818113,MAVLINK_GLOBAL_POSITION_INT_BRIDGE_REL_ALT,/uav1/rel_alt,,1,,100.361
140.184371,2026-09-01T20:09:05.285605+00:00,1788293345.285604954,,1788293341.735790014,MAVLINK_GLOBAL_POSITION_INT_BRIDGE_REL_ALT,/uav1/rel_alt,,1,,100.577
140.280293,2026-09-01T20:09:05.381527+00:00,1788293345.381527185,,1788293341.844772100,MAVLINK_GLOBAL_POSITION_INT_BRIDGE_REL_ALT,/uav1/rel_alt,,1,,95.917
140.375198,2026-09-01T20:09:05.476432+00:00,1788293345.476431847,,1788293342.021742105,MAVLINK_GLOBAL_POSITION_INT_BRIDGE_REL_ALT,/uav1/rel_alt,,1,,94.905
140.483060,2026-09-01T20:09:05.584294+00:00,1788293345.584294319,,1788293342.094729900,MAVLINK_GLOBAL_POSITION_INT_BRIDGE_REL_ALT,/uav1/rel_alt,,1,,107.863
140.567395,2026-09-01T20:09:05.668628+00:00,1788293345.668628216,,1788293342.213710070,MAVLINK_GLOBAL_POSITION_INT_BRIDGE_REL_ALT,/uav1/rel_alt,,1,,84.339
140.696576,2026-09-01T20:09:05.797811+00:00,1788293345.797811031,,1788293342.294696093,MAVLINK_GLOBAL_POSITION_INT_BRIDGE_REL_ALT,/uav1/rel_alt,,1,,129.178
140.781672,2026-09-01T20:09:05.882907+00:00,1788293345.882906675,,1788293342.366683960,MAVLINK_GLOBAL_POSITION_INT_BRIDGE_REL_ALT,/uav1/rel_alt,,1,,85.099
140.900663,2026-09-01T20:09:06.001897+00:00,1788293346.001896620,,1788293342.523658037,MAVLINK_GLOBAL_POSITION_INT_BRIDGE_REL_ALT,/uav1/rel_alt,,1,,118.990
140.987528,2026-09-01T20:09:06.088763+00:00,1788293346.088762999,,1788293342.607644081,MAVLINK_GLOBAL_POSITION_INT_BRIDGE_REL_ALT,/uav1/rel_alt,,1,,86.863
141.093969,2026-09-01T20:09:06.195203+00:00,1788293346.195203066,,1788293342.679631948,MAVLINK_GLOBAL_POSITION_INT_BRIDGE_REL_ALT,/uav1/rel_alt,,1,,106.440
141.181922,2026-09-01T20:09:06.283155+00:00,1788293346.283155203,,1788293342.679631948,MAVLINK_GLOBAL_POSITION_INT_BRIDGE_REL_ALT,/uav1/rel_alt,,1,,87.956
141.288848,2026-09-01T20:09:06.390082+00:00,1788293346.390082121,,1788293342.908592939,MAVLINK_GLOBAL_POSITION_INT_BRIDGE_REL_ALT,/uav1/rel_alt,,1,,106.922
141.392858,2026-09-01T20:09:06.494092+00:00,1788293346.494091749,,1788293342.981580973,MAVLINK_GLOBAL_POSITION_INT_BRIDGE_REL_ALT,/uav1/rel_alt,,1,,104.014
141.501373,2026-09-01T20:09:06.602607+00:00,1788293346.602607250,,1788293342.981580973,MAVLINK_GLOBAL_POSITION_INT_BRIDGE_REL_ALT,/uav1/rel_alt,,1,,108.515
141.589138,2026-09-01T20:09:06.690373+00:00,1788293346.690372705,,1788293343.205543041,MAVLINK_GLOBAL_POSITION_INT_BRIDGE_REL_ALT,/uav1/rel_alt,,1,,87.761
141.701929,2026-09-01T20:09:06.803163+00:00,1788293346.803162813,,1788293343.302526951,MAVLINK_GLOBAL_POSITION_INT_BRIDGE_REL_ALT,/uav1/rel_alt,,1,,112.793
141.799691,2026-09-01T20:09:06.900925+00:00,1788293346.900925398,,1788293343.396511078,MAVLINK_GLOBAL_POSITION_INT_BRIDGE_REL_ALT,/uav1/rel_alt,,1,,97.762
141.918866,2026-09-01T20:09:07.020100+00:00,1788293347.020099878,,1788293343.467499018,MAVLINK_GLOBAL_POSITION_INT_BRIDGE_REL_ALT,/uav1/rel_alt,,1,,119.180
142.003395,2026-09-01T20:09:07.104630+00:00,1788293347.104629755,,1788293343.587479115,MAVLINK_GLOBAL_POSITION_INT_BRIDGE_REL_ALT,/uav1/rel_alt,,1,,84.525
142.109154,2026-09-01T20:09:07.210388+00:00,1788293347.210387945,,1788293343.672465086,MAVLINK_GLOBAL_POSITION_INT_BRIDGE_REL_ALT,/uav1/rel_alt,,1,,105.763
142.202654,2026-09-01T20:09:07.303888+00:00,1788293347.303888083,,1788293343.778446913,MAVLINK_GLOBAL_POSITION_INT_BRIDGE_REL_ALT,/uav1/rel_alt,,1,,93.495
142.320977,2026-09-01T20:09:07.422210+00:00,1788293347.422210217,,1788293343.872431040,MAVLINK_GLOBAL_POSITION_INT_BRIDGE_REL_ALT,/uav1/rel_alt,,1,,118.327
142.421706,2026-09-01T20:09:07.522940+00:00,1788293347.522939920,,1788293343.979413033,MAVLINK_GLOBAL_POSITION_INT_BRIDGE_REL_ALT,/uav1/rel_alt,,1,,100.731
142.537353,2026-09-01T20:09:07.638588+00:00,1788293347.638587713,,1788293344.098392963,MAVLINK_GLOBAL_POSITION_INT_BRIDGE_REL_ALT,/uav1/rel_alt,,1,,115.642
142.640416,2026-09-01T20:09:07.741650+00:00,1788293347.741650343,,1788293344.204375029,MAVLINK_GLOBAL_POSITION_INT_BRIDGE_REL_ALT,/uav1/rel_alt,,1,,103.067
142.727215,2026-09-01T20:09:07.828449+00:00,1788293347.828449488,,1788293344.278362989,MAVLINK_GLOBAL_POSITION_INT_BRIDGE_REL_ALT,/uav1/rel_alt,,1,,86.795
142.837784,2026-09-01T20:09:07.939019+00:00,1788293347.939018726,,1788293344.278362989,MAVLINK_GLOBAL_POSITION_INT_BRIDGE_REL_ALT,/uav1/rel_alt,,1,,110.566
142.952780,2026-09-01T20:09:08.054014+00:00,1788293348.054014206,,1788293344.455332994,MAVLINK_GLOBAL_POSITION_INT_BRIDGE_REL_ALT,/uav1/rel_alt,,1,,115.002
