elapsed_time_s,wall_time,wall_time_unix_s,source_timestamp_s,source_clock_s,local_x_east_m,local_y_north_m,local_z_up_m,roll_deg,pitch_deg,yaw_enu_deg,heading_deg,qx,qy,qz,qw,vx_east_mps,vy_north_mps,vz_up_mps,ground_speed_mps,vertical_speed_up_mps,relative_altitude_m,armed,flight_mode,flying
0.332167,2026-09-01T20:06:45.433402+00:00,1788293205.433401585,1788293206.424184084,1788293206.320254087,0.000000000,0.000000000,-0.000000000,0.096086,-0.045110,-89.439309,179.439309,-0.000318813,0.000869724,0.703637958,-0.710558057,,,,,,0.002000000,False,,False
0.600038,2026-09-01T20:06:45.701272+00:00,1788293205.701272249,1788293206.704994917,1788293206.516122103,0.000000000,0.000000000,-0.000000000,0.097172,-0.045618,-89.444762,179.444762,-0.000322385,0.000879560,0.703671753,-0.710524619,-0.020987127,0.021485474,0.000912581,0.030034731,0.000912581,0.002000000,False,STABILIZE,False
0.762811,2026-09-01T20:06:45.864046+00:00,1788293205.864046335,1788293206.844901085,1788293206.798932076,0.000000000,0.000000000,-0.000000000,0.097637,-0.046116,-89.446955,179.446955,-0.000322195,0.000885504,0.703685343,-0.710511029,-0.021351745,0.021897774,0.000813718,0.030584466,0.000813718,0.002000000,False,STABILIZE,False
0.818852,2026-09-01T20:06:45.920086+00:00,1788293205.920085907,1788293206.881875992,1788293206.859890938,0.000000000,0.000000000,-0.000000000,0.097612,-0.046123,-89.448137,179.448137,-0.000321988,0.000885399,0.703692675,-0.710503817,-0.021610297,0.022084173,0.000775583,0.030898473,0.000775583,0.002000000,False,STABILIZE,False
0.884924,2026-09-01T20:06:45.986159+00:00,1788293205.986158848,1788293206.954827070,1788293206.859890938,0.000000000,0.000000000,-0.000000000,0.097854,-0.046307,-89.449186,179.449186,-0.000322347,0.000888032,0.703699172,-0.710497439,-0.021615235,0.022068480,0.000770696,0.030890714,0.000770696,0.001000000,False,STABILIZE,False
1.152619,2026-09-01T20:06:46.253853+00:00,1788293206.253853083,1788293207.236637115,1788293207.167684078,0.000000000,0.000000000,-0.000000000,0.098973,-0.047278,-89.454802,179.454802,-0.000323282,0.000900938,0.703733981,-0.710462868,-0.021675106,0.022221848,0.000769035,0.031042242,0.000769035,0.001000000,False,STABILIZE,False
1.342337,2026-09-01T20:06:46.443571+00:00,1788293206.443570852,1788293207.411520004,1788293207.371546984,0.000000000,0.000000000,-0.000000000,0.099469,-0.047817,-89.458265,179.458265,-0.000323019,0.000907339,0.703755438,-0.710441649,-0.021946847,0.022626856,0.000650794,0.031522036,0.000650794,0.001000000,False,STABILIZE,False
1.378247,2026-09-01T20:06:46.479482+00:00,1788293206.479482174,1788293207.445497036,1788293207.371546984,0.000000000,0.000000000,-0.000000000,0.099655,-0.047979,-89.458429,179.458429,-0.000323182,0.000909482,0.703756452,-0.710440636,-0.022212267,0.022936862,0.000578673,0.031929366,0.000578673,0.001000000,False,STABILIZE,False
1.765632,2026-09-01T20:06:46.866867+00:00,1788293206.866866827,1788293207.829238892,1788293207.774276018,0.000000000,0.000000000,-0.000000000,0.101214,-0.048734,-89.466056,179.466056,-0.000328143,0.000923761,0.703803718,-0.710393846,-0.022214849,0.022960389,0.000543403,0.031948067,0.000543403,0.001000000,False,STABILIZE,False
2.149286,2026-09-01T20:06:47.250520+00:00,1788293207.250519514,1788293208.215979099,1788293208.164014101,0.000000000,0.000000000,-0.000000000,0.102915,-0.049936,-89.473367,179.473367,-0.000331247,0.000941678,0.703849018,-0.710348785,-0.022829967,0.023600942,0.000371776,0.032836136,0.000371776,0.001000000,False,STABILIZE,False
2.542846,2026-09-01T20:06:47.644081+00:00,1788293207.644080639,1788293208.565743923,1788293208.318909883,0.000000000,0.000000000,-0.000000000,0.104416,-0.050884,-89.480082,179.480082,-0.000334675,0.000956797,0.703890622,-0.710307658,-0.023300288,0.024053117,0.000283843,0.033488145,0.000283843,0.000000000,False,STABILIZE,False
2.774140,2026-09-01T20:06:47.875374+00:00,1788293207.875374317,1788293208.809580088,1788293208.769606113,0.000000000,0.000000000,-0.000000000,0.105354,-0.051140,-89.484949,179.484949,-0.000338870,0.000964159,0.703920782,-0.710277736,-0.023738448,0.024499629,0.000215738,0.034113717,0.000215738,0.000000000,False,STABILIZE,False
3.133207,2026-09-01T20:06:48.234442+00:00,1788293208.234441757,1788293209.157346010,1788293209.145354033,0.000000000,0.000000000,-0.000000000,0.106766,-0.052121,-89.491213,179.491213,-0.000341544,0.000978936,0.703959584,-0.710239291,-0.024008971,0.024721127,0.000208055,0.034461062,0.000208055,0.000000000,False,STABILIZE,False
3.215919,2026-09-01T20:06:48.317153+00:00,1788293208.317152739,1788293209.229296923,1788293209.181329966,0.000000000,0.000000000,-0.000000000,0.107081,-0.052441,-89.492214,179.492214,-0.000341525,0.000982853,0.703965783,-0.710233092,-0.024499953,0.025167499,0.000123814,0.035123364,0.000123814,0.000000000,False,STABILIZE,False
3.286643,2026-09-01T20:06:48.387877+00:00,1788293208.387876511,1788293209.300250053,1788293209.267271996,0.000000000,0.000000000,-0.000000000,0.107287,-0.052688,-89.493619,179.493619,-0.000341269,0.000985653,0.703974485,-0.710224509,-0.024622846,0.025261955,0.000121651,0.035276776,0.000121651,0.000000000,False,STABILIZE,False
3.435932,2026-09-01T20:06:48.537166+00:00,1788293208.537166357,1788293209.440155983,1788293209.361208916,0.000000000,0.000000000,-0.000000000,0.107859,-0.053283,-89.495957,179.495957,-0.000341143,0.000992859,0.703988969,-0.710210025,-0.024777271,0.025420481,0.000142370,0.035498085,0.000142370,0.000000000,False,STABILIZE,False
3.502992,2026-09-01T20:06:48.604226+00:00,1788293208.604226351,1788293209.508110046,1788293209.459142923,0.000000000,0.000000000,-0.000000000,0.108037,-0.053308,-89.497563,179.497563,-0.000342073,0.000994116,0.703998923,-0.710200191,-0.025041847,0.025717122,0.000138043,0.035895187,0.000138043,0.000000000,False,STABILIZE,False
3.550385,2026-09-01T20:06:48.651618+00:00,1788293208.651618004,1788293209.544085979,1788293209.508110046,0.000000000,0.000000000,-0.000000000,0.108301,-0.053487,-89.497814,179.497814,-0.000342615,0.000996848,0.704000473,-0.710198760,-0.025080461,0.025658876,0.000055299,0.035880460,0.000055299,0.000000000,False,STABILIZE,False
4.183269,2026-09-01T20:06:49.284503+00:00,1788293209.284502983,1788293210.169667006,1788293209.982790947,0.000000000,0.000000000,-0.000000000,0.110733,-0.054838,-89.509544,179.509544,-0.000349276,0.001020199,0.704073131,-0.710126698,-0.025144797,0.025717305,0.000048152,0.035967215,0.000048152,0.000000000,False,STABILIZE,False
4.559267,2026-09-01T20:06:49.660501+00:00,1788293209.660501003,1788293210.516433954,1788293210.491451025,0.000000000,0.000000000,-0.000000000,0.112161,-0.055805,-89.515097,179.515097,-0.000352138,0.001034980,0.704107523,-0.710092545,-0.026076859,0.026508100,-0.000116968,0.037184432,-0.000116968,0.000000000,False,STABILIZE,False
4.802056,2026-09-01T20:06:49.903291+00:00,1788293209.903290987,1788293210.761269093,1788293210.720297098,0.000000000,0.000000000,-0.000000000,0.113316,-0.056406,-89.519139,179.519139,-0.000355561,0.001045814,0.704132557,-0.710067630,-0.026532155,0.026919000,-0.000122050,0.037796664,-0.000122050,0.000000000,False,STABILIZE,False
5.334849,2026-09-01T20:06:50.436083+00:00,1788293210.436082840,1788293211.289913893,1788293211.231952906,0.000000000,0.000000000,-0.000000000,0.114965,-0.057097,-89.528349,179.528349,-0.000361449,0.001060255,0.704189599,-0.710011065,-0.026921026,0.027241714,-0.000171764,0.038299513,-0.000171764,0.000000000,False,STABILIZE,False
5.368880,2026-09-01T20:06:50.470114+00:00,1788293210.470113754,1788293211.323890924,1788293211.304903984,0.000000000,0.000000000,-0.000000000,0.115052,-0.057146,-89.528715,179.528715,-0.000361687,0.001061102,0.704191864,-0.710008919,-0.027674850,0.027863014,-0.000149566,0.039271426,-0.000149566,0.000000000,False,STABILIZE,False
5.535179,2026-09-01T20:06:50.636413+00:00,1788293210.636412859,1788293211.465795040,1788293211.438813925,0.000000000,0.000000000,-0.000000000,0.115428,-0.057624,-89.531342,179.531342,-0.000361056,0.001066381,0.704208136,-0.709992647,-0.027721448,0.027951913,-0.000149576,0.039367348,-0.000149576,0.000000000,False,STABILIZE,False
5.687539,2026-09-01T20:06:50.788773+00:00,1788293210.788772821,1788293211.606700897,1788293211.491777897,0.000000000,0.000000000,-0.000000000,0.116094,-0.057971,-89.534066,179.534066,-0.000363018,0.001072629,0.704225004,-0.709976017,-0.027896456,0.028073281,-0.000115792,0.039576778,-0.000115792,0.000000000,False,STABILIZE,False
5.963498,2026-09-01T20:06:51.064732+00:00,1788293211.064732075,1788293211.884514093,1788293211.877518892,0.000000000,0.000000000,-0.000000000,0.116878,-0.058423,-89.539225,179.539225,-0.000365056,0.001080263,0.704256952,-0.709944189,-0.028136520,0.028309736,-0.000106455,0.039913718,-0.000106455,0.000000000,False,STABILIZE,False
6.153512,2026-09-01T20:06:51.254748+00:00,1788293211.254747629,1788293212.060395956,1788293212.021421909,0.000000000,0.000000000,-0.000000000,0.117311,-0.058788,-89.542016,179.542016,-0.000365469,0.001085199,0.704274237,-0.709927022,-0.028487097,0.028626112,-0.000133527,0.040385258,-0.000133527,0.000000000,False,STABILIZE,False
6.278196,2026-09-01T20:06:51.379432+00:00,1788293211.379431725,1788293212.198302984,1788293212.179316044,0.000000000,0.000000000,-0.000000000,0.117742,-0.058889,-89.544489,179.544489,-0.000367496,0.001088479,0.704289556,-0.709911823,-0.028738832,0.028801821,-0.000120753,0.040687411,-0.000120753,0.000000000,False,STABILIZE,False
6.316618,2026-09-01T20:06:51.417852+00:00,1788293211.417851925,1788293212.234278917,1788293212.179316044,0.000000000,0.000000000,-0.000000000,0.117929,-0.059177,-89.544865,179.544865,-0.000366881,0.001091415,0.704291880,-0.709909618,-0.028882151,0.028937142,-0.000118970,0.040884433,-0.000118970,0.000000000,False,STABILIZE,False
6.757948,2026-09-01T20:06:51.859183+00:00,1788293211.859182596,1788293212.651998043,1788293212.545069933,0.000000000,0.000000000,-0.000000000,0.119224,-0.059876,-89.551998,179.551998,-0.000370532,0.001103729,0.704336047,-0.709865689,-0.028990094,0.029001700,-0.000113060,0.041006391,-0.000113060,0.000000000,False,STABILIZE,False
6.875387,2026-09-01T20:06:51.976620+00:00,1788293211.976620436,1788293212.757925987,1788293212.678980112,0.000000000,0.000000000,-0.000000000,0.119476,-0.060053,-89.553480,179.553480,-0.000370992,0.001106380,0.704345226,-0.709856629,-0.029422345,0.029316748,-0.000078952,0.041534878,-0.000078952,0.000000000,False,STABILIZE,False
7.022244,2026-09-01T20:06:52.123478+00:00,1788293212.123478174,1788293212.898832083,1788293212.886840105,0.000000000,0.000000000,-0.000000000,0.119854,-0.060232,-89.555685,179.555685,-0.000372214,0.001109817,0.704358876,-0.709842980,-0.029674698,0.029501563,-0.000097423,0.041844114,-0.000097423,0.000000000,False,STABILIZE,False
7.187387,2026-09-01T20:06:52.288621+00:00,1788293212.288620710,1788293213.075712919,1788293212.959790945,0.000000000,0.000000000,-0.000000000,0.120061,-0.060382,-89.558408,179.558408,-0.000372546,0.001112026,0.704375744,-0.709826350,-0.029780405,0.029536430,-0.000075062,0.041943691,-0.000075062,0.000000000,False,STABILIZE,False
7.380393,2026-09-01T20:06:52.481627+00:00,1788293212.481626987,1788293213.251595020,1788293213.242600918,0.000000000,0.000000000,-0.000000000,0.120563,-0.060588,-89.561190,179.561190,-0.000374366,0.001116398,0.704392970,-0.709809244,-0.029998245,0.029689629,-0.000110629,0.042206264,-0.000110629,0.000000000,False,STABILIZE,False
7.421383,2026-09-01T20:06:52.522616+00:00,1788293212.522616386,1788293213.285572052,1788293213.267584085,0.000000000,0.000000000,-0.000000000,0.120577,-0.060619,-89.562056,179.562056,-0.000374249,0.001116679,0.704398334,-0.709803879,-0.030253096,0.029995006,-0.000169317,0.042602232,-0.000169317,0.000000000,False,STABILIZE,False
7.672766,2026-09-01T20:06:52.774001+00:00,1788293212.774000883,1788293213.532406092,1788293213.303560019,0.000000000,0.000000000,-0.000000000,0.121234,-0.061250,-89.565744,179.565744,-0.000374403,0.001124636,0.704421163,-0.709781289,-0.030226691,0.029989514,-0.000177954,0.042579617,-0.000177954,0.000000000,False,STABILIZE,False
7.707283,2026-09-01T20:06:52.808517+00:00,1788293212.808517456,1788293213.566382885,1788293213.303560019,0.000000000,0.000000000,-0.000000000,0.121250,-0.061236,-89.566350,179.566350,-0.000374583,0.001124655,0.704424918,-0.709777534,-0.030472474,0.030185331,-0.000117865,0.042892026,-0.000117865,0.000000000,False,STABILIZE,False
7.936657,2026-09-01T20:06:53.037892+00:00,1788293213.037891626,1788293213.809220076,1788293213.755255938,0.000000000,0.000000000,-0.000000000,0.122009,-0.061653,-89.570615,179.570615,-0.000376676,0.001131914,0.704451323,-0.709751248,-0.030556349,0.030275945,-0.000136491,0.043015384,-0.000136491,0.000000000,False,STABILIZE,False
8.016498,2026-09-01T20:06:53.117732+00:00,1788293213.117732286,1788293213.879172087,1788293213.864182949,0.000000000,0.000000000,-0.000000000,0.122389,-0.061679,-89.571694,179.571694,-0.000378867,0.001134415,0.704457998,-0.709744692,-0.030662097,0.030459244,-0.000091163,0.043219553,-0.000091163,0.000000000,False,STABILIZE,False
8.316565,2026-09-01T20:06:53.417800+00:00,1788293213.417800188,1788293214.156985998,1788293214.059051991,0.000000000,0.000000000,-0.000000000,0.123175,-0.062348,-89.576537,179.576537,-0.000379572,0.001143403,0.704487979,-0.709714830,-0.030795747,0.030538736,-0.000098359,0.043370410,-0.000098359,-0.001000000,False,STABILIZE,False
8.985751,2026-09-01T20:06:54.086985+00:00,1788293214.086984634,1788293214.796555996,1788293214.694623947,0.000000000,0.000000000,-0.000000000,0.125392,-0.063849,-89.587726,179.587726,-0.000383961,0.001166368,0.704557240,-0.709646046,-0.030954517,0.030600984,-0.000094465,0.043527030,-0.000094465,-0.001000000,False,STABILIZE,False
9.147961,2026-09-01T20:06:54.249194+00:00,1788293214.249194384,1788293214.970438957,1788293214.945455074,0.000000000,0.000000000,-0.000000000,0.126109,-0.064023,-89.590538,179.590538,-0.000387302,0.001171867,0.704574645,-0.709628761,-0.031571347,0.031252421,-0.000010042,0.044423685,-0.000010042,-0.001000000,False,STABILIZE,False
9.182484,2026-09-01T20:06:54.283719+00:00,1788293214.283718586,1788293215.004415989,1788293214.970438957,0.000000000,0.000000000,-0.000000000,0.126314,-0.064115,-89.591135,179.591135,-0.000388001,0.001173700,0.704578340,-0.709625065,-0.031693727,0.031427927,-0.000049700,0.044634145,-0.000049700,-0.001000000,False,STABILIZE,False
9.291980,2026-09-01T20:06:54.393214+00:00,1788293214.393214464,1788293215.115340948,1788293215.067373037,0.000000000,0.000000000,-0.000000000,0.126785,-0.064315,-89.592773,179.592773,-0.000389669,0.001177835,0.704588473,-0.709615052,-0.031808235,0.031557325,-0.000045504,0.044806568,-0.000045504,-0.001000000,False,STABILIZE,False
9.447730,2026-09-01T20:06:54.548965+00:00,1788293214.548964500,1788293215.254247904,1788293215.178298950,0.000000000,0.000000000,-0.000000000,0.126994,-0.064637,-89.594959,179.594959,-0.000388960,0.001181126,0.704602003,-0.709601641,-0.031987555,0.031708226,-0.000074198,0.045040152,-0.000074198,-0.001000000,False,STABILIZE,False
9.477285,2026-09-01T20:06:54.578520+00:00,1788293214.578519583,1788293215.290224075,1788293215.275233984,0.000000000,0.000000000,-0.000000000,0.127063,-0.064688,-89.595575,179.595575,-0.000389070,0.001181870,0.704605818,-0.709597826,-0.032084361,0.031717602,-0.000036649,0.045115546,-0.000036649,-0.001000000,False,STABILIZE,False
9.868580,2026-09-01T20:06:54.969815+00:00,1788293214.969814777,1788293215.646984100,1788293215.605011940,0.000000000,0.000000000,-0.000000000,0.127945,-0.065311,-89.600708,179.600708,-0.000390649,0.001191167,0.704637587,-0.709566295,-0.032247350,0.031848516,-0.000025040,0.045323499,-0.000025040,-0.001000000,False,STABILIZE,False
10.371004,2026-09-01T20:06:55.472238+00:00,1788293215.472237825,1788293216.103677034,1788293215.957775116,0.000000000,0.000000000,-0.000000000,0.129103,-0.066304,-89.608412,179.608412,-0.000391630,0.001204457,0.704685271,-0.709518969,-0.032535385,0.032080710,-0.000061067,0.045691610,-0.000061067,-0.001000000,False,STABILIZE,False
10.745745,2026-09-01T20:06:55.846979+00:00,1788293215.846979141,1788293216.487418890,1788293216.445446968,0.000000000,0.000000000,-0.000000000,0.130014,-0.067307,-89.614894,179.614894,-0.000391028,0.001216295,0.704725385,-0.709479094,-0.032972358,0.032447614,-0.000107004,0.046260394,-0.000107004,-0.001000000,False,STABILIZE,False
11.015758,2026-09-01T20:06:56.116992+00:00,1788293216.116992474,1788293216.768229961,1788293216.761234045,0.000000000,0.000000000,-0.000000000,0.130995,-0.067903,-89.619403,179.619403,-0.000393391,0.001226032,0.704753280,-0.709451318,-0.033390440,0.032951821,-0.000178487,0.046912088,-0.000178487,-0.001000000,False,STABILIZE,False
11.124105,2026-09-01T20:06:56.225340+00:00,1788293216.225339890,1788293216.872159958,1788293216.823193073,0.000000000,0.000000000,-0.000000000,0.131322,-0.068174,-89.620944,179.620944,-0.000393733,0.001229726,0.704762816,-0.709441781,-0.033419643,0.033045154,-0.000188635,0.046998454,-0.000188635,-0.001000000,False,STABILIZE,False
11.444371,2026-09-01T20:06:56.545605+00:00,1788293216.545605183,1788293217.190944910,1788293217.163964033,0.000000000,0.000000000,-0.000000000,0.131761,-0.068956,-89.626290,179.626290,-0.000391585,0.001237284,0.704795897,-0.709408939,-0.033542536,0.033215828,-0.000180727,0.047205857,-0.000180727,-0.001000000,False,STABILIZE,False
11.554598,2026-09-01T20:06:56.655832+00:00,1788293216.655832052,1788293217.294876099,1788293217.212930918,0.000000000,0.000000000,-0.000000000,0.132084,-0.069117,-89.627879,179.627879,-0.000392578,0.001240273,0.704805732,-0.709399104,-0.033702150,0.033451159,-0.000207555,0.047484892,-0.000207555,-0.001000000,False,STABILIZE,False
11.624984,2026-09-01T20:06:56.726218+00:00,1788293216.726218224,1788293217.364829063,1788293217.347840071,0.000000000,0.000000000,-0.000000000,0.132203,-0.069401,-89.628929,179.628929,-0.000391556,0.001242774,0.704812229,-0.709392726,-0.033848662,0.033572722,-0.000152556,0.047674517,-0.000152556,-0.001000000,False,STABILIZE,False
11.840666,2026-09-01T20:06:56.941900+00:00,1788293216.941900492,1788293217.541709900,1788293217.483748913,0.000000000,0.000000000,-0.000000000,0.132603,-0.070127,-89.631059,179.631059,-0.000389546,0.001249733,0.704825401,-0.709379673,-0.033856958,0.033581648,-0.000146326,0.047686693,-0.000146326,-0.001000000,False,STABILIZE,False
11.990325,2026-09-01T20:06:57.091559+00:00,1788293217.091558695,1788293217.715593100,1788293217.630650043,0.000000000,0.000000000,-0.000000000,0.133155,-0.070639,-89.633892,179.633892,-0.000389786,0.001256308,0.704842925,-0.709362149,-0.034100957,0.033855759,-0.000166191,0.048052967,-0.000166191,-0.001000000,False,STABILIZE,False
13.107926,2026-09-01T20:06:58.209159+00:00,1788293218.209159374,1788293218.800863028,1788293218.787872076,0.000000000,0.000000000,-0.000000000,0.141931,-0.077641,-89.649703,179.649703,-0.000400852,0.001353692,0.704940617,-0.709264934,-0.034229491,0.034046188,-0.000156427,0.048278370,-0.000156427,-0.001000000,False,STABILIZE,False
13.265784,2026-09-01T20:06:58.367018+00:00,1788293218.367018223,1788293218.943767071,1788293218.811856031,0.000000000,0.000000000,-0.000000000,0.144115,-0.079620,-89.651483,179.651483,-0.000402180,0.001379377,0.704951584,-0.709253967,-0.004468589,0.004546517,-0.000213710,0.006374880,-0.000213710,-0.001000000,False,STABILIZE,False
13.616708,2026-09-01T20:06:58.717943+00:00,1788293218.717942953,1788293219.293531895,1788293219.251559973,0.000000000,0.000000000,-0.000000000,0.148613,-0.083967,-89.656653,179.656653,-0.000403209,0.001433976,0.704983473,-0.709222198,-0.005655156,0.005704691,-0.000233956,0.008032701,-0.000233956,-0.001000000,False,STABILIZE,False
13.925912,2026-09-01T20:06:59.027146+00:00,1788293219.027145624,1788293219.574342966,1788293219.544363022,0.000000000,0.000000000,-0.000000000,0.151515,-0.086543,-89.660391,179.660391,-0.000405269,0.001467781,0.705006540,-0.709199131,-0.008710763,0.008826765,-0.000212965,0.012401177,-0.000212965,-0.001000000,False,STABILIZE,False
13.957988,2026-09-01T20:06:59.059222+00:00,1788293219.059221983,1788293219.610318899,1788293219.544363022,0.000000000,0.000000000,-0.000000000,0.152003,-0.086848,-89.660874,179.660874,-0.000406409,0.001472673,0.705009520,-0.709196150,-0.011030734,0.011029754,-0.000190959,0.015599120,-0.000190959,-0.001000000,False,STABILIZE,False
14.093407,2026-09-01T20:06:59.194641+00:00,1788293219.194640636,1788293219.751224041,1788293219.665282011,0.000000000,0.000000000,-0.000000000,0.153209,-0.087684,-89.662920,179.662920,-0.000408707,0.001485276,0.705022156,-0.709183514,-0.011341005,0.011366990,-0.000197219,0.016056988,-0.000197219,-0.001000000,False,STABILIZE,False
14.264585,2026-09-01T20:06:59.365819+00:00,1788293219.365818977,1788293219.927105904,1788293219.873142004,0.000000000,0.000000000,-0.000000000,0.154161,-0.088435,-89.665679,179.665679,-0.000409944,0.001495790,0.705039203,-0.709166586,-0.012395421,0.012396328,-0.000147372,0.017530414,-0.000147372,-0.001000000,False,STABILIZE,False
14.316921,2026-09-01T20:06:59.418155+00:00,1788293219.418155432,1788293219.961082935,1788293219.958085060,0.000000000,0.000000000,-0.000000000,0.154421,-0.088518,-89.666248,179.666248,-0.000411029,0.001497909,0.705042720,-0.709163189,-0.013647243,0.013691561,-0.000122627,0.019331480,-0.000122627,-0.001000000,False,STABILIZE,False
14.363424,2026-09-01T20:06:59.464658+00:00,1788293219.464657545,1788293219.997059107,1788293219.958085060,0.000000000,0.000000000,-0.000000000,0.154519,-0.088663,-89.666942,179.666942,-0.000410738,0.001499406,0.705047011,-0.709158897,-0.013892638,0.013935313,-0.000114627,0.019677355,-0.000114627,-0.001000000,False,STABILIZE,False
14.445696,2026-09-01T20:06:59.546930+00:00,1788293219.546930313,1788293220.100989103,1788293220.043028116,0.000000000,0.000000000,-0.000000000,0.155032,-0.089203,-89.668591,179.668591,-0.000410566,0.001505917,0.705057204,-0.709148705,-0.014152225,0.014250044,-0.000132181,0.020083556,-0.000132181,-0.001000000,False,STABILIZE,False
14.477659,2026-09-01T20:06:59.578894+00:00,1788293219.578893900,1788293220.134965897,1788293220.043028116,0.000000000,0.000000000,-0.000000000,0.155120,-0.089185,-89.669063,179.669063,-0.000411215,0.001506343,0.705060124,-0.709145784,-0.014807652,0.014885641,-0.000132251,0.020996401,-0.000132251,-0.001000000,False,STABILIZE,False
14.513158,2026-09-01T20:06:59.614393+00:00,1788293219.614392757,1788293220.170942068,1788293220.152954102,0.000000000,0.000000000,-0.000000000,0.155088,-0.089245,-89.669670,179.669670,-0.000410641,0.001506519,0.705063879,-0.709142029,-0.015004433,0.015075648,-0.000134308,0.021269889,-0.000134308,-0.001000000,False,STABILIZE,False
14.553477,2026-09-01T20:06:59.654712+00:00,1788293219.654711962,1788293220.204919100,1788293220.152954102,0.000000000,0.000000000,-0.000000000,0.155237,-0.089411,-89.670171,179.670171,-0.000410532,0.001508467,0.705066979,-0.709138930,-0.015250403,0.015290378,-0.000142367,0.021595611,-0.000142367,-0.001000000,False,STABILIZE,False
14.740729,2026-09-01T20:06:59.841963+00:00,1788293219.841963291,1788293220.381799936,1788293220.335830927,0.000000000,0.000000000,-0.000000000,0.154916,-0.089308,-89.672925,179.672925,-0.000409147,0.001505859,0.705084026,-0.709122002,-0.015620537,0.015650723,-0.000129660,0.022112130,-0.000129660,-0.001000000,False,STABILIZE,False
14.896913,2026-09-01T20:06:59.998147+00:00,1788293219.998147249,1788293220.524703979,1788293220.432765961,0.000000000,0.000000000,-0.000000000,0.154445,-0.088713,-89.674926,179.674926,-0.000409865,0.001499285,0.705096424,-0.709109724,-0.016593790,0.016516782,-0.000175343,0.023412773,-0.000175343,-0.001000000,False,STABILIZE,False
15.145776,2026-09-01T20:07:00.247010+00:00,1788293220.247009993,1788293220.777534008,1788293220.698586941,0.000000000,0.000000000,-0.000000000,0.153890,-0.087836,-89.678709,179.678709,-0.000411780,0.001490465,0.705119848,-0.709086418,-0.017221658,0.017150450,-0.000154932,0.024304803,-0.000154932,-0.001000000,False,STABILIZE,False
15.546301,2026-09-01T20:07:00.647535+00:00,1788293220.647535086,1788293221.164273977,1788293221.124300003,0.000000000,0.000000000,-0.000000000,0.150842,-0.083686,-89.684223,179.684223,-0.000418383,0.001446048,0.705154061,-0.709052444,-0.018554464,0.018504417,-0.000198142,0.026204610,-0.000198142,-0.001000000,False,STABILIZE,False
15.582083,2026-09-01T20:07:00.683318+00:00,1788293220.683318377,1788293221.198251009,1788293221.124300003,0.000000000,0.000000000,-0.000000000,0.150706,-0.083445,-89.684810,179.684810,-0.000419021,0.001443720,0.705157697,-0.709048927,-0.019599229,0.019507879,-0.000124358,0.027652977,-0.000124358,-0.001000000,False,STABILIZE,False
15.687865,2026-09-01T20:07:00.789099+00:00,1788293220.789099455,1788293221.304179907,1788293221.280195951,0.000000000,0.000000000,-0.000000000,0.149649,-0.082086,-89.686500,179.686500,-0.000420823,0.001428816,0.705168188,-0.709038556,-0.019689484,0.019591385,-0.000096774,0.027775856,-0.000096774,-0.001000000,False,STABILIZE,False
15.767796,2026-09-01T20:07:00.869030+00:00,1788293220.869029522,1788293221.375132084,1788293221.304179907,0.000000000,0.000000000,-0.000000000,0.148745,-0.081299,-89.687431,179.687431,-0.000420057,0.001418387,0.705173969,-0.709032774,-0.019650772,0.019515067,-0.000091318,0.027694597,-0.000091318,-0.001000000,False,STABILIZE,False
15.925149,2026-09-01T20:07:01.026383+00:00,1788293221.026383400,1788293221.515038013,1788293221.483058929,0.000000000,0.000000000,-0.000000000,0.147189,-0.079610,-89.689351,179.689351,-0.000420797,0.001398364,0.705185890,-0.709020853,-0.019836290,0.019723833,-0.000116546,0.027973344,-0.000116546,-0.001000000,False,STABILIZE,False
16.179772,2026-09-01T20:07:01.281007+00:00,1788293221.281006575,1788293221.761872053,1788293221.700912952,-0.011069321,0.011131885,-0.000000000,0.144138,-0.076301,-89.692846,179.692846,-0.000422243,0.001359127,0.705207586,-0.708999515,-0.019854192,0.019842271,-0.000097916,0.028069639,-0.000097916,-0.001000000,False,STABILIZE,False
16.208889,2026-09-01T20:07:01.310123+00:00,1788293221.310123205,1788293221.797847986,1788293221.761872053,-0.011069321,0.011131885,-0.000000000,0.143937,-0.076145,-89.693355,179.693355,-0.000421955,0.001356933,0.705210745,-0.708996356,-0.019639555,0.019607214,-0.000102206,0.027751666,-0.000102206,-0.001000000,False,STABILIZE,False
16.324102,2026-09-01T20:07:01.425335+00:00,1788293221.425335407,1788293221.903775930,1788293221.847814083,-0.011069321,0.011131885,-0.000000000,0.142607,-0.074473,-89.694853,179.694853,-0.000423996,0.001338401,0.705220044,-0.708987057,-0.019689200,0.019667387,-0.000090229,0.027829314,-0.000090229,-0.001000000,False,STABILIZE,False
16.388802,2026-09-01T20:07:01.490036+00:00,1788293221.490036249,1788293221.974729061,1788293221.847814083,-0.011069321,0.011131885,-0.000000000,0.141631,-0.073703,-89.695822,179.695822,-0.000422685,0.001327635,0.705226064,-0.708981156,-0.019291043,0.019342920,-0.000093665,0.027318362,-0.000093665,-0.001000000,False,STABILIZE,False
16.472315,2026-09-01T20:07:01.573550+00:00,1788293221.573549986,1788293222.044682026,1788293221.993716002,-0.011069321,0.011131885,-0.000000000,0.141515,-0.073541,-89.696650,179.696650,-0.000422961,0.001325924,0.705231190,-0.708976030,-0.019404551,0.019459330,-0.000080254,0.027480941,-0.000080254,-0.001000000,False,STABILIZE,False
16.509360,2026-09-01T20:07:01.610595+00:00,1788293221.610594749,1788293222.078659058,1788293221.993716002,-0.011069321,0.011131885,-0.000000000,0.140889,-0.072695,-89.697360,179.697360,-0.000424279,0.001316839,0.705235600,-0.708971620,-0.019440802,0.019440429,-0.000058087,0.027493182,-0.000058087,-0.001000000,False,STABILIZE,False
16.680593,2026-09-01T20:07:01.781826+00:00,1788293221.781826496,1788293222.256539106,1788293222.175594091,-0.011069321,0.011131885,-0.000000000,0.139433,-0.071010,-89.700052,179.700052,-0.000425617,0.001297463,0.705252290,-0.708955050,-0.019195616,0.019209867,-0.000078610,0.027156780,-0.000078610,-0.001000000,False,STABILIZE,False
16.790514,2026-09-01T20:07:01.891749+00:00,1788293221.891748667,1788293222.361469030,1788293222.285520077,-0.011069321,0.011131885,-0.000000000,0.137708,-0.069323,-89.701587,179.701587,-0.000425309,0.001276414,0.705261827,-0.708945632,-0.018999215,0.019025357,-0.000039135,0.026887440,-0.000039135,-0.001000000,False,STABILIZE,False
17.032715,2026-09-01T20:07:02.133949+00:00,1788293222.133949041,1788293222.573326111,1788293222.529356003,-0.011069321,0.011131885,-0.000000000,0.135415,-0.066882,-89.704624,179.704624,-0.000426109,0.001247217,0.705280662,-0.708927035,-0.018790184,0.018811854,-0.000072429,0.026588660,-0.000072429,-0.001000000,False,STABILIZE,False
17.227491,2026-09-01T20:07:02.328725+00:00,1788293222.328724623,1788293222.782186031,1788293222.772192001,-0.011069321,0.011131885,-0.000000000,0.133409,-0.064537,-89.707468,179.707468,-0.000428103,0.001220370,0.705298305,-0.708909392,-0.018262869,0.018343512,-0.000047238,0.025884683,-0.000047238,-0.001000000,False,STABILIZE,False
17.337896,2026-09-01T20:07:02.439130+00:00,1788293222.439130068,1788293222.889113903,1788293222.772192001,-0.011069321,0.011131885,-0.000000000,0.132605,-0.063379,-89.708996,179.708996,-0.000430242,0.001208265,0.705307782,-0.708900034,-0.017763363,0.017901491,-0.000098198,0.025219050,-0.000098198,-0.001000000,False,STABILIZE,False
17.757156,2026-09-01T20:07:02.858390+00:00,1788293222.858390093,1788293223.309830904,1788293223.244874954,-0.011069321,0.011131885,-0.000000000,0.129189,-0.059368,-89.715141,179.715141,-0.000433733,0.001162448,0.705345869,-0.708862185,-0.017513407,0.017721392,-0.000080387,0.024915200,-0.000080387,-0.001000000,False,STABILIZE,False
17.957529,2026-09-01T20:07:03.058763+00:00,1788293223.058763027,1788293223.487710953,1788293223.464726925,-0.011069321,0.011131885,-0.000000000,0.128337,-0.057854,-89.717671,179.717671,-0.000437754,0.001147851,0.705361545,-0.708846629,-0.016359923,0.016503308,-0.000133576,0.023238035,-0.000133576,-0.001000000,False,STABILIZE,False
18.138247,2026-09-01T20:07:03.239481+00:00,1788293223.239481449,1788293223.665591955,1788293223.563659906,-0.011069321,0.011131885,-0.000000000,0.127162,-0.056707,-89.720587,179.720587,-0.000437519,0.001133531,0.705379605,-0.708828688,-0.016078737,0.016261950,-0.000116678,0.022868686,-0.000116678,-0.001000000,False,STABILIZE,False
18.170678,2026-09-01T20:07:03.271912+00:00,1788293223.271912098,1788293223.699568987,1788293223.683579922,-0.011069321,0.011131885,-0.000000000,0.126835,-0.056203,-89.721260,179.721260,-0.000438591,0.001128403,0.705383778,-0.708824515,-0.015653620,0.015766831,-0.000169663,0.022217758,-0.000169663,-0.001000000,False,STABILIZE,False
19.024750,2026-09-01T20:07:04.125984+00:00,1788293224.125984430,1788293224.504028082,1788293224.485040903,-0.011069321,0.000000000,-0.000000000,0.124328,-0.051919,-89.732486,179.732486,-0.000449346,0.001086516,0.705453277,-0.708755493,-0.015650155,0.015787253,-0.000179268,0.022229816,-0.000179268,-0.001000000,False,STABILIZE,False
19.569620,2026-09-01T20:07:04.670854+00:00,1788293224.670854330,1788293225.039668083,1788293224.993699074,-0.011069321,0.000000000,-0.000000000,0.123978,-0.050934,-89.739962,179.739962,-0.000453179,0.001078300,0.705499530,-0.708709359,-0.014286544,0.014364648,-0.000097926,0.020259527,-0.000097926,-0.001000000,False,STABILIZE,False
19.782684,2026-09-01T20:07:04.883918+00:00,1788293224.883917809,1788293225.249526024,1788293225.189567089,-0.011069321,0.000000000,-0.000000000,0.123943,-0.050970,-89.742834,179.742834,-0.000452711,0.001078318,0.705517292,-0.708691716,-0.013850875,0.013825338,-0.000184082,0.019570047,-0.000184082,-0.001000000,False,STABILIZE,False
19.839304,2026-09-01T20:07:04.940538+00:00,1788293224.940537691,1788293225.317481041,1788293225.298494101,-0.011069321,0.000000000,-0.000000000,0.123552,-0.050454,-89.743999,179.743999,-0.000453462,0.001072728,0.705524504,-0.708684623,-0.013716515,0.013675213,-0.000213802,0.019368899,-0.000213802,-0.001000000,False,STABILIZE,False
19.877702,2026-09-01T20:07:04.978937+00:00,1788293224.978936672,1788293225.353456974,1788293225.298494101,-0.011069321,0.000000000,-0.000000000,0.123412,-0.050273,-89.744355,179.744355,-0.000453709,0.001070744,0.705526710,-0.708682418,-0.013615272,0.013581751,-0.000184093,0.019231214,-0.000184093,-0.001000000,False,STABILIZE,False
19.914947,2026-09-01T20:07:05.016181+00:00,1788293225.016181231,1788293225.389431953,1788293225.372443914,-0.011069321,0.000000000,-0.000000000,0.123433,-0.050347,-89.744991,179.744991,-0.000453375,0.001071333,0.705530643,-0.708678484,-0.013594201,0.013548347,-0.000174191,0.019192707,-0.000174191,-0.001000000,False,STABILIZE,False
20.143021,2026-09-01T20:07:05.244256+00:00,1788293225.244255781,1788293225.598292112,1788293225.579304934,-0.011069321,0.000000000,-0.000000000,0.123245,-0.049902,-89.748132,179.748132,-0.000454928,0.001067435,0.705550075,-0.708659053,-0.013627850,0.013583308,-0.000155213,0.019241221,-0.000155213,-0.001000000,False,STABILIZE,False
20.209425,2026-09-01T20:07:05.310659+00:00,1788293225.310659409,1788293225.670243979,1788293225.579304934,-0.011069321,0.000000000,-0.000000000,0.123360,-0.049887,-89.749221,179.749221,-0.000455717,0.001068052,0.705556810,-0.708652318,-0.013577827,0.013494506,-0.000205730,0.019143121,-0.000205730,-0.001000000,False,STABILIZE,False
20.424202,2026-09-01T20:07:05.525437+00:00,1788293225.525436878,1788293225.878103971,1788293225.762181997,-0.011069321,0.000000000,-0.000000000,0.123139,-0.049732,-89.751891,179.751891,-0.000455278,0.001065750,0.705573320,-0.708635926,-0.013675645,0.013590460,-0.000189728,0.019280142,-0.000189728,-0.001000000,False,STABILIZE,False
20.548592,2026-09-01T20:07:05.649827+00:00,1788293225.649826765,1788293225.985032082,1788293225.955051899,-0.011069321,0.000000000,-0.000000000,0.123065,-0.049762,-89.753549,179.753549,-0.000454624,0.001065481,0.705583572,-0.708625793,-0.013470164,0.013414979,-0.000121716,0.019010707,-0.000121716,-0.001000000,False,STABILIZE,False
20.648200,2026-09-01T20:07:05.749434+00:00,1788293225.749433756,1788293226.056983948,1788293226.003020048,-0.011069321,0.000000000,-0.000000000,0.123369,-0.050061,-89.754330,179.754330,-0.000454658,0.001069207,0.705588400,-0.708620965,-0.013380568,0.013299681,-0.000128661,0.018865872,-0.000128661,-0.001000000,False,STABILIZE,False
20.728638,2026-09-01T20:07:05.829872+00:00,1788293225.829871655,1788293226.160913944,1788293226.111947060,-0.011069321,0.000000000,-0.000000000,0.123108,-0.049725,-89.755553,179.755553,-0.000455094,0.001065526,0.705595970,-0.708613396,-0.013385786,0.013298031,-0.000129320,0.018868410,-0.000129320,-0.001000000,False,STABILIZE,False
20.798476,2026-09-01T20:07:05.899711+00:00,1788293225.899710655,1788293226.228868008,1788293226.185897112,-0.011069321,0.000000000,-0.000000000,0.123301,-0.049782,-89.756363,179.756363,-0.000455933,0.001067070,0.705600977,-0.708608389,-0.013277857,0.013206176,-0.000147977,0.018727108,-0.000147977,-0.001000000,False,STABILIZE,False
21.168928,2026-09-01T20:07:06.270162+00:00,1788293226.270161629,1788293226.581630945,1788293226.569638968,-0.011069321,0.000000000,-0.000000000,0.123793,-0.049778,-89.761502,179.761502,-0.000458954,0.001070094,0.705632746,-0.708576739,-0.013412298,0.013309144,-0.000138347,0.018895054,-0.000138347,-0.001000000,False,STABILIZE,False
21.467796,2026-09-01T20:07:06.569031+00:00,1788293226.569031239,1788293226.895420074,1788293226.858444929,-0.011069321,0.000000000,-0.000000000,0.124589,-0.050139,-89.765774,179.765774,-0.000461607,0.001077247,0.705659151,-0.708550453,-0.013369637,0.013231019,-0.000109505,0.018809759,-0.000109505,-0.001000000,False,STABILIZE,False
21.544257,2026-09-01T20:07:06.645491+00:00,1788293226.645491362,1788293226.965373039,1788293226.895420074,-0.011069321,0.000000000,-0.000000000,0.124544,-0.050128,-89.766728,179.766728,-0.000461389,0.001076909,0.705665052,-0.708544552,-0.013434420,0.013196284,-0.000093308,0.018831504,-0.000093308,-0.001000000,False,STABILIZE,False
21.573526,2026-09-01T20:07:06.674760+00:00,1788293226.674760342,1788293227.000349045,1788293226.895420074,-0.011069321,0.000000000,-0.000000000,0.124730,-0.050264,-89.767288,179.767288,-0.000461699,0.001078894,0.705668509,-0.708541095,-0.013541761,0.013303101,-0.000089129,0.018982934,-0.000089129,-0.001000000,False,STABILIZE,False
21.900957,2026-09-01T20:07:07.002191+00:00,1788293227.002190828,1788293227.318135023,1788293227.233192921,-0.011069321,0.000000000,-0.000000000,0.125171,-0.050292,-89.771704,179.771704,-0.000464214,0.001081803,0.705695808,-0.708513916,-0.013579957,0.013363187,-0.000086059,0.019052297,-0.000086059,-0.001000000,False,STABILIZE,False
21.947450,2026-09-01T20:07:07.048683+00:00,1788293227.048683405,1788293227.352113008,1788293227.331126928,-0.011069321,0.000000000,-0.000000000,0.125168,-0.050300,-89.772137,179.772137,-0.000464138,0.001081835,0.705698490,-0.708511233,-0.013672263,0.013475400,-0.000027643,0.019196802,-0.000027643,-0.001000000,False,STABILIZE,False
21.975708,2026-09-01T20:07:07.076942+00:00,1788293227.076941967,1788293227.386090040,1788293227.367103100,-0.011069321,0.000000000,-0.000000000,0.125259,-0.050469,-89.772658,179.772658,-0.000463652,0.001083439,0.705701709,-0.708508015,-0.013663236,0.013509127,-0.000008439,0.019214071,-0.000008439,-0.001000000,False,STABILIZE,False
22.088626,2026-09-01T20:07:07.189860+00:00,1788293227.189860344,1788293227.492018938,1788293227.367103100,-0.011069321,0.000000000,-0.000000000,0.125518,-0.050716,-89.774365,179.774365,-0.000463720,0.001086570,0.705712259,-0.708497584,-0.013658728,0.013492323,0.000010533,0.019199053,0.000010533,-0.001000000,False,STABILIZE,False
22.140159,2026-09-01T20:07:07.241393+00:00,1788293227.241393089,1788293227.525995970,1788293227.492018938,-0.011069321,0.000000000,-0.000000000,0.125554,-0.050564,-89.774712,179.774712,-0.000464877,0.001085853,0.705714405,-0.708495438,-0.013761387,0.013611812,-0.000016647,0.019356064,-0.000016647,-0.001000000,False,STABILIZE,False
22.442850,2026-09-01T20:07:07.544086+00:00,1788293227.544085503,1788293227.803808928,1788293227.748846054,-0.011069321,0.000000000,-0.000000000,0.126115,-0.050671,-89.778627,179.778627,-0.000467646,0.001089982,0.705738604,-0.708471358,-0.013678044,0.013554359,-0.000011376,0.019256415,-0.000011376,-0.001000000,False,STABILIZE,False
22.741308,2026-09-01T20:07:07.842543+00:00,1788293227.842542648,1788293228.117598057,1788293228.092614889,-0.011069321,0.000000000,-0.000000000,0.126508,-0.050991,-89.782745,179.782745,-0.000468068,0.001094402,0.705764055,-0.708445907,-0.013749296,0.013655939,0.000050259,0.019378540,0.000050259,-0.001000000,False,STABILIZE,False
22.808254,2026-09-01T20:07:07.909488+00:00,1788293227.909488201,1788293228.191548109,1788293228.117598057,-0.011069321,0.000000000,-0.000000000,0.126804,-0.050827,-89.783931,179.783931,-0.000470896,0.001095220,0.705771387,-0.708438575,-0.013789755,0.013638719,0.000094149,0.019395154,0.000094149,-0.001000000,False,STABILIZE,False
22.845634,2026-09-01T20:07:07.946868+00:00,1788293227.946868181,1788293228.226525068,1788293228.215532064,-0.011069321,0.000000000,-0.000000000,0.127100,-0.050964,-89.784154,179.784154,-0.000471880,0.001097883,0.705772758,-0.708437204,-0.013938046,0.013768678,0.000087140,0.019591978,0.000087140,-0.001000000,False,STABILIZE,False
23.235123,2026-09-01T20:07:08.336357+00:00,1788293228.336357355,1788293228.577289104,1788293228.531320095,-0.011069321,0.000000000,-0.000000000,0.127243,-0.050709,-89.789273,179.789273,-0.000474284,0.001097213,0.705804408,-0.708405793,-0.014102357,0.013933485,0.000054660,0.019824694,0.000054660,-0.001000000,False,STABILIZE,False
23.270887,2026-09-01T20:07:08.372122+00:00,1788293228.372121572,1788293228.613265038,1788293228.531320095,-0.011069321,0.000000000,-0.000000000,0.127538,-0.050928,-89.789804,179.789804,-0.000474757,0.001100385,0.705807686,-0.708402514,-0.014033850,0.013885988,0.000105187,0.019742584,0.000105187,-0.001000000,False,STABILIZE,False
23.548038,2026-09-01T20:07:08.649272+00:00,1788293228.649271965,1788293228.891077995,1788293228.811131001,-0.011069321,0.000000000,-0.000000000,0.128315,-0.051107,-89.793614,179.793614,-0.000478421,0.001106292,0.705831230,-0.708378971,-0.014212655,0.014057594,0.000119927,0.019990386,0.000119927,-0.001000000,False,STABILIZE,False
23.768039,2026-09-01T20:07:08.869273+00:00,1788293228.869273424,1788293229.100936890,1788293229.056966066,-0.011069321,0.000000000,-0.000000000,0.128556,-0.050939,-89.796141,179.796141,-0.000480917,0.001106749,0.705846846,-0.708363354,-0.014246339,0.013998831,0.000077465,0.019973118,0.000077465,-0.001000000,False,GUIDED,False
24.250233,2026-09-01T20:07:09.351467+00:00,1788293229.351466894,1788293229.527650118,1788293229.432713032,-0.011069321,0.000000000,-0.000000000,0.129572,-0.051613,-89.801958,179.801958,-0.000482990,0.001117198,0.705882788,-0.708327651,-0.014311710,0.014044984,0.000027978,0.020052098,0.000027978,-0.001000000,False,GUIDED,False
24.494799,2026-09-01T20:07:09.596033+00:00,1788293229.596032858,1788293229.805463076,1788293229.688540936,-0.011069321,0.000000000,-0.000000000,0.130290,-0.051694,-89.805855,179.805855,-0.000486894,0.001122136,0.705906868,-0.708303571,-0.014495218,0.014075929,0.000013661,0.020205027,0.000013661,-0.001000000,False,GUIDED,False
24.760931,2026-09-01T20:07:09.862166+00:00,1788293229.862165689,1788293230.051297903,1788293230.027313948,0.000000000,0.000000000,-0.000000000,0.131037,-0.052347,-89.809213,179.809213,-0.000487453,0.001130786,0.705927610,-0.708282948,-0.014738347,0.014296515,0.000036021,0.020533125,0.000036021,-0.001000000,False,GUIDED,False
24.784874,2026-09-01T20:07:09.886108+00:00,1788293229.886108398,1788293230.085274935,1788293230.051297903,0.000000000,0.000000000,-0.000000000,0.130962,-0.052202,-89.809714,179.809714,-0.000487875,0.001129436,0.705930710,-0.708279848,-0.014964792,0.014401660,0.000079026,0.020769035,0.000079026,-0.001000000,False,GUIDED,False
24.815234,2026-09-01T20:07:09.916468+00:00,1788293229.916468382,1788293230.119251966,1788293230.051297903,0.000000000,0.000000000,-0.000000000,0.130862,-0.052134,-89.810041,179.810041,-0.000487676,0.001128406,0.705932736,-0.708277822,-0.014948002,0.014390878,0.000076566,0.020749461,0.000076566,-0.001000000,False,GUIDED,False
26.142237,2026-09-01T20:07:11.243471+00:00,1788293231.243470669,1788293231.380403996,1788293231.187532902,0.000000000,0.000000000,-0.000000000,0.139500,-0.059919,-89.826280,179.826280,-0.000492934,0.001229806,0.706032932,-0.708177745,-0.014827509,0.014263916,0.000076513,0.020574604,0.000076513,0.000000000,True,GUIDED,False
26.740836,2026-09-01T20:07:11.842071+00:00,1788293231.842070818,1788293231.904052019,1788293231.896056890,0.000000000,0.000000000,-0.000000000,0.147364,-0.067507,-89.832780,179.832780,-0.000494704,0.001325179,0.706072927,-0.708137631,-0.002683045,0.002464868,0.000161696,0.003643392,0.000161696,0.000000000,True,GUIDED,False
27.014387,2026-09-01T20:07:12.115621+00:00,1788293232.115621328,1788293232.185862064,1788293231.956017017,0.000000000,0.000000000,-0.000000000,0.151970,-0.071699,-89.836443,179.836443,-0.000497297,0.001379481,0.706095457,-0.708115101,0.001146256,-0.000893956,0.000147044,0.001453637,0.000147044,0.000000000,True,GUIDED,False
27.057174,2026-09-01T20:07:12.158408+00:00,1788293232.158408165,1788293232.220839024,1788293232.208847046,0.000000000,0.000000000,-0.000000000,0.152496,-0.072236,-89.836966,179.836966,-0.000497231,0.001386036,0.706098676,-0.708111882,0.001884848,-0.001484527,0.000141778,0.002399265,0.000141778,0.000000000,True,GUIDED,False
27.354922,2026-09-01T20:07:12.456156+00:00,1788293232.456156254,1788293232.502649069,1788293232.488658905,0.000000000,0.000000000,-0.000000000,0.157063,-0.076535,-89.840437,179.840437,-0.000498923,0.001440761,0.706120014,-0.708090544,0.001941748,-0.001561410,0.000143320,0.002491664,0.000143320,0.000000000,True,GUIDED,False
27.617527,2026-09-01T20:07:12.718760+00:00,1788293232.718760252,1788293232.815438986,1788293232.702514887,0.000000000,0.000000000,-0.000000000,0.161924,-0.081422,-89.843881,179.843881,-0.000498798,0.001500930,0.706141174,-0.708069265,0.002097116,-0.001582465,0.000179786,0.002627183,0.000179786,0.000000000,True,GUIDED,False
27.677169,2026-09-01T20:07:12.778403+00:00,1788293232.778403282,1788293232.851414919,1788293232.702514887,0.000000000,0.000000000,-0.000000000,0.162460,-0.082121,-89.844492,179.844492,-0.000497792,0.001508554,0.706144929,-0.708065510,0.001670982,-0.001225274,0.000199528,0.002072070,0.000199528,0.000000000,True,GUIDED,False
27.878621,2026-09-01T20:07:12.979856+00:00,1788293232.979855537,1788293233.026297092,1788293233.019301891,0.000000000,0.000000000,-0.000000000,0.164906,-0.084640,-89.846972,179.846972,-0.000497352,0.001539200,0.706160188,-0.708050251,0.001588384,-0.001159264,0.000202711,0.001966433,0.000202711,0.000000000,True,GUIDED,False
28.419215,2026-09-01T20:07:13.520450+00:00,1788293233.520449638,1788293233.518965960,1788293233.506973982,0.000000000,0.000000000,0.029999999,0.244401,-0.008762,-89.843227,179.843227,-0.001456186,0.001560195,0.706137002,-0.708072007,0.001303829,-0.000835675,0.000168004,0.001548652,0.000168004,0.014000000,True,GUIDED,False
28.674718,2026-09-01T20:07:13.775953+00:00,1788293233.775952578,1788293233.799777031,1788293233.718831062,0.000000000,0.000000000,0.129999995,0.107236,-0.017168,-89.844163,179.844163,-0.000556824,0.000766899,0.706144094,-0.708067536,-0.008060617,-0.001846368,0.236084923,0.008269379,0.236084923,0.098999999,True,GUIDED,False
29.073205,2026-09-01T20:07:14.174440+00:00,1788293234.174439907,1788293234.183518887,1788293234.143546104,0.000000000,0.000000000,0.389999986,-0.035364,-0.090502,-89.846521,179.846521,0.000776220,0.000341283,0.706158996,-0.708052754,-0.013017904,-0.005173849,0.499969304,0.014008374,0.499969304,0.347000003,True,GUIDED,False
29.481418,2026-09-01T20:07:14.582652+00:00,1788293234.582652330,1788293234.536282063,1788293234.521291971,0.000000000,0.000000000,0.769999981,-0.032802,-0.129980,-89.843433,179.843433,0.001003651,0.000601024,0.706139743,-0.708071530,-0.008015444,-0.006269633,0.890321970,0.010176229,0.890321970,0.759000003,True,GUIDED,True
29.578256,2026-09-01T20:07:14.679490+00:00,1788293234.679490328,1788293234.676187992,1788293234.655201912,0.000000000,0.000000000,0.959999979,-0.009268,-0.134987,-89.842226,179.842226,0.000889082,0.000776996,0.706132114,-0.708079040,0.001373512,-0.003699839,1.258718014,0.003946561,1.258718014,0.889999986,True,GUIDED,True
29.779932,2026-09-01T20:07:14.881167+00:00,1788293234.881166935,1788293234.890043974,1788293234.826086998,0.000000000,0.000000000,1.279999971,0.031845,-0.128912,-89.844575,179.844575,0.000597624,0.000992787,0.706146359,-0.708064914,0.004504296,-0.002281588,1.404010534,0.005049191,1.404010534,1.184000015,True,GUIDED,True
29.887410,2026-09-01T20:07:14.988644+00:00,1788293234.988644123,1788293234.995971918,1788293234.913028002,0.000000000,0.000000000,1.459999919,0.051995,-0.129532,-89.843207,179.843207,0.000476922,0.001120801,0.706137717,-0.708073437,0.008031171,-0.000273271,1.600599647,0.008035819,1.600599647,1.343999982,True,GUIDED,True
30.204738,2026-09-01T20:07:15.305972+00:00,1788293235.305972338,1788293235.311759949,1788293235.300767899,0.011069321,0.000000000,1.969999909,0.101104,-0.149432,-89.844939,179.844939,0.000296122,0.001546373,0.706147611,-0.708062947,0.009149201,0.000419317,1.645222902,0.009158805,1.645222902,1.840000033,True,GUIDED,True
30.653647,2026-09-01T20:07:15.754882+00:00,1788293235.754882097,1788293235.733477116,1788293235.624550104,0.011069321,-0.011131885,2.539999962,0.175099,-0.168471,-89.841109,179.841109,-0.000043841,0.002119998,0.706122458,-0.708086550,0.011157108,0.001797427,1.515588522,0.011300964,1.515588522,2.536000013,True,GUIDED,True
30.706880,2026-09-01T20:07:15.808114+00:00,1788293235.808113813,1788293235.803430080,1788293235.794435978,0.011069321,-0.011131885,2.609999895,0.184115,-0.169536,-89.840898,179.840898,-0.000092987,0.002182135,0.706120968,-0.708087802,0.010069733,0.004431109,1.092911959,0.011001556,1.092911959,2.536000013,True,GUIDED,True
30.942001,2026-09-01T20:07:16.043236+00:00,1788293236.043235540,1788293236.011290073,1788293235.915354013,0.022138642,-0.011131885,2.809999943,0.205875,-0.165033,-89.960355,179.960355,0.000252812,-0.002288656,-0.706858397,0.707351327,0.009439592,0.004982768,1.015697002,0.010673981,1.015697002,2.740000010,True,GUIDED,True
31.032260,2026-09-01T20:07:16.133493+00:00,1788293236.133492947,1788293236.118217945,1788293236.099231005,0.022138642,-0.011131885,2.889999866,0.210048,-0.162462,-89.963875,179.963875,0.000294365,-0.002298539,-0.706880093,0.707329512,0.006977578,0.006386915,0.786743045,0.009459348,0.786743045,2.825000048,True,GUIDED,True
31.066199,2026-09-01T20:07:16.167433+00:00,1788293236.167432785,1788293236.154194117,1788293236.099231005,0.022138642,-0.011131885,2.919999838,0.215363,-0.160610,-89.960564,179.960564,0.000338660,-0.002319880,-0.706859589,0.707350016,0.005512969,0.007042565,0.676317215,0.008943743,0.676317215,2.900000095,True,GUIDED,True
31.633238,2026-09-01T20:07:16.734473+00:00,1788293236.734472513,1788293236.681838989,1788293236.598895073,0.022138642,-0.011131885,3.129999876,0.190931,-0.131348,-89.966021,179.966021,0.000368255,-0.001988564,-0.706894279,0.707316279,0.004940595,0.007279198,0.637118697,0.008797511,0.637118697,3.121999979,True,GUIDED,True
31.901553,2026-09-01T20:07:17.002788+00:00,1788293237.002787590,1788293236.927674055,1788293236.781771898,0.022138642,-0.011131885,3.149999857,0.189830,-0.129463,-89.959591,179.959591,0.000373197,-0.001970119,-0.706854641,0.707355917,-0.001967472,0.008714952,0.160287455,0.008934278,0.160287455,3.151999950,True,GUIDED,True
32.565001,2026-09-01T20:07:17.666235+00:00,1788293237.666235447,1788293237.589229107,1788293237.574239016,0.022138642,-0.011131885,3.119999886,0.217185,-0.140426,-89.959810,179.959810,0.000474430,-0.002206534,-0.706855297,0.707354546,-0.003915450,0.008694927,0.012104488,0.009535854,0.012104488,3.125999928,True,GUIDED,True
32.933973,2026-09-01T20:07:18.035206+00:00,1788293238.035206318,1788293237.970977068,1788293237.891026020,0.022138642,-0.011131885,3.109999895,0.204310,-0.216114,-89.953593,179.953593,-0.000071788,-0.002594326,-0.706815600,0.707393050,-0.009330818,0.007006864,-0.031281233,0.011668775,-0.031281233,3.111000061,True,GUIDED,True
33.073732,2026-09-01T20:07:18.174966+00:00,1788293238.174965620,1788293238.111929893,1788293238.071943045,0.022138642,-0.011131885,3.099999905,0.197179,-0.233968,-89.959474,179.959474,-0.000226068,-0.002660540,-0.706851661,0.707356751,-0.012138928,0.007666377,0.000428443,0.014357121,0.000428443,3.108999968,True,GUIDED,True
33.575824,2026-09-01T20:07:18.677059+00:00,1788293238.677058935,1788293238.568775892,1788293238.500798941,0.022138642,-0.022263769,3.099999905,-0.436565,2.367726,-92.053704,182.053704,0.012224157,0.017086303,-0.719451785,0.694224596,-0.012744816,0.008838944,0.009651647,0.015509909,0.009651647,3.105999947,True,GUIDED,True
33.789763,2026-09-01T20:07:18.890997+00:00,1788293238.890997410,1788293238.779705048,1788293238.706729889,0.033207964,-0.044527538,3.099999905,0.112649,3.818599,-86.651762,176.651762,0.023575360,0.023563014,-0.685789585,0.727036119,0.012197862,-0.043141853,0.008339312,0.044833105,0.008339312,3.105000019,True,GUIDED,True
34.004252,2026-09-01T20:07:19.105486+00:00,1788293239.105486393,1788293238.991633892,1788293238.848681927,0.044277284,-0.089055076,3.099999905,0.308272,3.854338,-83.578922,173.578922,0.024414856,0.023282010,-0.666083455,0.745113850,0.026413903,-0.163824841,0.006127032,0.165940570,0.006127032,3.104000092,True,GUIDED,True
35.593611,2026-09-01T20:07:20.694845+00:00,1788293240.694845438,1788293240.515121937,1788293240.503125906,0.121762536,-0.690176845,3.099999905,0.193226,-0.540484,-82.853956,172.853956,-0.001856495,-0.004652191,-0.661650717,0.749795496,0.036669109,-0.310255587,0.005193071,0.312415033,0.005193071,3.105999947,True,GUIDED,True
35.861194,2026-09-01T20:07:20.962429+00:00,1788293240.962429047,1788293240.797027111,1788293240.779032946,0.132831857,-0.790363789,3.099999905,0.189942,-0.368537,-82.860682,172.860682,-0.000885346,-0.003508104,-0.661700666,0.749759376,0.030535668,-0.319885314,0.004142997,0.321339448,0.004142997,3.105999947,True,GUIDED,True
36.282552,2026-09-01T20:07:21.383786+00:00,1788293241.383786440,1788293241.189894915,1788293241.040945053,0.143901184,-0.912814558,3.099999905,0.178915,-0.175624,-82.878501,172.878501,0.000156138,-0.002182255,-0.661822200,0.749657631,0.028104430,-0.308213532,0.003549465,0.309492230,0.003549465,3.105999947,True,GUIDED,True
36.345313,2026-09-01T20:07:21.446547+00:00,1788293241.446546793,1788293241.258872032,1788293241.040945053,0.143901184,-0.935078323,3.099999905,0.178699,-0.152071,-82.879601,172.879601,0.000290738,-0.002026923,-0.661829829,0.749651313,0.027281605,-0.303952664,0.003117186,0.305174553,0.003117186,3.105999947,True,GUIDED,True
36.951418,2026-09-01T20:07:22.052652+00:00,1788293242.052652359,1788293241.826680899,1788293241.808686972,0.166039824,-1.124320388,3.099999905,0.177300,-0.072394,-82.892598,172.892598,0.000741601,-0.001497690,-0.661916137,0.749575973,0.027309889,-0.304477811,0.003108131,0.305700126,0.003108131,3.105999947,True,GUIDED,True
37.126062,2026-09-01T20:07:22.227309+00:00,1788293242.227308512,1788293241.999623060,1788293241.906653881,0.177109137,-1.179979801,3.099999905,0.187146,-0.063036,-82.902285,172.902285,0.000859938,-0.001493424,-0.661979496,0.749520004,0.027915522,-0.312919855,0.002824504,0.314162557,0.002824504,3.105999947,True,GUIDED,True
37.473200,2026-09-01T20:07:22.574434+00:00,1788293242.574433565,1788293242.321515083,1788293242.308518887,0.188178465,-1.291298628,3.099999905,0.211689,-0.055421,-82.914029,172.914029,0.001064294,-0.001585506,-0.662056088,0.749451876,0.028458107,-0.316438466,0.002740409,0.317715544,0.002740409,3.107000113,True,GUIDED,True
37.611108,2026-09-01T20:07:22.712342+00:00,1788293242.712342262,1788293242.463466883,1788293242.321515083,0.199247777,-1.346958041,3.099999905,0.217175,-0.067103,-82.916720,172.916720,0.001032636,-0.001693629,-0.662073433,0.749436319,0.028594639,-0.323026568,0.002735254,0.324289711,0.002735254,3.107000113,True,GUIDED,True
37.710746,2026-09-01T20:07:22.811979+00:00,1788293242.811979055,1788293242.534442902,1788293242.463466883,0.199247777,-1.369221807,3.099999905,0.216044,-0.072164,-82.918142,172.918142,0.000995984,-0.001720207,-0.662082672,0.749428153,0.027936043,-0.325680584,0.002641476,0.326876529,0.002641476,3.107000113,True,GUIDED,True
37.873649,2026-09-01T20:07:22.974884+00:00,1788293242.974883556,1788293242.711384058,1788293242.534442902,0.210317105,-1.424881220,3.099999905,0.204626,-0.108744,-82.919465,172.919465,0.000709937,-0.001893477,-0.662090898,0.749420762,0.027882589,-0.327353656,0.002414764,0.328538970,0.002414764,3.107000113,True,GUIDED,True
37.956174,2026-09-01T20:07:23.057408+00:00,1788293243.057408094,1788293242.817348003,1788293242.809350967,0.210317105,-1.469408751,3.099999905,0.199708,-0.128797,-82.916535,172.916535,0.000561961,-0.001996191,-0.662071466,0.749437809,0.027304495,-0.330178142,0.002399633,0.331305208,0.002399633,3.107000113,True,GUIDED,True
38.065827,2026-09-01T20:07:23.167060+00:00,1788293243.167059898,1788293242.924312115,1788293242.868330956,0.221386418,-1.502804399,3.099999905,0.197723,-0.143269,-82.923752,172.923752,0.000465230,-0.002079400,-0.662118435,0.749396205,0.027079672,-0.331270248,0.002139864,0.332375218,0.002139864,3.107000113,True,GUIDED,True
38.238667,2026-09-01T20:07:23.339901+00:00,1788293243.339901447,1788293243.067264080,1788293243.059267044,0.221386418,-1.558463812,3.099999905,0.199527,-0.157706,-82.918623,172.918623,0.000393711,-0.002184219,-0.662084579,0.749425888,0.026962105,-0.332079053,0.002053066,0.333171806,0.002053066,3.107000113,True,GUIDED,True
38.273991,2026-09-01T20:07:23.375225+00:00,1788293243.375225306,1788293243.103251934,1788293243.059267044,0.232455760,-1.569595695,3.099999905,0.196185,-0.160255,-82.922958,172.922958,0.000357040,-0.002181589,-0.662112951,0.749400735,0.026847353,-0.332699120,0.002001619,0.333780594,0.002001619,3.107000113,True,GUIDED,True
38.851088,2026-09-01T20:07:23.952323+00:00,1788293243.952322960,1788293243.671061039,1788293243.558099031,0.254594386,-1.769969583,3.099999905,0.209071,-0.213258,-82.934189,172.934189,0.000134797,-0.002602687,-0.662185013,0.749335825,0.026816988,-0.332787156,0.002070704,0.333865904,0.002070704,3.107000113,True,GUIDED,True
39.065123,2026-09-01T20:07:24.166356+00:00,1788293244.166356087,1788293243.882989883,1788293243.854999065,0.265663743,-1.847892880,3.099999905,0.206090,-0.233407,-82.937978,172.937978,-0.000001214,-0.002717219,-0.662209392,0.749313951,0.025627555,-0.332332790,0.001796978,0.333319449,0.001796978,3.107000113,True,GUIDED,True
39.806341,2026-09-01T20:07:24.907575+00:00,1788293244.907575130,1788293244.557763100,1788293244.368827105,0.298871696,-2.081662416,3.099999905,0.192692,-0.251504,-82.950427,172.950427,-0.000193707,-0.002758101,-0.662290692,0.749241829,0.024853509,-0.331360877,0.001785396,0.332291630,0.001785396,3.107000113,True,GUIDED,True
40.088478,2026-09-01T20:07:25.189712+00:00,1788293245.189711809,1788293244.879654884,1788293244.786685944,0.309941024,-2.192981243,3.099999905,0.191511,-0.230342,-82.956210,172.956210,-0.000079251,-0.002612919,-0.662329018,0.749208510,0.023248959,-0.325236142,0.002123336,0.326066039,0.002123336,3.107000113,True,GUIDED,True
40.191899,2026-09-01T20:07:25.293134+00:00,1788293245.293133974,1788293244.986618996,1788293244.894649982,0.309941024,-2.226377010,3.099999905,0.193899,-0.214287,-82.959829,172.959829,0.000029084,-0.002521748,-0.662352979,0.749187648,0.023073146,-0.321691006,0.001931943,0.322517401,0.001931943,3.107000113,True,GUIDED,True
40.870161,2026-09-01T20:07:25.971395+00:00,1788293245.971395016,1788293245.591415882,1788293245.560425997,0.343148977,-2.437882662,3.099999905,0.217388,-0.143644,-82.959605,172.959605,0.000590978,-0.002195664,-0.662352502,0.749188840,0.022955017,-0.320989192,0.001765425,0.321808940,0.001765425,3.107000113,True,GUIDED,True
41.360671,2026-09-01T20:07:26.461907+00:00,1788293246.461906672,1788293246.054260015,1788293246.024270058,0.365287632,-2.593729019,3.099999905,0.222668,-0.112441,-82.956767,172.956767,0.000805908,-0.002022154,-0.662334442,0.749205112,0.021418026,-0.321110964,0.000883912,0.321824460,0.000883912,3.107000113,True,GUIDED,True
42.065418,2026-09-01T20:07:27.166653+00:00,1788293247.166652679,1788293246.796010971,1788293246.789012909,0.398495585,-2.849762440,3.099999905,0.208598,-0.158625,-82.957127,172.957127,0.000446962,-0.002242789,-0.662336171,0.749203265,0.020279855,-0.325146675,0.000601182,0.325778503,0.000601182,3.107000113,True,GUIDED,True
42.409855,2026-09-01T20:07:27.511088+00:00,1788293247.511088133,1788293247.116903067,1788293247.065920115,0.409564912,-2.972213268,3.099999905,0.203348,-0.193664,-82.959109,172.959109,0.000210079,-0.002441533,-0.662348509,0.749191880,0.017693587,-0.329917699,0.000446688,0.330391815,0.000446688,3.107000113,True,GUIDED,True
42.710982,2026-09-01T20:07:27.812217+00:00,1788293247.812216759,1788293247.398808002,1788293247.387811899,0.420634210,-3.072400093,3.099999905,0.201338,-0.213801,-82.956379,172.956379,0.000080600,-0.002561572,-0.662330270,0.749207616,0.017316718,-0.330394715,0.000518413,0.330848208,0.000518413,3.107000113,True,GUIDED,True
43.169431,2026-09-01T20:07:28.270665+00:00,1788293248.270664930,1788293247.827663898,1788293247.736695051,0.442772865,-3.217114687,3.099999905,0.175319,-0.205909,-82.953742,172.953742,-0.000043840,-0.002359581,-0.662313759,0.749222815,0.016231563,-0.328947097,0.000490591,0.329347319,0.000490591,3.107000113,True,GUIDED,True
43.455355,2026-09-01T20:07:28.556589+00:00,1788293248.556589365,1788293248.111568928,1788293248.083578110,0.453842223,-3.317301512,3.099999905,0.173210,-0.170223,-82.955389,172.955389,0.000148593,-0.002114070,-0.662325263,0.749213338,0.015668295,-0.325531125,0.000319065,0.325907976,0.000319065,3.107000113,True,GUIDED,True
43.481542,2026-09-01T20:07:28.582776+00:00,1788293248.582776308,1788293248.145556927,1788293248.083578110,0.453842223,-3.328433514,3.099999905,0.173625,-0.166249,-82.957202,172.957202,0.000174241,-0.002090492,-0.662337184,0.749202847,0.016697198,-0.324256301,0.000327202,0.324685918,0.000327202,3.107000113,True,GUIDED,True
43.548983,2026-09-01T20:07:28.650216+00:00,1788293248.650216103,1788293248.217533112,1788293248.178545952,0.453842223,-3.350697279,3.099999905,0.174868,-0.160518,-82.957482,172.957482,0.000215496,-0.002060208,-0.662339091,0.749201298,0.016825248,-0.324229956,0.000293890,0.324666218,0.000293890,3.107000113,True,GUIDED,True
43.689270,2026-09-01T20:07:28.790504+00:00,1788293248.790504217,1788293248.360485077,1788293248.178545952,0.464911520,-3.395224810,3.099999905,0.173361,-0.151861,-82.955121,172.955121,0.000255721,-0.001994892,-0.662323833,0.749215007,0.016890021,-0.324092627,0.000271478,0.324532438,0.000271478,3.107000113,True,GUIDED,True
43.839139,2026-09-01T20:07:28.940374+00:00,1788293248.940373659,1788293248.503437042,1788293248.464449883,0.464911520,-3.450884104,3.099999905,0.173148,-0.149045,-82.957930,172.957930,0.000270554,-0.001975258,-0.662342250,0.749198735,0.017272864,-0.324302167,0.000317108,0.324761831,0.000317108,3.107000113,True,GUIDED,True
43.881463,2026-09-01T20:07:28.982698+00:00,1788293248.982697725,1788293248.538424969,1788293248.464449883,0.464911520,-3.462016106,3.099999905,0.173451,-0.148191,-82.959633,172.959633,0.000277444,-0.001971430,-0.662353396,0.749188900,0.017479451,-0.324480265,0.000304993,0.324950725,0.000304993,3.107000113,True,GUIDED,True
44.266664,2026-09-01T20:07:29.367899+00:00,1788293249.367899179,1788293248.896305084,1788293248.845321894,0.487050176,-3.584466934,3.099999905,0.185225,-0.154638,-82.957048,172.957048,0.000317198,-0.002081629,-0.662336171,0.749203861,0.017647434,-0.324668229,0.000333604,0.325147491,0.000333604,3.107000113,True,GUIDED,True
44.433965,2026-09-01T20:07:29.535198+00:00,1788293249.535198450,1788293249.071245909,1788293248.845321894,0.487050176,-3.651258230,3.099999905,0.195138,-0.155737,-82.957690,172.957690,0.000375647,-0.002146107,-0.662340164,0.749200106,0.018286003,-0.325423956,0.000273969,0.325937308,0.000273969,3.107000113,True,GUIDED,True
44.472663,2026-09-01T20:07:29.573897+00:00,1788293249.573897362,1788293249.108233929,1788293249.071245909,0.498119473,-3.662389994,3.099999905,0.193709,-0.154864,-82.958130,172.958130,0.000371343,-0.002132150,-0.662343085,0.749197543,0.018139841,-0.325463802,0.000078726,0.325968925,0.000078726,3.107000113,True,GUIDED,True
44.645519,2026-09-01T20:07:29.746753+00:00,1788293249.746752501,1788293249.282175064,1788293249.238189936,0.498119473,-3.718049526,3.099999905,0.192111,-0.153540,-82.958258,172.958258,0.000368546,-0.002114258,-0.662343979,0.749196768,0.018206878,-0.325610608,0.000123723,0.326119239,0.000123723,3.108000040,True,GUIDED,True
44.758711,2026-09-01T20:07:29.859946+00:00,1788293249.859945536,1788293249.387140036,1788293249.369146109,0.509188771,-3.751445055,3.099999905,0.187503,-0.147585,-82.958228,172.958228,0.000372843,-0.002048683,-0.662343979,0.749196887,0.017765710,-0.325531572,-0.000056191,0.326015989,-0.000056191,3.108000040,True,GUIDED,True
44.879826,2026-09-01T20:07:29.981060+00:00,1788293249.981059551,1788293249.495104074,1788293249.477109909,0.509188771,-3.795972586,3.099999905,0.187618,-0.143395,-82.956431,172.956431,0.000397840,-0.002021948,-0.662332296,0.749207377,0.017544013,-0.325522393,-0.000179913,0.325994817,-0.000179913,3.108000040,True,GUIDED,True
45.770381,2026-09-01T20:07:30.871615+00:00,1788293250.871614933,1788293250.371809006,1788293250.285837889,0.542396784,-4.096533298,3.099999905,0.174791,-0.140263,-82.958567,172.958567,0.000332047,-0.001927340,-0.662346542,0.749195039,0.017478704,-0.325699687,-0.000203952,0.326168348,-0.000203952,3.108000040,True,GUIDED,True
45.870398,2026-09-01T20:07:30.971632+00:00,1788293250.971631527,1788293250.476773977,1788293250.285837889,0.553466141,-4.129929066,3.099999905,0.172769,-0.137218,-82.957214,172.957214,0.000336451,-0.001895740,-0.662337780,0.749202847,0.017358765,-0.326770335,-0.000815310,0.327231079,-0.000815310,3.108000040,True,GUIDED,True
46.240540,2026-09-01T20:07:31.341775+00:00,1788293251.341774702,1788293250.826656103,1788293250.784670115,0.564535439,-4.252379894,3.099999905,0.150351,-0.128585,-82.957714,172.957714,0.000239770,-0.001709726,-0.662341535,0.749200046,0.017383482,-0.326860696,-0.000757949,0.327322624,-0.000757949,3.108000040,True,GUIDED,True
46.313631,2026-09-01T20:07:31.414865+00:00,1788293251.414864779,1788293250.897631884,1788293250.881638050,0.564535439,-4.274643898,3.099999905,0.150624,-0.123903,-82.957139,172.957139,0.000268624,-0.001680688,-0.662337840,0.749203384,0.017355297,-0.326897144,-0.000805349,0.327357525,-0.000805349,3.108000040,True,GUIDED,True
46.547979,2026-09-01T20:07:31.649213+00:00,1788293251.649213076,1788293251.112560034,1788293251.085568905,0.575604737,-4.352566719,3.099999905,0.144142,-0.107480,-82.957252,172.957252,0.000321169,-0.001535853,-0.662338912,0.749202669,0.017784037,-0.327077180,-0.000825288,0.327560305,-0.000825288,3.108000040,True,GUIDED,True
46.966804,2026-09-01T20:07:32.068038+00:00,1788293252.068038464,1788293251.534418106,1788293251.502429008,0.597743392,-4.497281551,3.099999905,0.160436,-0.089323,-82.958770,172.958770,0.000532625,-0.001511326,-0.662348866,0.749193788,0.018699510,-0.327560067,-0.000816964,0.328093385,-0.000816964,3.107000113,True,GUIDED,True
47.518379,2026-09-01T20:07:32.619612+00:00,1788293252.619612455,1788293252.070238113,1788293252.014256954,0.619882047,-4.686523438,3.099999905,0.174396,-0.112501,-82.958169,172.958169,0.000489936,-0.001743550,-0.662344396,0.749197304,0.020221397,-0.329693198,-0.000680557,0.330312746,-0.000680557,3.107000113,True,GUIDED,True
47.616230,2026-09-01T20:07:32.717464+00:00,1788293252.717463970,1788293252.141213894,1788293252.098228931,0.619882047,-4.708786964,3.099999905,0.169890,-0.114552,-82.958373,172.958373,0.000448621,-0.001730913,-0.662345767,0.749196172,0.020815996,-0.332837015,-0.000625765,0.333487308,-0.000625765,3.107000113,True,GUIDED,True
47.818656,2026-09-01T20:07:32.919891+00:00,1788293252.919890642,1788293252.356142044,1788293252.311156988,0.630951345,-4.786710262,3.099999905,0.178006,-0.128572,-82.959575,172.959575,0.000420622,-0.001869487,-0.662353277,0.749189138,0.021012561,-0.333305657,-0.000671715,0.333967347,-0.000671715,3.107000113,True,GUIDED,True
47.977849,2026-09-01T20:07:33.079083+00:00,1788293253.079082966,1788293252.499094009,1788293252.311156988,0.642020702,-4.831237793,3.099999905,0.180243,-0.136964,-82.958518,172.958518,0.000386761,-0.001937280,-0.662346184,0.749195278,0.020898107,-0.333780169,-0.000655969,0.334433749,-0.000655969,3.107000113,True,GUIDED,True
48.009779,2026-09-01T20:07:33.111012+00:00,1788293253.111011982,1788293252.535082102,1788293252.311156988,0.642020702,-4.842369556,3.099999905,0.177023,-0.136079,-82.959647,172.959647,0.000370799,-0.001912889,-0.662353635,0.749188781,0.020532329,-0.333663404,-0.000664267,0.334294546,-0.000664267,3.107000113,True,GUIDED,True
48.368296,2026-09-01T20:07:33.469530+00:00,1788293253.469530106,1788293252.889961958,1788293252.871968985,0.653090000,-4.964820385,3.099999905,0.177049,-0.137243,-82.960452,172.960452,0.000364231,-0.001920657,-0.662358880,0.749184132,0.020504879,-0.333686560,-0.000631306,0.334315974,-0.000631306,3.107000113,True,GUIDED,True
48.470349,2026-09-01T20:07:33.571582+00:00,1788293253.571582317,1788293252.995927095,1788293252.978933096,0.664159298,-5.009347916,3.099999905,0.177347,-0.145183,-82.958486,172.958486,0.000320318,-0.001974281,-0.662345886,0.749195457,0.019585986,-0.333195359,-0.000581175,0.333770517,-0.000581175,3.107000113,True,GUIDED,True
48.719467,2026-09-01T20:07:33.820702+00:00,1788293253.820701599,1788293253.209855080,1788293253.167869091,0.664159298,-5.076139450,3.099999905,0.169462,-0.161820,-82.960462,172.960462,0.000172565,-0.002037481,-0.662358642,0.749184132,0.019398417,-0.333105236,-0.000572729,0.333669593,-0.000572729,3.107000113,True,GUIDED,True
48.766274,2026-09-01T20:07:33.867508+00:00,1788293253.867507696,1788293253.245842934,1788293253.167869091,0.664159298,-5.098402977,3.099999905,0.168563,-0.163135,-82.959241,172.959241,0.000159111,-0.002040875,-0.662350655,0.749191165,0.018611191,-0.332519293,-0.000579401,0.333039722,-0.000579401,3.107000113,True,GUIDED,True
49.306317,2026-09-01T20:07:34.407551+00:00,1788293254.407550573,1788293253.780663013,1788293253.742676020,0.686297953,-5.276513100,3.099999905,0.130761,-0.174846,-82.960576,172.960576,-0.000155749,-0.001898943,-0.662359834,0.749183416,0.018689811,-0.332510084,-0.000604745,0.333034931,-0.000604745,3.107000113,True,GUIDED,True
49.505633,2026-09-01T20:07:34.606867+00:00,1788293254.606866837,1788293253.995590925,1788293253.968600035,0.697367311,-5.354436398,3.099999905,0.133430,-0.151410,-82.962404,172.962404,-0.000002861,-0.001761143,-0.662372112,0.749172926,0.019084381,-0.328876078,-0.000656064,0.329429337,-0.000656064,3.107000113,True,GUIDED,True
49.582199,2026-09-01T20:07:34.683433+00:00,1788293254.683433056,1788293254.066566944,1788293254.040575981,0.708436608,-5.376700401,3.099999905,0.139989,-0.144951,-82.961511,172.961511,0.000077370,-0.001756835,-0.662366271,0.749178052,0.019922772,-0.327263445,-0.000563395,0.327869302,-0.000563395,3.107000113,True,GUIDED,True
49.976050,2026-09-01T20:07:35.077284+00:00,1788293255.077284336,1788293254.457436085,1788293254.420448065,0.719505906,-5.510282993,3.099999905,0.155856,-0.114471,-82.963182,172.963182,0.000357262,-0.001649280,-0.662377417,0.749168336,0.020244066,-0.326887697,-0.000608777,0.327513952,-0.000608777,3.107000113,True,GUIDED,True
50.096135,2026-09-01T20:07:35.197370+00:00,1788293255.197369814,1788293254.563400030,1788293254.457436085,0.719505906,-5.554810524,3.099999905,0.157174,-0.109720,-82.963831,172.963831,0.000393333,-0.001625846,-0.662381709,0.749164641,0.020704707,-0.326877952,-0.000580242,0.327533021,-0.000580242,3.107000113,True,GUIDED,True
50.152328,2026-09-01T20:07:35.253562+00:00,1788293255.253562450,1788293254.597388983,1788293254.575396061,0.730575264,-5.565942287,3.099999905,0.156015,-0.109323,-82.962815,172.962815,0.000388065,-0.001616541,-0.662375093,0.749170423,0.020747535,-0.327189624,-0.000581091,0.327846779,-0.000581091,3.107000113,True,GUIDED,True
50.183348,2026-09-01T20:07:35.284582+00:00,1788293255.284581661,1788293254.632376909,1788293254.575396061,0.730575264,-5.577074051,3.099999905,0.158762,-0.109358,-82.963650,172.963650,0.000405808,-0.001632655,-0.662380517,0.749165595,0.020765219,-0.327231795,-0.000584555,0.327889984,-0.000584555,3.105999947,True,GUIDED,True
50.216714,2026-09-01T20:07:35.317948+00:00,1788293255.317947626,1788293254.667365074,1788293254.575396061,0.730575264,-5.588205814,3.099999905,0.157749,-0.108245,-82.964402,172.964402,0.000405608,-0.001619527,-0.662385464,0.749161243,0.020681212,-0.327221394,-0.000625807,0.327874294,-0.000625807,3.105999947,True,GUIDED,True
50.242196,2026-09-01T20:07:35.343431+00:00,1788293255.343430996,1788293254.703352928,1788293254.575396061,0.730575264,-5.599338055,3.099999905,0.154363,-0.107439,-82.961695,172.961695,0.000388170,-0.001594673,-0.662367821,0.749176979,0.020768428,-0.327414244,-0.000640913,0.328072271,-0.000640913,3.105999947,True,GUIDED,True
50.332874,2026-09-01T20:07:35.434108+00:00,1788293255.434107542,1788293254.774328947,1788293254.754336119,0.730575264,-5.621601582,3.099999905,0.157628,-0.106665,-82.962056,172.962056,0.000413982,-0.001608488,-0.662370145,0.749174893,0.020716786,-0.327464104,-0.000608978,0.328118766,-0.000608978,3.105999947,True,GUIDED,True
50.716883,2026-09-01T20:07:35.818117+00:00,1788293255.818117380,1788293255.167196989,1788293255.100219965,0.752713859,-5.755184174,3.099999905,0.159368,-0.102401,-82.964358,172.964358,0.000449972,-0.001590679,-0.662385225,0.749161601,0.020915620,-0.327603608,-0.000629684,0.328270601,-0.000629684,3.105999947,True,GUIDED,True
50.903444,2026-09-01T20:07:36.004679+00:00,1788293256.004678965,1788293255.344137907,1788293255.325144053,0.752713859,-5.821975708,3.099999905,0.156665,-0.100424,-82.962952,172.962952,0.000443754,-0.001562122,-0.662376106,0.749169648,0.020880058,-0.328998595,-0.000579039,0.329660511,-0.000579039,3.105999947,True,GUIDED,True
51.047497,2026-09-01T20:07:36.148730+00:00,1788293256.148730278,1788293255.486089945,1788293255.456099987,0.763783216,-5.866503239,3.099999905,0.151917,-0.105884,-82.965005,172.965005,0.000381120,-0.001570383,-0.662389517,0.749157786,0.020792780,-0.329659045,-0.000654321,0.330314132,-0.000654321,3.105999947,True,GUIDED,True
51.492128,2026-09-01T20:07:36.593362+00:00,1788293256.593361855,1788293255.910947084,1788293255.860964060,0.785921872,-6.011217594,3.099999905,0.154836,-0.089335,-82.966062,172.966062,0.000495848,-0.001479064,-0.662396610,0.749151766,0.020703191,-0.329824269,-0.000641180,0.330473403,-0.000641180,3.105999947,True,GUIDED,True
51.544235,2026-09-01T20:07:36.645470+00:00,1788293256.645470381,1788293255.946934938,1788293255.860964060,0.785921872,-6.033481598,3.099999905,0.154859,-0.086006,-82.965134,172.965134,0.000515256,-0.001457434,-0.662390590,0.749157071,0.021188231,-0.330551416,-0.000659481,0.331229799,-0.000659481,3.105999947,True,GUIDED,True
51.743415,2026-09-01T20:07:36.844649+00:00,1788293256.844649076,1788293256.126874924,1788293256.075891972,0.785921872,-6.089140892,3.099999905,0.156486,-0.082503,-82.966124,172.966124,0.000546128,-0.001443936,-0.662397087,0.749151289,0.021096403,-0.330725372,-0.000668799,0.331397540,-0.000668799,3.105999947,True,GUIDED,True
51.775281,2026-09-01T20:07:36.876515+00:00,1788293256.876515150,1788293256.160862923,1788293256.075891972,0.796991169,-6.100272655,3.099999905,0.157993,-0.085102,-82.966151,172.966151,0.000540956,-0.001469642,-0.662397206,0.749151170,0.021041615,-0.331779748,-0.000622640,0.332446313,-0.000622640,3.105999947,True,GUIDED,True
51.881616,2026-09-01T20:07:36.982850+00:00,1788293256.982849836,1788293256.267827034,1788293256.244834900,0.796991169,-6.144800186,3.099999905,0.153618,-0.092792,-82.966915,172.966915,0.000467895,-0.001494627,-0.662402153,0.749146819,0.021093810,-0.331977218,-0.000637180,0.332646693,-0.000637180,3.105999947,True,GUIDED,True
52.006492,2026-09-01T20:07:37.107725+00:00,1788293257.107725382,1788293256.407779932,1788293256.363795042,0.796991169,-6.189327717,3.099999905,0.150145,-0.103062,-82.966463,172.966463,0.000385830,-0.001541691,-0.662399113,0.749149382,0.020981260,-0.332626879,-0.000677345,0.333287945,-0.000677345,3.105999947,True,GUIDED,True
52.269727,2026-09-01T20:07:37.370961+00:00,1788293257.370961189,1788293256.658695936,1788293256.471759081,0.808060467,-6.278382778,3.099999905,0.137201,-0.115137,-82.966389,172.966389,0.000231411,-0.001545810,-0.662398636,0.749149859,0.020706749,-0.332949489,-0.000679427,0.333592764,-0.000679427,3.105999947,True,GUIDED,True
52.486302,2026-09-01T20:07:37.587536+00:00,1788293257.587536335,1788293256.869625092,1788293256.839634895,0.819129825,-6.345174313,3.099999905,0.124915,-0.110446,-82.966629,172.966629,0.000178202,-0.001444126,-0.662400424,0.749148548,0.020665044,-0.333032787,-0.000716119,0.333673315,-0.000716119,3.105999947,True,GUIDED,True
52.587398,2026-09-01T20:07:37.688633+00:00,1788293257.688632727,1788293256.976588964,1788293256.958595037,0.830199122,-6.389701843,3.099999905,0.123335,-0.105442,-82.964310,172.964310,0.000196827,-0.001402269,-0.662385345,0.749161959,0.021255272,-0.332885087,-0.000663680,0.333562989,-0.000663680,3.105999947,True,GUIDED,True
52.818534,2026-09-01T20:07:37.919769+00:00,1788293257.919768572,1788293257.190516949,1788293257.125539064,0.830199122,-6.456492901,3.099999905,0.127206,-0.102184,-82.965934,172.965934,0.000240946,-0.001403356,-0.662395954,0.749152541,0.021815933,-0.332846642,-0.000729514,0.333560822,-0.000729514,3.105999947,True,GUIDED,True
53.127609,2026-09-01T20:07:38.228843+00:00,1788293258.228843212,1788293257.479419947,1788293257.474421978,0.852337778,-6.556680202,3.099999905,0.149229,-0.098188,-82.965403,172.965403,0.000408025,-0.001504530,-0.662392259,0.749155521,0.022839850,-0.332866639,-0.000732214,0.333649304,-0.000732214,3.105999947,True,GUIDED,True
53.314816,2026-09-01T20:07:38.416050+00:00,1788293258.416050196,1788293257.654361010,1788293257.580385923,0.852337778,-6.623471260,3.099999905,0.154262,-0.093045,-82.966005,172.966005,0.000470651,-0.001500005,-0.662396193,0.749152064,0.023279600,-0.333202988,-0.000761278,0.334015226,-0.000761278,3.105999947,True,GUIDED,True
53.658127,2026-09-01T20:07:38.759361+00:00,1788293258.759361267,1788293258.009242058,1788293257.965256929,0.874476433,-6.745922089,3.099999905,0.154242,-0.105878,-82.965302,172.965302,0.000396355,-0.001583778,-0.662391424,0.749156117,0.023079563,-0.333562672,-0.000789680,0.334360169,-0.000789680,3.105999947,True,GUIDED,True
53.931016,2026-09-01T20:07:39.032250+00:00,1788293259.032249928,1788293258.256159067,1788293258.166188955,0.885545731,-6.834977150,3.099999905,0.159071,-0.117379,-82.966113,172.966113,0.000361429,-0.001686887,-0.662396491,0.749151409,0.022909317,-0.334432662,-0.000714999,0.335216411,-0.000714999,3.105999947,True,GUIDED,True
54.121104,2026-09-01T20:07:39.222337+00:00,1788293259.222337484,1788293258.467087984,1788293258.404109001,0.885545731,-6.901768208,3.099999905,0.146269,-0.119732,-82.965552,172.965552,0.000264139,-0.001628262,-0.662392974,0.749154687,0.022209786,-0.334498495,-0.000743495,0.335235019,-0.000743495,3.105999947,True,GUIDED,True
54.195534,2026-09-01T20:07:39.296768+00:00,1788293259.296768188,1788293258.538064003,1788293258.404109001,0.896615088,-6.924032211,3.099999905,0.140086,-0.119578,-82.964554,172.964554,0.000224619,-0.001591513,-0.662386537,0.749160528,0.022096537,-0.334253877,-0.000764677,0.334983450,-0.000764677,3.105999947,True,GUIDED,True
54.468831,2026-09-01T20:07:39.570065+00:00,1788293259.570064783,1788293258.788980007,1788293258.766987085,0.907684445,-7.013087273,3.099999905,0.140727,-0.119770,-82.965413,172.965413,0.000227693,-0.001596475,-0.662392139,0.749155521,0.022086555,-0.334135383,-0.000782502,0.334864555,-0.000782502,3.105999947,True,GUIDED,True
54.614657,2026-09-01T20:07:39.715891+00:00,1788293259.715891361,1788293258.930932045,1788293258.874950886,0.907684445,-7.068746567,3.099999905,0.139837,-0.116217,-82.964948,172.964948,0.000242416,-0.001568102,-0.662389159,0.749158263,0.022167856,-0.333511025,-0.000834742,0.334246941,-0.000834742,3.105999947,True,GUIDED,True
54.709456,2026-09-01T20:07:39.810690+00:00,1788293259.810690403,1788293259.034897089,1788293258.993911028,0.918753743,-7.102142334,3.099999905,0.151623,-0.123485,-82.966192,172.966192,0.000277440,-0.001683749,-0.662397027,0.749150991,0.022648176,-0.333671868,-0.000789818,0.334439614,-0.000789818,3.105999947,True,GUIDED,True
55.463713,2026-09-01T20:07:40.564947+00:00,1788293260.564946890,1788293259.744658947,1788293259.647691011,0.940892398,-7.347043991,3.099999905,0.138026,-0.138238,-82.966952,172.966952,0.000103255,-0.001701605,-0.662401974,0.749146640,0.022420624,-0.333465695,-0.000818812,0.334218573,-0.000818812,3.105000019,True,GUIDED,True
55.500462,2026-09-01T20:07:40.601696+00:00,1788293260.601695538,1788293259.778646946,1788293259.744658947,0.951961696,-7.369307518,3.099999905,0.135404,-0.137736,-82.965632,172.965632,0.000089041,-0.001683162,-0.662393391,0.749154270,0.021212475,-0.330769390,-0.000883874,0.331448877,-0.000883874,3.105000019,True,GUIDED,True
55.735720,2026-09-01T20:07:40.836954+00:00,1788293260.836953640,1788293260.028563023,1788293259.945590973,0.951961696,-7.447230816,3.099999905,0.131883,-0.123869,-82.967145,172.967145,0.000146159,-0.001572156,-0.662403524,0.749145567,0.021258671,-0.330572993,-0.000873665,0.331255844,-0.000873665,3.105000019,True,GUIDED,True
55.996277,2026-09-01T20:07:41.097511+00:00,1788293261.097510576,1788293260.243490934,1788293260.040559053,0.963031054,-7.525154114,3.099999905,0.126466,-0.101454,-82.966679,172.966679,0.000240318,-0.001394298,-0.662400842,0.749148250,0.021141110,-0.329310179,-0.000928307,0.329988091,-0.000928307,3.105000019,True,GUIDED,True
56.076384,2026-09-01T20:07:41.177618+00:00,1788293261.177617550,1788293260.350455046,1788293260.338459015,0.974100351,-7.558549404,3.099999905,0.123771,-0.090045,-82.967446,172.967446,0.000288643,-0.001304139,-0.662406027,0.749143779,0.021465195,-0.328842193,-0.000905535,0.329542019,-0.000905535,3.105000019,True,GUIDED,True
56.111090,2026-09-01T20:07:41.212324+00:00,1788293261.212324142,1788293260.386442900,1788293260.362451077,0.974100351,-7.569681644,3.099999905,0.126305,-0.087391,-82.967646,172.967646,0.000320543,-0.001301439,-0.662407339,0.749142587,0.021917755,-0.329166830,-0.000953961,0.329895725,-0.000953961,3.105000019,True,GUIDED,True
56.174873,2026-09-01T20:07:41.276107+00:00,1788293261.276106834,1788293260.457418919,1788293260.386442900,0.974100351,-7.591945171,3.099999905,0.124745,-0.084738,-82.967420,172.967420,0.000325686,-0.001275080,-0.662405908,0.749143898,0.022001460,-0.329240948,-0.000974002,0.329975251,-0.000974002,3.105000019,True,GUIDED,True
56.333792,2026-09-01T20:07:41.435026+00:00,1788293261.435026169,1788293260.564383030,1788293260.517399073,0.974100351,-7.636472702,3.099999905,0.130072,-0.083222,-82.967627,172.967627,0.000369270,-0.001295957,-0.662407219,0.749142706,0.022098854,-0.329408079,-0.000945295,0.330148515,-0.000945295,3.105000019,True,GUIDED,True
56.691483,2026-09-01T20:07:41.792717+00:00,1788293261.792717457,1788293260.949254036,1788293260.897270918,0.996238947,-7.770055294,3.099999905,0.132791,-0.098964,-82.967779,172.967779,0.000296053,-0.001414590,-0.662407994,0.749141812,0.022443665,-0.329855531,-0.000994499,0.330618193,-0.000994499,3.105000019,True,GUIDED,True
57.462344,2026-09-01T20:07:42.563578+00:00,1788293262.563578367,1788293261.662014008,1788293261.624027014,1.029446840,-8.014956474,3.099999905,0.141839,-0.118061,-82.967107,172.967107,0.000244820,-0.001591737,-0.662403226,0.749145746,0.022811856,-0.331234813,-0.000980235,0.332019400,-0.000980235,3.105000019,True,GUIDED,True
57.617532,2026-09-01T20:07:42.718767+00:00,1788293262.718766928,1788293261.835956097,1788293261.624027014,1.029446840,-8.081748009,3.099999905,0.144266,-0.117514,-82.967694,172.967694,0.000263834,-0.001602194,-0.662407041,0.749142289,0.023628002,-0.330665618,-0.000956848,0.331508723,-0.000956848,3.105000019,True,GUIDED,True
57.743568,2026-09-01T20:07:42.844802+00:00,1788293262.844802380,1788293261.974909067,1788293261.968910933,1.040516257,-8.126276016,3.099999905,0.147066,-0.123432,-82.967185,172.967185,0.000247943,-0.001657068,-0.662403584,0.749145269,0.023449419,-0.330509484,-0.001010443,0.331340300,-0.001010443,3.105000019,True,GUIDED,True
58.042762,2026-09-01T20:07:43.143997+00:00,1788293263.143996716,1788293262.225825071,1788293262.182838917,1.051585555,-8.215331078,3.099999905,0.148049,-0.122682,-82.967750,172.967750,0.000258688,-0.001657845,-0.662407279,0.749141932,0.023262536,-0.330454290,-0.001024049,0.331272068,-0.001024049,3.105000019,True,GUIDED,True
58.124711,2026-09-01T20:07:43.225944+00:00,1788293263.225944042,1788293262.331789017,1788293262.277806997,1.051585555,-8.248726845,3.099999905,0.145111,-0.113882,-82.967826,172.967826,0.000290358,-0.001583333,-0.662407935,0.749141634,0.022513699,-0.329458028,-0.001036288,0.330226375,-0.001036288,3.105000019,True,GUIDED,True
58.189439,2026-09-01T20:07:43.290673+00:00,1788293263.290672779,1788293262.403764963,1788293262.373775005,1.062654972,-8.270990372,3.099999905,0.146255,-0.114547,-82.968020,172.968020,0.000293984,-0.001594293,-0.662409186,0.749140382,0.022628583,-0.329375178,-0.000971184,0.330151572,-0.000971184,3.105000019,True,GUIDED,True
58.768239,2026-09-01T20:07:43.869474+00:00,1788293263.869473696,1788293262.933587074,1788293262.887602091,1.084793568,-8.460231781,3.099999905,0.128329,-0.083715,-82.966777,172.966777,0.000355036,-0.001289103,-0.662401676,0.749147654,0.022442287,-0.329167157,-0.001025635,0.329931317,-0.001025635,3.105000019,True,GUIDED,True
58.888803,2026-09-01T20:07:43.990037+00:00,1788293263.990037203,1788293263.075539112,1788293263.007561922,1.084793568,-8.504759789,3.099999905,0.125351,-0.069210,-82.967450,172.967450,0.000419409,-0.001177061,-0.662406266,0.749143779,0.021903055,-0.328949571,-0.000957682,0.329677970,-0.000957682,3.105000019,True,GUIDED,True
59.403720,2026-09-01T20:07:44.504955+00:00,1788293264.504954815,1788293263.572371960,1788293263.555377960,1.106932282,-8.671737671,3.099999905,0.137926,-0.039399,-82.968360,172.968360,0.000673936,-0.001054876,-0.662412405,0.749138236,0.022073772,-0.329102278,-0.000948451,0.329841721,-0.000948451,3.105000019,True,GUIDED,True
59.438112,2026-09-01T20:07:44.539347+00:00,1788293264.539346933,1788293263.608360052,1788293263.555377960,1.106932282,-8.682869911,3.099999905,0.136015,-0.038566,-82.967582,172.967582,0.000666263,-0.001038371,-0.662407339,0.749142826,0.023116032,-0.332184613,-0.000953236,0.332987940,-0.000953236,3.105000019,True,GUIDED,True
60.345089,2026-09-01T20:07:45.446323+00:00,1788293265.446322918,1788293264.489063978,1788293264.471070051,1.151209474,-8.994563103,3.099999905,0.138767,-0.091883,-82.967029,172.967029,0.000376059,-0.001402845,-0.662403107,0.749146104,0.023145894,-0.332476228,-0.001000605,0.333280925,-0.001000605,3.104000092,True,GUIDED,True
60.659874,2026-09-01T20:07:45.761108+00:00,1788293265.761107922,1788293264.773967981,1788293264.708990097,1.162278891,-9.094749451,3.099999905,0.131319,-0.112863,-82.966765,172.966765,0.000206098,-0.001496943,-0.662401199,0.749147773,0.022752661,-0.337456852,-0.000801122,0.338223019,-0.000801122,3.104000092,True,GUIDED,True
60.903945,2026-09-01T20:07:46.005179+00:00,1788293266.005178690,1788293265.023884058,1788293264.969902039,1.173348188,-9.183804512,3.099999905,0.133161,-0.124242,-82.968634,172.968634,0.000152336,-0.001581985,-0.662413239,0.749136925,0.022749120,-0.337281138,-0.000752053,0.338047465,-0.000752053,3.104000092,True,GUIDED,True
61.153427,2026-09-01T20:07:46.254661+00:00,1788293266.254660606,1788293265.238811970,1788293265.196825981,1.184417605,-9.261728287,3.099999905,0.134795,-0.141376,-82.968602,172.968602,0.000063969,-0.001703439,-0.662412763,0.749137044,0.022698576,-0.336696655,-0.000741128,0.337460905,-0.000741128,3.104000092,True,GUIDED,True
61.298407,2026-09-01T20:07:46.399642+00:00,1788293266.399641752,1788293265.416752100,1788293265.375766039,1.184417605,-9.317387581,3.099999905,0.127706,-0.151806,-82.967853,172.967853,-0.000042654,-0.001730646,-0.662407815,0.749141395,0.022477090,-0.335774630,-0.000781804,0.336526109,-0.000781804,3.104000092,True,GUIDED,True
61.673785,2026-09-01T20:07:46.775020+00:00,1788293266.775019884,1788293265.767633915,1788293265.672666073,1.206556201,-9.439838409,3.099999905,0.105423,-0.130402,-82.967724,172.967724,-0.000064602,-0.001461915,-0.662407577,0.749142230,0.022208177,-0.334404171,-0.000770780,0.335140795,-0.000770780,3.104000092,True,GUIDED,True
61.709696,2026-09-01T20:07:46.810930+00:00,1788293266.810929775,1788293265.801623106,1788293265.767633915,1.206556201,-9.450969696,3.099999905,0.107428,-0.127540,-82.968215,172.968215,-0.000034954,-0.001454787,-0.662410796,0.749139369,0.022846757,-0.331779271,-0.000859697,0.332564970,-0.000859697,3.104000092,True,GUIDED,True
61.884894,2026-09-01T20:07:46.986128+00:00,1788293266.986127853,1788293265.980562925,1788293265.958570004,1.206556201,-9.517761230,3.099999905,0.103392,-0.114341,-82.969195,172.969195,0.000014947,-0.001345178,-0.662417412,0.749133706,0.022773858,-0.331419468,-0.000835159,0.332201012,-0.000835159,3.104000092,True,GUIDED,True
61.926810,2026-09-01T20:07:47.028044+00:00,1788293267.028043985,1788293266.014550924,1788293266.006553888,1.206556201,-9.528893471,3.099999905,0.105078,-0.112181,-82.970771,172.970771,0.000038436,-0.001340797,-0.662427723,0.749124587,0.023441825,-0.330694556,-0.000893314,0.331524371,-0.000893314,3.104000092,True,GUIDED,True
62.089431,2026-09-01T20:07:47.190665+00:00,1788293267.190665007,1788293266.157502890,1788293266.090526104,1.217625499,-9.573420525,3.099999905,0.107006,-0.101405,-82.968923,172.968923,0.000113356,-0.001281499,-0.662415743,0.749135256,0.023420431,-0.330448002,-0.000911917,0.331276921,-0.000911917,3.104000092,True,GUIDED,True
62.208733,2026-09-01T20:07:47.309966+00:00,1788293267.309966326,1788293266.264467001,1788293266.244473934,1.217625499,-9.617948532,3.099999905,0.112460,-0.096373,-82.969015,172.969015,0.000178100,-0.001280130,-0.662416339,0.749134779,0.024054956,-0.330327570,-0.000899651,0.331202272,-0.000899651,3.104000092,True,GUIDED,True
62.403046,2026-09-01T20:07:47.504280+00:00,1788293267.504280090,1788293266.476396084,1788293266.422414064,1.228694797,-9.684739113,3.099999905,0.117519,-0.089511,-82.968556,172.968556,0.000250841,-0.001264513,-0.662413359,0.749137402,0.024006292,-0.329998165,-0.000811754,0.330870203,-0.000811754,3.104000092,True,GUIDED,True
62.516478,2026-09-01T20:07:47.617711+00:00,1788293267.617711306,1788293266.583359957,1788293266.565366030,1.239764214,-9.729267120,3.099999905,0.117849,-0.086874,-82.971141,172.971141,0.000268211,-0.001249184,-0.662430286,0.749122381,0.024736723,-0.330246180,-0.000785841,0.331171323,-0.000785841,3.102999926,True,GUIDED,True
62.839659,2026-09-01T20:07:47.940892+00:00,1788293267.940892458,1788293266.901252985,1788293266.804286003,1.250833511,-9.829454422,3.099999905,0.137505,-0.088051,-82.968980,172.968980,0.000389938,-0.001370500,-0.662415922,0.749134839,0.025255190,-0.330496162,-0.000840694,0.331459708,-0.000840694,3.102999926,True,GUIDED,True
63.114725,2026-09-01T20:07:48.215959+00:00,1788293268.215959311,1788293267.152168989,1788293267.137173891,1.261902809,-9.918509483,3.099999905,0.144305,-0.094139,-82.968595,172.968595,0.000399205,-0.001449604,-0.662413239,0.749137163,0.025516443,-0.331119627,-0.000745489,0.332101334,-0.000745489,3.102999926,True,GUIDED,True
63.762891,2026-09-01T20:07:48.864125+00:00,1788293268.864125490,1788293267.790954113,1788293267.565030098,1.295110822,-10.141146660,3.099999905,0.142663,-0.103773,-82.967617,172.967617,0.000332789,-0.001503097,-0.662406743,0.749142826,0.025100669,-0.331468701,-0.000521619,0.332417725,-0.000521619,3.101999998,True,GUIDED,True
63.931385,2026-09-01T20:07:49.032619+00:00,1788293269.032619238,1788293267.966895103,1788293267.909914017,1.295110822,-10.207938194,3.099999905,0.146383,-0.111292,-82.967769,172.967769,0.000313648,-0.001573753,-0.662407577,0.749141991,0.023771016,-0.331601948,0.000155489,0.332452873,0.000155489,3.101999998,True,GUIDED,True
64.083959,2026-09-01T20:07:49.185194+00:00,1788293269.185193777,1788293268.110846996,1788293267.993885994,1.306180120,-10.252465248,3.099999905,0.149032,-0.123209,-82.968831,172.968831,0.000262059,-0.001666980,-0.662414312,0.749135852,0.023486277,-0.331722647,0.000299150,0.332553033,0.000299150,3.101999998,True,GUIDED,True
64.120077,2026-09-01T20:07:49.221311+00:00,1788293269.221311092,1788293268.144834995,1788293267.993885994,1.306180120,-10.274729729,3.099999905,0.145453,-0.123684,-82.968550,172.968550,0.000235915,-0.001649392,-0.662412524,0.749137402,0.023037048,-0.331438243,0.000345769,0.332237889,0.000345769,3.101999998,True,GUIDED,True
64.244430,2026-09-01T20:07:49.345664+00:00,1788293269.345664263,1788293268.253798962,1788293267.993885994,1.306180120,-10.308125496,3.099999905,0.146067,-0.125216,-82.968865,172.968865,0.000231072,-0.001662960,-0.662414551,0.749135613,0.022894477,-0.331314355,0.000356838,0.332104440,0.000356838,3.101999998,True,GUIDED,True
64.437565,2026-09-01T20:07:49.538800+00:00,1788293269.538799524,1788293268.430738926,1788293267.993885994,1.317249417,-10.363784790,3.099999905,0.137972,-0.125379,-82.968154,172.968154,0.000177220,-0.001617226,-0.662410021,0.749139667,0.022490835,-0.330884844,0.000406309,0.331648334,0.000406309,3.101999998,True,GUIDED,True
64.532289,2026-09-01T20:07:49.633524+00:00,1788293269.633523941,1788293268.537703037,1788293268.472724915,1.317249417,-10.408311844,3.099999905,0.130711,-0.121283,-82.968239,172.968239,0.000153426,-0.001548471,-0.662410736,0.749139190,0.021783972,-0.330070138,0.000489154,0.330788206,0.000489154,3.101999998,True,GUIDED,True
65.001487,2026-09-01T20:07:50.102721+00:00,1788293270.102721214,1788293269.002547026,1788293268.912576914,1.339388013,-10.564158440,3.099999905,0.116754,-0.074876,-82.969159,172.969159,0.000330436,-0.001164416,-0.662417471,0.749133885,0.021685772,-0.329658955,0.000485168,0.330371457,0.000485168,3.101999998,True,GUIDED,True
65.604483,2026-09-01T20:07:50.705716+00:00,1788293270.705716372,1788293269.570355892,1788293269.413408995,1.361526728,-10.753400803,3.099999905,0.119670,-0.033262,-82.969113,172.969113,0.000590061,-0.000909221,-0.662417531,0.749134064,0.021883473,-0.327873260,0.000485887,0.328602740,0.000485887,3.101000071,True,GUIDED,True
65.818678,2026-09-01T20:07:50.919913+00:00,1788293270.919912815,1788293269.784284115,1788293269.603344917,1.372596025,-10.831323624,3.099999905,0.112516,-0.033503,-82.967162,172.967162,0.000541912,-0.000869438,-0.662404835,0.749145329,0.023204584,-0.331571251,0.000631873,0.332382231,0.000631873,3.101000071,True,GUIDED,True
66.066395,2026-09-01T20:07:51.167629+00:00,1788293271.167629242,1788293270.034199953,1788293270.011208057,1.383665323,-10.920378685,3.099999905,0.113981,-0.045408,-82.966960,172.966960,0.000482666,-0.000955732,-0.662403405,0.749146521,0.023829577,-0.333330780,0.000649194,0.334181474,0.000649194,3.101000071,True,GUIDED,True
66.171937,2026-09-01T20:07:51.273171+00:00,1788293271.273171425,1788293270.142163992,1788293270.082184076,1.383665323,-10.953774452,3.099999905,0.119139,-0.052651,-82.966084,172.966084,0.000474531,-0.001032895,-0.662397563,0.749151647,0.024688503,-0.335139096,0.000709781,0.336047222,0.000709781,3.101000071,True,GUIDED,True
66.375656,2026-09-01T20:07:51.476890+00:00,1788293271.476890087,1788293270.320103884,1788293270.154160023,1.394734621,-11.020565987,3.099999905,0.131337,-0.068800,-82.967312,172.967312,0.000460912,-0.001208988,-0.662405312,0.749144495,0.025257112,-0.336012095,0.000747765,0.336960012,0.000747765,3.101000071,True,GUIDED,True
66.445518,2026-09-01T20:07:51.546752+00:00,1788293271.546751976,1788293270.391079903,1788293270.380084038,1.394734621,-11.042829514,3.099999905,0.131735,-0.074566,-82.966840,172.966840,0.000430190,-0.001248983,-0.662402153,0.749147296,0.025395889,-0.336827129,0.000678682,0.337783164,0.000678682,3.101000071,True,GUIDED,True
66.640932,2026-09-01T20:07:51.742166+00:00,1788293271.742165804,1788293270.568021059,1788293270.522036076,1.405803919,-11.109621048,3.099999905,0.136165,-0.086427,-82.966104,172.966104,0.000390595,-0.001352131,-0.662397146,0.749151587,0.025354963,-0.337024540,0.000701960,0.337976944,0.000701960,3.101000071,True,GUIDED,True
66.696724,2026-09-01T20:07:51.797958+00:00,1788293271.797958136,1788293270.637996912,1788293270.594012022,1.405803919,-11.131884575,3.099999905,0.133306,-0.089775,-82.966633,172.966633,0.000352545,-0.001357492,-0.662400603,0.749148488,0.025182625,-0.337202370,0.000563416,0.338141395,0.000563416,3.101000071,True,GUIDED,True
66.749080,2026-09-01T20:07:51.850314+00:00,1788293271.850313663,1788293270.673985004,1788293270.594012022,1.416873336,-11.143016815,3.099999905,0.133656,-0.090546,-82.966698,172.966698,0.000350377,-0.001364549,-0.662401021,0.749148071,0.024875343,-0.337158591,0.000559584,0.338074989,0.000559584,3.101000071,True,GUIDED,True
67.058657,2026-09-01T20:07:52.159891+00:00,1788293272.159890890,1788293270.995877028,1788293270.965887070,1.427942634,-11.254335403,3.099999905,0.137553,-0.121665,-82.966021,172.966021,0.000195981,-0.001590519,-0.662396133,0.749152005,0.025039634,-0.337355107,0.000491598,0.338283094,0.000491598,3.101999998,True,GUIDED,True
67.313886,2026-09-01T20:07:52.415120+00:00,1788293272.415120363,1788293271.206805944,1788293271.191811085,1.439011931,-11.332258224,3.099999905,0.135004,-0.139250,-82.966774,172.966774,0.000077651,-0.001690748,-0.662400842,0.749147654,0.024629489,-0.337042689,0.000194354,0.337941395,0.000194354,3.101999998,True,GUIDED,True
67.470735,2026-09-01T20:07:52.571969+00:00,1788293272.571969271,1788293271.384746075,1788293271.191811085,1.439011931,-11.399049759,3.099999905,0.125764,-0.139049,-82.967894,172.967894,0.000018394,-0.001636022,-0.662408292,0.749141276,0.024044594,-0.335764736,-0.000024703,0.336624569,-0.000024703,3.101999998,True,GUIDED,True
67.507373,2026-09-01T20:07:52.608608+00:00,1788293272.608608246,1788293271.420733929,1788293271.191811085,1.439011931,-11.410181999,3.099999905,0.124963,-0.139945,-82.967519,172.967519,0.000007979,-0.001637247,-0.662405849,0.749143362,0.023691734,-0.334529996,-0.000170948,0.335367882,-0.000170948,3.101999998,True,GUIDED,True
67.691404,2026-09-01T20:07:52.792639+00:00,1788293272.792638540,1788293271.600673914,1788293271.572683096,1.450081229,-11.465841293,3.099999905,0.115877,-0.133222,-82.967477,172.967477,-0.000012552,-0.001540780,-0.662405789,0.749143660,0.023490507,-0.334145069,-0.000192291,0.334969747,-0.000192291,3.101999998,True,GUIDED,True
67.858858,2026-09-01T20:07:52.960092+00:00,1788293272.960091829,1788293271.742625952,1788293271.703639030,1.461150527,-11.521500587,3.099999905,0.109929,-0.124434,-82.968232,172.968232,-0.000000651,-0.001448938,-0.662410915,0.749139249,0.023459103,-0.332712919,-0.000363708,0.333538927,-0.000363708,3.101999998,True,GUIDED,True
68.489728,2026-09-01T20:07:53.590963+00:00,1788293273.590962887,1788293272.382411003,1788293272.227463007,1.483289242,-11.733006477,3.099999905,0.116372,-0.061846,-82.968419,172.968419,0.000403271,-0.001077023,-0.662412763,0.749138236,0.023829704,-0.331769884,-0.000471879,0.332624579,-0.000471879,3.101999998,True,GUIDED,True
68.558263,2026-09-01T20:07:53.659497+00:00,1788293273.659497261,1788293272.453387022,1788293272.382411003,1.483289242,-11.766402245,3.099999905,0.118660,-0.064325,-82.969657,172.969657,0.000403885,-0.001106459,-0.662420809,0.749131024,0.024550287,-0.330594361,-0.000848641,0.331504673,-0.000848641,3.101999998,True,GUIDED,True
68.801678,2026-09-01T20:07:53.902913+00:00,1788293273.902913332,1788293272.667315006,1788293272.643322945,1.494358540,-11.833192825,3.099999905,0.124955,-0.062464,-82.969809,172.969809,0.000455793,-0.001130687,-0.662421763,0.749130070,0.024356011,-0.330633521,-0.000916526,0.331529396,-0.000916526,3.101999998,True,GUIDED,True
69.554093,2026-09-01T20:07:54.655328+00:00,1788293274.655327797,1788293273.412065029,1788293273.393070936,1.527566552,-12.100358009,3.099999905,0.139039,-0.091659,-82.969181,172.969181,0.000379105,-0.001402959,-0.662417173,0.749133706,0.024894116,-0.331757754,-0.001110273,0.332690433,-0.001110273,3.101999998,True,GUIDED,True
69.584544,2026-09-01T20:07:54.685778+00:00,1788293274.685777664,1788293273.447052956,1788293273.393070936,1.527566552,-12.111490250,3.099999905,0.141136,-0.093886,-82.969956,172.969956,0.000379926,-0.001429640,-0.662422180,0.749129295,0.024308830,-0.334216833,-0.001331325,0.335099703,-0.001331325,3.101999998,True,GUIDED,True
69.618448,2026-09-01T20:07:54.719682+00:00,1788293274.719681978,1788293273.483041048,1788293273.465046883,1.527566552,-12.122622490,3.099999905,0.141535,-0.095472,-82.968884,172.968884,0.000373388,-0.001442308,-0.662415147,0.749135494,0.024142701,-0.334166944,-0.001371708,0.335037933,-0.001371708,3.101999998,True,GUIDED,True
69.707216,2026-09-01T20:07:54.808450+00:00,1788293274.808450460,1788293273.555016994,1788293273.465046883,1.538635850,-12.144886017,3.099999905,0.138415,-0.097849,-82.969065,172.969065,0.000339243,-0.001439818,-0.662416339,0.749134421,0.024174584,-0.334271401,-0.001324427,0.335144417,-0.001324427,3.101999998,True,GUIDED,True
69.746260,2026-09-01T20:07:54.847494+00:00,1788293274.847493649,1788293273.591005087,1788293273.465046883,1.538635850,-12.156018257,3.099999905,0.141010,-0.099319,-82.968726,172.968726,0.000347714,-0.001464425,-0.662414074,0.749136329,0.024130596,-0.334221900,-0.001380225,0.335091874,-0.001380225,3.101999998,True,GUIDED,True
69.791620,2026-09-01T20:07:54.892854+00:00,1788293274.892854452,1788293273.625993013,1788293273.465046883,1.538635850,-12.167149544,3.099999905,0.138423,-0.099036,-82.968867,172.968867,0.000332436,-0.001447623,-0.662415028,0.749135613,0.023910774,-0.334028274,-0.001383365,0.334882984,-0.001383365,3.101999998,True,GUIDED,True
69.824824,2026-09-01T20:07:54.926058+00:00,1788293274.926057816,1788293273.660980940,1788293273.642987013,1.538635850,-12.178281784,3.099999905,0.135283,-0.098721,-82.968678,172.968678,0.000313736,-0.001427406,-0.662413836,0.749136686,0.023671752,-0.333952069,-0.001305103,0.334789989,-0.001305103,3.101999998,True,GUIDED,True
70.324592,2026-09-01T20:07:55.425827+00:00,1788293275.425826788,1788293274.157814026,1788293274.146817923,1.560774446,-12.356391907,3.099999905,0.139128,-0.124861,-82.968420,172.968420,0.000187767,-0.001620527,-0.662411749,0.749138176,0.023894394,-0.334097147,-0.001302540,0.334950512,-0.001302540,3.101000071,True,GUIDED,True
70.401316,2026-09-01T20:07:55.502551+00:00,1788293275.502550602,1788293274.226790905,1788293274.169810057,1.560774446,-12.378655434,3.099999905,0.135373,-0.131021,-82.968653,172.968653,0.000127608,-0.001639092,-0.662413239,0.749136806,0.022882374,-0.333448976,-0.000872031,0.334233186,-0.000872031,3.101000071,True,GUIDED,True
70.957283,2026-09-01T20:07:56.058517+00:00,1788293276.058517456,1788293274.758611917,1788293274.741617918,1.582913160,-12.567897797,3.099999905,0.109823,-0.119855,-82.968597,172.968597,0.000025126,-0.001418396,-0.662413359,0.749137163,0.022496583,-0.332861930,-0.000785508,0.333621283,-0.000785508,3.101000071,True,GUIDED,True
71.189573,2026-09-01T20:07:56.290808+00:00,1788293276.290807962,1788293274.973540068,1788293274.967541933,1.593982458,-12.645820618,3.099999905,0.114486,-0.092665,-82.967891,172.967891,0.000212789,-0.001267594,-0.662409008,0.749141276,0.022172185,-0.328904450,-0.000383101,0.329650941,-0.000383101,3.101000071,True,GUIDED,True
71.273445,2026-09-01T20:07:56.374680+00:00,1788293276.374679565,1788293275.044516087,1788293274.967541933,1.593982458,-12.668084145,3.099999905,0.111062,-0.085574,-82.968894,172.968894,0.000231383,-0.001201446,-0.662415683,0.749135435,0.022368496,-0.328108013,-0.000242997,0.328869606,-0.000242997,3.101000071,True,GUIDED,True
71.434192,2026-09-01T20:07:56.535427+00:00,1788293276.535427094,1788293275.220457077,1788293275.099498034,1.605051756,-12.723744392,3.099999905,0.114171,-0.074308,-82.968909,172.968909,0.000316837,-0.001145772,-0.662415862,0.749135375,0.022368072,-0.327964753,-0.000193982,0.328726649,-0.000193982,3.101000071,True,GUIDED,True
71.994735,2026-09-01T20:07:57.095970+00:00,1788293277.095969677,1788293275.753278017,1788293275.657310009,1.627190351,-12.912985802,3.099999905,0.112655,-0.052624,-82.969112,172.969112,0.000432270,-0.000995243,-0.662417412,0.749134183,0.022767110,-0.328318149,-0.000136860,0.329106591,-0.000136860,3.099999905,True,GUIDED,True
72.189731,2026-09-01T20:07:57.290966+00:00,1788293277.290965796,1788293275.964206934,1788293275.800261974,1.638259768,-12.979777336,3.099999905,0.113025,-0.027041,-82.967465,172.967465,0.000582593,-0.000830132,-0.662406862,0.749143541,0.023882078,-0.329256177,-0.000070732,0.330121165,-0.000070732,3.099999905,True,GUIDED,True
72.226846,2026-09-01T20:07:57.328081+00:00,1788293277.328080893,1788293276.000195026,1788293275.800261974,1.638259768,-12.990909576,3.099999905,0.115064,-0.024536,-82.969479,172.969479,0.000610385,-0.000825556,-0.662420034,0.749131918,0.024324693,-0.330347180,0.000087973,0.331241529,0.000087973,3.099999905,True,GUIDED,True
72.413491,2026-09-01T20:07:57.514726+00:00,1788293277.514725685,1788293276.176136017,1788293276.074170113,1.649329066,-13.046568871,3.099999905,0.121130,-0.016252,-82.968245,172.968245,0.000697938,-0.000806454,-0.662411988,0.749139011,0.024367731,-0.330605745,0.000061524,0.331502557,0.000061524,3.099999905,True,GUIDED,True
72.726776,2026-09-01T20:07:57.828010+00:00,1788293277.828010082,1788293276.493029118,1788293276.467037916,1.660398364,-13.157887459,3.099999905,0.136635,-0.032799,-82.966772,172.966772,0.000703665,-0.001004250,-0.662402093,0.749147475,0.024719093,-0.332213104,0.000070754,0.333131475,0.000070754,3.099999905,True,GUIDED,True
73.048325,2026-09-01T20:07:58.149560+00:00,1788293278.149559736,1788293276.778933048,1788293276.746943951,1.671467662,-13.258074760,3.099999905,0.138070,-0.056167,-82.965826,172.965826,0.000577967,-0.001165310,-0.662395656,0.749153078,0.025166975,-0.335373849,0.000027270,0.336316808,0.000027270,3.099999905,True,GUIDED,True
73.136776,2026-09-01T20:07:58.238011+00:00,1788293278.238010645,1788293276.885896921,1788293276.746943951,1.682536960,-13.302601814,3.099999905,0.133588,-0.063711,-82.967718,172.967718,0.000505048,-0.001188730,-0.662407994,0.749142170,0.024727905,-0.337323546,0.000120297,0.338228686,0.000120297,3.099999905,True,GUIDED,True
73.246272,2026-09-01T20:07:58.347506+00:00,1788293278.347506285,1788293276.993860960,1788293276.912888050,1.682536960,-13.335997581,3.099999905,0.132838,-0.074601,-82.967836,172.967836,0.000437192,-0.001255590,-0.662408650,0.749141514,0.024596028,-0.337848872,0.000148187,0.338743007,0.000148187,3.099999905,True,GUIDED,True
73.301081,2026-09-01T20:07:58.402316+00:00,1788293278.402315617,1788293277.028848886,1788293276.912888050,1.682536960,-13.347129822,3.099999905,0.133367,-0.080002,-82.967326,172.967326,0.000409430,-0.001293956,-0.662405252,0.749144435,0.024326334,-0.338268936,0.000168549,0.339142512,0.000168549,3.099999905,True,GUIDED,True
73.336983,2026-09-01T20:07:58.438217+00:00,1788293278.438217163,1788293277.064836979,1788293276.912888050,1.682536960,-13.358261108,3.099999905,0.133872,-0.083468,-82.966950,172.966950,0.000392703,-0.001319527,-0.662402749,0.749146581,0.024365520,-0.338369042,0.000174029,0.339245172,0.000174029,3.099999905,True,GUIDED,True
73.542731,2026-09-01T20:07:58.643966+00:00,1788293278.643966198,1788293277.243777037,1788293277.222784042,1.693606377,-13.425052643,3.099999905,0.133626,-0.105834,-82.967431,172.967431,0.000261799,-0.001464323,-0.662405610,0.749143958,0.024241900,-0.338437706,0.000123481,0.339304805,0.000123481,3.099999905,True,GUIDED,True
73.578857,2026-09-01T20:07:58.680092+00:00,1788293278.680091619,1788293277.278764963,1788293277.258771896,1.693606377,-13.436184883,3.099999905,0.130294,-0.108133,-82.966881,172.966881,0.000226732,-0.001460100,-0.662402034,0.749147058,0.023963483,-0.338302821,0.000227865,0.339150479,0.000227865,3.099999905,True,GUIDED,True
73.767775,2026-09-01T20:07:58.869009+00:00,1788293278.869008780,1788293277.493693113,1788293277.320750952,1.704675674,-13.514107704,3.099999905,0.124464,-0.121458,-82.967370,172.967370,0.000111591,-0.001513510,-0.662405133,0.749144197,0.024045156,-0.338277578,0.000182390,0.339131080,0.000182390,3.099999905,True,GUIDED,True
73.925776,2026-09-01T20:07:59.027010+00:00,1788293279.027009964,1788293277.635644913,1788293277.594659090,1.704675674,-13.558635712,3.099999905,0.117993,-0.122389,-82.967696,172.967696,0.000063897,-0.001482193,-0.662407339,0.749142349,0.023405623,-0.337098747,0.000226543,0.337910326,0.000226543,3.099999905,True,GUIDED,True
74.150658,2026-09-01T20:07:59.251891+00:00,1788293279.251891136,1788293277.850573063,1788293277.796591043,1.715744972,-13.636558533,3.099999905,0.105854,-0.116858,-82.966450,172.966450,0.000016526,-0.001375854,-0.662399411,0.749149561,0.023017932,-0.336096048,0.000190639,0.336883331,0.000190639,3.099999905,True,GUIDED,True
74.302275,2026-09-01T20:07:59.403511+00:00,1788293279.403510571,1788293278.026514053,1788293277.951539040,1.726814270,-13.703350067,3.099999905,0.104144,-0.105514,-82.967677,172.967677,0.000070905,-0.001291809,-0.662407577,0.749142587,0.023162274,-0.334637254,0.000132830,0.335437897,0.000132830,3.099999905,True,GUIDED,True
74.878644,2026-09-01T20:07:59.979878+00:00,1788293279.979878187,1788293278.556335926,1788293278.537342072,1.748952866,-13.881460190,3.089999914,0.132758,-0.088774,-82.968116,172.968116,0.000354729,-0.001347784,-0.662410319,0.749139845,0.023713317,-0.333729625,0.000186443,0.334571045,0.000186443,3.098999977,True,GUIDED,True
75.052236,2026-09-01T20:08:00.153471+00:00,1788293280.153470516,1788293278.734276056,1788293278.656301975,1.760022283,-13.948251724,3.089999914,0.136745,-0.082325,-82.968084,172.968084,0.000418077,-0.001328673,-0.662410140,0.749140024,0.024684751,-0.332778692,0.000121197,0.333692965,0.000121197,3.098999977,True,GUIDED,True
75.635706,2026-09-01T20:08:00.736940+00:00,1788293280.736939669,1788293279.266097069,1788293279.228110075,1.782160997,-14.126361847,3.089999914,0.135723,-0.075133,-82.968516,172.968516,0.000452967,-0.001275748,-0.662413061,0.749137580,0.024311328,-0.332705736,0.000234161,0.333592787,0.000234161,3.098999977,True,GUIDED,True
75.757208,2026-09-01T20:08:00.858442+00:00,1788293280.858442068,1788293279.409049034,1788293279.311081886,1.782160997,-14.182021141,3.089999914,0.133676,-0.071775,-82.968570,172.968570,0.000458997,-0.001241957,-0.662413478,0.749137163,0.023177112,-0.333545148,0.000215696,0.334349435,0.000215696,3.098999977,True,GUIDED,True
75.937502,2026-09-01T20:08:01.038737+00:00,1788293281.038736820,1788293279.584990025,1788293279.525010109,1.793230295,-14.237680435,3.089999914,0.128449,-0.076884,-82.967750,172.967750,0.000395299,-0.001245142,-0.662408113,0.749142051,0.022850800,-0.333818853,0.000129151,0.334600038,0.000129151,3.098999977,True,GUIDED,True
76.123773,2026-09-01T20:08:01.225007+00:00,1788293281.225007296,1788293279.762929916,1788293279.608982086,1.804299593,-14.304471970,3.089999914,0.123486,-0.086068,-82.968231,172.968231,0.000309764,-0.001276495,-0.662411213,0.749139190,0.022706510,-0.334099114,0.000109700,0.334869831,0.000109700,3.098999977,True,GUIDED,True
76.836893,2026-09-01T20:08:01.938127+00:00,1788293281.938126802,1788293280.477689981,1788293280.456696987,1.826438308,-14.549372673,3.089999914,0.097402,-0.134680,-82.967726,172.967726,-0.000141766,-0.001443517,-0.662407637,0.749142170,0.022781704,-0.334525347,0.000215422,0.335300184,0.000215422,3.098999977,True,GUIDED,True
76.941124,2026-09-01T20:08:02.042358+00:00,1788293282.042357683,1788293280.548666000,1788293280.527673006,1.837507606,-14.582768440,3.089999914,0.097820,-0.133535,-82.967542,172.967542,-0.000132412,-0.001438447,-0.662406445,0.749143243,0.023284933,-0.332058102,0.000055293,0.332873506,0.000055293,3.098999977,True,GUIDED,True
77.255710,2026-09-01T20:08:02.356944+00:00,1788293282.356944323,1788293280.870558023,1788293280.850564957,1.848576903,-14.694087982,3.099999905,0.105440,-0.106379,-82.968554,172.968554,0.000074371,-0.001304963,-0.662413299,0.749137342,0.023540577,-0.331529498,0.000016978,0.332364208,0.000016978,3.099999905,True,GUIDED,True
77.447625,2026-09-01T20:08:02.548859+00:00,1788293282.548859119,1788293281.048497915,1788293281.004513025,1.859646201,-14.749747276,3.099999905,0.120625,-0.092855,-82.968621,172.968621,0.000251814,-0.001304324,-0.662413716,0.749136925,0.024473675,-0.329170257,-0.000251915,0.330078807,-0.000251915,3.099999905,True,GUIDED,True
77.465876,2026-09-01T20:08:02.567110+00:00,1788293282.567110300,1788293281.084486008,1788293281.004513025,1.859646201,-14.760878563,3.099999905,0.122840,-0.089184,-82.969822,172.969822,0.000287503,-0.001293137,-0.662421584,0.749130011,0.024746411,-0.328648448,-0.000353536,0.329578803,-0.000353536,3.099999905,True,GUIDED,True
77.569526,2026-09-01T20:08:02.670760+00:00,1788293282.670760155,1788293281.191450119,1788293281.161459923,1.859646201,-14.805406570,3.099999905,0.124810,-0.079491,-82.970037,172.970037,0.000356415,-0.001241159,-0.662423074,0.749128759,0.024928717,-0.328769743,-0.000373536,0.329713489,-0.000373536,3.099999905,True,GUIDED,True
77.634933,2026-09-01T20:08:02.736167+00:00,1788293282.736167192,1788293281.227437973,1788293281.161459923,1.859646201,-14.816537857,3.099999905,0.126283,-0.077092,-82.969743,172.969743,0.000379916,-0.001233986,-0.662421167,0.749130428,0.024968073,-0.328909844,-0.000496056,0.329856166,-0.000496056,3.099999905,True,GUIDED,True
77.690940,2026-09-01T20:08:02.792174+00:00,1788293282.792174101,1788293281.298413992,1788293281.161459923,1.870715618,-14.838802338,3.099999905,0.127199,-0.073259,-82.969629,172.969629,0.000408062,-0.001214227,-0.662420452,0.749131143,0.024825610,-0.328774095,-0.000560568,0.329710049,-0.000560568,3.099999905,True,GUIDED,True
77.744042,2026-09-01T20:08:02.845276+00:00,1788293282.845275879,1788293281.334402084,1788293281.316407919,1.870715618,-14.849933624,3.099999905,0.125593,-0.071796,-82.968813,172.968813,0.000406030,-0.001195370,-0.662415147,0.749135852,0.024892373,-0.329038203,-0.000681311,0.329978437,-0.000681311,3.099999905,True,GUIDED,True
78.060045,2026-09-01T20:08:03.161279+00:00,1788293283.161279202,1788293281.652295113,1788293281.614308119,1.881784916,-14.961253166,3.099999905,0.129658,-0.064815,-82.971598,172.971598,0.000472930,-0.001173242,-0.662433386,0.749119759,0.024903998,-0.329150528,-0.000683179,0.330091319,-0.000683179,3.099999905,True,GUIDED,True
78.085960,2026-09-01T20:08:03.187194+00:00,1788293283.187194109,1788293281.686284065,1788293281.614308119,1.881784916,-14.972384453,3.099999905,0.129485,-0.065193,-82.969655,172.969655,0.000469638,-0.001174710,-0.662420690,0.749130905,0.024435380,-0.330110937,-0.001054385,0.331014076,-0.001054385,3.099999905,True,GUIDED,True
78.191505,2026-09-01T20:08:03.292740+00:00,1788293283.292739868,1788293281.756259918,1788293281.686284065,1.881784916,-14.994648933,3.099999905,0.128284,-0.065000,-82.970756,172.970756,0.000462890,-0.001166508,-0.662427902,0.749124527,0.024519498,-0.330439001,-0.001151349,0.331347460,-0.001151349,3.099999905,True,GUIDED,True
78.384997,2026-09-01T20:08:03.486231+00:00,1788293283.486231327,1788293281.969188929,1788293281.852227926,1.892854214,-15.072571754,3.099999905,0.128716,-0.069563,-82.971185,172.971185,0.000439331,-0.001198840,-0.662430644,0.749122143,0.024537604,-0.330862015,-0.001146516,0.331770655,-0.001146516,3.099999905,True,GUIDED,True
78.458252,2026-09-01T20:08:03.559486+00:00,1788293283.559485912,1788293282.039165020,1788293282.006175995,1.892854214,-15.094835281,3.099999905,0.132169,-0.079053,-82.971918,172.971918,0.000407037,-0.001280842,-0.662435293,0.749117970,0.024222285,-0.331738651,-0.001346203,0.332621784,-0.001346203,3.099999905,True,GUIDED,True
78.730575,2026-09-01T20:08:03.831809+00:00,1788293283.831809282,1788293282.286082029,1788293282.233099937,1.903923512,-15.183890343,3.099999905,0.123804,-0.092363,-82.969839,172.969839,0.000275431,-0.001319489,-0.662421644,0.749129951,0.023752941,-0.331661791,-0.001378756,0.332511271,-0.001378756,3.099999905,True,GUIDED,True
78.934221,2026-09-01T20:08:04.035455+00:00,1788293284.035454750,1788293282.498011112,1788293282.364056110,1.914992809,-15.250681877,3.099999905,0.119810,-0.063193,-82.968462,172.968462,0.000417952,-0.001105702,-0.662413001,0.749137878,0.023613388,-0.331100762,-0.001450833,0.331941722,-0.001450833,3.099999905,True,GUIDED,True
79.217898,2026-09-01T20:08:04.319132+00:00,1788293284.319132328,1788293282.747926950,1788293282.625967979,1.926062226,-15.339736938,3.099999905,0.133794,-0.049097,-82.969919,172.969919,0.000590849,-0.001094390,-0.662422538,0.749129295,0.023682330,-0.330929548,-0.001475409,0.331775855,-0.001475409,3.099999905,True,GUIDED,True
79.277480,2026-09-01T20:08:04.378714+00:00,1788293284.378714085,1788293282.818902969,1788293282.768919945,1.937131524,-15.362000465,3.099999905,0.138445,-0.054859,-82.969316,172.969316,0.000587951,-0.001158945,-0.662418485,0.749132872,0.024176262,-0.332279086,-0.001342354,0.333157444,-0.001342354,3.099999905,True,GUIDED,True
79.359260,2026-09-01T20:08:04.460494+00:00,1788293284.460494041,1788293282.889878988,1788293282.851891994,1.937131524,-15.384263992,3.089999914,0.143794,-0.058761,-82.968383,172.968383,0.000600370,-0.001215373,-0.662412286,0.749138236,0.024031777,-0.332568645,-0.001297630,0.333435796,-0.001297630,3.099999905,True,GUIDED,True
79.506299,2026-09-01T20:08:04.607533+00:00,1788293284.607532978,1788293283.066819906,1788293283.041827917,1.948200822,-15.451055527,3.089999914,0.143366,-0.069544,-82.968656,172.968656,0.000535233,-0.001283392,-0.662413955,0.749136686,0.024004657,-0.333039552,-0.001266135,0.333903529,-0.001266135,3.098999977,True,GUIDED,True
79.617738,2026-09-01T20:08:04.718973+00:00,1788293284.718972683,1788293283.172784090,1788293283.090811968,1.948200822,-15.484451294,3.089999914,0.140334,-0.074880,-82.968305,172.968305,0.000484574,-0.001300740,-0.662411630,0.749138772,0.023518575,-0.333845377,-0.001062459,0.334672764,-0.001062459,3.098999977,True,GUIDED,True
79.855419,2026-09-01T20:08:04.956653+00:00,1788293284.956653357,1788293283.386712074,1788293283.339728117,1.959270120,-15.562374115,3.089999914,0.133857,-0.081308,-82.968752,172.968752,0.000405067,-0.001305331,-0.662414551,0.749136209,0.023108436,-0.333993495,-0.000976800,0.334791957,-0.000976800,3.098999977,True,GUIDED,True
80.070619,2026-09-01T20:08:05.171854+00:00,1788293285.171854258,1788293283.601639986,1788293283.577647924,1.970339417,-15.629165649,3.089999914,0.122229,-0.084731,-82.969167,172.969167,0.000309257,-0.001260491,-0.662417352,0.749133885,0.022598715,-0.334296972,-0.000760832,0.335059946,-0.000760832,3.098999977,True,GUIDED,True
80.144095,2026-09-01T20:08:05.245329+00:00,1788293285.245328903,1788293283.672616005,1788293283.601639986,1.970339417,-15.662561417,3.089999914,0.115157,-0.083946,-82.968816,172.968816,0.000267565,-0.001214476,-0.662415147,0.749135852,0.022137720,-0.334265381,-0.000565031,0.334997647,-0.000565031,3.098999977,True,GUIDED,True
80.171616,2026-09-01T20:08:05.272851+00:00,1788293285.272850752,1788293283.706604958,1788293283.672616005,1.970339417,-15.673693657,3.089999914,0.110523,-0.082769,-82.968333,172.968333,0.000244082,-0.001179992,-0.662412047,0.749138713,0.022022409,-0.334159195,-0.000534941,0.334884091,-0.000534941,3.098999977,True,GUIDED,True
80.265744,2026-09-01T20:08:05.366978+00:00,1788293285.366978407,1788293283.776581049,1788293283.672616005,1.970339417,-15.695957184,3.089999914,0.107328,-0.079038,-82.968103,172.968103,0.000244765,-0.001137136,-0.662410617,0.749140024,0.022187594,-0.334220707,-0.000517603,0.334956371,-0.000517603,3.098999977,True,GUIDED,True
80.465964,2026-09-01T20:08:05.567198+00:00,1788293285.567198277,1788293283.988509893,1788293283.876548052,1.981408834,-15.773880005,3.089999914,0.097358,-0.074757,-82.967462,172.967462,0.000204341,-0.001051511,-0.662406564,0.749143720,0.022167578,-0.334054142,-0.000446654,0.334788846,-0.000446654,3.098999977,True,GUIDED,True
80.745990,2026-09-01T20:08:05.847224+00:00,1788293285.847223759,1788293284.238425970,1788293284.142457962,1.992478013,-15.851803780,3.089999914,0.100473,-0.068617,-82.967686,172.967686,0.000260193,-0.001029376,-0.662408054,0.749142468,0.022881096,-0.333947957,-0.000341459,0.334730910,-0.000341459,3.098999977,True,GUIDED,True
81.202088,2026-09-01T20:08:06.303324+00:00,1788293286.303323507,1788293284.699270964,1788293284.583309889,2.014616728,-16.018781662,3.089999914,0.132479,-0.080102,-82.967398,172.967398,0.000403045,-0.001289477,-0.662405729,0.749144077,0.023798818,-0.334122628,-0.000325094,0.334969124,-0.000325094,3.098000050,True,GUIDED,True
81.486177,2026-09-01T20:08:06.587411+00:00,1788293286.587410927,1788293284.982176065,1788293284.785242081,2.025686026,-16.107837677,3.089999914,0.141225,-0.079114,-82.966436,172.966436,0.000465944,-0.001333568,-0.662399352,0.749149621,0.024950569,-0.334616393,-0.000356185,0.335545319,-0.000356185,3.098000050,True,GUIDED,True
81.557673,2026-09-01T20:08:06.658907+00:00,1788293286.658907413,1788293285.053152084,1788293284.785242081,2.025686264,-16.141233444,3.089999914,0.142817,-0.080713,-82.967399,172.967399,0.000467105,-0.001353229,-0.662405610,0.749143958,0.024295529,-0.334742635,-0.000391514,0.335623159,-0.000391514,3.098000050,True,GUIDED,True
81.934800,2026-09-01T20:08:07.036034+00:00,1788293287.036034107,1788293285.410032034,1788293285.369045973,2.047824860,-16.263683319,3.089999914,0.140664,-0.080742,-82.967039,172.967039,0.000452859,-0.001340972,-0.662403286,0.749146044,0.023740811,-0.334590405,-0.000414369,0.335431611,-0.000414369,3.098000050,True,GUIDED,True
82.005108,2026-09-01T20:08:07.106342+00:00,1788293287.106342077,1788293285.482007980,1788293285.465013981,2.047824860,-16.285947800,3.089999914,0.137035,-0.084384,-82.966502,172.966502,0.000408093,-0.001343800,-0.662399769,0.749149203,0.023002895,-0.335035682,-0.000320870,0.335824420,-0.000320870,3.098000050,True,GUIDED,True
82.128742,2026-09-01T20:08:07.229975+00:00,1788293287.229975462,1788293285.586972952,1788293285.546986103,2.047824860,-16.319343567,3.089999914,0.135190,-0.088179,-82.966843,172.966843,0.000374089,-0.001357949,-0.662401974,0.749147236,0.022799486,-0.335153043,-0.000309974,0.335927640,-0.000309974,3.098000050,True,GUIDED,True
82.395345,2026-09-01T20:08:07.496579+00:00,1788293287.496579409,1788293285.832890034,1788293285.749917984,2.058893919,-16.408397675,3.089999914,0.120344,-0.098346,-82.966990,172.966990,0.000218261,-0.001338594,-0.662402987,0.749146461,0.022479257,-0.335174590,-0.000303331,0.335927556,-0.000303331,3.098000050,True,GUIDED,True
82.557541,2026-09-01T20:08:07.658775+00:00,1788293287.658774853,1788293286.010829926,1788293285.832890034,2.069963455,-16.475189209,3.089999914,0.114542,-0.114085,-82.967810,172.967810,0.000089335,-0.001407948,-0.662408233,0.749141693,0.022090439,-0.335052192,-0.000380351,0.335779629,-0.000380351,3.098000050,True,GUIDED,True
82.734178,2026-09-01T20:08:07.835412+00:00,1788293287.835411549,1788293286.190769911,1788293286.094801903,2.081032753,-16.541980743,3.089999914,0.111803,-0.117831,-82.969052,172.969052,0.000049759,-0.001416605,-0.662416339,0.749134541,0.022218551,-0.334604800,-0.000361531,0.335341671,-0.000361531,3.098000050,True,GUIDED,True
82.907746,2026-09-01T20:08:08.008981+00:00,1788293288.008980751,1788293286.332721949,1788293286.311728954,2.081032753,-16.586507797,3.089999914,0.104639,-0.121060,-82.968671,172.968671,-0.000015731,-0.001396305,-0.662413895,0.749136746,0.022295905,-0.333911747,-0.000353232,0.334655288,-0.000353232,3.098000050,True,GUIDED,True
82.935779,2026-09-01T20:08:08.037014+00:00,1788293288.037013531,1788293286.368710041,1788293286.311728954,2.081032753,-16.597639084,3.089999914,0.102503,-0.120592,-82.968866,172.968866,-0.000026994,-0.001380899,-0.662415206,0.749135554,0.022388382,-0.333183348,-0.000316107,0.333934699,-0.000316107,3.098000050,True,GUIDED,True
83.488640,2026-09-01T20:08:08.589875+00:00,1788293288.589874744,1788293286.900531054,1788293286.886535883,2.103171349,-16.786882401,3.089999914,0.099009,-0.088714,-82.968862,172.968862,0.000134437,-0.001152298,-0.662415564,0.749135673,0.022443954,-0.332922697,-0.000374567,0.333678368,-0.000374567,3.098000050,True,GUIDED,True
83.938409,2026-09-01T20:08:09.039643+00:00,1788293289.039643288,1788293287.327388048,1788293287.255412102,2.125310183,-16.931596756,3.089999914,0.126027,-0.063806,-82.969137,172.969137,0.000455049,-0.001145654,-0.662417352,0.749133885,0.024010155,-0.329957187,-0.000424042,0.330829613,-0.000424042,3.098000050,True,GUIDED,True
84.039419,2026-09-01T20:08:09.140654+00:00,1788293289.140653849,1788293287.433351994,1788293287.385368109,2.125310183,-16.964992523,3.089999914,0.138288,-0.072651,-82.969081,172.969081,0.000484077,-0.001274353,-0.662416756,0.749134243,0.025211062,-0.330865294,-0.000475329,0.331824412,-0.000475329,3.098000050,True,GUIDED,True
84.120103,2026-09-01T20:08:09.221337+00:00,1788293289.221336842,1788293287.505327940,1788293287.433351994,2.136379480,-16.987255096,3.089999914,0.136886,-0.077002,-82.967272,172.967272,0.000449779,-0.001294683,-0.662404895,0.749144673,0.024851516,-0.331220597,-0.000436202,0.332151595,-0.000436202,3.098000050,True,GUIDED,True
85.007273,2026-09-01T20:08:10.108507+00:00,1788293290.108507156,1788293288.359040976,1788293288.338047981,2.169587374,-17.287817001,3.089999914,0.112956,-0.083640,-82.969586,172.969586,0.000254938,-0.001199756,-0.662420213,0.749131382,0.024913544,-0.331578434,-0.000441255,0.332513071,-0.000441255,3.098000050,True,GUIDED,True
85.541435,2026-09-01T20:08:10.642669+00:00,1788293290.642668962,1788293288.893861055,1788293288.873867989,2.191726208,-17.477058411,3.089999914,0.118181,-0.092098,-82.968679,172.968679,0.000240210,-0.001285251,-0.662414134,0.749136627,0.023239426,-0.331545264,-0.000440332,0.332358741,-0.000440332,3.098000050,True,GUIDED,True
85.716220,2026-09-01T20:08:10.817454+00:00,1788293290.817454100,1788293289.069802046,1788293289.051808119,2.202795267,-17.532718658,3.089999914,0.126801,-0.091482,-82.968374,172.968374,0.000300132,-0.001331047,-0.662412047,0.749138355,0.024255503,-0.331570536,-0.000504789,0.332456538,-0.000504789,3.096999884,True,GUIDED,True
86.080333,2026-09-01T20:08:11.181567+00:00,1788293291.181566954,1788293289.420684099,1788293289.362704039,2.213864803,-17.655168533,3.089999914,0.129086,-0.076208,-82.969027,172.969027,0.000403354,-0.001244408,-0.662416458,0.749134660,0.024184838,-0.331147462,-0.000470650,0.332029439,-0.000470650,3.096999884,True,GUIDED,True
86.245457,2026-09-01T20:08:11.346692+00:00,1788293291.346691847,1788293289.563636065,1788293289.551640034,2.224933863,-17.710828781,3.089999914,0.120784,-0.069357,-82.968373,172.968373,0.000388691,-0.001151625,-0.662412345,0.749138415,0.023282694,-0.330993652,-0.000559106,0.331811515,-0.000559106,3.096999884,True,GUIDED,True
86.568213,2026-09-01T20:08:11.669447+00:00,1788293291.669447184,1788293289.884527922,1788293289.862535954,2.236003399,-17.811016083,3.089999914,0.117848,-0.058747,-82.968543,172.968543,0.000430831,-0.001065294,-0.662413597,0.749137402,0.023317583,-0.331114501,-0.000559794,0.331934515,-0.000559794,3.096999884,True,GUIDED,True
86.606396,2026-09-01T20:08:11.707630+00:00,1788293291.707629681,1788293289.920516014,1788293289.908519983,2.236003399,-17.833278656,3.089999914,0.115642,-0.056733,-82.969513,172.969513,0.000428040,-0.001039381,-0.662419975,0.749131858,0.023304617,-0.331430703,-0.000509762,0.332249028,-0.000509762,3.096999884,True,GUIDED,True
86.774680,2026-09-01T20:08:11.875914+00:00,1788293291.875914335,1788293290.099456072,1788293290.087460041,2.247072697,-17.888938904,3.089999914,0.116756,-0.045884,-82.967785,172.967785,0.000498059,-0.000974887,-0.662408769,0.749141753,0.023424590,-0.331512630,-0.000574301,0.332339187,-0.000574301,3.096999884,True,GUIDED,True
87.236399,2026-09-01T20:08:12.337633+00:00,1788293292.337633133,1788293290.524312973,1788293290.515316010,2.258141994,-18.033653259,3.089999914,0.115332,-0.021066,-82.967979,172.967979,0.000632209,-0.000804406,-0.662410259,0.749140501,0.023420854,-0.331991553,-0.000454897,0.332816658,-0.000454897,3.096999884,True,GUIDED,True
87.365486,2026-09-01T20:08:12.466721+00:00,1788293292.466721058,1788293290.664266109,1788293290.515316010,2.269211292,-18.089311600,3.089999914,0.126155,-0.034495,-82.967736,172.967736,0.000625336,-0.000954764,-0.662408471,0.749141932,0.024224423,-0.334956616,-0.000268575,0.335831442,-0.000268575,3.096999884,True,GUIDED,True
87.716133,2026-09-01T20:08:12.817367+00:00,1788293292.817366838,1788293291.012149096,1788293290.876194954,2.280280590,-18.200632095,3.089999914,0.125289,-0.055999,-82.967547,172.967547,0.000495373,-0.001090340,-0.662407041,0.749143124,0.024272406,-0.335938334,-0.000216443,0.336814065,-0.000216443,3.096999884,True,GUIDED,True
87.790852,2026-09-01T20:08:12.892087+00:00,1788293292.892086506,1788293291.084125042,1788293291.043138981,2.280280590,-18.234025955,3.089999914,0.118623,-0.062048,-82.968477,172.968477,0.000416814,-0.001091356,-0.662413120,0.749137878,0.023938209,-0.337947160,-0.000289675,0.338793921,-0.000289675,3.096999884,True,GUIDED,True
87.932986,2026-09-01T20:08:13.034220+00:00,1788293293.034219742,1788293291.227077007,1788293291.197087049,2.291349888,-18.278554916,3.089999914,0.117640,-0.077693,-82.966768,172.966768,0.000319968,-0.001187949,-0.662401795,0.749147773,0.024029728,-0.338241398,-0.000377622,0.339093898,-0.000377622,3.096999884,True,GUIDED,True
88.067530,2026-09-01T20:08:13.168764+00:00,1788293293.168764353,1788293291.335041046,1788293291.292054892,2.291349888,-18.323081970,3.089999914,0.113022,-0.088277,-82.966476,172.966476,0.000228600,-0.001230445,-0.662399828,0.749149382,0.023964047,-0.338474482,-0.000429721,0.339321751,-0.000429721,3.096999884,True,GUIDED,True
88.101998,2026-09-01T20:08:13.203232+00:00,1788293293.203232288,1788293291.370028973,1788293291.292054892,2.302419424,-18.334213257,3.089999914,0.114012,-0.092000,-82.969749,172.969749,0.000213518,-0.001260511,-0.662421167,0.749130547,0.024137648,-0.338600278,-0.000363220,0.339459533,-0.000363220,3.096999884,True,GUIDED,True
88.128140,2026-09-01T20:08:13.229374+00:00,1788293293.229374170,1788293291.405016899,1788293291.292054892,2.302419424,-18.345346451,3.089999914,0.117082,-0.096171,-82.966305,172.966305,0.000209516,-0.001305518,-0.662398577,0.749150395,0.024228808,-0.338500977,-0.000484754,0.339366979,-0.000484754,3.096999884,True,GUIDED,True
88.437104,2026-09-01T20:08:13.538338+00:00,1788293293.538337946,1788293291.720911026,1788293291.554966927,2.313488483,-18.456665039,3.089999914,0.117082,-0.113090,-82.966737,172.966737,0.000111709,-0.001416127,-0.662401199,0.749147892,0.024204802,-0.338414252,-0.000470996,0.339278762,-0.000470996,3.096999884,True,GUIDED,True
88.552491,2026-09-01T20:08:13.653726+00:00,1788293293.653725624,1788293291.791887045,1788293291.720911026,2.313488483,-18.478927612,3.089999914,0.116735,-0.119153,-82.968390,172.968390,0.000074368,-0.001453757,-0.662411928,0.749138355,0.024131041,-0.337722808,-0.000400114,0.338583819,-0.000400114,3.096999884,True,GUIDED,True
88.625408,2026-09-01T20:08:13.726642+00:00,1788293293.726642132,1788293291.861864090,1788293291.791887045,2.313488483,-18.501192093,3.089999914,0.112611,-0.124855,-82.967700,172.967700,0.000014458,-0.001467203,-0.662407398,0.749142408,0.024046622,-0.337275147,-0.000406076,0.338131284,-0.000406076,3.096999884,True,GUIDED,True
88.736270,2026-09-01T20:08:13.837505+00:00,1788293293.837505102,1788293292.002815962,1788293291.791887045,2.324558020,-18.556852341,3.089999914,0.108564,-0.128029,-82.966924,172.966924,-0.000030335,-0.001464555,-0.662402332,0.749146879,0.024048774,-0.336902767,-0.000366878,0.337760001,-0.000366878,3.095999956,True,GUIDED,True
88.887585,2026-09-01T20:08:13.988820+00:00,1788293293.988820314,1788293292.144768000,1788293292.077790976,2.335627079,-18.601379395,3.089999914,0.108905,-0.128924,-82.967864,172.967864,-0.000033293,-0.001472374,-0.662408471,0.749141335,0.023994680,-0.335836738,-0.000356935,0.336692827,-0.000356935,3.095999956,True,GUIDED,True
89.212917,2026-09-01T20:08:14.314151+00:00,1788293294.314150572,1788293292.428673029,1788293292.398683071,2.346696615,-18.701566696,3.089999914,0.109666,-0.133572,-82.968240,172.968240,-0.000055191,-0.001507160,-0.662410855,0.749139190,0.024298204,-0.335130155,-0.000313156,0.336009856,-0.000313156,3.095999956,True,GUIDED,True
89.565620,2026-09-01T20:08:14.666854+00:00,1788293294.666854143,1788293292.782553911,1788293292.767559052,2.357765913,-18.824016571,3.089999914,0.104031,-0.098027,-82.967681,172.967681,0.000113447,-0.001242217,-0.662407696,0.749142468,0.023794092,-0.332587153,-0.000272578,0.333437210,-0.000272578,3.095999956,True,GUIDED,True
89.754374,2026-09-01T20:08:14.855608+00:00,1788293294.855607986,1788293292.994482994,1788293292.887518883,2.368835211,-18.901939392,3.089999914,0.102025,-0.082534,-82.970571,172.970571,0.000189863,-0.001129339,-0.662426770,0.749125779,0.024071228,-0.330436707,-0.000196905,0.331312301,-0.000196905,3.095999956,True,GUIDED,True
89.867235,2026-09-01T20:08:14.968471+00:00,1788293294.968470812,1788293293.101447105,1788293293.045465946,2.368835211,-18.935335159,3.089999914,0.104305,-0.081151,-82.968795,172.968795,0.000212779,-0.001133474,-0.662415147,0.749136090,0.024750281,-0.330122918,-0.000353265,0.331049418,-0.000353265,3.095999956,True,GUIDED,True
90.160599,2026-09-01T20:08:15.261833+00:00,1788293295.261833191,1788293293.351362944,1788293293.330369949,2.379904509,-19.024391174,3.089999914,0.118621,-0.074497,-82.970174,172.970174,0.000344824,-0.001172735,-0.662424088,0.749128103,0.024949975,-0.330122024,-0.000318785,0.331063516,-0.000318785,3.095999956,True,GUIDED,True
90.179028,2026-09-01T20:08:15.280263+00:00,1788293295.280263424,1788293293.386351109,1788293293.330369949,2.379904509,-19.035522461,3.089999914,0.118444,-0.073249,-82.969086,172.969086,0.000350890,-0.001163543,-0.662416995,0.749134243,0.025313718,-0.330231816,-0.000440751,0.331200598,-0.000440751,3.095999956,True,GUIDED,True
90.500497,2026-09-01T20:08:15.601734+00:00,1788293295.601733923,1788293293.709243059,1788293293.699245930,2.402043104,-19.146841049,3.089999914,0.127579,-0.067317,-82.967907,172.967907,0.000444915,-0.001177571,-0.662409246,0.749141157,0.025342070,-0.330246419,-0.000446988,0.331217327,-0.000446988,3.095999956,True,GUIDED,True
90.846512,2026-09-01T20:08:15.947746+00:00,1788293295.947746277,1788293294.026135921,1788293293.913173914,2.413112640,-19.258159637,3.089999914,0.125969,-0.075313,-82.967552,172.967552,0.000388167,-0.001220533,-0.662406862,0.749143183,0.024948265,-0.331140101,-0.000555367,0.332078579,-0.000555367,3.095999956,True,GUIDED,True
90.868475,2026-09-01T20:08:15.969709+00:00,1788293295.969708681,1788293294.062124014,1788293293.913173914,2.413112640,-19.269292831,3.089999914,0.127575,-0.076304,-82.969215,172.969215,0.000392925,-0.001236303,-0.662417710,0.749133527,0.024202900,-0.331738532,-0.000490553,0.332620255,-0.000490553,3.095999956,True,GUIDED,True
90.979945,2026-09-01T20:08:16.081179+00:00,1788293296.081179380,1788293294.169087887,1788293294.151093960,2.413112640,-19.302688599,3.089999914,0.126118,-0.079207,-82.968690,172.968690,0.000366618,-0.001246857,-0.662414253,0.749136627,0.024180863,-0.331769019,-0.000576151,0.332649059,-0.000576151,3.095999956,True,GUIDED,True
91.104407,2026-09-01T20:08:16.205642+00:00,1788293296.205641747,1788293294.273052931,1788293294.151093960,2.424181700,-19.347215652,3.089999914,0.122780,-0.077876,-82.968928,172.968928,0.000352495,-0.001218861,-0.662415862,0.749135256,0.024117129,-0.332026720,-0.000433724,0.332901455,-0.000433724,3.095999956,True,GUIDED,True
91.131658,2026-09-01T20:08:16.232893+00:00,1788293296.232892752,1788293294.309041023,1788293294.151093960,2.424181700,-19.358346939,3.089999914,0.120319,-0.076486,-82.968319,172.968319,0.000344441,-0.001195546,-0.662411928,0.749138713,0.023771262,-0.332049876,-0.000382605,0.332899675,-0.000382605,3.095999956,True,GUIDED,True
91.423712,2026-09-01T20:08:16.524946+00:00,1788293296.524945736,1788293294.591945887,1788293294.567954063,2.435251236,-19.458534241,3.089999914,0.112804,-0.086838,-82.966145,172.966145,0.000235493,-0.001219776,-0.662397683,0.749151289,0.023831287,-0.332167745,-0.000263903,0.333021532,-0.000263903,3.095000029,True,GUIDED,True
91.491305,2026-09-01T20:08:16.592539+00:00,1788293296.592538834,1788293294.659923077,1788293294.591945887,2.435251236,-19.480798721,3.089999914,0.111966,-0.092721,-82.967412,172.967412,0.000195997,-0.001253394,-0.662405908,0.749144018,0.024138518,-0.332807302,0.000025150,0.333681538,0.000025150,3.095000029,True,GUIDED,True
91.708138,2026-09-01T20:08:16.809373+00:00,1788293296.809372902,1788293294.874850988,1788293294.769886017,2.446320295,-19.558721542,3.089999914,0.118635,-0.114246,-82.967071,172.967071,0.000115175,-0.001432664,-0.662403345,0.749145985,0.024188446,-0.332931578,0.000092477,0.333809102,0.000092477,3.095000029,True,GUIDED,True
91.882196,2026-09-01T20:08:16.983431+00:00,1788293296.983430862,1788293295.050791979,1788293295.022800922,2.457389832,-19.614379883,3.089999914,0.122138,-0.133409,-82.968530,172.968530,0.000027282,-0.001578188,-0.662412584,0.749137580,0.024302203,-0.332659185,0.000302604,0.333545695,0.000302604,3.095000029,True,GUIDED,True
92.113792,2026-09-01T20:08:17.215026+00:00,1788293297.215026379,1788293295.263720036,1788293295.168751955,2.468459129,-19.692304611,3.089999914,0.124394,-0.141308,-82.967548,172.967548,-0.000003622,-0.001642874,-0.662406027,0.749143183,0.024101608,-0.331733108,0.000477728,0.332607490,0.000477728,3.095000029,True,GUIDED,True
92.149332,2026-09-01T20:08:17.250566+00:00,1788293297.250566244,1788293295.299707890,1788293295.263720036,2.468459129,-19.703435898,3.089999914,0.123292,-0.139700,-82.967606,172.967606,-0.000001530,-0.001625992,-0.662406445,0.749142766,0.023705916,-0.329920202,0.000560159,0.330770782,0.000560159,3.095000029,True,GUIDED,True
92.208491,2026-09-01T20:08:17.309726+00:00,1788293297.309725761,1788293295.335695982,1788293295.299707890,2.468459129,-19.714567184,3.089999914,0.120303,-0.137161,-82.967412,172.967412,-0.000006390,-0.001592112,-0.662405252,0.749143958,0.023714226,-0.329712063,0.000529423,0.330563775,0.000529423,3.095000029,True,GUIDED,True
92.367172,2026-09-01T20:08:17.468406+00:00,1788293297.468405962,1788293295.510637045,1788293295.455656052,2.479528427,-19.781358719,3.089999914,0.115376,-0.116604,-82.967480,172.967480,0.000080228,-0.001429244,-0.662406027,0.749143660,0.023737602,-0.329448640,0.000540233,0.330302710,0.000540233,3.095000029,True,GUIDED,True
92.506623,2026-09-01T20:08:17.607857+00:00,1788293297.607856989,1788293295.653589010,1788293295.574615955,2.479528427,-19.825885773,3.089999914,0.113894,-0.101859,-82.967350,172.967350,0.000155777,-0.001324282,-0.662405372,0.749144435,0.023570156,-0.328113943,0.000620177,0.328959438,0.000620177,3.094000101,True,GUIDED,True
92.620762,2026-09-01T20:08:17.721996+00:00,1788293297.721995831,1788293295.760552883,1788293295.668584108,2.490597725,-19.859281540,3.089999914,0.111552,-0.091985,-82.967547,172.967547,0.000197544,-0.001246186,-0.662406802,0.749143243,0.023497993,-0.327502966,0.000664691,0.328344862,0.000664691,3.094000101,True,GUIDED,True
92.676683,2026-09-01T20:08:17.777917+00:00,1788293297.777917385,1788293295.794542074,1788293295.787544012,2.490597725,-19.870414734,3.089999914,0.115263,-0.089522,-82.966245,172.966245,0.000236057,-0.001251541,-0.662398279,0.749150693,0.023653021,-0.327411681,0.000706177,0.328264946,0.000706177,3.094000101,True,GUIDED,True
92.740261,2026-09-01T20:08:17.841494+00:00,1788293297.841494083,1788293295.865518093,1788293295.835527897,2.490597725,-19.903808594,3.089999914,0.116621,-0.085119,-82.967836,172.967836,0.000270370,-0.001230611,-0.662408710,0.749141574,0.023628889,-0.327313364,0.000770468,0.328165145,0.000770468,3.094000101,True,GUIDED,True
92.860876,2026-09-01T20:08:17.962110+00:00,1788293297.962109804,1788293296.008470058,1788293295.966484070,2.501667023,-19.948337555,3.089999914,0.119338,-0.075100,-82.966994,172.966994,0.000346054,-0.001180809,-0.662403286,0.749146402,0.023436438,-0.327120394,0.000784621,0.327958867,0.000784621,3.094000101,True,GUIDED,True
93.078668,2026-09-01T20:08:18.179904+00:00,1788293298.179903984,1788293296.222398043,1788293296.192408085,2.501667023,-20.026260376,3.089999914,0.117135,-0.066338,-82.967752,172.967752,0.000382292,-0.001110798,-0.662408352,0.749142051,0.023515649,-0.327315092,0.000817761,0.328158735,0.000817761,3.094000101,True,GUIDED,True
93.141721,2026-09-01T20:08:18.242955+00:00,1788293298.242955208,1788293296.258385897,1788293296.240391970,2.501667023,-20.037391663,3.089999914,0.114373,-0.062991,-82.967870,172.967870,0.000383584,-0.001072952,-0.662409186,0.749141335,0.023328029,-0.327455312,0.000861951,0.328285209,0.000861951,3.094000101,True,GUIDED,True
93.229730,2026-09-01T20:08:18.330965+00:00,1788293298.330964565,1788293296.329361916,1788293296.275379896,2.512736320,-20.059656143,3.089999914,0.111573,-0.053864,-82.967197,172.967197,0.000418042,-0.000997093,-0.662404895,0.749145269,0.023271263,-0.327486902,0.000902024,0.328312691,0.000902024,3.094000101,True,GUIDED,True
93.371252,2026-09-01T20:08:18.472485+00:00,1788293298.472485304,1788293296.472313881,1788293296.383343935,2.512736320,-20.104183197,3.089999914,0.113821,-0.034496,-82.966024,172.966024,0.000544708,-0.000883467,-0.662397385,0.749151826,0.023679396,-0.327693820,0.000859218,0.328548251,0.000859218,3.094000101,True,GUIDED,True
93.462167,2026-09-01T20:08:18.563401+00:00,1788293298.563400984,1788293296.580277920,1788293296.562283993,2.523805857,-20.137578964,3.089999914,0.112804,-0.020746,-82.967294,172.967294,0.000617536,-0.000787702,-0.662405789,0.749144614,0.023803137,-0.328194082,0.000931001,0.329056142,0.000931001,3.094000101,True,GUIDED,True
93.694789,2026-09-01T20:08:18.796022+00:00,1788293298.796022415,1788293296.793205976,1788293296.775212049,2.534874916,-20.215501785,3.089999914,0.126659,-0.010064,-82.968389,172.968389,0.000769853,-0.000797969,-0.662412941,0.749138057,0.024144337,-0.328990847,0.000964839,0.329875622,0.000964839,3.094000101,True,GUIDED,True
94.083150,2026-09-01T20:08:19.184384+00:00,1788293299.184384346,1788293297.187073946,1788293297.144088030,2.545944452,-20.349084854,3.089999914,0.134667,-0.012633,-82.968821,172.968821,0.000807346,-0.000861054,-0.662415683,0.749135554,0.024526613,-0.330985665,0.001089109,0.331893154,0.001089109,3.094000101,True,GUIDED,True
94.162689,2026-09-01T20:08:19.263923+00:00,1788293299.263923407,1788293297.258049965,1788293297.216063976,2.545944452,-20.371349335,3.089999914,0.129513,-0.019363,-82.968057,172.968057,0.000734756,-0.000875252,-0.662410676,0.749139965,0.023935277,-0.335520804,0.000795832,0.336373464,0.000795832,3.094000101,True,GUIDED,True
94.496647,2026-09-01T20:08:19.597881+00:00,1788293299.597880840,1788293297.576942921,1788293297.371011972,2.568083048,-20.482667923,3.089999914,0.125406,-0.060263,-82.967198,172.967198,0.000471493,-0.001118893,-0.662404716,0.749145091,0.023822444,-0.336248726,0.000660149,0.337091552,0.000660149,3.094000101,True,GUIDED,True
95.211568,2026-09-01T20:08:20.312803+00:00,1788293300.312802792,1788293298.242718935,1788293298.099766970,2.590221643,-20.727569580,3.089999914,0.111185,-0.133618,-82.966958,172.966958,-0.000045510,-0.001516243,-0.662402451,0.749146640,0.024129730,-0.338855505,0.000423732,0.339713552,0.000423732,3.095000029,True,GUIDED,True
95.617421,2026-09-01T20:08:20.718655+00:00,1788293300.718655348,1788293298.667576075,1788293298.658579111,2.612360239,-20.872283936,3.089999914,0.105065,-0.116664,-82.966868,172.966868,0.000012487,-0.001370030,-0.662402153,0.749147177,0.023477709,-0.336646408,-0.000087949,0.337464082,-0.000087949,3.095000029,True,GUIDED,True
96.193966,2026-09-01T20:08:21.295200+00:00,1788293301.295199633,1788293299.233386040,1788293299.188400984,2.634499073,-21.061525345,3.089999914,0.112223,-0.083050,-82.967370,172.967370,0.000253580,-0.001191656,-0.662405729,0.749144316,0.023959624,-0.332911819,-0.000313390,0.333772891,-0.000313390,3.095000029,True,GUIDED,True
96.236829,2026-09-01T20:08:21.338063+00:00,1788293301.338063478,1788293299.269373894,1788293299.248380899,2.634499073,-21.072656631,3.089999914,0.111030,-0.080744,-82.967437,172.967437,0.000259112,-0.001169686,-0.662406206,0.749143958,0.024776785,-0.331097484,-0.000673316,0.332023241,-0.000673316,3.095000029,True,GUIDED,True
96.351163,2026-09-01T20:08:21.452397+00:00,1788293301.452397108,1788293299.374337912,1788293299.355345011,2.645568132,-21.117185593,3.089999914,0.119652,-0.078285,-82.969781,172.969781,0.000329672,-0.001203453,-0.662421465,0.749130368,0.024954522,-0.331134260,-0.000676344,0.332073224,-0.000676344,3.095000029,True,GUIDED,True
96.593269,2026-09-01T20:08:21.694503+00:00,1788293301.694503069,1788293299.620255947,1788293299.450313091,2.656637669,-21.195108414,3.089999914,0.124524,-0.064679,-82.968909,172.968909,0.000440179,-0.001142665,-0.662415862,0.749135256,0.025041798,-0.331097841,-0.000714456,0.332043479,-0.000714456,3.095000029,True,GUIDED,True
96.644097,2026-09-01T20:08:21.745332+00:00,1788293301.745331526,1788293299.655244112,1788293299.620255947,2.656637669,-21.206239700,3.089999914,0.123263,-0.063956,-82.968878,172.968878,0.000436117,-0.001130656,-0.662415683,0.749135435,0.024781128,-0.331453502,-0.000779991,0.332378592,-0.000779991,3.095000029,True,GUIDED,True
96.672741,2026-09-01T20:08:21.773974+00:00,1788293301.773974419,1788293299.691231966,1788293299.655244112,2.656637669,-21.228504181,3.089999914,0.125302,-0.063127,-82.970513,172.970513,0.000454226,-0.001137025,-0.662426353,0.749126077,0.024820764,-0.331554532,-0.000802819,0.332482297,-0.000802819,3.095000029,True,GUIDED,True
96.915258,2026-09-01T20:08:22.016493+00:00,1788293302.016492844,1788293299.905159950,1788293299.858175993,2.667706728,-21.295295715,3.089999914,0.124678,-0.064570,-82.968180,172.968180,0.000441826,-0.001142844,-0.662411094,0.749139547,0.024927257,-0.331781983,-0.000840939,0.332717076,-0.000840939,3.095000029,True,GUIDED,True
97.193656,2026-09-01T20:08:22.294890+00:00,1788293302.294889927,1788293300.188065052,1788293300.179068089,2.678776264,-21.395483017,3.089999914,0.121877,-0.061808,-82.968717,172.968717,0.000439473,-0.001108596,-0.662414670,0.749136329,0.024657937,-0.332418382,-0.000863659,0.333331659,-0.000863659,3.095000029,True,GUIDED,True
97.579384,2026-09-01T20:08:22.680618+00:00,1788293302.680618048,1788293300.577934027,1788293300.547944069,2.689845562,-21.529064178,3.089999914,0.126507,-0.091008,-82.967790,172.967790,0.000300958,-0.001326254,-0.662408233,0.749141812,0.024476152,-0.333116949,-0.000848432,0.334014945,-0.000848432,3.094000101,True,GUIDED,True
97.778092,2026-09-01T20:08:22.879327+00:00,1788293302.879326820,1788293300.755873919,1788293300.702892065,2.700914860,-21.595855713,3.089999914,0.120116,-0.103079,-82.966078,172.966078,0.000189421,-0.001368217,-0.662396967,0.749151766,0.023959599,-0.333932221,-0.000414541,0.334790667,-0.000414541,3.094000101,True,GUIDED,True
98.057767,2026-09-01T20:08:23.159001+00:00,1788293303.159001350,1788293301.038779020,1788293300.892827988,2.711984158,-21.696043015,3.089999914,0.116954,-0.127088,-82.967649,172.967649,0.000029943,-0.001506903,-0.662406981,0.749142587,0.023959482,-0.333916634,-0.000235047,0.334775112,-0.000235047,3.094000101,True,GUIDED,True
98.094002,2026-09-01T20:08:23.195236+00:00,1788293303.195236444,1788293301.075767040,1788293301.038779020,2.711984158,-21.707174301,3.089999914,0.113522,-0.128329,-82.967991,172.967991,0.000000326,-0.001495179,-0.662409246,0.749140680,0.023523897,-0.332573742,0.000032854,0.333404660,0.000032854,3.094000101,True,GUIDED,True
98.236384,2026-09-01T20:08:23.337618+00:00,1788293303.337617874,1788293301.217719078,1788293301.205723047,2.723053455,-21.762834549,3.089999914,0.113444,-0.130964,-82.967932,172.967932,-0.000015418,-0.001511951,-0.662408829,0.749140978,0.023698542,-0.332498431,0.000047957,0.333341908,0.000047957,3.094000101,True,GUIDED,True
98.411742,2026-09-01T20:08:23.512976+00:00,1788293303.512976170,1788293301.361670971,1788293301.336678982,2.723053455,-21.807361603,3.089999914,0.116084,-0.129535,-82.967899,172.967899,0.000010106,-0.001517866,-0.662408590,0.749141216,0.023641413,-0.331441402,0.000202439,0.332283493,0.000202439,3.092999935,True,GUIDED,True
98.444320,2026-09-01T20:08:23.545554+00:00,1788293303.545554161,1788293301.395658970,1788293301.373666048,2.723053455,-21.818492889,3.089999914,0.117395,-0.126899,-82.966901,172.966901,0.000033929,-0.001508215,-0.662402093,0.749146879,0.023748048,-0.330195874,0.000299153,0.331048765,0.000299153,3.092999935,True,GUIDED,True
98.617550,2026-09-01T20:08:23.718784+00:00,1788293303.718783855,1788293301.574599028,1788293301.545608997,2.734122753,-21.885284424,3.089999914,0.121982,-0.106527,-82.966470,172.966470,0.000181681,-0.001401546,-0.662399471,0.749149501,0.023833252,-0.329940766,0.000282905,0.330800443,0.000282905,3.092999935,True,GUIDED,True
98.838465,2026-09-01T20:08:23.939700+00:00,1788293303.939699650,1788293301.783529043,1788293301.773531914,2.745192289,-21.952075958,3.089999914,0.126493,-0.092909,-82.967119,172.967119,0.000289883,-0.001338598,-0.662403822,0.749145746,0.023580888,-0.328951776,0.000311349,0.329795890,0.000311349,3.092999935,True,GUIDED,True
99.032157,2026-09-01T20:08:24.133392+00:00,1788293304.133391857,1788293301.961472988,1788293301.821516037,2.756261349,-22.018867493,3.089999914,0.128424,-0.082771,-82.967578,172.967578,0.000361107,-0.001283487,-0.662406921,0.749143004,0.023392266,-0.328328043,0.000349074,0.329160298,0.000349074,3.092999935,True,GUIDED,True
99.347467,2026-09-01T20:08:24.448701+00:00,1788293304.448701143,1788293302.278419971,1788293302.212430954,2.767330885,-22.119054794,3.089999914,0.119473,-0.058551,-82.966977,172.966977,0.000442600,-0.001073399,-0.662403345,0.749146461,0.023095449,-0.328253925,0.000401035,0.329065402,0.000401035,3.092999935,True,GUIDED,True
99.394523,2026-09-01T20:08:24.495758+00:00,1788293304.495757580,1788293302.313414097,1788293302.296416998,2.767330885,-22.130186081,3.089999914,0.118490,-0.054529,-82.967663,172.967663,0.000459419,-0.001041432,-0.662407875,0.749142528,0.022793429,-0.328295231,0.000466383,0.329085550,0.000466383,3.092999935,True,GUIDED,True
99.884590,2026-09-01T20:08:24.985823+00:00,1788293304.985823393,1788293302.800333023,1788293302.785335064,2.789469481,-22.297164917,3.089999914,0.115180,-0.019271,-82.968069,172.968069,0.000641594,-0.000791797,-0.662410855,0.749140024,0.022794463,-0.328312486,0.000487670,0.329102835,0.000487670,3.092999935,True,GUIDED,True
100.382667,2026-09-01T20:08:25.483902+00:00,1788293305.483901501,1788293303.293250084,1788293303.070286989,2.811608076,-22.475275040,3.089999914,0.127295,-0.034796,-82.966297,172.966297,0.000631064,-0.000963317,-0.662399054,0.749150276,0.023282109,-0.331685036,0.000572703,0.332501158,0.000572703,3.092999935,True,GUIDED,True
100.746276,2026-09-01T20:08:25.847511+00:00,1788293305.847510815,1788293303.641191006,1788293303.570203066,2.822677374,-22.586593628,3.089999914,0.120623,-0.047303,-82.966881,172.966881,0.000515139,-0.001006518,-0.662402809,0.749146998,0.023829771,-0.335468352,0.000675514,0.336313653,0.000675514,3.092000008,True,GUIDED,True
100.781444,2026-09-01T20:08:25.882678+00:00,1788293305.882677555,1788293303.675185919,1788293303.641191006,2.822677374,-22.608858109,3.089999914,0.121071,-0.051336,-82.965429,172.965429,0.000494768,-0.001035467,-0.662393272,0.749155462,0.023507591,-0.337717503,0.000694429,0.338534664,0.000694429,3.092000008,True,GUIDED,True
100.870714,2026-09-01T20:08:25.971948+00:00,1788293305.971948385,1788293303.745173931,1788293303.701180935,2.822677374,-22.631120682,3.089999914,0.119430,-0.058938,-82.966805,172.966805,0.000440085,-0.001075685,-0.662402213,0.749147475,0.023584586,-0.337877810,0.000687840,0.338699937,0.000687840,3.092000008,True,GUIDED,True
100.896935,2026-09-01T20:08:25.998170+00:00,1788293305.998169899,1788293303.779167891,1788293303.761171103,2.833746672,-22.642253876,3.089999914,0.118531,-0.062829,-82.966381,172.966381,0.000411719,-0.001095918,-0.662399411,0.749149919,0.023730932,-0.338228673,0.000718767,0.339060160,0.000718767,3.092000008,True,GUIDED,True
100.930947,2026-09-01T20:08:26.032181+00:00,1788293306.032180786,1788293303.814162016,1788293303.761171103,2.833746672,-22.653385162,3.089999914,0.121404,-0.066448,-82.965278,172.965278,0.000409588,-0.001136183,-0.662392139,0.749156237,0.023798032,-0.338307291,0.000705001,0.339143288,0.000705001,3.092000008,True,GUIDED,True
100.977726,2026-09-01T20:08:26.078960+00:00,1788293306.078960419,1788293303.849155903,1788293303.761171103,2.833746672,-22.664516449,3.089999914,0.120479,-0.069634,-82.966011,172.966011,0.000385123,-0.001151668,-0.662396908,0.749152064,0.023759846,-0.338306099,0.000691000,0.339139421,0.000691000,3.092000008,True,GUIDED,True
101.296017,2026-09-01T20:08:26.397251+00:00,1788293306.397251368,1788293304.165102959,1788293304.091115952,2.844816208,-22.775835037,3.089999914,0.113197,-0.091640,-82.966309,172.966309,0.000210310,-0.001253442,-0.662398696,0.749150395,0.023506047,-0.338228434,0.000716782,0.339044257,0.000716782,3.092000008,True,GUIDED,True
101.757335,2026-09-01T20:08:26.858570+00:00,1788293306.858570099,1788293304.618026972,1788293304.590032101,2.866954803,-22.931682587,3.089999914,0.110432,-0.106340,-82.966440,172.966440,0.000107252,-0.001333558,-0.662399411,0.749149680,0.023896242,-0.338208497,0.000731566,0.339051644,0.000731566,3.092000008,True,GUIDED,True
102.110828,2026-09-01T20:08:27.212062+00:00,1788293307.212061882,1788293304.932974100,1788293304.905978918,2.878024101,-23.043001175,3.089999914,0.115121,-0.106137,-82.965690,172.965690,0.000139092,-0.001359338,-0.662394464,0.749153912,0.024435006,-0.336662114,0.000720118,0.337547698,0.000720118,3.092000008,True,GUIDED,True
102.132810,2026-09-01T20:08:27.234044+00:00,1788293307.234043598,1788293304.967967987,1788293304.905978918,2.878024101,-23.054132462,3.089999914,0.117517,-0.107546,-82.967832,172.967832,0.000146587,-0.001382398,-0.662408412,0.749141634,0.024574632,-0.335510701,0.000711353,0.336409487,0.000711353,3.092000008,True,GUIDED,True
102.501114,2026-09-01T20:08:27.602347+00:00,1788293307.602346897,1788293305.324908018,1788293305.277915955,2.900162697,-23.187715530,3.089999914,0.118811,-0.120011,-82.966272,172.966272,0.000083009,-0.001471369,-0.662398040,0.749150693,0.024499752,-0.335382074,0.000774426,0.336275740,0.000774426,3.092000008,True,GUIDED,True
102.568077,2026-09-01T20:08:27.669310+00:00,1788293307.669310093,1788293305.397896051,1788293305.339905977,2.900162697,-23.209980011,3.089999914,0.118870,-0.123718,-82.966789,172.966789,0.000061963,-0.001495949,-0.662401378,0.749147594,0.024439916,-0.333818674,0.000685955,0.334712140,0.000685955,3.092000008,True,GUIDED,True
102.709759,2026-09-01T20:08:27.810993+00:00,1788293307.810993433,1788293305.539871931,1788293305.479882002,2.900162697,-23.254507065,3.089999914,0.118323,-0.126298,-82.967440,172.967440,0.000043465,-0.001509652,-0.662405610,0.749143839,0.024193421,-0.333372146,0.000698491,0.334248873,0.000698491,3.092000008,True,GUIDED,True
102.744257,2026-09-01T20:08:27.845491+00:00,1788293307.845490932,1788293305.574866056,1788293305.539871931,2.911232233,-23.276769638,3.089999914,0.117582,-0.126270,-82.968569,172.968569,0.000038765,-0.001505189,-0.662413001,0.749137282,0.024362098,-0.332606077,0.000653398,0.333497098,0.000653398,3.092000008,True,GUIDED,True
102.780153,2026-09-01T20:08:27.881387+00:00,1788293307.881387472,1788293305.610860109,1788293305.574866056,2.911232233,-23.287902832,3.089999914,0.119635,-0.126429,-82.966878,172.966878,0.000051290,-0.001518095,-0.662401915,0.749147058,0.024218049,-0.332216024,0.000649469,0.333097584,0.000649469,3.092000008,True,GUIDED,True
102.814792,2026-09-01T20:08:27.916025+00:00,1788293307.916025400,1788293305.646853924,1788293305.610860109,2.911232233,-23.299034119,3.089999914,0.119854,-0.126047,-82.967115,172.967115,0.000054923,-0.001516856,-0.662403464,0.749145746,0.024122015,-0.331953019,0.000680466,0.332828302,0.000680466,3.092000008,True,GUIDED,True
102.853624,2026-09-01T20:08:27.954858+00:00,1788293307.954858065,1788293305.682847977,1788293305.646853924,2.911232233,-23.310165405,3.089999914,0.116447,-0.124214,-82.967614,172.967614,0.000043242,-0.001485181,-0.662406802,0.749142766,0.024105340,-0.331748486,0.000683443,0.332623098,0.000683443,3.092000008,True,GUIDED,True
103.038726,2026-09-01T20:08:28.139961+00:00,1788293308.139960527,1788293305.825824022,1788293305.765834093,2.922301531,-23.354694366,3.089999914,0.119611,-0.127199,-82.968612,172.968612,0.000046654,-0.001522984,-0.662413239,0.749137044,0.024158617,-0.331597805,0.000663027,0.332476681,0.000663027,3.092000008,True,GUIDED,True
103.154642,2026-09-01T20:08:28.255876+00:00,1788293308.255876064,1788293305.967799902,1788293305.848819971,2.922301531,-23.410352707,3.089999914,0.118014,-0.118760,-82.967096,172.967096,0.000085017,-0.001458586,-0.662403464,0.749145746,0.023744237,-0.330439568,0.000739581,0.331291558,0.000739581,3.092000008,True,GUIDED,True
103.195364,2026-09-01T20:08:28.296598+00:00,1788293308.296597958,1788293306.001795053,1788293305.967799902,2.922301531,-23.421485901,3.089999914,0.116209,-0.115900,-82.967817,172.967817,0.000089740,-0.001429451,-0.662408233,0.749141693,0.023907974,-0.329683334,0.000678174,0.330549076,0.000678174,3.092000008,True,GUIDED,True
103.295736,2026-09-01T20:08:28.396971+00:00,1788293308.396970749,1788293306.104777098,1788293305.967799902,2.933371067,-23.454879761,3.089999914,0.116381,-0.105474,-82.967780,172.967780,0.000151136,-0.001362285,-0.662408113,0.749141932,0.023791661,-0.329398155,0.000679858,0.330256246,0.000679858,3.092000008,True,GUIDED,True
103.344004,2026-09-01T20:08:28.445238+00:00,1788293308.445237875,1788293306.139770985,1788293305.967799902,2.933371067,-23.466012955,3.089999914,0.116252,-0.102525,-82.968029,172.968029,0.000167336,-0.001342266,-0.662409782,0.749140382,0.023932435,-0.329124421,0.000664352,0.329993403,0.000664352,3.092000008,True,GUIDED,True
103.598314,2026-09-01T20:08:28.699548+00:00,1788293308.699548244,1788293306.384730101,1788293306.339737892,2.944440126,-23.555067062,3.089999914,0.116342,-0.085257,-82.968036,172.968036,0.000267745,-0.001229892,-0.662410021,0.749140382,0.023973165,-0.329004258,0.000672112,0.329876514,0.000672112,3.092000008,True,GUIDED,True
104.233137,2026-09-01T20:08:29.334372+00:00,1788293309.334371567,1788293307.016623974,1788293306.994627953,2.966578722,-23.766572952,3.089999914,0.136849,-0.045680,-82.968049,172.968049,0.000630590,-0.001089702,-0.662410319,0.749140084,0.023614835,-0.328495830,0.000358638,0.329343545,0.000358638,3.092999935,True,GUIDED,True
104.370425,2026-09-01T20:08:29.471659+00:00,1788293309.471658945,1788293307.155601025,1788293307.101609945,2.977648258,-23.811101913,3.089999914,0.138178,-0.042337,-82.968603,172.968603,0.000658597,-0.001075534,-0.662413955,0.749136925,0.023363013,-0.329909116,-0.000351881,0.330735325,-0.000351881,3.092999935,True,GUIDED,True
104.803089,2026-09-01T20:08:29.904323+00:00,1788293309.904323339,1788293307.574529886,1788293307.515539885,2.988717556,-23.966947556,3.089999914,0.129000,-0.053752,-82.968033,172.968033,0.000532619,-0.001097104,-0.662410200,0.749140322,0.023136010,-0.330947369,-0.000472819,0.331755085,-0.000472819,3.092999935,True,GUIDED,True
104.998017,2026-09-01T20:08:30.099251+00:00,1788293310.099250793,1788293307.745501995,1788293307.671514034,2.999786854,-24.022605896,3.089999914,0.127670,-0.067646,-82.968517,172.968517,0.000443595,-0.001180249,-0.662413239,0.749137521,0.022474052,-0.333147526,-0.000761169,0.333904712,-0.000761169,3.092999935,True,GUIDED,True
105.133490,2026-09-01T20:08:30.234724+00:00,1788293310.234724283,1788293307.885478020,1788293307.790493965,3.010856152,-24.067134857,3.089999914,0.118896,-0.077270,-82.968464,172.968464,0.000330604,-0.001192448,-0.662412882,0.749137878,0.022230996,-0.333876610,-0.000951362,0.334615911,-0.000951362,3.092999935,True,GUIDED,True
105.247616,2026-09-01T20:08:30.348849+00:00,1788293310.348849297,1788293307.989460945,1788293307.981462002,3.010856152,-24.111661911,3.089999914,0.112057,-0.081474,-82.968269,172.968269,0.000261599,-0.001180394,-0.662411630,0.749139011,0.022068564,-0.334029227,-0.000961983,0.334757444,-0.000961983,3.092999935,True,GUIDED,True
105.307089,2026-09-01T20:08:30.408322+00:00,1788293310.408322096,1788293308.058449030,1788293308.006458044,3.010856152,-24.133926392,3.089999914,0.113742,-0.086868,-82.967506,172.967506,0.000241440,-0.001225398,-0.662406564,0.749143481,0.022190426,-0.334194481,-0.001016439,0.334930390,-0.001016439,3.092999935,True,GUIDED,True
105.341819,2026-09-01T20:08:30.443053+00:00,1788293310.443053007,1788293308.092442989,1788293308.077445984,3.010856152,-24.145057678,3.089999914,0.109604,-0.088416,-82.968067,172.968067,0.000205435,-0.001211598,-0.662410259,0.749140263,0.022049503,-0.334072500,-0.001069469,0.334799367,-0.001069469,3.092999935,True,GUIDED,True
105.406895,2026-09-01T20:08:30.508129+00:00,1788293310.508129120,1788293308.162431955,1788293308.077445984,3.021925449,-24.167322159,3.089999914,0.109083,-0.089891,-82.967831,172.967831,0.000193500,-0.001218228,-0.662408710,0.749141574,0.022262359,-0.334177107,-0.001124878,0.334917828,-0.001124878,3.092999935,True,GUIDED,True
105.446972,2026-09-01T20:08:30.548207+00:00,1788293310.548206568,1788293308.198425055,1788293308.162431955,3.021925449,-24.178453445,3.089999914,0.105222,-0.089413,-82.967807,172.967807,0.000171024,-0.001192783,-0.662408590,0.749141812,0.022491917,-0.334140658,-0.001168908,0.334896799,-0.001168908,3.092999935,True,GUIDED,True
105.520873,2026-09-01T20:08:30.622106+00:00,1788293310.622106314,1788293308.267414093,1788293308.247416973,3.021925449,-24.200716019,3.089999914,0.106130,-0.087983,-82.967641,172.967641,0.000185235,-0.001188686,-0.662407517,0.749142647,0.022359824,-0.333987296,-0.001171286,0.334734933,-0.001171286,3.092999935,True,GUIDED,True
105.633515,2026-09-01T20:08:30.734749+00:00,1788293310.734748602,1788293308.372395992,1788293308.354398966,3.021925449,-24.245244980,3.089999914,0.106809,-0.090548,-82.968859,172.968859,0.000174831,-0.001209378,-0.662415445,0.749135673,0.022515640,-0.333938152,-0.001158293,0.334696345,-0.001158293,3.092999935,True,GUIDED,True
106.566234,2026-09-01T20:08:31.667468+00:00,1788293311.667468309,1788293309.278244019,1788293309.241250038,3.066202879,-24.556938171,3.089999914,0.119073,-0.092197,-82.967177,172.967177,0.000245490,-0.001291053,-0.662404299,0.749145389,0.022746444,-0.333825648,-0.001252833,0.334599707,-0.001252833,3.092000008,True,GUIDED,True
106.598719,2026-09-01T20:08:31.699954+00:00,1788293311.699954271,1788293309.313237906,1788293309.278244019,3.066202879,-24.568069458,3.089999914,0.117873,-0.090189,-82.967172,172.967172,0.000249255,-0.001270986,-0.662404299,0.749145389,0.024037527,-0.330429763,-0.000849290,0.331302929,-0.000849290,3.092000008,True,GUIDED,True
106.737800,2026-09-01T20:08:31.839034+00:00,1788293311.839034319,1788293309.452214956,1788293309.430218935,3.077271938,-24.612596512,3.089999914,0.120591,-0.085758,-82.967059,172.967059,0.000292637,-0.001257729,-0.662403584,0.749145985,0.024125680,-0.330483615,-0.000823174,0.331363046,-0.000823174,3.092000008,True,GUIDED,True
106.890727,2026-09-01T20:08:31.991962+00:00,1788293311.991961718,1788293309.592190981,1788293309.500206947,3.077271938,-24.668256760,3.089999914,0.118880,-0.084270,-82.968466,172.968466,0.000290038,-0.001238111,-0.662412822,0.749137819,0.023811458,-0.330232352,-0.000624898,0.331089704,-0.000624898,3.092000008,True,GUIDED,True
106.959925,2026-09-01T20:08:32.061159+00:00,1788293312.061159134,1788293309.664179087,1788293309.643182993,3.077271938,-24.690519333,3.089999914,0.120252,-0.082048,-82.967855,172.967855,0.000311858,-0.001231521,-0.662408829,0.749141455,0.023786273,-0.330024451,-0.000451913,0.330880530,-0.000451913,3.092000008,True,GUIDED,True
107.024544,2026-09-01T20:08:32.125778+00:00,1788293312.125778198,1788293309.733167887,1788293309.643182993,3.088341475,-24.712783813,3.089999914,0.115713,-0.076131,-82.967519,172.967519,0.000316394,-0.001166595,-0.662406743,0.749143422,0.023809768,-0.329869628,-0.000448187,0.330727798,-0.000448187,3.092000008,True,GUIDED,True
107.341840,2026-09-01T20:08:32.443073+00:00,1788293312.443073273,1788293310.009120941,1788293309.878143072,3.099410772,-24.801837921,3.089999914,0.130192,-0.039863,-82.967339,172.967339,0.000620699,-0.001013188,-0.662405789,0.749144256,0.023907829,-0.329783797,-0.000346571,0.330649266,-0.000346571,3.092000008,True,GUIDED,True
107.371633,2026-09-01T20:08:32.472867+00:00,1788293312.472867012,1788293310.043116093,1788293310.009120941,3.099410772,-24.812971115,3.089999914,0.130158,-0.037823,-82.968156,172.968156,0.000632269,-0.000999663,-0.662411153,0.749139488,0.023842681,-0.330437928,-0.000240804,0.331296994,-0.000240804,3.092000008,True,GUIDED,True
107.520744,2026-09-01T20:08:32.621978+00:00,1788293312.621977568,1788293310.217086077,1788293310.187091112,3.110480070,-24.879762650,3.089999914,0.134547,-0.038493,-82.966522,172.966522,0.000657097,-0.001029403,-0.662400424,0.749148905,0.023697818,-0.330576450,-0.000209899,0.331424766,-0.000209899,3.092000008,True,GUIDED,True
107.999803,2026-09-01T20:08:33.101037+00:00,1788293313.101037025,1788293310.664011002,1788293310.521034956,3.121549368,-25.035608292,3.089999914,0.121752,-0.040124,-82.967629,172.967629,0.000564013,-0.000966114,-0.662407756,0.749142647,0.023666451,-0.331814021,-0.000124927,0.332656948,-0.000124927,3.091000080,True,GUIDED,True
108.328138,2026-09-01T20:08:33.429372+00:00,1788293313.429372072,1788293310.978957891,1788293310.960961103,3.143687963,-25.146926880,3.089999914,0.119998,-0.058759,-82.966869,172.966869,0.000444833,-0.001077795,-0.662402630,0.749147058,0.023154924,-0.334646851,-0.000115790,0.335446963,-0.000115790,3.091000080,True,GUIDED,True
108.450846,2026-09-01T20:08:33.552081+00:00,1788293313.552080631,1788293311.117934942,1788293311.092938900,3.143687963,-25.191453934,3.089999914,0.126405,-0.074076,-82.965992,172.965992,0.000398184,-0.001214964,-0.662396669,0.749152184,0.023979789,-0.336344182,-0.000061138,0.337197923,-0.000061138,3.091000080,True,GUIDED,True
108.526433,2026-09-01T20:08:33.627667+00:00,1788293313.627667189,1788293311.186923027,1788293311.175925016,3.143687963,-25.213718414,3.089999914,0.129465,-0.083841,-82.967071,172.967071,0.000361732,-0.001296497,-0.662403584,0.749145985,0.024016261,-0.336875707,-0.000041704,0.337730696,-0.000041704,3.091000080,True,GUIDED,True
108.869382,2026-09-01T20:08:33.970615+00:00,1788293313.970615387,1788293311.506870031,1788293311.461877108,3.165826559,-25.325037003,3.089999914,0.116748,-0.104799,-82.967268,172.967268,0.000157445,-0.001359997,-0.662404776,0.749144793,0.023741646,-0.336922407,0.000044184,0.337757863,0.000044184,3.091000080,True,GUIDED,True
109.041529,2026-09-01T20:08:34.142763+00:00,1788293314.142763376,1788293311.681839943,1788293311.603852987,3.165826559,-25.391828537,3.089999914,0.116282,-0.116557,-82.965676,172.965676,0.000086450,-0.001434167,-0.662394226,0.749154031,0.023368385,-0.336306423,0.000029529,0.337117326,0.000029529,3.091000080,True,GUIDED,True
109.160539,2026-09-01T20:08:34.261774+00:00,1788293314.261773586,1788293311.786823034,1788293311.770824909,3.176896095,-25.425224304,3.089999914,0.113701,-0.117080,-82.966028,172.966028,0.000066549,-0.001422671,-0.662396550,0.749152064,0.023278235,-0.335546434,0.000116865,0.336352918,0.000116865,3.091000080,True,GUIDED,True
109.378864,2026-09-01T20:08:34.480099+00:00,1788293314.480098724,1788293311.994787931,1788293311.972790956,3.176896095,-25.503147125,3.089999914,0.115612,-0.124126,-82.966191,172.966191,0.000038309,-0.001479775,-0.662397504,0.749151111,0.023328708,-0.334942043,0.000040354,0.335753482,0.000040354,3.091000080,True,GUIDED,True
109.466791,2026-09-01T20:08:34.568026+00:00,1788293314.568025589,1788293312.097769976,1788293311.972790956,3.187965155,-25.536542892,3.089999914,0.111584,-0.120106,-82.966129,172.966129,0.000035214,-0.001430220,-0.662397206,0.749151409,0.023131041,-0.333594412,0.000031065,0.334395389,0.000031065,3.091000080,True,GUIDED,True
109.539427,2026-09-01T20:08:34.640661+00:00,1788293314.640660524,1788293312.169758081,1788293312.151761055,3.187965155,-25.558807373,3.089999914,0.112690,-0.115256,-82.966633,172.966633,0.000070475,-0.001404906,-0.662400544,0.749148548,0.023130586,-0.332958668,-0.000004865,0.333761141,-0.000004865,3.091000080,True,GUIDED,True
110.199729,2026-09-01T20:08:35.300963+00:00,1788293315.300963163,1788293312.800652027,1788293312.759659052,3.221173286,-25.781444550,3.089999914,0.115877,-0.070233,-82.966288,172.966288,0.000351567,-0.001128982,-0.662398756,0.749150455,0.023130072,-0.332455844,0.000033365,0.333259491,0.000033365,3.091000080,True,GUIDED,True
110.381127,2026-09-01T20:08:35.482361+00:00,1788293315.482361317,1788293312.976623058,1788293312.963624954,3.221173286,-25.837104797,3.089999914,0.113424,-0.056608,-82.966647,172.966647,0.000414291,-0.001025732,-0.662401259,0.749148428,0.023738634,-0.330449373,0.000018871,0.331300937,0.000018871,3.091000080,True,GUIDED,True
110.615260,2026-09-01T20:08:35.716495+00:00,1788293315.716495275,1788293313.216582060,1788293313.186587095,3.232242584,-25.926158905,3.089999914,0.118762,-0.056588,-82.967849,172.967849,0.000449292,-0.001056457,-0.662409067,0.749141455,0.023850989,-0.330838650,0.000135065,0.331697275,0.000135065,3.091000080,True,GUIDED,True
110.985011,2026-09-01T20:08:36.086246+00:00,1788293316.086245537,1788293313.532529116,1788293313.490535975,3.243311882,-26.026346207,3.089999914,0.119883,-0.060224,-82.966889,172.966889,0.000435612,-0.001086704,-0.662402749,0.749146938,0.024142226,-0.331815809,0.000158160,0.332692919,0.000158160,3.089999914,True,GUIDED,True
111.006438,2026-09-01T20:08:36.107672+00:00,1788293316.107672215,1788293313.567523003,1788293313.490535975,3.254381180,-26.048610687,3.089999914,0.121254,-0.061552,-82.966911,172.966911,0.000436897,-0.001103312,-0.662402868,0.749146819,0.024500951,-0.333102077,0.000080363,0.334001932,0.000080363,3.089999914,True,GUIDED,True
111.213373,2026-09-01T20:08:36.314606+00:00,1788293316.314606428,1788293313.778487921,1788293313.705499887,3.254381180,-26.115400314,3.089999914,0.125162,-0.065058,-82.967498,172.967498,0.000442173,-0.001148831,-0.662406623,0.749143541,0.024566881,-0.333201945,0.000089817,0.334106372,0.000089817,3.089999914,True,GUIDED,True
111.799681,2026-09-01T20:08:36.900915+00:00,1788293316.900915146,1788293314.333395004,1788293314.288402081,3.276519775,-26.304643631,3.089999914,0.119414,-0.080319,-82.966291,172.966291,0.000316392,-0.001215369,-0.662398636,0.749150455,0.024380496,-0.333743721,0.000114768,0.334633053,0.000114768,3.089999914,True,GUIDED,True
111.928057,2026-09-01T20:08:37.029291+00:00,1788293317.029290915,1788293314.473371029,1788293314.395384073,3.287589312,-26.360301971,3.089999914,0.119758,-0.078910,-82.967228,172.967228,0.000326781,-0.001208146,-0.662404776,0.749145031,0.023698226,-0.333938062,0.000068535,0.334777889,0.000068535,3.089999914,True,GUIDED,True
111.974188,2026-09-01T20:08:37.075423+00:00,1788293317.075422764,1788293314.508364916,1788293314.395384073,3.287589312,-26.371435165,3.089999914,0.118057,-0.077639,-82.967223,172.967223,0.000323003,-0.001190003,-0.662404776,0.749145031,0.023740567,-0.333989233,0.000062728,0.334831931,0.000062728,3.089999914,True,GUIDED,True
112.164656,2026-09-01T20:08:37.265890+00:00,1788293317.265890121,1788293314.719330072,1788293314.672338009,3.298658371,-26.449357986,3.089999914,0.119567,-0.082438,-82.966286,172.966286,0.000305143,-0.001230101,-0.662398577,0.749150515,0.023652315,-0.333967775,0.000062797,0.334804281,0.000062797,3.089999914,True,GUIDED,True
112.429277,2026-09-01T20:08:37.530511+00:00,1788293317.530510664,1788293314.964288950,1788293314.835309982,3.309727907,-26.527280807,3.089999914,0.114502,-0.086524,-82.967115,172.967115,0.000248405,-0.001227540,-0.662404001,0.749145806,0.023608498,-0.333980054,0.000074142,0.334813437,0.000074142,3.089999914,True,GUIDED,True
112.531739,2026-09-01T20:08:37.632973+00:00,1788293317.632972956,1788293315.067270994,1788293315.003282070,3.309727907,-26.560676575,3.089999914,0.110162,-0.087630,-82.967401,172.967401,0.000213630,-0.001209685,-0.662405908,0.749144137,0.023592809,-0.333902210,-0.000000745,0.334734681,-0.000000745,3.089999914,True,GUIDED,True
112.975315,2026-09-01T20:08:38.076548+00:00,1788293318.076548338,1788293315.490200043,1788293315.360222101,3.331866503,-26.716522217,3.089999914,0.112404,-0.103989,-82.966922,172.966922,0.000133727,-0.001329589,-0.662402570,0.749146879,0.023409348,-0.333672613,-0.000015551,0.334492766,-0.000015551,3.089999914,True,GUIDED,True
113.092531,2026-09-01T20:08:38.193766+00:00,1788293318.193765879,1788293315.597182035,1788293315.574186087,3.331866503,-26.749917984,3.089999914,0.117866,-0.106165,-82.966735,172.966735,0.000156862,-0.001375388,-0.662401259,0.749147952,0.024126189,-0.333087176,0.000014939,0.333959788,0.000014939,3.089999914,True,GUIDED,True
113.283747,2026-09-01T20:08:38.384981+00:00,1788293318.384980917,1788293315.776151896,1788293315.717161894,3.342935801,-26.816709518,3.089999914,0.117098,-0.096085,-82.966788,172.966788,0.000210109,-0.001305053,-0.662401736,0.749147594,0.024152964,-0.332670629,0.000023482,0.333546268,0.000023482,3.089999914,True,GUIDED,True
113.345934,2026-09-01T20:08:38.447169+00:00,1788293318.447168589,1788293315.845140934,1788293315.776151896,3.342935801,-26.838973999,3.089999914,0.119620,-0.091665,-82.967214,172.967214,0.000252143,-0.001290736,-0.662404537,0.749145150,0.024128487,-0.332021207,-0.000009564,0.332896779,-0.000009564,3.089999914,True,GUIDED,True
113.519547,2026-09-01T20:08:38.620781+00:00,1788293318.620780706,1788293316.024111032,1788293316.002114058,3.354005098,-26.894632339,3.089999914,0.122028,-0.089014,-82.966812,172.966812,0.000283216,-0.001287321,-0.662401915,0.749147415,0.023821251,-0.331738800,-0.000028103,0.332592969,-0.000028103,3.089999914,True,GUIDED,True
113.727315,2026-09-01T20:08:38.828548+00:00,1788293318.828548193,1788293316.233074903,1788293316.192081928,3.365074396,-26.972557068,3.089999914,0.120973,-0.084126,-82.968015,172.968015,0.000304561,-0.001249273,-0.662409842,0.749140561,0.023949895,-0.331710517,0.000005178,0.332573999,0.000005178,3.089999914,True,GUIDED,True
113.918043,2026-09-01T20:08:39.019276+00:00,1788293319.019276142,1788293316.407046080,1788293316.371052027,3.365074396,-27.028215408,3.089999914,0.120882,-0.070540,-82.968101,172.968101,0.000382498,-0.001159932,-0.662410557,0.749139965,0.023722220,-0.331241548,-0.000020706,0.332089908,-0.000020706,3.089999914,True,GUIDED,True
114.139529,2026-09-01T20:08:39.240763+00:00,1788293319.240763426,1788293316.615010977,1788293316.597013950,3.376143932,-27.106138229,3.089999914,0.121330,-0.047121,-82.966891,172.966891,0.000520816,-0.001009411,-0.662402868,0.749146938,0.023758614,-0.330999732,-0.000115103,0.331851314,-0.000115103,3.089999914,True,GUIDED,True
116.175938,2026-09-01T20:08:41.277173+00:00,1788293321.277172565,1788293318.560683966,1788293318.537688017,3.464698315,-27.774051666,3.089999914,0.093886,-2.401716,-82.973015,172.973015,-0.013269473,-0.016242050,-0.662285089,0.748958230,0.023644263,-0.331516981,-0.000282640,0.332359083,-0.000282640,3.089999914,True,GUIDED,True
116.528923,2026-09-01T20:08:41.630157+00:00,1788293321.630156755,1788293318.912625074,1788293318.798644066,3.475767612,-27.840843201,3.089999914,0.114896,-4.177070,-82.978602,172.978602,-0.023392672,-0.027963040,-0.662012398,0.748605669,0.017229555,-0.280629873,-0.000431051,0.281158289,-0.000431051,3.089999914,True,GUIDED,True
116.845346,2026-09-01T20:08:41.946580+00:00,1788293321.946579933,1788293319.227571964,1788293319.132587910,3.475767612,-27.851974487,3.089999914,0.107643,-1.889369,-83.000172,173.000172,-0.010221257,-0.012970445,-0.662519217,0.748862863,-0.007613456,-0.072843626,-0.000119245,0.073240416,-0.000119245,3.089999914,True,GUIDED,True
116.947424,2026-09-01T20:08:42.048659+00:00,1788293322.048658609,1788293319.332555056,1788293319.276563883,3.475767612,-27.851974487,3.089999914,0.099894,-0.706908,-83.013586,173.013586,-0.003435363,-0.005197444,-0.662691951,0.748866200,-0.029866759,0.100858837,-0.000272679,0.105188062,-0.000272679,3.089999914,True,GUIDED,True
117.057382,2026-09-01T20:08:42.158616+00:00,1788293322.158615828,1788293319.435537100,1788293319.395544052,3.475767612,-27.840843201,3.089999914,0.090927,0.116249,-83.011814,173.011814,0.001266514,0.000233878,-0.662697315,0.748886228,-0.032196440,0.120374955,-0.000385506,0.124606342,-0.000385506,3.089999914,True,GUIDED,True
117.407309,2026-09-01T20:08:42.508543+00:00,1788293322.508543491,1788293319.787477970,1788293319.669497967,3.475767612,-27.818578720,3.079999924,0.095234,0.882104,-83.030557,173.030557,0.005724477,0.005213063,-0.662804663,0.748752296,-0.032594327,0.122777253,-0.000390299,0.127030091,-0.000390299,3.088999987,True,GUIDED,True
117.887418,2026-09-01T20:08:42.988652+00:00,1788293322.988652468,1788293320.245400906,1788293320.126420975,3.475767612,-27.807447433,3.079999924,0.097815,0.432733,-83.016937,173.016937,0.003141887,0.002262203,-0.662728190,0.748849988,-0.025696406,0.073608086,-0.000337554,0.077964450,-0.000337554,3.088999987,True,GUIDED,True
117.917938,2026-09-01T20:08:43.019172+00:00,1788293323.019171953,1788293320.281394958,1788293320.245400906,3.475767612,-27.807447433,3.079999924,0.097598,0.399270,-83.016129,173.016129,0.002946930,0.002044806,-0.662723422,0.748855591,-0.017632389,0.015748888,-0.000082368,0.023641672,-0.000082368,3.088999987,True,GUIDED,True
118.038790,2026-09-01T20:08:43.140024+00:00,1788293323.140024424,1788293320.389377117,1788293320.281394958,3.475767612,-27.807447433,3.079999924,0.105510,0.311554,-83.009782,173.009782,0.002491265,0.001425958,-0.662683129,0.748894334,-0.017024660,0.012686517,-0.000052121,0.021231740,-0.000052121,3.088999987,True,GUIDED,True
118.246140,2026-09-01T20:08:43.347374+00:00,1788293323.347373962,1788293320.600342035,1788293320.555349112,3.475767612,-27.807447433,3.079999924,0.122234,0.161295,-82.994718,172.994718,0.001731568,0.000347475,-0.662585616,0.748984098,-0.015995411,0.005273766,0.000115085,0.016842381,0.000115085,3.088999987,True,GUIDED,True
118.320551,2026-09-01T20:08:43.421785+00:00,1788293323.421784878,1788293320.670330048,1788293320.555349112,3.475767612,-27.807447433,3.079999924,0.124282,0.121565,-82.992574,172.992574,0.001515230,0.000075973,-0.662571609,0.748997033,-0.014841378,-0.005234587,0.000323980,0.015737452,0.000323980,3.088999987,True,GUIDED,True
118.645818,2026-09-01T20:08:43.747052+00:00,1788293323.747051716,1788293320.983277082,1788293320.965280056,3.475767612,-27.807447433,3.079999924,0.127905,-0.031515,-82.981475,172.981475,0.000653888,-0.000945475,-0.662498295,0.749062479,-0.014739978,-0.007672000,0.000176331,0.016617056,0.000176331,3.088999987,True,GUIDED,True
119.414957,2026-09-01T20:08:44.516191+00:00,1788293324.516190767,1788293321.727152109,1788293321.704155922,3.475767612,-27.818578720,3.079999924,0.106145,-0.212101,-82.971957,172.971957,-0.000532225,-0.002000169,-0.662434042,0.749117315,-0.014870342,-0.013728848,0.000150806,0.020238783,0.000150806,3.088999987,True,GUIDED,True
119.442600,2026-09-01T20:08:44.543835+00:00,1788293324.543834686,1788293321.763145924,1788293321.727152109,3.475767612,-27.818578720,3.079999924,0.104424,-0.211837,-82.972107,172.972107,-0.000541952,-0.001988491,-0.662435055,0.749116540,-0.017313622,-0.004491318,0.000160675,0.017886683,0.000160675,3.088999987,True,GUIDED,True
119.551757,2026-09-01T20:08:44.652991+00:00,1788293324.652990818,1788293321.869127989,1788293321.846132040,3.475767612,-27.818578720,3.079999924,0.102627,-0.212092,-82.970780,172.970780,-0.000555153,-0.001979779,-0.662426412,0.749124110,-0.017303143,-0.003673960,0.000104793,0.017688887,0.000104793,3.088999987,True,GUIDED,True
119.670284,2026-09-01T20:08:44.771518+00:00,1788293324.771518469,1788293321.974111080,1788293321.930118084,3.475767612,-27.818578720,3.079999924,0.103249,-0.205634,-82.970118,172.970118,-0.000513741,-0.001941164,-0.662422180,0.749127984,-0.017644733,-0.001221080,0.000103554,0.017686934,0.000103554,3.088999987,True,GUIDED,True
119.869946,2026-09-01T20:08:44.971180+00:00,1788293324.971179724,1788293322.182075977,1788293322.145081997,3.475767612,-27.818578720,3.079999924,0.104196,-0.178749,-82.972592,172.972592,-0.000352174,-0.001770872,-0.662438750,0.749113917,-0.017814359,0.001230525,0.000074914,0.017856807,0.000074914,3.088999987,True,GUIDED,True
119.899415,2026-09-01T20:08:45.000649+00:00,1788293325.000648975,1788293322.216069937,1788293322.145081997,3.475767612,-27.818578720,3.079999924,0.106190,-0.174822,-82.972852,172.972852,-0.000316441,-0.001756722,-0.662440479,0.749112427,-0.018059993,0.005440325,-0.000002801,0.018861614,-0.000002801,3.088999987,True,GUIDED,True
119.945117,2026-09-01T20:08:45.046351+00:00,1788293325.046350956,1788293322.251064062,1788293322.216069937,3.475767612,-27.818578720,3.079999924,0.104618,-0.170575,-82.973513,172.973513,-0.000302175,-0.001719870,-0.662444890,0.749108613,-0.018245978,0.006073801,-0.000032264,0.019230361,-0.000032264,3.088999987,True,GUIDED,True
120.058958,2026-09-01T20:08:45.160192+00:00,1788293325.160191774,1788293322.355046988,1788293322.251064062,3.475767612,-27.818578720,3.079999924,0.104084,-0.154193,-82.973568,172.973568,-0.000210964,-0.001609698,-0.662445486,0.749108374,-0.018520616,0.006759004,-0.000003232,0.019715409,-0.000003232,3.088999987,True,GUIDED,True
120.100465,2026-09-01T20:08:45.201699+00:00,1788293325.201699018,1788293322.391041040,1788293322.251064062,3.475767612,-27.818578720,3.079999924,0.101910,-0.148809,-82.971300,172.971300,-0.000194022,-0.001561935,-0.662430763,0.749121428,-0.018302605,0.008144387,-0.000015226,0.020032882,-0.000015226,3.088999987,True,GUIDED,True
120.166564,2026-09-01T20:08:45.267799+00:00,1788293325.267798901,1788293322.460028887,1788293322.406038046,3.475767612,-27.818578720,3.079999924,0.107208,-0.140556,-82.973126,172.973126,-0.000111698,-0.001538609,-0.662442744,0.749110878,-0.018377071,0.008636925,-0.000012733,0.020305497,-0.000012733,3.088999987,True,GUIDED,True
120.307013,2026-09-01T20:08:45.408247+00:00,1788293325.408246517,1788293322.598006010,1788293322.478025913,3.475767612,-27.818578720,3.079999924,0.104011,-0.121807,-82.973020,172.973020,-0.000024213,-0.001397563,-0.662442327,0.749111533,-0.018547187,0.009559414,-0.000072518,0.020865774,-0.000072518,3.088999987,True,GUIDED,True
120.379514,2026-09-01T20:08:45.480749+00:00,1788293325.480748892,1788293322.667994022,1788293322.643997908,3.475767612,-27.818578720,3.079999924,0.108076,-0.114041,-82.972239,172.972239,0.000047264,-0.001370292,-0.662437260,0.749116123,-0.018570939,0.010750706,-0.000004171,0.021458273,-0.000004171,3.088999987,True,GUIDED,True
120.612850,2026-09-01T20:08:45.714085+00:00,1788293325.714084864,1788293322.879959106,1788293322.859961987,3.475767612,-27.818578720,3.079999924,0.111111,-0.094502,-82.975902,172.975902,0.000180023,-0.001260107,-0.662461400,0.749094963,-0.018436380,0.011153980,-0.000001048,0.021547886,-0.000001048,3.088999987,True,GUIDED,True
120.811864,2026-09-01T20:08:45.913098+00:00,1788293325.913098097,1788293323.089922905,1788293322.859961987,3.475767612,-27.818578720,3.079999924,0.111465,-0.075595,-82.973775,172.973775,0.000291654,-0.001138554,-0.662447691,0.749107242,-0.018550379,0.011961572,-0.000019303,0.022072512,-0.000019303,3.088999987,True,GUIDED,True
120.949267,2026-09-01T20:08:46.050502+00:00,1788293326.050501823,1788293323.231899023,1788293323.168910027,3.475767612,-27.818578720,3.079999924,0.115530,-0.073864,-82.974918,172.974918,0.000328228,-0.001150744,-0.662455142,0.749100626,-0.018708413,0.012000824,0.000103462,0.022226662,0.000103462,3.088999987,True,GUIDED,True
121.106154,2026-09-01T20:08:46.207388+00:00,1788293326.207387686,1788293323.369875908,1788293323.274892092,3.475767612,-27.818578720,3.079999924,0.110779,-0.066536,-82.974918,172.974918,0.000339528,-0.001075371,-0.662455261,0.749100626,-0.019127291,0.011888183,0.000051386,0.022520705,0.000051386,3.088999987,True,GUIDED,True
121.400677,2026-09-01T20:08:46.501910+00:00,1788293326.501909971,1788293323.655827999,1788293323.609836102,3.475767612,-27.818578720,3.089999914,0.105918,-0.065139,-82.975904,172.975904,0.000315817,-0.001038138,-0.662461758,0.749094963,-0.019095650,0.011467279,0.000097512,0.022274253,0.000097512,3.089999914,True,GUIDED,True
121.615297,2026-09-01T20:08:46.716531+00:00,1788293326.716530800,1788293323.863792896,1788293323.845796108,3.475767612,-27.818578720,3.089999914,0.105471,-0.087793,-82.976028,172.976028,0.000181937,-0.001183644,-0.662462354,0.749094248,-0.018962681,0.010009392,-0.000118188,0.021442276,-0.000118188,3.089999914,True,GUIDED,True
122.051602,2026-09-01T20:08:47.152836+00:00,1788293327.152836323,1788293324.283723116,1788293324.192738056,3.475767612,-27.818578720,3.089999914,0.093819,-0.119640,-82.977010,172.977010,-0.000078354,-0.001324472,-0.662468553,0.749088526,-0.018790308,0.009168532,-0.000359818,0.020907837,-0.000359818,3.091000080,True,GUIDED,True
122.305895,2026-09-01T20:08:47.407129+00:00,1788293327.407129049,1788293324.526681900,1788293324.502686024,3.475767612,-27.818578720,3.089999914,0.094140,-0.129909,-82.978269,172.978269,-0.000135639,-0.001393456,-0.662476659,0.749081254,-0.018695053,0.009952551,-0.001244887,0.021179194,-0.001244887,3.091000080,True,GUIDED,True
122.424454,2026-09-01T20:08:47.525688+00:00,1788293327.525688171,1788293324.629664898,1788293324.502686024,3.475767612,-27.818578720,3.089999914,0.097371,-0.132098,-82.978334,172.978334,-0.000127177,-0.001426437,-0.662477016,0.749080896,-0.018147420,0.010920506,-0.001473177,0.021179856,-0.001473177,3.091000080,True,GUIDED,True
122.443092,2026-09-01T20:08:47.544327+00:00,1788293327.544327497,1788293324.664659023,1788293324.502686024,3.475767612,-27.818578720,3.089999914,0.095057,-0.131443,-82.978073,172.978073,-0.000138512,-0.001408779,-0.662475348,0.749082327,-0.018171120,0.011687164,-0.001490921,0.021605079,-0.001490921,3.091000080,True,GUIDED,True
122.579061,2026-09-01T20:08:47.680295+00:00,1788293327.680294991,1788293324.802635908,1788293324.787637949,3.475767612,-27.818578720,3.089999914,0.096894,-0.126281,-82.979781,172.979781,-0.000096682,-0.001385662,-0.662486553,0.749072552,-0.018042505,0.011809845,-0.001468593,0.021563961,-0.001468593,3.089999914,True,GUIDED,True
122.990567,2026-09-01T20:08:48.091801+00:00,1788293328.091801405,1788293325.190570116,1788293325.179572105,3.475767612,-27.818578720,3.089999914,0.109383,-0.121718,-82.983014,172.983014,0.000011298,-0.001428036,-0.662507594,0.749053776,-0.017837400,0.012493979,-0.001390615,0.021777795,-0.001390615,3.089999914,True,GUIDED,True
123.271994,2026-09-01T20:08:48.373228+00:00,1788293328.373227835,1788293325.473522902,1788293325.429529905,3.475767612,-27.818578720,3.089999914,0.112997,-0.123099,-82.986124,172.986124,0.000026896,-0.001457953,-0.662527859,0.749035776,-0.017762732,0.014023933,-0.000932505,0.022631512,-0.000932505,3.089999914,True,GUIDED,True
123.705795,2026-09-01T20:08:48.807029+00:00,1788293328.807028770,1788293325.892452002,1788293325.859457970,3.475767612,-27.818578720,3.079999924,0.100671,-0.142523,-82.986604,172.986604,-0.000165983,-0.001513651,-0.662530899,0.749033093,-0.018234367,0.014644318,-0.000533020,0.023386923,-0.000533020,3.088999987,True,GUIDED,True
124.208333,2026-09-01T20:08:49.309567+00:00,1788293329.309566975,1788293326.381370068,1788293326.262389898,3.475767612,-27.829711914,3.079999924,0.096665,-0.150804,-82.992110,172.992110,-0.000240124,-0.001544612,-0.662566841,0.749001086,-0.018866604,0.015997019,-0.000218334,0.024735670,-0.000218334,3.088999987,True,GUIDED,True
124.315450,2026-09-01T20:08:49.416684+00:00,1788293329.416684151,1788293326.483352900,1788293326.465356112,3.475767612,-27.829711914,3.079999924,0.095353,-0.148869,-82.993536,172.993536,-0.000237529,-0.001524375,-0.662576199,0.748992920,-0.018828657,0.018879743,-0.000023107,0.026663890,-0.000023107,3.088999987,True,GUIDED,True
124.712750,2026-09-01T20:08:49.813985+00:00,1788293329.813985109,1788293326.867289066,1788293326.774303913,3.475767612,-27.829711914,3.079999924,0.101708,-0.147527,-82.998900,172.998900,-0.000188302,-0.001552343,-0.662611187,0.748961985,-0.018934393,0.019558668,-0.000095245,0.027222284,-0.000095245,3.088999987,True,GUIDED,True
125.021654,2026-09-01T20:08:50.122888+00:00,1788293330.122887611,1788293327.179235935,1788293327.155240059,3.475767612,-27.829711914,3.079999924,0.103523,-0.118255,-82.999284,172.999284,-0.000007179,-0.001371516,-0.662614048,0.748959720,-0.018903406,0.021938408,-0.000131699,0.028959152,-0.000131699,3.088999987,True,GUIDED,True
125.217024,2026-09-01T20:08:50.318259+00:00,1788293330.318258524,1788293327.357206106,1788293327.309214115,3.475767612,-27.829711914,3.079999924,0.100532,-0.103261,-83.000803,173.000803,0.000059952,-0.001256224,-0.662624180,0.748951018,-0.018809633,0.023156913,0.000059648,0.029833621,0.000059648,3.088999987,True,GUIDED,True
125.253033,2026-09-01T20:08:50.354267+00:00,1788293330.354267120,1788293327.394200087,1788293327.381201982,3.475767612,-27.829711914,3.079999924,0.102329,-0.100589,-83.001247,173.001247,0.000087141,-0.001249151,-0.662627101,0.748948336,-0.018723410,0.023273021,0.000040040,0.029869710,0.000040040,3.088999987,True,GUIDED,True
125.329226,2026-09-01T20:08:50.430460+00:00,1788293330.430460453,1788293327.464188099,1788293327.452189922,3.475767612,-27.829711914,3.079999924,0.102257,-0.097740,-83.002100,173.002100,0.000103137,-0.001230116,-0.662632704,0.748943448,-0.018687006,0.023256110,0.000055714,0.029833720,0.000055714,3.088999987,True,GUIDED,True
125.374999,2026-09-01T20:08:50.476233+00:00,1788293330.476233006,1788293327.500181913,1788293327.475186110,3.475767612,-27.829711914,3.079999924,0.101015,-0.096010,-83.002688,173.002688,0.000105020,-0.001211625,-0.662636578,0.748940051,-0.018835347,0.023283068,0.000020528,0.029947814,0.000020528,3.088999987,True,GUIDED,True
125.623292,2026-09-01T20:08:50.724526+00:00,1788293330.724526405,1788293327.744141102,1788293327.717145920,3.475767612,-27.829711914,3.079999924,0.106187,-0.091197,-83.004075,173.004075,0.000166639,-0.001210077,-0.662645638,0.748932064,-0.018607965,0.023102444,0.000010433,0.029664444,0.000010433,3.088999987,True,GUIDED,True
125.662334,2026-09-01T20:08:50.763568+00:00,1788293330.763568163,1788293327.780134916,1788293327.717145920,3.475767612,-27.829711914,3.079999924,0.106619,-0.090132,-83.003481,173.003481,0.000175624,-0.001205616,-0.662641764,0.748935461,-0.018630452,0.022602467,0.000104858,0.029291044,0.000104858,3.088999987,True,GUIDED,True
126.246928,2026-09-01T20:08:51.348162+00:00,1788293331.348161936,1788293328.339040995,1788293328.298048019,3.475767612,-27.829711914,3.079999924,0.113657,-0.060293,-83.007093,173.007093,0.000394139,-0.001051305,-0.662665606,0.748914480,-0.018565623,0.022506481,0.000079805,0.029175744,0.000079805,3.088999987,True,GUIDED,True
126.519243,2026-09-01T20:08:51.620477+00:00,1788293331.620476723,1788293328.613995075,1788293328.573002100,3.475767612,-27.829711914,3.079999924,0.116690,-0.031512,-83.007332,173.007332,0.000580399,-0.000880753,-0.662667394,0.748913050,-0.018416619,0.021031162,0.000081533,0.027954993,0.000081533,3.088999987,True,GUIDED,True
126.872350,2026-09-01T20:08:51.973585+00:00,1788293331.973584890,1788293328.965935946,1788293328.892947912,3.475767612,-27.818578720,3.079999924,0.123472,-0.029474,-83.008587,173.008587,0.000636495,-0.000906652,-0.662675560,0.748905718,-0.018683428,0.019137643,0.000050357,0.026745464,0.000050357,3.088999987,True,GUIDED,True
126.907030,2026-09-01T20:08:52.008263+00:00,1788293332.008263350,1788293328.999929905,1788293328.978934050,3.475767612,-27.818578720,3.079999924,0.122856,-0.032004,-83.009675,173.009675,0.000617836,-0.000919634,-0.662682652,0.748899460,-0.018553462,0.015302773,0.000125437,0.024050069,0.000125437,3.088999987,True,GUIDED,True
127.042358,2026-09-01T20:08:52.143592+00:00,1788293332.143591642,1788293329.137907028,1788293328.978934050,3.475767612,-27.818578720,3.079999924,0.117487,-0.040231,-83.008750,173.008750,0.000535172,-0.000942348,-0.662676573,0.748904943,-0.018742600,0.014995462,0.000124654,0.024003103,0.000124654,3.088999987,True,GUIDED,True
127.270901,2026-09-01T20:08:52.372135+00:00,1788293332.372135401,1788293329.344871998,1788293329.263885975,3.475767612,-27.818578720,3.079999924,0.114393,-0.050944,-83.009015,173.009015,0.000452996,-0.000994470,-0.662678242,0.748903394,-0.018771034,0.013595008,0.000163679,0.023177057,0.000163679,3.088999987,True,GUIDED,True
127.299268,2026-09-01T20:08:52.400502+00:00,1788293332.400502443,1788293329.380866051,1788293329.344871998,3.475767612,-27.818578720,3.079999924,0.111886,-0.050981,-83.010088,173.010088,0.000436392,-0.000980224,-0.662685275,0.748897195,-0.018828042,0.012173601,0.000049826,0.022420788,0.000049826,3.088999987,True,GUIDED,True
127.979916,2026-09-01T20:08:53.081150+00:00,1788293333.081150293,1788293330.037755966,1788293329.979765892,3.475767612,-27.818578720,3.079999924,0.104104,-0.062447,-83.010513,173.010513,0.000319222,-0.001010147,-0.662688017,0.748894811,-0.019054599,0.012084505,0.000095948,0.022563532,0.000095948,3.088999987,True,GUIDED,True
128.303301,2026-09-01T20:08:53.404535+00:00,1788293333.404535294,1788293330.350703001,1788293330.339704990,3.475767612,-27.818578720,3.079999924,0.101277,-0.067876,-83.012021,173.012021,0.000269334,-0.001029285,-0.662697852,0.748886049,-0.018641885,0.008845716,0.000106935,0.020634112,0.000106935,3.088999987,True,GUIDED,True
128.571286,2026-09-01T20:08:53.672521+00:00,1788293333.672520876,1788293330.600661039,1788293330.577665091,3.475767612,-27.818578720,3.079999924,0.102404,-0.071443,-83.011563,173.011563,0.000256077,-0.001059117,-0.662694812,0.748888731,-0.018321665,0.007914427,0.000164880,0.019957995,0.000164880,3.088999987,True,GUIDED,True
128.749504,2026-09-01T20:08:53.850738+00:00,1788293333.850737810,1788293330.774631977,1788293330.719640970,3.475767612,-27.818578720,3.079999924,0.104304,-0.087457,-83.010687,173.010687,0.000175889,-0.001174759,-0.662688911,0.748893797,-0.017920936,0.007282588,0.000221218,0.019344147,0.000221218,3.088999987,True,GUIDED,True
129.249469,2026-09-01T20:08:54.350703+00:00,1788293334.350703001,1788293331.264549971,1788293331.255551100,3.475767612,-27.818578720,3.079999924,0.111580,-0.105952,-83.015948,173.015948,0.000116425,-0.001337709,-0.662723005,0.748863399,-0.017719636,0.007091144,0.000167963,0.019085854,0.000167963,3.088999987,True,GUIDED,True
129.700835,2026-09-01T20:08:54.802070+00:00,1788293334.802069664,1788293331.720473051,1788293331.696476936,3.475767612,-27.818578720,3.079999924,0.111631,-0.107997,-83.017967,173.017967,0.000104902,-0.001351370,-0.662736177,0.748851657,-0.018169833,0.008209601,0.000144816,0.019938415,0.000144816,3.088999987,True,GUIDED,True
129.892319,2026-09-01T20:08:54.993554+00:00,1788293334.993553877,1788293331.891443968,1788293331.816457033,3.475767612,-27.818578720,3.079999924,0.108505,-0.122851,-83.018490,173.018490,-0.000001434,-0.001430362,-0.662739456,0.748848617,-0.018136863,0.008644383,0.000116050,0.020091569,0.000116050,3.088999987,True,GUIDED,True
129.973865,2026-09-01T20:08:55.075100+00:00,1788293335.075100183,1788293331.963432074,1788293331.945435047,3.475767612,-27.818578720,3.079999924,0.107968,-0.125563,-83.017948,173.017948,-0.000020627,-0.001444979,-0.662735879,0.748851836,-0.018460801,0.009240323,0.000088083,0.020644242,0.000088083,3.088999987,True,GUIDED,True
130.009110,2026-09-01T20:08:55.110344+00:00,1788293335.110344172,1788293331.999425888,1788293331.945435047,3.475767612,-27.818578720,3.079999924,0.107510,-0.128397,-83.018636,173.018636,-0.000040016,-0.001460849,-0.662740350,0.748847842,-0.018505363,0.009449368,0.000183597,0.020778330,0.000183597,3.088999987,True,GUIDED,True
130.179520,2026-09-01T20:08:55.280754+00:00,1788293335.280753851,1788293332.175396919,1788293332.148401022,3.475767612,-27.818578720,3.079999924,0.108923,-0.135995,-83.020934,173.020934,-0.000074755,-0.001518672,-0.662755251,0.748834491,-0.018561244,0.009727583,0.000147054,0.020955802,0.000147054,3.088999987,True,GUIDED,True
130.539768,2026-09-01T20:08:55.641003+00:00,1788293335.641002655,1788293332.523338079,1788293332.475346088,3.475767612,-27.818578720,3.079999924,0.101792,-0.134999,-83.022477,173.022477,-0.000115610,-0.001470918,-0.662765443,0.748825490,-0.018757235,0.010632194,0.000202512,0.021561016,0.000202512,3.088999987,True,GUIDED,True
130.979891,2026-09-01T20:08:56.081126+00:00,1788293336.081125975,1788293332.942267895,1788293332.883277893,3.475767612,-27.818578720,3.079999924,0.099915,-0.114972,-83.025247,173.025247,-0.000012082,-0.001329192,-0.662783802,0.748809636,-0.018934818,0.012846658,0.000099848,0.022881520,0.000099848,3.088999987,True,GUIDED,True
131.118460,2026-09-01T20:08:56.219693+00:00,1788293336.219693422,1788293333.080245018,1788293333.062247992,3.475767612,-27.818578720,3.079999924,0.099306,-0.106207,-83.025422,173.025422,0.000034632,-0.001268399,-0.662785053,0.748808622,-0.018814249,0.014779132,0.000136096,0.023924855,0.000136096,3.088999987,True,GUIDED,True
132.015091,2026-09-01T20:08:57.116325+00:00,1788293337.116325378,1788293333.952097893,1788293333.899106979,3.475767612,-27.818578720,3.079999924,0.099714,-0.143744,-83.030417,173.030417,-0.000179877,-0.001516033,-0.662817240,0.748779655,-0.018760126,0.015187099,0.000158570,0.024136907,0.000158570,3.088999987,True,GUIDED,True
132.570338,2026-09-01T20:08:57.671573+00:00,1788293337.671572924,1788293334.478009939,1788293334.315037012,3.475767612,-27.829711914,3.079999924,0.099510,-0.152148,-83.033053,173.033053,-0.000229852,-0.001569764,-0.662834346,0.748764455,-0.018681450,0.015635829,0.000181786,0.024361357,0.000181786,3.088999987,True,GUIDED,True
133.057311,2026-09-01T20:08:58.158546+00:00,1788293338.158545971,1788293334.929934025,1788293334.910937071,3.475767612,-27.829711914,3.089999914,0.106790,-0.138391,-83.035410,173.035410,-0.000102745,-0.001521979,-0.662849844,0.748750746,-0.018483233,0.019039959,0.000098427,0.026535823,0.000098427,3.089999914,True,GUIDED,True
133.080752,2026-09-01T20:08:58.181987+00:00,1788293338.181987047,1788293334.963927984,1788293334.910937071,3.475767612,-27.829711914,3.089999914,0.109669,-0.135761,-83.036753,173.036753,-0.000068739,-0.001521451,-0.662858605,0.748743057,-0.018068500,0.021563869,0.000140660,0.028133097,0.000140660,3.089999914,True,GUIDED,True
133.197634,2026-09-01T20:08:58.298869+00:00,1788293338.298868895,1788293335.069910049,1788293335.004920959,3.475767612,-27.829711914,3.089999914,0.109551,-0.126874,-83.036223,173.036223,-0.000018098,-0.001462698,-0.662855268,0.748746037,-0.018236212,0.021824228,0.000109126,0.028440400,0.000109126,3.089999914,True,GUIDED,True
133.271657,2026-09-01T20:08:58.372892+00:00,1788293338.372891903,1788293335.138899088,1788293335.111902952,3.475767612,-27.829711914,3.089999914,0.108695,-0.121137,-83.037616,173.037616,0.000009480,-0.001420266,-0.662864447,0.748738050,-0.018268717,0.022238126,-0.000027934,0.028779859,-0.000027934,3.089999914,True,GUIDED,True
133.616778,2026-09-01T20:08:58.718012+00:00,1788293338.718012094,1788293335.454845905,1788293335.435848951,3.475767612,-27.829711914,3.089999914,0.110883,-0.103206,-83.039083,173.039083,0.000127482,-0.001315757,-0.662874222,0.748729587,-0.018499851,0.022476364,-0.000126064,0.029110676,-0.000126064,3.089999914,True,GUIDED,True
133.978588,2026-09-01T20:08:59.079822+00:00,1788293339.079822302,1788293335.803786993,1788293335.755795002,3.475767612,-27.829711914,3.089999914,0.107984,-0.086488,-83.040008,173.040008,0.000205243,-0.001189754,-0.662880480,0.748724282,-0.018707514,0.022806549,-0.000374649,0.029497623,-0.000374649,3.089999914,True,GUIDED,True
134.205094,2026-09-01T20:08:59.306328+00:00,1788293339.306327581,1788293336.049746037,1788293335.950762033,3.475767612,-27.829711914,3.089999914,0.107845,-0.062218,-83.041111,173.041111,0.000344720,-0.001030385,-0.662887931,0.748717785,-0.019005433,0.022633329,-0.000659397,0.029554595,-0.000659397,3.091000080,True,GUIDED,True
134.353731,2026-09-01T20:08:59.454966+00:00,1788293339.454965830,1788293336.224715948,1788293336.069741964,3.475767612,-27.829711914,3.089999914,0.105812,-0.033775,-83.041628,173.041628,0.000495968,-0.000832780,-0.662891567,0.748714745,-0.019262318,0.022444921,-0.000851303,0.029577210,-0.000851303,3.091000080,True,GUIDED,True
134.552604,2026-09-01T20:08:59.653838+00:00,1788293339.653838396,1788293336.400686979,1788293336.391688108,3.475767612,-27.829711914,3.089999914,0.110204,-0.014503,-83.041100,173.041100,0.000636151,-0.000732268,-0.662888229,0.748717725,-0.019008549,0.021297911,-0.001025845,0.028546908,-0.001025845,3.091000080,True,GUIDED,True
134.855524,2026-09-01T20:08:59.956759+00:00,1788293339.956759214,1788293336.677639961,1788293336.582655907,3.475767612,-27.818578720,3.089999914,0.110279,-0.012355,-83.040268,173.040268,0.000649073,-0.000718658,-0.662882805,0.748722553,-0.018735003,0.019334354,-0.001221181,0.026922436,-0.001221181,3.091000080,True,LAND,True
134.956541,2026-09-01T20:09:00.057775+00:00,1788293340.057775497,1788293336.748627901,1788293336.724632025,3.475767612,-27.818578720,3.089999914,0.112259,-0.015686,-83.039143,173.039143,0.000642750,-0.000751872,-0.662875414,0.748729110,-0.018403895,0.015859116,-0.001407868,0.024294339,-0.001407868,3.091000080,True,LAND,True
135.375948,2026-09-01T20:09:00.477182+00:00,1788293340.477181673,1788293337.203552008,1788293337.200551987,3.475767612,-27.818578720,3.089999914,0.115747,-0.056027,-83.039508,173.039508,0.000432174,-0.001035635,-0.662877440,0.748727083,-0.018104903,0.014862994,-0.001398403,0.023424263,-0.001398403,3.091000080,True,LAND,True
135.598999,2026-09-01T20:09:00.700233+00:00,1788293340.700233221,1788293337.411516905,1788293337.404517889,3.475767612,-27.818578720,3.089999914,0.114241,-0.059549,-83.039428,173.039428,0.000401963,-0.001049931,-0.662876904,0.748727500,-0.018308748,0.010892663,-0.001339976,0.021303998,-0.001339976,3.089999914,True,LAND,True
135.830012,2026-09-01T20:09:00.931245+00:00,1788293340.931245327,1788293337.617481947,1788293337.594485998,3.475767612,-27.818578720,3.089999914,0.120885,-0.065327,-83.038662,173.038662,0.000411957,-0.001126123,-0.662871778,0.748731911,-0.018547969,0.010058294,-0.001063856,0.021099678,-0.001063856,3.089999914,True,LAND,True
136.125001,2026-09-01T20:09:01.226235+00:00,1788293341.226235390,1788293337.932429075,1788293337.904433966,3.475767612,-27.818578720,3.089999914,0.144827,-0.077311,-83.037646,173.037646,0.000499079,-0.001342911,-0.662864745,0.748737752,-0.018399227,0.009245742,-0.000771371,0.020591632,-0.000771371,3.089999914,True,LAND,True
136.317434,2026-09-01T20:09:01.418668+00:00,1788293341.418667793,1788293338.105400085,1788293338.057408094,3.475767612,-27.818578720,3.089999914,0.165497,-0.085496,-83.038113,173.038113,0.000586786,-0.001515962,-0.662867427,0.748735070,-0.018266436,0.008475472,-0.000465099,0.020136939,-0.000465099,3.089999914,True,LAND,True
136.816988,2026-09-01T20:09:01.918222+00:00,1788293341.918221712,1788293338.590318918,1788293338.487335920,3.475767612,-27.818578720,3.089999914,0.175491,-0.105017,-83.037083,173.037083,0.000539184,-0.001701316,-0.662860274,0.748741031,-0.019173801,0.008289547,-0.000445332,0.020889022,-0.000445332,3.089999914,True,LAND,True
137.119612,2026-09-01T20:09:02.220847+00:00,1788293342.220847130,1788293338.867271900,1788293338.714298010,3.475767612,-27.818578720,3.089999914,0.159484,-0.091387,-83.037684,173.037684,0.000513428,-0.001519670,-0.662864625,0.748737514,-0.023438189,0.008493908,-0.000276032,0.024929805,-0.000276032,3.089999914,True,LAND,True
137.687650,2026-09-01T20:09:02.788885+00:00,1788293342.788885355,1788293339.424179077,1788293339.416179895,3.475767612,-27.818578720,3.089999914,0.118894,-0.102571,-83.038732,173.038732,0.000183507,-0.001357949,-0.662871838,0.748731613,-0.025760740,0.008745728,-0.000215759,0.027204843,-0.000215759,3.089999914,True,LAND,True
137.745221,2026-09-01T20:09:02.846455+00:00,1788293342.846455097,1788293339.459172964,1788293339.416179895,3.475767612,-27.818578720,3.089999914,0.117598,-0.103741,-83.037518,173.037518,0.000168280,-0.001358098,-0.662863910,0.748738587,-0.028086143,0.008742929,-0.000155365,0.029415476,-0.000155365,3.089999914,True,LAND,True
137.929385,2026-09-01T20:09:03.030619+00:00,1788293343.030619383,1788293339.632143974,1788293339.582151890,3.475767612,-27.818578720,3.079999924,0.104645,-0.113460,-83.037959,173.037959,0.000027425,-0.001346675,-0.662866831,0.748736024,-0.028076390,0.008787872,-0.000131496,0.029419557,-0.000131496,3.088999987,True,LAND,True
138.244291,2026-09-01T20:09:03.345526+00:00,1788293343.345525503,1788293339.981085062,1788293339.962088108,3.475767612,-27.818578720,3.079999924,0.079324,-0.127858,-83.038679,173.038679,-0.000221318,-0.001294274,-0.662871659,0.748731911,-0.028015492,0.008954898,-0.000104076,0.029411869,-0.000104076,3.088999987,True,LAND,True
138.280311,2026-09-01T20:09:03.381546+00:00,1788293343.381545782,1788293340.017079115,1788293339.962088108,3.475767612,-27.818578720,3.079999924,0.075222,-0.128939,-83.040306,173.040306,-0.000254393,-0.001277603,-0.662882328,0.748722434,-0.027311178,0.010174710,-0.000068448,0.029144900,-0.000068448,3.088999987,True,LAND,True
138.591058,2026-09-01T20:09:03.692292+00:00,1788293343.692291737,1788293340.296031952,1788293340.273036003,3.475767612,-27.818578720,3.079999924,0.040215,-0.124584,-83.040319,173.040319,-0.000457930,-0.001046646,-0.662882805,0.748722315,-0.027346132,0.010408828,0.000002581,0.029260121,0.000002581,3.088999987,True,LAND,True
138.755949,2026-09-01T20:09:03.857183+00:00,1788293343.857182503,1788293340.435009003,1788293340.296031952,3.475767612,-27.818578720,3.079999924,0.029286,-0.120698,-83.037781,173.037781,-0.000506833,-0.000958042,-0.662866354,0.748736978,-0.025808042,0.012056740,0.000011645,0.028485435,0.000011645,3.088999987,True,LAND,True
139.178396,2026-09-01T20:09:04.279631+00:00,1788293344.279631138,1788293340.888932943,1788293340.843940020,3.475767612,-27.818578720,3.079999924,0.036881,-0.106863,-83.040511,173.040511,-0.000377203,-0.000911577,-0.662884235,0.748721242,-0.024570776,0.012961382,0.000086744,0.027779857,0.000086744,3.088999987,True,LAND,True
139.378644,2026-09-01T20:09:04.479879+00:00,1788293344.479878902,1788293341.063903093,1788293341.033907890,3.475767612,-27.818578720,3.079999924,0.051653,-0.099974,-83.039956,173.039956,-0.000240829,-0.000952014,-0.662880540,0.748724580,-0.018960182,0.014735743,0.000053883,0.024013134,0.000053883,3.088999987,True,LAND,True
139.493973,2026-09-01T20:09:04.595207+00:00,1788293344.595206738,1788293341.134891033,1788293341.116894007,3.475767612,-27.818578720,3.079999924,0.055428,-0.095794,-83.041871,173.041871,-0.000192005,-0.000946537,-0.662893057,0.748713493,-0.017292872,0.015106477,0.000080747,0.022961905,0.000080747,3.088999987,True,LAND,True
139.950221,2026-09-01T20:09:05.051455+00:00,1788293345.051455498,1788293341.591814041,1788293341.571818113,3.475767612,-27.818578720,3.079999924,0.090398,-0.129651,-83.042578,173.042578,-0.000159376,-0.001370045,-0.662896991,0.748709321,-0.016881334,0.015126686,0.000103570,0.022667070,0.000103570,3.088999987,True,LAND,True
139.998491,2026-09-01T20:09:05.099725+00:00,1788293345.099724770,1788293341.625808954,1788293341.571818113,3.475767612,-27.818578720,3.079999924,0.093227,-0.133729,-83.041140,173.041140,-0.000164472,-0.001413055,-0.662887514,0.748717606,-0.015086853,0.015315091,0.000167693,0.021498027,0.000167693,3.088999987,True,LAND,True
140.036902,2026-09-01T20:09:05.138137+00:00,1788293345.138137341,1788293341.659802914,1788293341.571818113,3.475767612,-27.818578720,3.079999924,0.092154,-0.136732,-83.041509,173.041509,-0.000188856,-0.001426465,-0.662889898,0.748715460,-0.015079680,0.015364292,0.000106198,0.021528080,0.000106198,3.088999987,True,LAND,True
140.194401,2026-09-01T20:09:05.295636+00:00,1788293345.295636177,1788293341.830774069,1788293341.735790014,3.475767612,-27.818578720,3.079999924,0.100475,-0.146289,-83.040304,173.040304,-0.000189752,-0.001537050,-0.662881792,0.748722494,-0.015056408,0.015519597,0.000115968,0.021622981,0.000115968,3.088999987,True,LAND,True
140.809102,2026-09-01T20:09:05.910336+00:00,1788293345.910336256,1788293342.460668087,1788293342.366683960,3.475767612,-27.829711914,3.079999924,0.099257,-0.135600,-83.041292,173.041292,-0.000135898,-0.001460165,-0.662888408,0.748716712,-0.015195474,0.016385145,0.000078485,0.022346709,0.000078485,3.088999987,True,LAND,True
140.912401,2026-09-01T20:09:06.013640+00:00,1788293346.013640165,1788293342.564651012,1788293342.523658037,3.475767612,-27.829711914,3.079999924,0.101345,-0.130377,-83.041706,173.041706,-0.000092044,-0.001438113,-0.662891150,0.748714328,-0.016440691,0.020395989,0.000119221,0.026197189,0.000119221,3.088999987,True,LAND,True
141.302512,2026-09-01T20:09:06.403747+00:00,1788293346.403746605,1788293342.949585915,1788293342.908592939,3.475767612,-27.829711914,3.079999924,0.109966,-0.117140,-83.042199,173.042199,0.000040852,-0.001401497,-0.662894428,0.748711526,-0.016288755,0.020635329,0.000080431,0.026289549,0.000080431,3.088999987,True,LAND,True
141.560614,2026-09-01T20:09:06.661848+00:00,1788293346.661848307,1788293343.193545103,1788293343.181546926,3.475767612,-27.829711914,3.079999924,0.108640,-0.108161,-83.042080,173.042080,0.000084130,-0.001335162,-0.662893772,0.748712182,-0.016887996,0.021711631,0.000202229,0.027506351,0.000202229,3.088999987,True,LAND,True
141.644569,2026-09-01T20:09:06.745804+00:00,1788293346.745803595,1788293343.265532970,1788293343.205543041,3.475767612,-27.829711914,3.079999924,0.106160,-0.106229,-83.041845,173.041845,0.000079107,-0.001308194,-0.662892282,0.748713672,-0.017312994,0.022180323,0.000163419,0.028137279,0.000163419,3.088999987,True,LAND,True
141.711002,2026-09-01T20:09:06.812236+00:00,1788293346.812236071,1788293343.336520910,1788293343.302526951,3.475767612,-27.829711914,3.079999924,0.110782,-0.106122,-83.043676,173.043676,0.000109907,-0.001334235,-0.662904203,0.748702943,-0.017341953,0.022195779,0.000131444,0.028167285,0.000131444,3.088999987,True,LAND,True
141.902325,2026-09-01T20:09:07.003559+00:00,1788293347.003558636,1788293343.509491920,1788293343.467499018,3.475767612,-27.829711914,3.079999924,0.110705,-0.097297,-83.042484,173.042484,0.000160467,-0.001276128,-0.662896514,0.748709917,-0.017351275,0.022046806,0.000222463,0.028055809,0.000222463,3.088999987,True,LAND,True
141.948561,2026-09-01T20:09:07.049795+00:00,1788293347.049794912,1788293343.545485973,1788293343.467499018,3.475767612,-27.829711914,3.079999924,0.112899,-0.095006,-83.042046,173.042046,0.000188057,-0.001273853,-0.662893653,0.748712420,-0.017632021,0.022113131,0.000122591,0.028282127,0.000122591,3.088999987,True,LAND,True
142.137188,2026-09-01T20:09:07.238421+00:00,1788293347.238421202,1788293343.753451109,1788293343.672465086,3.475767612,-27.829711914,3.079999924,0.107244,-0.077991,-83.039966,173.039966,0.000249559,-0.001129957,-0.662880301,0.748724461,-0.017794603,0.022186771,0.000118987,0.028441180,0.000118987,3.088999987,True,LAND,True
142.587788,2026-09-01T20:09:07.689021+00:00,1788293347.689021349,1788293344.176379919,1788293344.098392963,3.475767612,-27.829711914,3.019999981,0.096140,-0.033434,-83.039455,173.039455,0.000434763,-0.000774593,-0.662877440,0.748727322,-0.018107079,0.022105765,-0.011228052,0.028575009,-0.011228052,3.039999962,True,LAND,True
