elapsed_s,log_timestamp_unix_s,source_time_boot_ms,seq,sysid,compid,lat_raw_e7,lon_raw_e7,alt_raw_mm,relative_alt_raw_mm,lat_deg,lon_deg,alt_m_msl,relative_alt_m,vx_raw_cm_s,vy_raw_cm_s,vz_raw_cm_s,vx_north_mps,vy_east_mps,vz_down_mps,vertical_speed_up_mps,ground_speed_mps,heading_raw_cdeg,heading_deg,local_east_m,local_north_m,local_up_m
0.043993,1788179595.913499,108843,206,1,1,60773732,801907199,29480,-42,6.077373200,80.190719900,29.480,-0.042,-2,0,0,-0.02,0.0,0.0,-0.0,0.02,17397,173.97,0.0000,0.0000,0.0000
0.512846,1788179596.382352,109343,234,1,1,60773730,801907199,29480,-43,6.077373000,80.190719900,29.480,-0.043000000000000003,-2,0,0,-0.02,0.0,0.0,-0.0,0.02,17397,173.97,-0.0000,-0.0221,-0.0000
1.045322,1788179596.914828,109843,7,1,1,60773729,801907199,29480,-46,6.077372900,80.190719900,29.480,-0.046,-1,0,0,-0.01,0.0,0.0,-0.0,0.01,17398,173.98,0.0000,-0.0332,0.0000
1.576980,1788179597.446486,110343,37,1,1,60773727,801907200,29480,-43,6.077372700,80.190720000,29.480,-0.043000000000000003,-2,0,0,-0.02,0.0,0.0,-0.0,0.02,17398,173.98,0.0111,-0.0553,0.0000
1.996223,1788179597.865729,110843,66,1,1,60773725,801907201,29480,-45,6.077372500,80.190720100,29.480,-0.045,-2,1,0,-0.02,0.01,0.0,-0.0,0.022360679774997897,17398,173.98,0.0221,-0.0774,0.0000
2.572346,1788179598.441852,111343,94,1,1,60773724,801907202,29480,-44,6.077372400,80.190720200,29.480,-0.044,-2,1,0,-0.02,0.01,0.0,-0.0,0.022360679774997897,17399,173.99,0.0332,-0.0885,-0.0000
3.101073,1788179598.970579,111843,123,1,1,60773722,801907204,29480,-41,6.077372200,80.190720400,29.480,-0.041,-2,2,0,-0.02,0.02,0.0,-0.0,0.028284271247461905,17399,173.99,0.0553,-0.1106,0.0000
3.493622,1788179599.363128,112343,151,1,1,60773720,801907206,29480,-42,6.077372000,80.190720600,29.480,-0.042,-2,2,0,-0.02,0.02,0.0,-0.0,0.028284271247461905,17399,173.99,0.0775,-0.1327,-0.0000
3.946615,1788179599.816121,112843,180,1,1,60773718,801907208,29480,-42,6.077371800,80.190720800,29.480,-0.042,-2,3,0,-0.02,0.03,0.0,-0.0,0.03605551275463989,17399,173.99,0.0996,-0.1548,-0.0000
4.537131,1788179600.406637,113343,214,1,1,60773716,801907209,29480,-44,6.077371600,80.190720900,29.480,-0.044,-2,2,0,-0.02,0.02,0.0,-0.0,0.028284271247461905,17399,173.99,0.1107,-0.1769,-0.0000
6.495067,1788179602.364573,115343,27,1,1,60773706,801907210,29480,-47,6.077370600,80.190721000,29.480,-0.047,-2,0,0,-0.02,0.0,0.0,-0.0,0.02,17400,174.0,0.1218,-0.2875,-0.0000
8.476746,1788179604.346252,117343,90,1,1,60773696,801907210,29480,-45,6.077369600,80.190721000,29.480,-0.045,-2,0,0,-0.02,0.0,0.0,-0.0,0.02,17401,174.01,0.1218,-0.3981,-0.0000
10.516932,1788179606.386438,119343,148,1,1,60773686,801907213,29480,-42,6.077368600,80.190721300,29.480,-0.042,-2,0,0,-0.02,0.0,0.0,-0.0,0.02,17402,174.02,0.1550,-0.5087,-0.0000
12.500319,1788179608.369825,121343,206,1,1,60773681,801907214,29480,-47,6.077368100,80.190721400,29.480,-0.047,0,0,0,0.0,0.0,0.0,-0.0,0.0,17403,174.03,0.1660,-0.5640,-0.0000
14.495585,1788179610.365091,123343,1,1,1,60773682,801907208,29480,-47,6.077368200,80.190720800,29.480,-0.047,2,-2,0,0.02,-0.02,0.0,-0.0,0.028284271247461905,17404,174.04,0.0996,-0.5529,-0.0000
15.027583,1788179610.897089,123853,30,1,1,60773682,801907207,29480,-49,6.077368200,80.190720700,29.480,-0.049,2,-2,0,0.02,-0.02,0.0,-0.0,0.028284271247461905,17404,174.04,0.0886,-0.5529,-0.0000
15.573484,1788179611.442990,124343,55,1,1,60773682,801907205,29470,-52,6.077368200,80.190720500,29.470,-0.052000000000000005,1,-3,0,0.01,-0.03,0.0,-0.0,0.0316227766016838,17404,174.04,0.0664,-0.5529,-0.0100
15.994597,1788179611.864103,124843,84,1,1,60773679,801907205,29480,-48,6.077367900,80.190720500,29.480,-0.048,0,-2,0,0.0,-0.02,0.0,-0.0,0.02,17404,174.04,0.0664,-0.5861,-0.0000
16.431987,1788179612.301493,125343,112,1,1,60773678,801907205,29480,-42,6.077367800,80.190720500,29.480,-0.042,0,-2,0,0.0,-0.02,0.0,-0.0,0.02,17404,174.04,0.0664,-0.5972,-0.0000
17.068780,1788179612.938286,125843,141,1,1,60773677,801907204,29480,-42,6.077367700,80.190720400,29.480,-0.042,0,-1,0,0.0,-0.01,0.0,-0.0,0.01,17404,174.04,0.0553,-0.6082,-0.0000
17.475343,1788179613.344849,126343,169,1,1,60773675,801907205,29480,-42,6.077367500,80.190720500,29.480,-0.042,0,-1,0,0.0,-0.01,0.0,-0.0,0.01,17404,174.04,0.0664,-0.6303,-0.0000
17.991167,1788179613.860673,126843,198,1,1,60773673,801907205,29480,-41,6.077367300,80.190720500,29.480,-0.041,-1,-1,0,-0.01,-0.01,0.0,-0.0,0.014142135623730952,17404,174.04,0.0664,-0.6525,-0.0000
18.570510,1788179614.440016,127343,226,1,1,60773672,801907204,29490,-38,6.077367200,80.190720400,29.490,-0.038,-1,-1,0,-0.01,-0.01,0.0,-0.0,0.014142135623730952,17404,174.04,0.0553,-0.6635,0.0100
19.020549,1788179614.890055,127843,255,1,1,60773670,801907204,29490,-39,6.077367000,80.190720400,29.490,-0.039,-1,-1,0,-0.01,-0.01,0.0,-0.0,0.014142135623730952,17404,174.04,0.0553,-0.6856,0.0100
19.489552,1788179615.359058,128343,27,1,1,60773668,801907204,29490,-38,6.077366800,80.190720400,29.490,-0.038,-2,-1,0,-0.02,-0.01,0.0,-0.0,0.022360679774997897,17404,174.04,0.0553,-0.7078,0.0100
19.943807,1788179615.813313,128843,56,1,1,60773666,801907205,29490,-38,6.077366600,80.190720500,29.490,-0.038,-2,0,0,-0.02,0.0,0.0,-0.0,0.02,17405,174.05,0.0664,-0.7299,0.0100
20.520973,1788179616.390479,129343,84,1,1,60773664,801907207,29480,-42,6.077366400,80.190720700,29.480,-0.042,-2,1,0,-0.02,0.01,0.0,-0.0,0.022360679774997897,17405,174.05,0.0886,-0.7520,-0.0000
20.974453,1788179616.843959,129843,113,1,1,60773662,801907209,29480,-41,6.077366200,80.190720900,29.480,-0.041,-2,2,0,-0.02,0.02,0.0,-0.0,0.028284271247461905,17405,174.05,0.1107,-0.7741,-0.0000
21.457640,1788179617.327146,130343,142,1,1,60773662,801907211,29480,-46,6.077366200,80.190721100,29.480,-0.046,-1,2,0,-0.01,0.02,0.0,-0.0,0.022360679774997897,17404,174.04,0.1328,-0.7741,-0.0000
21.972051,1788179617.841557,130843,171,1,1,60773661,801907212,29480,-44,6.077366100,80.190721200,29.480,-0.044,-1,3,0,-0.01,0.03,0.0,-0.0,0.0316227766016838,17405,174.05,0.1439,-0.7852,-0.0000
22.583509,1788179618.453015,131343,199,1,1,60773659,801907213,29480,-40,6.077365900,80.190721300,29.480,-0.04,-1,3,0,-0.01,0.03,0.0,-0.0,0.0316227766016838,17403,174.03,0.1550,-0.8073,-0.0000
23.055218,1788179618.924724,131843,228,1,1,60773658,801907214,29480,-40,6.077365800,80.190721400,29.480,-0.04,-1,2,0,-0.01,0.02,0.0,-0.0,0.022360679774997897,17399,173.99,0.1660,-0.8183,-0.0000
23.462379,1788179619.331885,132343,0,1,1,60773657,801907215,29490,-37,6.077365700,80.190721500,29.490,-0.037,0,3,0,0.0,0.03,0.0,-0.0,0.03,17402,174.02,0.1771,-0.8294,0.0100
23.959530,1788179619.829036,132843,29,1,1,60773655,801907217,29490,-34,6.077365500,80.190721700,29.490,-0.034,-1,3,0,-0.01,0.03,0.0,-0.0,0.0316227766016838,17401,174.01,0.1993,-0.8515,0.0100
24.504791,1788179620.374297,133343,57,1,1,60773653,801907218,29490,-35,6.077365300,80.190721800,29.490,-0.035,-1,3,0,-0.01,0.03,0.0,-0.0,0.0316227766016838,17402,174.02,0.2103,-0.8736,0.0100
24.987144,1788179620.856650,133843,86,1,1,60773652,801907218,29490,-35,6.077365200,80.190721800,29.490,-0.035,-1,2,0,-0.01,0.02,0.0,-0.0,0.022360679774997897,17406,174.06,0.2103,-0.8847,0.0100
25.563936,1788179621.433442,134343,114,1,1,60773652,801907217,29490,-32,6.077365200,80.190721700,29.490,-0.032,0,1,0,0.0,0.01,0.0,-0.0,0.01,17406,174.06,0.1993,-0.8847,0.0100
26.003534,1788179621.873040,134843,143,1,1,60773651,801907219,29490,-36,6.077365100,80.190721900,29.490,-0.036000000000000004,-1,2,0,-0.01,0.02,0.0,-0.0,0.022360679774997897,17405,174.05,0.2214,-0.8958,0.0100
26.500426,1788179622.369932,135343,171,1,1,60773650,801907223,29490,-38,6.077365000,80.190722300,29.490,-0.038,-1,3,0,-0.01,0.03,0.0,-0.0,0.0316227766016838,17407,174.07,0.2657,-0.9068,0.0100
26.984269,1788179622.853775,135843,200,1,1,60773650,801907227,29480,-41,6.077365000,80.190722700,29.480,-0.041,0,4,0,0.0,0.04,0.0,-0.0,0.04,17407,174.07,0.3100,-0.9068,-0.0000
27.497600,1788179623.367106,136343,228,1,1,60773650,801907233,29490,-39,6.077365000,80.190723300,29.490,-0.039,0,5,0,0.0,0.05,0.0,-0.0,0.05,17407,174.07,0.3764,-0.9068,0.0100
27.951063,1788179623.820569,136843,1,1,1,60773651,801907239,29490,-33,6.077365100,80.190723900,29.490,-0.033,0,6,-1,0.0,0.06,-0.01,0.01,0.06,17408,174.08,0.4428,-0.8958,0.0100
28.529146,1788179624.398652,137343,29,1,1,60773653,801907245,29490,-31,6.077365300,80.190724500,29.490,-0.031,1,7,0,0.01,0.07,0.0,-0.0,0.07071067811865475,17409,174.09,0.5092,-0.8736,0.0100
28.998998,1788179624.868504,137843,58,1,1,60773655,801907251,29490,-32,6.077365500,80.190725100,29.490,-0.032,1,7,0,0.01,0.07,0.0,-0.0,0.07071067811865475,17409,174.09,0.5756,-0.8515,0.0100
29.459791,1788179625.329297,138343,86,1,1,60773656,801907257,29490,-30,6.077365600,80.190725700,29.490,-0.03,1,7,0,0.01,0.07,0.0,-0.0,0.07071067811865475,17410,174.1,0.6421,-0.8405,0.0100
29.947960,1788179625.817466,138843,115,1,1,60773657,801907263,29490,-30,6.077365700,80.190726300,29.490,-0.03,1,8,0,0.01,0.08,0.0,-0.0,0.0806225774829855,17410,174.1,0.7085,-0.8294,0.0100
30.493517,1788179626.363023,139343,143,1,1,60773657,801907271,29490,-31,6.077365700,80.190727100,29.490,-0.031,1,8,0,0.01,0.08,0.0,-0.0,0.0806225774829855,17410,174.1,0.7970,-0.8294,0.0100
30.930122,1788179626.799628,139843,172,1,1,60773657,801907278,29490,-33,6.077365700,80.190727800,29.490,-0.033,0,8,0,0.0,0.08,0.0,-0.0,0.08,17410,174.1,0.8745,-0.8294,0.0100
31.526872,1788179627.396378,140343,201,1,1,60773656,801907286,29490,-36,6.077365600,80.190728600,29.490,-0.036000000000000004,0,9,0,0.0,0.09,0.0,-0.0,0.09,17411,174.11,0.9631,-0.8405,0.0100
31.979171,1788179627.848677,140843,230,1,1,60773655,801907295,29490,-36,6.077365500,80.190729500,29.490,-0.036000000000000004,0,9,0,0.0,0.09,0.0,-0.0,0.09,17411,174.11,1.0627,-0.8515,0.0100
32.492253,1788179628.361759,141343,2,1,1,60773655,801907303,29490,-38,6.077365500,80.190730300,29.490,-0.038,0,10,0,0.0,0.1,0.0,-0.0,0.1,17411,174.11,1.1513,-0.8515,0.0100
33.022094,1788179628.891600,141843,31,1,1,60773654,801907311,29480,-42,6.077365400,80.190731100,29.480,-0.042,0,10,0,0.0,0.1,0.0,-0.0,0.1,17412,174.12,1.2398,-0.8626,-0.0000
33.472120,1788179629.341626,142343,60,1,1,60773653,801907319,29480,-45,6.077365300,80.190731900,29.480,-0.045,0,10,0,0.0,0.1,0.0,-0.0,0.1,17412,174.12,1.3284,-0.8736,-0.0000
33.988035,1788179629.857541,142843,89,1,1,60773652,801907326,29480,-47,6.077365200,80.190732600,29.480,-0.047,-1,10,0,-0.01,0.1,0.0,-0.0,0.1004987562112089,17412,174.12,1.4059,-0.8847,-0.0000
34.505478,1788179630.374984,143343,117,1,1,60773650,801907333,29480,-49,6.077365000,80.190733300,29.480,-0.049,-1,9,0,-0.01,0.09,0.0,-0.0,0.09055385138137417,17413,174.13,1.4834,-0.9068,-0.0000
35.018174,1788179630.887680,143843,146,1,1,60773649,801907339,29470,-51,6.077364900,80.190733900,29.470,-0.051000000000000004,-1,8,0,-0.01,0.08,0.0,-0.0,0.0806225774829855,17413,174.13,1.5498,-0.9179,-0.0100
35.484805,1788179631.354311,144343,174,1,1,60773648,801907345,29470,-50,6.077364800,80.190734500,29.470,-0.05,-2,7,0,-0.02,0.07,0.0,-0.0,0.07280109889280519,17414,174.14000000000001,1.6162,-0.9289,-0.0100
36.017126,1788179631.886632,144843,203,1,1,60773647,801907351,29470,-51,6.077364700,80.190735100,29.470,-0.051000000000000004,-1,7,0,-0.01,0.07,0.0,-0.0,0.07071067811865475,17415,174.15,1.6826,-0.9400,-0.0100
36.470792,1788179632.340298,145343,231,1,1,60773648,801907356,29470,-52,6.077364800,80.190735600,29.470,-0.052000000000000005,-1,5,0,-0.01,0.05,0.0,-0.0,0.05099019513592785,17415,174.15,1.7380,-0.9289,-0.0100
37.034675,1788179632.904181,145843,4,1,1,60773648,801907361,29470,-53,6.077364800,80.190736100,29.470,-0.053,0,5,0,0.0,0.05,0.0,-0.0,0.05,17416,174.16,1.7933,-0.9289,-0.0100
37.548190,1788179633.417696,146343,32,1,1,60773648,801907366,29470,-53,6.077364800,80.190736600,29.470,-0.053,0,4,0,0.0,0.04,0.0,-0.0,0.04,17417,174.17000000000002,1.8487,-0.9289,-0.0100
38.014081,1788179633.883587,146843,61,1,1,60773649,801907371,29470,-54,6.077364900,80.190737100,29.470,-0.054,0,3,0,0.0,0.03,0.0,-0.0,0.03,17417,174.17000000000002,1.9040,-0.9179,-0.0100
38.575950,1788179634.445456,147343,89,1,1,60773650,801907375,29470,-52,6.077365000,80.190737500,29.470,-0.052000000000000005,0,3,0,0.0,0.03,0.0,-0.0,0.03,17418,174.18,1.9483,-0.9068,-0.0100
38.951826,1788179634.821332,147843,118,1,1,60773651,801907379,29480,-48,6.077365100,80.190737900,29.480,-0.048,0,2,0,0.0,0.02,0.0,-0.0,0.02,17418,174.18,1.9926,-0.8958,-0.0000
39.466631,1788179635.336137,148343,149,1,1,60773652,801907384,29480,-44,6.077365200,80.190738400,29.480,-0.044,0,2,0,0.0,0.02,0.0,-0.0,0.02,17418,174.18,2.0479,-0.8847,-0.0000
40.077234,1788179635.946740,148843,179,1,1,60773651,801907390,29490,-37,6.077365100,80.190739000,29.490,-0.037,0,3,-1,0.0,0.03,-0.01,0.01,0.03,17419,174.19,2.1143,-0.8958,0.0100
40.435715,1788179636.305221,149343,207,1,1,60773651,801907397,29490,-30,6.077365100,80.190739700,29.490,-0.03,0,3,-1,0.0,0.03,-0.01,0.01,0.03,17419,174.19,2.1918,-0.8958,0.0100
40.994210,1788179636.863716,149843,236,1,1,60773650,801907404,29500,-28,6.077365000,80.190740400,29.500,-0.028,0,3,-1,0.0,0.03,-0.01,0.01,0.03,17420,174.20000000000002,2.2693,-0.9068,0.0200
41.479237,1788179637.348743,150343,9,1,1,60773649,801907411,29490,-30,6.077364900,80.190741100,29.490,-0.03,0,4,-1,0.0,0.04,-0.01,0.01,0.04,17420,174.20000000000002,2.3468,-0.9179,0.0100
41.993602,1788179637.863108,150843,38,1,1,60773647,801907419,29490,-31,6.077364700,80.190741900,29.490,-0.031,-1,5,-1,-0.01,0.05,-0.01,0.01,0.05099019513592785,17420,174.20000000000002,2.4354,-0.9400,0.0100
42.447252,1788179638.316758,151343,66,1,1,60773646,801907427,29490,-30,6.077364600,80.190742700,29.490,-0.03,-1,6,-1,-0.01,0.06,-0.01,0.01,0.0608276253029822,17420,174.20000000000002,2.5239,-0.9511,0.0100
42.960236,1788179638.829742,151843,95,1,1,60773645,801907434,29490,-31,6.077364500,80.190743400,29.490,-0.031,-2,6,0,-0.02,0.06,0.0,-0.0,0.0632455532033676,17421,174.21,2.6014,-0.9621,0.0100
43.534884,1788179639.404390,152343,123,1,1,60773644,801907441,29490,-32,6.077364400,80.190744100,29.490,-0.032,-2,6,0,-0.02,0.06,0.0,-0.0,0.0632455532033676,17422,174.22,2.6789,-0.9732,0.0100
43.947541,1788179639.817047,152843,152,1,1,60773643,801907448,29490,-31,6.077364300,80.190744800,29.490,-0.031,-2,6,0,-0.02,0.06,0.0,-0.0,0.0632455532033676,17422,174.22,2.7564,-0.9842,0.0100
44.530228,1788179640.399734,153343,181,1,1,60773642,801907455,29490,-33,6.077364200,80.190745500,29.490,-0.033,-2,6,0,-0.02,0.06,0.0,-0.0,0.0632455532033676,17422,174.22,2.8339,-0.9953,0.0100
44.983446,1788179640.852952,153843,210,1,1,60773642,801907461,29490,-37,6.077364200,80.190746100,29.490,-0.037,-2,6,0,-0.02,0.06,0.0,-0.0,0.0632455532033676,17423,174.23,2.9003,-0.9953,0.0100
45.481586,1788179641.351092,154343,238,1,1,60773642,801907467,29490,-39,6.077364200,80.190746700,29.490,-0.039,-1,6,0,-0.01,0.06,0.0,-0.0,0.0608276253029822,17423,174.23,2.9667,-0.9953,0.0100
45.965895,1788179641.835401,154843,11,1,1,60773642,801907472,29480,-45,6.077364200,80.190747200,29.480,-0.045,0,5,0,0.0,0.05,0.0,-0.0,0.05,17423,174.23,3.0221,-0.9953,-0.0000
46.528763,1788179642.398269,155343,39,1,1,60773642,801907476,29480,-49,6.077364200,80.190747600,29.480,-0.049,0,5,0,0.0,0.05,0.0,-0.0,0.05,17423,174.23,3.0663,-0.9953,-0.0000
46.981490,1788179642.850996,155843,68,1,1,60773643,801907479,29470,-50,6.077364300,80.190747900,29.470,-0.05,0,4,0,0.0,0.04,0.0,-0.0,0.04,17424,174.24,3.0996,-0.9842,-0.0100
47.512555,1788179643.382061,156343,96,1,1,60773643,801907482,29470,-51,6.077364300,80.190748200,29.470,-0.051000000000000004,0,3,0,0.0,0.03,0.0,-0.0,0.03,17424,174.24,3.1328,-0.9842,-0.0100
47.980925,1788179643.850431,156843,125,1,1,60773643,801907485,29470,-55,6.077364300,80.190748500,29.470,-0.055,0,2,0,0.0,0.02,0.0,-0.0,0.02,17425,174.25,3.1660,-0.9842,-0.0100
48.480200,1788179644.349706,157343,153,1,1,60773643,801907488,29470,-55,6.077364300,80.190748800,29.470,-0.055,0,2,0,0.0,0.02,0.0,-0.0,0.02,17425,174.25,3.1992,-0.9842,-0.0100
49.011321,1788179644.880827,157843,182,1,1,60773644,801907490,29470,-53,6.077364400,80.190749000,29.470,-0.053,0,2,0,0.0,0.02,0.0,-0.0,0.02,17425,174.25,3.2213,-0.9732,-0.0100
49.460684,1788179645.330190,158343,210,1,1,60773644,801907493,29470,-51,6.077364400,80.190749300,29.470,-0.051000000000000004,0,1,0,0.0,0.01,0.0,-0.0,0.01,17426,174.26,3.2545,-0.9732,-0.0100
50.039188,1788179645.908694,158843,239,1,1,60773644,801907494,29480,-49,6.077364400,80.190749400,29.480,-0.049,0,0,0,0.0,0.0,0.0,-0.0,0.0,17426,174.26,3.2656,-0.9732,-0.0000
50.446365,1788179646.315871,159343,11,1,1,60773645,801907495,29480,-48,6.077364500,80.190749500,29.480,-0.048,0,0,0,0.0,0.0,0.0,-0.0,0.0,17426,174.26,3.2767,-0.9621,-0.0000
51.011010,1788179646.880516,159843,40,1,1,60773645,801907495,29480,-46,6.077364500,80.190749500,29.480,-0.046,0,0,0,0.0,0.0,0.0,-0.0,0.0,17426,174.26,3.2767,-0.9621,-0.0000
51.540228,1788179647.409734,160343,69,1,1,60773646,801907496,29480,-46,6.077364600,80.190749600,29.480,-0.046,0,-1,0,0.0,-0.01,0.0,-0.0,0.01,17426,174.26,3.2877,-0.9511,-0.0000
51.994847,1788179647.864353,160843,98,1,1,60773646,801907498,29480,-46,6.077364600,80.190749800,29.480,-0.046,0,0,0,0.0,0.0,0.0,-0.0,0.0,17426,174.26,3.3099,-0.9511,-0.0000
52.477663,1788179648.347169,161343,126,1,1,60773645,801907501,29480,-44,6.077364500,80.190750100,29.480,-0.044,-1,0,0,-0.01,0.0,0.0,-0.0,0.01,17426,174.26,3.3431,-0.9621,-0.0000
52.945165,1788179648.814671,161843,155,1,1,60773645,801907504,29480,-41,6.077364500,80.190750400,29.480,-0.041,-1,0,0,-0.01,0.0,0.0,-0.0,0.01,17427,174.27,3.3763,-0.9621,-0.0000
53.490819,1788179649.360325,162343,183,1,1,60773644,801907508,29490,-38,6.077364400,80.190750800,29.490,-0.038,-1,1,0,-0.01,0.01,0.0,-0.0,0.014142135623730952,17426,174.26,3.4206,-0.9732,0.0100
54.009566,1788179649.879072,162843,212,1,1,60773644,801907511,29490,-36,6.077364400,80.190751100,29.490,-0.036000000000000004,-1,1,0,-0.01,0.01,0.0,-0.0,0.014142135623730952,17427,174.27,3.4538,-0.9732,0.0100
54.522373,1788179650.391879,163343,240,1,1,60773644,801907514,29490,-34,6.077364400,80.190751400,29.490,-0.034,-1,1,0,-0.01,0.01,0.0,-0.0,0.014142135623730952,17428,174.28,3.4870,-0.9732,0.0100
55.032390,1788179650.901896,163843,13,1,1,60773644,801907517,29490,-35,6.077364400,80.190751700,29.490,-0.035,-1,2,0,-0.01,0.02,0.0,-0.0,0.022360679774997897,17428,174.28,3.5202,-0.9732,0.0100
55.486586,1788179651.356092,164343,41,1,1,60773644,801907520,29490,-36,6.077364400,80.190752000,29.490,-0.036000000000000004,0,2,0,0.0,0.02,0.0,-0.0,0.02,17429,174.29,3.5534,-0.9732,0.0100
56.031052,1788179651.900558,164843,70,1,1,60773645,801907524,29490,-37,6.077364500,80.190752400,29.490,-0.037,0,2,0,0.0,0.02,0.0,-0.0,0.02,17429,174.29,3.5977,-0.9621,0.0100
56.482224,1788179652.351730,165343,98,1,1,60773647,801907527,29490,-39,6.077364700,80.190752700,29.490,-0.039,0,3,0,0.0,0.03,0.0,-0.0,0.03,17429,174.29,3.6309,-0.9400,0.0100
56.936876,1788179652.806382,165843,127,1,1,60773649,801907531,29480,-43,6.077364900,80.190753100,29.480,-0.043000000000000003,1,3,0,0.01,0.03,0.0,-0.0,0.0316227766016838,17429,174.29,3.6752,-0.9179,-0.0000
57.562691,1788179653.432197,166343,155,1,1,60773651,801907535,29480,-45,6.077365100,80.190753500,29.480,-0.045,1,4,0,0.01,0.04,0.0,-0.0,0.04123105625617661,17430,174.3,3.7195,-0.8958,-0.0000
58.029567,1788179653.899073,166843,184,1,1,60773652,801907538,29480,-49,6.077365200,80.190753800,29.480,-0.049,2,4,0,0.02,0.04,0.0,-0.0,0.044721359549995794,17430,174.3,3.7527,-0.8847,-0.0000
58.482495,1788179654.352001,167343,212,1,1,60773654,801907540,29470,-53,6.077365400,80.190754000,29.470,-0.053,1,3,0,0.01,0.03,0.0,-0.0,0.0316227766016838,17430,174.3,3.7748,-0.8626,-0.0100
59.023953,1788179654.893459,167843,241,1,1,60773655,801907543,29470,-57,6.077365500,80.190754300,29.470,-0.057,2,3,0,0.02,0.03,0.0,-0.0,0.03605551275463989,17431,174.31,3.8080,-0.8515,-0.0100
59.479554,1788179655.349060,168343,13,1,1,60773658,801907546,29460,-60,6.077365800,80.190754600,29.460,-0.06,2,3,1,0.02,0.03,0.01,-0.01,0.03605551275463989,17431,174.31,3.8412,-0.8183,-0.0200
59.979996,1788179655.849502,168843,42,1,1,60773659,801907549,29460,-62,6.077365900,80.190754900,29.460,-0.062,1,3,0,0.01,0.03,0.0,-0.0,0.0316227766016838,17431,174.31,3.8744,-0.8073,-0.0200
60.556077,1788179656.425583,169343,70,1,1,60773659,801907552,29460,-60,6.077365900,80.190755200,29.460,-0.06,1,3,0,0.01,0.03,0.0,-0.0,0.0316227766016838,17432,174.32,3.9077,-0.8073,-0.0200
61.010113,1788179656.879619,169843,99,1,1,60773659,801907555,29470,-57,6.077365900,80.190755500,29.470,-0.057,0,3,0,0.0,0.03,0.0,-0.0,0.03,17431,174.31,3.9409,-0.8073,-0.0100
61.476537,1788179657.346043,170343,128,1,1,60773660,801907557,29470,-56,6.077366000,80.190755700,29.470,-0.056,0,3,0,0.0,0.03,0.0,-0.0,0.03,17431,174.31,3.9630,-0.7962,-0.0100
62.009876,1788179657.879382,170843,157,1,1,60773661,801907558,29470,-56,6.077366100,80.190755800,29.470,-0.056,0,2,0,0.0,0.02,0.0,-0.0,0.02,17431,174.31,3.9741,-0.7852,-0.0100
62.465890,1788179658.335396,171343,185,1,1,60773661,801907560,29470,-52,6.077366100,80.190756000,29.470,-0.052000000000000005,0,1,0,0.0,0.01,0.0,-0.0,0.01,17432,174.32,3.9962,-0.7852,-0.0100
63.090227,1788179658.959733,171843,214,1,1,60773662,801907560,29470,-51,6.077366200,80.190756000,29.470,-0.051000000000000004,0,0,0,0.0,0.0,0.0,-0.0,0.0,17432,174.32,3.9962,-0.7741,-0.0100
63.448853,1788179659.318359,172343,242,1,1,60773664,801907560,29470,-52,6.077366400,80.190756000,29.470,-0.052000000000000005,0,0,0,0.0,0.0,0.0,-0.0,0.0,17433,174.33,3.9962,-0.7520,-0.0100
64.009990,1788179659.879496,172843,15,1,1,60773666,801907560,29480,-49,6.077366600,80.190756000,29.480,-0.049,0,0,0,0.0,0.0,0.0,-0.0,0.0,17433,174.33,3.9962,-0.7299,-0.0000
64.460363,1788179660.329869,173343,43,1,1,60773668,801907560,29480,-45,6.077366800,80.190756000,29.480,-0.045,1,0,0,0.01,0.0,0.0,-0.0,0.01,17433,174.33,3.9962,-0.7078,-0.0000
65.006160,1788179660.875666,173843,72,1,1,60773668,801907560,29480,-42,6.077366800,80.190756000,29.480,-0.042,0,-1,0,0.0,-0.01,0.0,-0.0,0.01,17434,174.34,3.9962,-0.7078,-0.0000
65.504178,1788179661.373684,174343,100,1,1,60773670,801907560,29480,-42,6.077367000,80.190756000,29.480,-0.042,0,-1,0,0.0,-0.01,0.0,-0.0,0.01,17434,174.34,3.9962,-0.6856,-0.0000
65.942203,1788179661.811709,174843,129,1,1,60773670,801907560,29480,-45,6.077367000,80.190756000,29.480,-0.045,0,0,0,0.0,0.0,0.0,-0.0,0.0,17434,174.34,3.9962,-0.6856,-0.0000
66.490129,1788179662.359635,175343,157,1,1,60773672,801907560,29480,-49,6.077367200,80.190756000,29.480,-0.049,0,-1,0,0.0,-0.01,0.0,-0.0,0.01,17434,174.34,3.9962,-0.6635,-0.0000
66.958725,1788179662.828231,175843,186,1,1,60773674,801907560,29470,-53,6.077367400,80.190756000,29.470,-0.053,0,-1,0,0.0,-0.01,0.0,-0.0,0.01,17434,174.34,3.9962,-0.6414,-0.0100
67.537068,1788179663.406574,176343,214,1,1,60773676,801907560,29470,-53,6.077367600,80.190756000,29.470,-0.053,1,-1,0,0.01,-0.01,0.0,-0.0,0.014142135623730952,17434,174.34,3.9962,-0.6193,-0.0100
68.034047,1788179663.903553,176843,243,1,1,60773678,801907560,29470,-52,6.077367800,80.190756000,29.470,-0.052000000000000005,1,-1,0,0.01,-0.01,0.0,-0.0,0.014142135623730952,17435,174.35,3.9962,-0.5972,-0.0100
68.440524,1788179664.310030,177343,15,1,1,60773680,801907560,29470,-52,6.077368000,80.190756000,29.470,-0.052000000000000005,1,0,0,0.01,0.0,0.0,-0.0,0.01,17435,174.35,3.9962,-0.5751,-0.0100
69.066361,1788179664.935867,177843,44,1,1,60773682,801907560,29470,-50,6.077368200,80.190756000,29.470,-0.05,2,0,0,0.02,0.0,0.0,-0.0,0.02,17435,174.35,3.9962,-0.5529,-0.0100
69.475720,1788179665.345226,178343,72,1,1,60773684,801907559,29470,-50,6.077368400,80.190755900,29.470,-0.05,2,0,0,0.02,0.0,0.0,-0.0,0.02,17436,174.36,3.9851,-0.5308,-0.0100
69.946294,1788179665.815800,178843,101,1,1,60773685,801907559,29470,-52,6.077368500,80.190755900,29.470,-0.052000000000000005,2,0,0,0.02,0.0,0.0,-0.0,0.02,17436,174.36,3.9851,-0.5198,-0.0100
70.522205,1788179666.391711,179343,129,1,1,60773687,801907558,29470,-54,6.077368700,80.190755800,29.470,-0.054,2,0,0,0.02,0.0,0.0,-0.0,0.02,17436,174.36,3.9741,-0.4976,-0.0100
71.019570,1788179666.889076,179843,158,1,1,60773689,801907557,29470,-55,6.077368900,80.190755700,29.470,-0.055,2,0,0,0.02,0.0,0.0,-0.0,0.02,17436,174.36,3.9630,-0.4755,-0.0100
71.488952,1788179667.358458,180343,187,1,1,60773692,801907556,29470,-57,6.077369200,80.190755600,29.470,-0.057,2,0,0,0.02,0.0,0.0,-0.0,0.02,17436,174.36,3.9519,-0.4423,-0.0100
71.973123,1788179667.842629,180843,216,1,1,60773693,801907555,29470,-58,6.077369300,80.190755500,29.470,-0.058,2,0,0,0.02,0.0,0.0,-0.0,0.02,17436,174.36,3.9409,-0.4313,-0.0100
72.473049,1788179668.342555,181343,244,1,1,60773695,801907553,29470,-57,6.077369500,80.190755300,29.470,-0.057,1,0,0,0.01,0.0,0.0,-0.0,0.01,17436,174.36,3.9187,-0.4092,-0.0100
72.972176,1788179668.841682,181843,17,1,1,60773696,801907553,29470,-55,6.077369600,80.190755300,29.470,-0.055,1,0,0,0.01,0.0,0.0,-0.0,0.01,17436,174.36,3.9187,-0.3981,-0.0100
73.517940,1788179669.387446,182343,45,1,1,60773697,801907552,29470,-52,6.077369700,80.190755200,29.470,-0.052000000000000005,0,0,0,0.0,0.0,0.0,-0.0,0.0,17436,174.36,3.9077,-0.3871,-0.0100
73.970632,1788179669.840138,182843,74,1,1,60773697,801907551,29470,-51,6.077369700,80.190755100,29.470,-0.051000000000000004,0,0,0,0.0,0.0,0.0,-0.0,0.0,17436,174.36,3.8966,-0.3871,-0.0100
74.549285,1788179670.418791,183343,102,1,1,60773698,801907549,29470,-51,6.077369800,80.190754900,29.470,-0.051000000000000004,0,0,0,0.0,0.0,0.0,-0.0,0.0,17436,174.36,3.8744,-0.3760,-0.0100
74.953661,1788179670.823167,183843,131,1,1,60773700,801907548,29480,-47,6.077370000,80.190754800,29.480,-0.047,0,0,0,0.0,0.0,0.0,-0.0,0.0,17436,174.36,3.8634,-0.3539,-0.0000
75.486406,1788179671.355912,184343,160,1,1,60773701,801907547,29480,-42,6.077370100,80.190754700,29.480,-0.042,0,0,0,0.0,0.0,0.0,-0.0,0.0,17436,174.36,3.8523,-0.3428,-0.0000
75.956789,1788179671.826295,184846,189,1,1,60773702,801907547,29480,-42,6.077370200,80.190754700,29.480,-0.042,0,0,0,0.0,0.0,0.0,-0.0,0.0,17436,174.36,3.8523,-0.3318,-0.0000
76.505811,1788179672.375317,185343,217,1,1,60773703,801907546,29480,-40,6.077370300,80.190754600,29.480,-0.04,0,0,0,0.0,0.0,0.0,-0.0,0.0,17436,174.36,3.8412,-0.3207,-0.0000
76.959802,1788179672.829308,185843,246,1,1,60773704,801907545,29480,-42,6.077370400,80.190754500,29.480,-0.042,0,0,0,0.0,0.0,0.0,-0.0,0.0,17436,174.36,3.8302,-0.3096,-0.0000
77.503807,1788179673.373313,186343,21,1,1,60773704,801907544,29480,-44,6.077370400,80.190754400,29.480,-0.044,0,0,0,0.0,0.0,0.0,-0.0,0.0,17436,174.36,3.8191,-0.3096,-0.0000
78.039309,1788179673.908815,186843,51,1,1,60773705,801907544,29480,-42,6.077370500,80.190754400,29.480,-0.042,0,0,0,0.0,0.0,0.0,-0.0,0.0,17436,174.36,3.8191,-0.2986,-0.0000
78.504666,1788179674.374172,187346,79,1,1,60773706,801907543,29490,-38,6.077370600,80.190754300,29.490,-0.038,0,0,-1,0.0,0.0,-0.01,0.01,0.0,17437,174.37,3.8080,-0.2875,0.0100
78.975894,1788179674.845400,187843,108,1,1,60773707,801907542,29490,-37,6.077370700,80.190754200,29.490,-0.037,0,0,0,0.0,0.0,0.0,-0.0,0.0,17437,174.37,3.7970,-0.2765,0.0100
79.508461,1788179675.377967,188343,136,1,1,60773709,801907542,29490,-38,6.077370900,80.190754200,29.490,-0.038,0,0,0,0.0,0.0,0.0,-0.0,0.0,17437,174.37,3.7970,-0.2544,0.0100
79.991862,1788179675.861368,188843,165,1,1,60773709,801907542,29480,-41,6.077370900,80.190754200,29.480,-0.041,0,0,0,0.0,0.0,0.0,-0.0,0.0,17437,174.37,3.7970,-0.2544,-0.0000
80.565830,1788179676.435336,189343,193,1,1,60773710,801907542,29480,-44,6.077371000,80.190754200,29.480,-0.044,0,0,0,0.0,0.0,0.0,-0.0,0.0,17437,174.37,3.7970,-0.2433,-0.0000
81.034745,1788179676.904251,189843,222,1,1,60773710,801907542,29480,-48,6.077371000,80.190754200,29.480,-0.048,0,0,0,0.0,0.0,0.0,-0.0,0.0,17436,174.36,3.7970,-0.2433,-0.0000
81.500311,1788179677.369817,190343,251,1,1,60773711,801907543,29470,-51,6.077371100,80.190754300,29.470,-0.051000000000000004,0,0,0,0.0,0.0,0.0,-0.0,0.0,17437,174.37,3.8080,-0.2322,-0.0100
82.033245,1788179677.902751,190843,24,1,1,60773711,801907545,29470,-52,6.077371100,80.190754500,29.470,-0.052000000000000005,0,1,0,0.0,0.01,0.0,-0.0,0.01,17437,174.37,3.8302,-0.2322,-0.0100
82.484811,1788179678.354317,191343,52,1,1,60773711,801907546,29470,-53,6.077371100,80.190754600,29.470,-0.053,0,2,0,0.0,0.02,0.0,-0.0,0.02,17436,174.36,3.8412,-0.2322,-0.0100
82.983016,1788179678.852522,191843,81,1,1,60773711,801907548,29470,-50,6.077371100,80.190754800,29.470,-0.05,0,2,0,0.0,0.02,0.0,-0.0,0.02,17436,174.36,3.8634,-0.2322,-0.0100
83.559590,1788179679.429096,192343,109,1,1,60773711,801907549,29480,-49,6.077371100,80.190754900,29.480,-0.049,-1,2,0,-0.01,0.02,0.0,-0.0,0.022360679774997897,17436,174.36,3.8744,-0.2322,-0.0000
83.984171,1788179679.853677,192843,138,1,1,60773710,801907550,29480,-49,6.077371000,80.190755000,29.480,-0.049,-1,2,0,-0.01,0.02,0.0,-0.0,0.022360679774997897,17436,174.36,3.8855,-0.2433,-0.0000
84.485458,1788179680.354964,193343,166,1,1,60773711,801907550,29480,-47,6.077371100,80.190755000,29.480,-0.047,-1,2,0,-0.01,0.02,0.0,-0.0,0.022360679774997897,17437,174.37,3.8855,-0.2322,-0.0000
84.954617,1788179680.824123,193843,195,1,1,60773711,801907551,29480,-44,6.077371100,80.190755100,29.480,-0.044,0,2,0,0.0,0.02,0.0,-0.0,0.02,17437,174.37,3.8966,-0.2322,-0.0000
85.480203,1788179681.349709,194343,223,1,1,60773711,801907551,29480,-44,6.077371100,80.190755100,29.480,-0.044,0,2,0,0.0,0.02,0.0,-0.0,0.02,17437,174.37,3.8966,-0.2322,-0.0000
85.957174,1788179681.826680,194843,252,1,1,60773711,801907552,29480,-43,6.077371100,80.190755200,29.480,-0.043000000000000003,0,1,0,0.0,0.01,0.0,-0.0,0.01,17437,174.37,3.9077,-0.2322,-0.0000
86.516497,1788179682.386003,195343,24,1,1,60773711,801907553,29490,-39,6.077371100,80.190755300,29.490,-0.039,0,2,0,0.0,0.02,0.0,-0.0,0.02,17437,174.37,3.9187,-0.2322,0.0100
86.975953,1788179682.845459,195843,53,1,1,60773711,801907554,29490,-36,6.077371100,80.190755400,29.490,-0.036000000000000004,0,1,0,0.0,0.01,0.0,-0.0,0.01,17437,174.37,3.9298,-0.2322,0.0100
87.504156,1788179683.373662,196343,81,1,1,60773711,801907555,29490,-31,6.077371100,80.190755500,29.490,-0.031,0,1,0,0.0,0.01,0.0,-0.0,0.01,17437,174.37,3.9409,-0.2322,0.0100
88.013609,1788179683.883115,196843,110,1,1,60773711,801907557,29490,-33,6.077371100,80.190755700,29.490,-0.033,0,2,0,0.0,0.02,0.0,-0.0,0.02,17437,174.37,3.9630,-0.2322,0.0100
88.469329,1788179684.338835,197343,138,1,1,60773711,801907559,29490,-34,6.077371100,80.190755900,29.490,-0.034,0,1,0,0.0,0.01,0.0,-0.0,0.01,17437,174.37,3.9851,-0.2322,0.0100
88.968392,1788179684.837898,197843,167,1,1,60773712,801907560,29490,-37,6.077371200,80.190756000,29.490,-0.037,0,1,0,0.0,0.01,0.0,-0.0,0.01,17437,174.37,3.9962,-0.2212,0.0100
89.496786,1788179685.366292,198343,195,1,1,60773712,801907562,29490,-39,6.077371200,80.190756200,29.490,-0.039,0,1,0,0.0,0.01,0.0,-0.0,0.01,17438,174.38,4.0184,-0.2212,0.0100
89.966549,1788179685.836055,198843,224,1,1,60773712,801907563,29480,-41,6.077371200,80.190756300,29.480,-0.041,0,1,0,0.0,0.01,0.0,-0.0,0.01,17437,174.37,4.0294,-0.2212,-0.0000
90.462070,1788179686.331576,199343,252,1,1,60773711,801907565,29480,-43,6.077371100,80.190756500,29.480,-0.043000000000000003,0,1,0,0.0,0.01,0.0,-0.0,0.01,17438,174.38,4.0516,-0.2322,-0.0000
91.023665,1788179686.893171,199843,25,1,1,60773711,801907567,29480,-45,6.077371100,80.190756700,29.480,-0.045,0,1,0,0.0,0.01,0.0,-0.0,0.01,17438,174.38,4.0737,-0.2322,-0.0000
91.506994,1788179687.376500,200343,54,1,1,60773711,801907569,29480,-46,6.077371100,80.190756900,29.480,-0.046,0,1,0,0.0,0.01,0.0,-0.0,0.01,17437,174.37,4.0958,-0.2322,-0.0000
92.039789,1788179687.909295,200843,83,1,1,60773710,801907571,29480,-49,6.077371000,80.190757100,29.480,-0.049,0,1,0,0.0,0.01,0.0,-0.0,0.01,17437,174.37,4.1180,-0.2433,-0.0000
92.491900,1788179688.361406,201343,111,1,1,60773709,801907573,29480,-49,6.077370900,80.190757300,29.480,-0.049,0,1,0,0.0,0.01,0.0,-0.0,0.01,17438,174.38,4.1401,-0.2544,-0.0000
92.957903,1788179688.827409,201843,140,1,1,60773708,801907575,29470,-51,6.077370800,80.190757500,29.470,-0.051000000000000004,0,1,0,0.0,0.01,0.0,-0.0,0.01,17438,174.38,4.1623,-0.2654,-0.0100
93.455168,1788179689.324674,202343,168,1,1,60773708,801907576,29470,-50,6.077370800,80.190757600,29.470,-0.05,-1,1,0,-0.01,0.01,0.0,-0.0,0.014142135623730952,17438,174.38,4.1733,-0.2654,-0.0100
94.000829,1788179689.870335,202843,197,1,1,60773707,801907578,29480,-49,6.077370700,80.190757800,29.480,-0.049,-1,1,0,-0.01,0.01,0.0,-0.0,0.014142135623730952,17438,174.38,4.1955,-0.2765,-0.0000
94.501052,1788179690.370558,203343,225,1,1,60773707,801907580,29470,-50,6.077370700,80.190758000,29.470,-0.05,-1,1,0,-0.01,0.01,0.0,-0.0,0.014142135623730952,17439,174.39000000000001,4.2176,-0.2765,-0.0100
95.079175,1788179690.948681,203843,254,1,1,60773707,801907581,29470,-50,6.077370700,80.190758100,29.470,-0.05,0,1,0,0.0,0.01,0.0,-0.0,0.01,17439,174.39000000000001,4.2287,-0.2765,-0.0100
95.436109,1788179691.305615,204343,26,1,1,60773707,801907583,29470,-53,6.077370700,80.190758300,29.470,-0.053,0,1,0,0.0,0.01,0.0,-0.0,0.01,17439,174.39000000000001,4.2508,-0.2765,-0.0100
95.997643,1788179691.867149,204843,55,1,1,60773707,801907584,29470,-57,6.077370700,80.190758400,29.470,-0.057,0,1,0,0.0,0.01,0.0,-0.0,0.01,17440,174.4,4.2619,-0.2765,-0.0100
96.573263,1788179692.442769,205343,83,1,1,60773707,801907585,29470,-59,6.077370700,80.190758500,29.470,-0.059000000000000004,0,1,0,0.0,0.01,0.0,-0.0,0.01,17440,174.4,4.2730,-0.2765,-0.0100
97.027774,1788179692.897280,205843,112,1,1,60773708,801907586,29460,-60,6.077370800,80.190758600,29.460,-0.06,0,0,0,0.0,0.0,0.0,-0.0,0.0,17440,174.4,4.2840,-0.2654,-0.0200
97.431794,1788179693.301300,206343,140,1,1,60773709,801907587,29460,-60,6.077370900,80.190758700,29.460,-0.06,0,0,0,0.0,0.0,0.0,-0.0,0.0,17439,174.39000000000001,4.2951,-0.2544,-0.0200
98.056568,1788179693.926074,206843,169,1,1,60773710,801907588,29470,-58,6.077371000,80.190758800,29.470,-0.058,0,0,0,0.0,0.0,0.0,-0.0,0.0,17439,174.39000000000001,4.3062,-0.2433,-0.0100
98.433373,1788179694.302879,207343,197,1,1,60773711,801907588,29470,-56,6.077371100,80.190758800,29.470,-0.056,0,0,0,0.0,0.0,0.0,-0.0,0.0,17439,174.39000000000001,4.3062,-0.2322,-0.0100
98.982444,1788179694.851950,207843,226,1,1,60773711,801907589,29470,-55,6.077371100,80.190758900,29.470,-0.055,0,0,0,0.0,0.0,0.0,-0.0,0.0,17439,174.39000000000001,4.3172,-0.2322,-0.0100
99.473271,1788179695.342777,208343,254,1,1,60773711,801907590,29470,-52,6.077371100,80.190759000,29.470,-0.052000000000000005,0,0,0,0.0,0.0,0.0,-0.0,0.0,17438,174.38,4.3283,-0.2322,-0.0100
99.972378,1788179695.841884,208843,27,1,1,60773710,801907591,29480,-47,6.077371000,80.190759100,29.480,-0.047,0,0,0,0.0,0.0,0.0,-0.0,0.0,17438,174.38,4.3394,-0.2433,-0.0000
100.471638,1788179696.341144,209343,55,1,1,60773711,801907591,29480,-42,6.077371100,80.190759100,29.480,-0.042,0,0,-1,0.0,0.0,-0.01,0.01,0.0,17438,174.38,4.3394,-0.2322,-0.0000
100.941059,1788179696.810565,209843,84,1,1,60773712,801907592,29480,-40,6.077371200,80.190759200,29.480,-0.04,0,0,0,0.0,0.0,0.0,-0.0,0.0,17438,174.38,4.3505,-0.2212,-0.0000
101.519178,1788179697.388684,210343,113,1,1,60773713,801907593,29490,-38,6.077371300,80.190759300,29.490,-0.038,0,0,0,0.0,0.0,0.0,-0.0,0.0,17439,174.39000000000001,4.3615,-0.2101,0.0100
101.970906,1788179697.840412,210843,142,1,1,60773713,801907593,29490,-37,6.077371300,80.190759300,29.490,-0.037,0,0,0,0.0,0.0,0.0,-0.0,0.0,17439,174.39000000000001,4.3615,-0.2101,0.0100
102.513249,1788179698.382755,211343,170,1,1,60773713,801907594,29490,-32,6.077371300,80.190759400,29.490,-0.032,0,0,0,0.0,0.0,0.0,-0.0,0.0,17439,174.39000000000001,4.3726,-0.2101,0.0100
103.011870,1788179698.881376,211843,199,1,1,60773713,801907595,29500,-28,6.077371300,80.190759500,29.500,-0.028,0,0,-1,0.0,0.0,-0.01,0.01,0.0,17438,174.38,4.3837,-0.2101,0.0200
103.593612,1788179699.463118,212343,227,1,1,60773713,801907596,29500,-27,6.077371300,80.190759600,29.500,-0.027,0,0,-1,0.0,0.0,-0.01,0.01,0.0,17438,174.38,4.3947,-0.2101,0.0200
103.967008,1788179699.836514,212843,0,1,1,60773712,801907597,29500,-29,6.077371200,80.190759700,29.500,-0.029,-1,0,-1,-0.01,0.0,-0.01,0.01,0.01,17438,174.38,4.4058,-0.2212,0.0200
104.464151,1788179700.333657,213343,28,1,1,60773711,801907599,29490,-30,6.077371100,80.190759900,29.490,-0.03,-1,2,0,-0.01,0.02,0.0,-0.0,0.022360679774997897,17438,174.38,4.4279,-0.2322,0.0100
105.044995,1788179700.914501,213843,57,1,1,60773710,801907601,29490,-31,6.077371000,80.190760100,29.490,-0.031,-1,2,0,-0.01,0.02,0.0,-0.0,0.022360679774997897,17437,174.37,4.4501,-0.2433,0.0100
105.497773,1788179701.367279,214343,85,1,1,60773709,801907603,29490,-31,6.077370900,80.190760300,29.490,-0.031,-1,3,0,-0.01,0.03,0.0,-0.0,0.0316227766016838,17437,174.37,4.4722,-0.2544,0.0100
105.965685,1788179701.835191,214843,114,1,1,60773708,801907604,29490,-33,6.077370800,80.190760400,29.490,-0.033,-1,3,0,-0.01,0.03,0.0,-0.0,0.0316227766016838,17437,174.37,4.4833,-0.2654,0.0100
106.527081,1788179702.396587,215343,143,1,1,60773708,801907605,29490,-37,6.077370800,80.190760500,29.490,-0.037,-1,2,0,-0.01,0.02,0.0,-0.0,0.022360679774997897,17437,174.37,4.4944,-0.2654,0.0100
106.946515,1788179702.816021,215843,172,1,1,60773709,801907606,29480,-42,6.077370900,80.190760600,29.480,-0.042,0,2,0,0.0,0.02,0.0,-0.0,0.02,17437,174.37,4.5054,-0.2544,-0.0000
107.447910,1788179703.317416,216343,200,1,1,60773709,801907607,29480,-47,6.077370900,80.190760700,29.480,-0.047,0,2,0,0.0,0.02,0.0,-0.0,0.02,17438,174.38,4.5165,-0.2544,-0.0000
108.028954,1788179703.898460,216843,229,1,1,60773709,801907607,29470,-50,6.077370900,80.190760700,29.470,-0.05,0,2,0,0.0,0.02,0.0,-0.0,0.02,17438,174.38,4.5165,-0.2544,-0.0100
108.436957,1788179704.306463,217343,1,1,1,60773709,801907606,29470,-51,6.077370900,80.190760600,29.470,-0.051000000000000004,0,1,0,0.0,0.01,0.0,-0.0,0.01,17438,174.38,4.5054,-0.2544,-0.0100
108.996983,1788179704.866489,217843,30,1,1,60773709,801907606,29480,-49,6.077370900,80.190760600,29.480,-0.049,0,1,0,0.0,0.01,0.0,-0.0,0.01,17437,174.37,4.5054,-0.2544,-0.0000
109.511925,1788179705.381431,218343,58,1,1,60773709,801907606,29470,-50,6.077370900,80.190760600,29.470,-0.05,0,0,0,0.0,0.0,0.0,-0.0,0.0,17437,174.37,4.5054,-0.2544,-0.0100
109.981383,1788179705.850889,218843,87,1,1,60773709,801907605,29480,-47,6.077370900,80.190760500,29.480,-0.047,0,0,0,0.0,0.0,0.0,-0.0,0.0,17437,174.37,4.4944,-0.2544,-0.0000
110.482779,1788179706.352285,219343,115,1,1,60773710,801907603,29480,-44,6.077371000,80.190760300,29.480,-0.044,1,0,0,0.01,0.0,0.0,-0.0,0.01,17437,174.37,4.4722,-0.2433,-0.0000
111.012783,1788179706.882289,219843,144,1,1,60773711,801907602,29480,-42,6.077371100,80.190760200,29.480,-0.042,1,-1,0,0.01,-0.01,0.0,-0.0,0.014142135623730952,17437,174.37,4.4612,-0.2322,-0.0000
111.482730,1788179707.352236,220343,173,1,1,60773711,801907600,29490,-39,6.077371100,80.190760000,29.490,-0.039,1,-1,0,0.01,-0.01,0.0,-0.0,0.014142135623730952,17437,174.37,4.4390,-0.2322,0.0100
111.982497,1788179707.852003,220843,202,1,1,60773712,801907599,29490,-36,6.077371200,80.190759900,29.490,-0.036000000000000004,1,-2,0,0.01,-0.02,0.0,-0.0,0.022360679774997897,17437,174.37,4.4279,-0.2212,0.0100
112.516489,1788179708.385995,221343,230,1,1,60773712,801907598,29490,-35,6.077371200,80.190759800,29.490,-0.035,0,-2,0,0.0,-0.02,0.0,-0.0,0.02,17437,174.37,4.4169,-0.2212,0.0100
112.970806,1788179708.840312,221843,3,1,1,60773712,801907596,29490,-38,6.077371200,80.190759600,29.490,-0.038,0,-2,0,0.0,-0.02,0.0,-0.0,0.02,17436,174.36,4.3947,-0.2212,0.0100
113.471240,1788179709.340746,222343,31,1,1,60773713,801907594,29480,-41,6.077371300,80.190759400,29.480,-0.041,0,-2,0,0.0,-0.02,0.0,-0.0,0.02,17436,174.36,4.3726,-0.2101,-0.0000
114.005460,1788179709.874966,222843,60,1,1,60773713,801907592,29480,-40,6.077371300,80.190759200,29.480,-0.04,0,-2,0,0.0,-0.02,0.0,-0.0,0.02,17436,174.36,4.3505,-0.2101,-0.0000
114.469860,1788179710.339366,223343,88,1,1,60773714,801907591,29490,-39,6.077371400,80.190759100,29.490,-0.039,0,-2,0,0.0,-0.02,0.0,-0.0,0.02,17436,174.36,4.3394,-0.1991,0.0100
114.969198,1788179710.838704,223843,117,1,1,60773714,801907589,29480,-42,6.077371400,80.190758900,29.480,-0.042,0,-2,0,0.0,-0.02,0.0,-0.0,0.02,17436,174.36,4.3172,-0.1991,-0.0000
115.453154,1788179711.322660,224343,147,1,1,60773715,801907588,29480,-47,6.077371500,80.190758800,29.480,-0.047,1,-2,0,0.01,-0.02,0.0,-0.0,0.022360679774997897,17436,174.36,4.3062,-0.1880,-0.0000
115.954233,1788179711.823739,224843,178,1,1,60773715,801907588,29470,-52,6.077371500,80.190758800,29.470,-0.052000000000000005,0,-2,0,0.0,-0.02,0.0,-0.0,0.02,17436,174.36,4.3062,-0.1880,-0.0100
116.544888,1788179712.414394,225343,206,1,1,60773715,801907588,29470,-52,6.077371500,80.190758800,29.470,-0.052000000000000005,0,-1,0,0.0,-0.01,0.0,-0.0,0.01,17436,174.36,4.3062,-0.1880,-0.0100
116.998458,1788179712.867964,225843,235,1,1,60773715,801907588,29470,-51,6.077371500,80.190758800,29.470,-0.051000000000000004,0,0,0,0.0,0.0,0.0,-0.0,0.0,17436,174.36,4.3062,-0.1880,-0.0100
117.465587,1788179713.335093,226343,7,1,1,60773715,801907588,29480,-48,6.077371500,80.190758800,29.480,-0.048,0,0,0,0.0,0.0,0.0,-0.0,0.0,17437,174.37,4.3062,-0.1880,-0.0000
118.078558,1788179713.948064,226843,36,1,1,60773715,801907588,29480,-47,6.077371500,80.190758800,29.480,-0.047,0,0,0,0.0,0.0,0.0,-0.0,0.0,17437,174.37,4.3062,-0.1880,-0.0000
118.454413,1788179714.323919,227343,64,1,1,60773715,801907588,29480,-47,6.077371500,80.190758800,29.480,-0.047,0,1,0,0.0,0.01,0.0,-0.0,0.01,17437,174.37,4.3062,-0.1880,-0.0000
119.002430,1788179714.871936,227843,93,1,1,60773715,801907589,29480,-48,6.077371500,80.190758900,29.480,-0.048,0,1,0,0.0,0.01,0.0,-0.0,0.01,17437,174.37,4.3172,-0.1880,-0.0000
119.567028,1788179715.436534,228343,121,1,1,60773716,801907589,29470,-50,6.077371600,80.190758900,29.470,-0.05,0,2,0,0.0,0.02,0.0,-0.0,0.02,17437,174.37,4.3172,-0.1769,-0.0100
119.988916,1788179715.858422,228843,150,1,1,60773716,801907590,29480,-49,6.077371600,80.190759000,29.480,-0.049,0,2,0,0.0,0.02,0.0,-0.0,0.02,17437,174.37,4.3283,-0.1769,-0.0000
120.487080,1788179716.356586,229343,178,1,1,60773717,801907590,29470,-50,6.077371700,80.190759000,29.470,-0.05,0,2,0,0.0,0.02,0.0,-0.0,0.02,17436,174.36,4.3283,-0.1659,-0.0100
121.064732,1788179716.934238,229843,207,1,1,60773717,801907590,29470,-51,6.077371700,80.190759000,29.470,-0.051000000000000004,0,1,0,0.0,0.01,0.0,-0.0,0.01,17436,174.36,4.3283,-0.1659,-0.0100
121.438269,1788179717.307775,230343,236,1,1,60773718,801907590,29470,-52,6.077371800,80.190759000,29.470,-0.052000000000000005,0,1,0,0.0,0.01,0.0,-0.0,0.01,17437,174.37,4.3283,-0.1548,-0.0100
121.938392,1788179717.807898,230843,9,1,1,60773718,801907590,29470,-52,6.077371800,80.190759000,29.470,-0.052000000000000005,0,1,0,0.0,0.01,0.0,-0.0,0.01,17437,174.37,4.3283,-0.1548,-0.0100
122.516051,1788179718.385557,231343,37,1,1,60773718,801907589,29480,-49,6.077371800,80.190758900,29.480,-0.049,0,0,0,0.0,0.0,0.0,-0.0,0.0,17437,174.37,4.3172,-0.1548,-0.0000
123.032062,1788179718.901568,231843,66,1,1,60773719,801907588,29480,-47,6.077371900,80.190758800,29.480,-0.047,0,0,0,0.0,0.0,0.0,-0.0,0.0,17437,174.37,4.3062,-0.1438,-0.0000
123.437024,1788179719.306530,232343,94,1,1,60773719,801907588,29480,-43,6.077371900,80.190758800,29.480,-0.043000000000000003,0,0,0,0.0,0.0,0.0,-0.0,0.0,17437,174.37,4.3062,-0.1438,-0.0000
123.935583,1788179719.805089,232843,123,1,1,60773719,801907587,29480,-43,6.077371900,80.190758700,29.480,-0.043000000000000003,0,0,0,0.0,0.0,0.0,-0.0,0.0,17437,174.37,4.2951,-0.1438,-0.0000
124.467743,1788179720.337249,233343,151,1,1,60773718,801907587,29480,-42,6.077371800,80.190758700,29.480,-0.042,0,0,0,0.0,0.0,0.0,-0.0,0.0,17437,174.37,4.2951,-0.1548,-0.0000
124.984258,1788179720.853764,233843,180,1,1,60773717,801907586,29480,-40,6.077371700,80.190758600,29.480,-0.04,0,0,0,0.0,0.0,0.0,-0.0,0.0,17437,174.37,4.2840,-0.1659,-0.0000
125.517029,1788179721.386535,234343,208,1,1,60773715,801907586,29490,-39,6.077371500,80.190758600,29.490,-0.039,-1,0,0,-0.01,0.0,0.0,-0.0,0.01,17437,174.37,4.2840,-0.1880,0.0100
125.970275,1788179721.839781,234843,237,1,1,60773714,801907587,29490,-36,6.077371400,80.190758700,29.490,-0.036000000000000004,-1,0,0,-0.01,0.0,0.0,-0.0,0.01,17436,174.36,4.2951,-0.1991,0.0100
126.483170,1788179722.352676,235343,9,1,1,60773712,801907587,29490,-36,6.077371200,80.190758700,29.490,-0.036000000000000004,-2,0,0,-0.02,0.0,0.0,-0.0,0.02,17436,174.36,4.2951,-0.2212,0.0100
126.938239,1788179722.807745,235843,38,1,1,60773711,801907587,29490,-38,6.077371100,80.190758700,29.490,-0.038,-2,0,0,-0.02,0.0,0.0,-0.0,0.02,17436,174.36,4.2951,-0.2322,0.0100
127.513366,1788179723.382872,236343,66,1,1,60773711,801907587,29490,-38,6.077371100,80.190758700,29.490,-0.038,-1,0,0,-0.01,0.0,0.0,-0.0,0.01,17436,174.36,4.2951,-0.2322,0.0100
127.965793,1788179723.835299,236843,95,1,1,60773710,801907588,29480,-40,6.077371000,80.190758800,29.480,-0.04,-1,0,0,-0.01,0.0,0.0,-0.0,0.01,17436,174.36,4.3062,-0.2433,-0.0000
128.513895,1788179724.383401,237343,123,1,1,60773710,801907589,29480,-43,6.077371000,80.190758900,29.480,-0.043000000000000003,-1,1,0,-0.01,0.01,0.0,-0.0,0.014142135623730952,17436,174.36,4.3172,-0.2433,-0.0000
129.013950,1788179724.883456,237843,152,1,1,60773708,801907590,29480,-47,6.077370800,80.190759000,29.480,-0.047,-1,1,0,-0.01,0.01,0.0,-0.0,0.014142135623730952,17436,174.36,4.3283,-0.2654,-0.0000
129.530067,1788179725.399573,238343,180,1,1,60773707,801907592,29480,-49,6.077370700,80.190759200,29.480,-0.049,-1,2,0,-0.01,0.02,0.0,-0.0,0.022360679774997897,17436,174.36,4.3505,-0.2765,-0.0000
130.003537,1788179725.873043,238843,209,1,1,60773706,801907593,29470,-51,6.077370600,80.190759300,29.470,-0.051000000000000004,-1,2,0,-0.01,0.02,0.0,-0.0,0.022360679774997897,17436,174.36,4.3615,-0.2875,-0.0100
130.455433,1788179726.324939,239343,237,1,1,60773706,801907595,29470,-53,6.077370600,80.190759500,29.470,-0.053,-1,2,0,-0.01,0.02,0.0,-0.0,0.022360679774997897,17436,174.36,4.3837,-0.2875,-0.0100
130.969348,1788179726.838854,239843,10,1,1,60773706,801907596,29470,-52,6.077370600,80.190759600,29.470,-0.052000000000000005,0,3,0,0.0,0.03,0.0,-0.0,0.03,17436,174.36,4.3947,-0.2875,-0.0100
131.498406,1788179727.367912,240343,39,1,1,60773706,801907598,29470,-53,6.077370600,80.190759800,29.470,-0.053,0,3,0,0.0,0.03,0.0,-0.0,0.03,17437,174.37,4.4169,-0.2875,-0.0100
131.999188,1788179727.868694,240843,68,1,1,60773706,801907598,29470,-54,6.077370600,80.190759800,29.470,-0.054,0,2,0,0.0,0.02,0.0,-0.0,0.02,17437,174.37,4.4169,-0.2875,-0.0100
132.528663,1788179728.398169,241343,96,1,1,60773706,801907599,29470,-55,6.077370600,80.190759900,29.470,-0.055,0,2,0,0.0,0.02,0.0,-0.0,0.02,17436,174.36,4.4279,-0.2875,-0.0100
132.996574,1788179728.866080,241843,125,1,1,60773706,801907600,29470,-54,6.077370600,80.190760000,29.470,-0.054,0,2,0,0.0,0.02,0.0,-0.0,0.02,17436,174.36,4.4390,-0.2875,-0.0100
133.493957,1788179729.363463,242343,153,1,1,60773705,801907601,29470,-50,6.077370500,80.190760100,29.470,-0.05,0,2,0,0.0,0.02,0.0,-0.0,0.02,17437,174.37,4.4501,-0.2986,-0.0100
134.025740,1788179729.895246,242843,182,1,1,60773704,801907601,29470,-50,6.077370400,80.190760100,29.470,-0.05,0,1,0,0.0,0.01,0.0,-0.0,0.01,17436,174.36,4.4501,-0.3096,-0.0100
134.444502,1788179730.314008,243343,210,1,1,60773702,801907601,29470,-50,6.077370200,80.190760100,29.470,-0.05,0,1,0,0.0,0.01,0.0,-0.0,0.01,17437,174.37,4.4501,-0.3318,-0.0100
134.940974,1788179730.810480,243843,239,1,1,60773701,801907602,29470,-51,6.077370100,80.190760200,29.470,-0.051000000000000004,0,1,0,0.0,0.01,0.0,-0.0,0.01,17437,174.37,4.4612,-0.3428,-0.0100
135.581289,1788179731.450795,244343,11,1,1,60773701,801907603,29470,-50,6.077370100,80.190760300,29.470,-0.05,0,1,0,0.0,0.01,0.0,-0.0,0.01,17437,174.37,4.4722,-0.3428,-0.0100
135.971563,1788179731.841069,244843,40,1,1,60773700,801907604,29480,-46,6.077370000,80.190760400,29.480,-0.046,0,1,0,0.0,0.01,0.0,-0.0,0.01,17437,174.37,4.4833,-0.3539,-0.0000
136.486977,1788179732.356483,245343,68,1,1,60773698,801907605,29480,-47,6.077369800,80.190760500,29.480,-0.047,-1,0,0,-0.01,0.0,0.0,-0.0,0.01,17437,174.37,4.4944,-0.3760,-0.0000
137.018426,1788179732.887932,245843,97,1,1,60773697,801907605,29480,-47,6.077369700,80.190760500,29.480,-0.047,-1,0,0,-0.01,0.0,0.0,-0.0,0.01,17438,174.38,4.4944,-0.3871,-0.0000
137.468862,1788179733.338368,246343,126,1,1,60773696,801907606,29480,-47,6.077369600,80.190760600,29.480,-0.047,-1,0,0,-0.01,0.0,0.0,-0.0,0.01,17438,174.38,4.5054,-0.3981,-0.0000
137.923952,1788179733.793458,246843,155,1,1,60773695,801907607,29480,-46,6.077369500,80.190760700,29.480,-0.046,-1,0,0,-0.01,0.0,0.0,-0.0,0.01,17438,174.38,4.5165,-0.4092,-0.0000
138.546235,1788179734.415741,247343,183,1,1,60773693,801907607,29480,-46,6.077369300,80.190760700,29.480,-0.046,-2,0,0,-0.02,0.0,0.0,-0.0,0.02,17438,174.38,4.5165,-0.4313,-0.0000
139.012517,1788179734.882023,247843,212,1,1,60773691,801907608,29480,-46,6.077369100,80.190760800,29.480,-0.046,-2,0,0,-0.02,0.0,0.0,-0.0,0.02,17438,174.38,4.5276,-0.4534,-0.0000
139.481167,1788179735.350673,248346,240,1,1,60773690,801907609,29480,-46,6.077369000,80.190760900,29.480,-0.046,-1,0,0,-0.01,0.0,0.0,-0.0,0.01,17438,174.38,4.5386,-0.4645,-0.0000
140.013106,1788179735.882612,248843,13,1,1,60773689,801907610,29480,-47,6.077368900,80.190761000,29.480,-0.047,-1,0,0,-0.01,0.0,0.0,-0.0,0.01,17438,174.38,4.5497,-0.4755,-0.0000
140.464507,1788179736.334013,249343,41,1,1,60773687,801907612,29480,-47,6.077368700,80.190761200,29.480,-0.047,-1,0,0,-0.01,0.0,0.0,-0.0,0.01,17439,174.39000000000001,4.5718,-0.4976,-0.0000
140.965185,1788179736.834691,249843,70,1,1,60773686,801907614,29480,-48,6.077368600,80.190761400,29.480,-0.048,-1,1,0,-0.01,0.01,0.0,-0.0,0.014142135623730952,17438,174.38,4.5940,-0.5087,-0.0000
141.539476,1788179737.408982,250343,99,1,1,60773684,801907616,29470,-50,6.077368400,80.190761600,29.470,-0.05,-1,1,0,-0.01,0.01,0.0,-0.0,0.014142135623730952,17438,174.38,4.6161,-0.5308,-0.0100
141.947308,1788179737.816814,250843,128,1,1,60773683,801907618,29480,-47,6.077368300,80.190761800,29.480,-0.047,-1,2,0,-0.01,0.02,0.0,-0.0,0.022360679774997897,17438,174.38,4.6383,-0.5419,-0.0000
142.542823,1788179738.412329,251343,156,1,1,60773681,801907619,29480,-45,6.077368100,80.190761900,29.480,-0.045,-1,2,0,-0.01,0.02,0.0,-0.0,0.022360679774997897,17438,174.38,4.6493,-0.5640,-0.0000
143.044029,1788179738.913535,251843,185,1,1,60773679,801907621,29480,-45,6.077367900,80.190762100,29.480,-0.045,-1,2,0,-0.01,0.02,0.0,-0.0,0.022360679774997897,17438,174.38,4.6715,-0.5861,-0.0000
143.463391,1788179739.332897,252343,213,1,1,60773677,801907623,29480,-45,6.077367700,80.190762300,29.480,-0.045,-1,3,0,-0.01,0.03,0.0,-0.0,0.0316227766016838,17439,174.39000000000001,4.6936,-0.6082,-0.0000
144.075532,1788179739.945038,252843,242,1,1,60773675,801907626,29480,-45,6.077367500,80.190762600,29.480,-0.045,-2,3,0,-0.02,0.03,0.0,-0.0,0.03605551275463989,17439,174.39000000000001,4.7268,-0.6303,-0.0000
144.531606,1788179740.401112,253343,14,1,1,60773673,801907627,29480,-44,6.077367300,80.190762700,29.480,-0.044,-1,3,0,-0.01,0.03,0.0,-0.0,0.0316227766016838,17439,174.39000000000001,4.7379,-0.6525,-0.0000
144.952327,1788179740.821833,253843,43,1,1,60773672,801907628,29480,-44,6.077367200,80.190762800,29.480,-0.044,-1,2,0,-0.01,0.02,0.0,-0.0,0.022360679774997897,17439,174.39000000000001,4.7490,-0.6635,-0.0000
145.530790,1788179741.400296,254343,71,1,1,60773670,801907628,29480,-46,6.077367000,80.190762800,29.480,-0.046,-1,2,0,-0.01,0.02,0.0,-0.0,0.022360679774997897,17439,174.39000000000001,4.7490,-0.6856,-0.0000
146.030958,1788179741.900464,254843,100,1,1,60773667,801907629,29480,-44,6.077366700,80.190762900,29.480,-0.044,-2,2,0,-0.02,0.02,0.0,-0.0,0.028284271247461905,17439,174.39000000000001,4.7600,-0.7188,-0.0000
146.496090,1788179742.365596,255343,128,1,1,60773665,801907630,29480,-42,6.077366500,80.190763000,29.480,-0.042,-2,1,0,-0.02,0.01,0.0,-0.0,0.022360679774997897,17439,174.39000000000001,4.7711,-0.7409,-0.0000
146.978878,1788179742.848384,255843,157,1,1,60773663,801907630,29480,-42,6.077366300,80.190763000,29.480,-0.042,-2,0,0,-0.02,0.0,0.0,-0.0,0.02,17439,174.39000000000001,4.7711,-0.7631,-0.0000
147.478438,1788179743.347944,256343,185,1,1,60773661,801907630,29480,-41,6.077366100,80.190763000,29.480,-0.041,-2,0,0,-0.02,0.0,0.0,-0.0,0.02,17439,174.39000000000001,4.7711,-0.7852,-0.0000
147.947306,1788179743.816812,256843,214,1,1,60773660,801907631,29480,-42,6.077366000,80.190763100,29.480,-0.042,-2,0,0,-0.02,0.0,0.0,-0.0,0.02,17439,174.39000000000001,4.7822,-0.7962,-0.0000
148.522757,1788179744.392263,257343,242,1,1,60773660,801907632,29480,-44,6.077366000,80.190763200,29.480,-0.044,0,0,0,0.0,0.0,0.0,-0.0,0.0,17439,174.39000000000001,4.7932,-0.7962,-0.0000
149.023421,1788179744.892927,257843,15,1,1,60773659,801907632,29480,-45,6.077365900,80.190763200,29.480,-0.045,0,0,0,0.0,0.0,0.0,-0.0,0.0,17439,174.39000000000001,4.7932,-0.8073,-0.0000
149.418517,1788179745.288023,258343,43,1,1,60773657,801907633,29480,-43,6.077365700,80.190763300,29.480,-0.043000000000000003,-1,0,0,-0.01,0.0,0.0,-0.0,0.01,17440,174.4,4.8043,-0.8294,-0.0000
150.009443,1788179745.878949,258843,72,1,1,60773656,801907633,29480,-40,6.077365600,80.190763300,29.480,-0.04,-1,0,0,-0.01,0.0,0.0,-0.0,0.01,17440,174.4,4.8043,-0.8405,-0.0000
150.509960,1788179746.379466,259343,100,1,1,60773655,801907634,29490,-36,6.077365500,80.190763400,29.490,-0.036000000000000004,-1,0,0,-0.01,0.0,0.0,-0.0,0.01,17440,174.4,4.8154,-0.8515,0.0100
150.976285,1788179746.845791,259843,129,1,1,60773655,801907635,29490,-36,6.077365500,80.190763500,29.490,-0.036000000000000004,0,0,0,0.0,0.0,0.0,-0.0,0.0,17440,174.4,4.8265,-0.8515,0.0100
151.508228,1788179747.377734,260343,158,1,1,60773655,801907636,29490,-37,6.077365500,80.190763600,29.490,-0.037,0,0,0,0.0,0.0,0.0,-0.0,0.0,17440,174.4,4.8375,-0.8515,0.0100
152.005346,1788179747.874852,260843,187,1,1,60773654,801907638,29490,-39,6.077365400,80.190763800,29.490,-0.039,0,0,0,0.0,0.0,0.0,-0.0,0.0,17440,174.4,4.8597,-0.8626,0.0100
152.473930,1788179748.343436,261343,215,1,1,60773654,801907640,29490,-39,6.077365400,80.190764000,29.490,-0.039,0,1,0,0.0,0.01,0.0,-0.0,0.01,17440,174.4,4.8818,-0.8626,0.0100
153.050816,1788179748.920322,261843,244,1,1,60773653,801907643,29480,-41,6.077365300,80.190764300,29.480,-0.041,0,2,0,0.0,0.02,0.0,-0.0,0.02,17440,174.4,4.9150,-0.8736,-0.0000
153.581477,1788179749.450983,262343,16,1,1,60773654,801907647,29480,-45,6.077365400,80.190764700,29.480,-0.045,0,3,0,0.0,0.03,0.0,-0.0,0.03,17440,174.4,4.9593,-0.8626,-0.0000
154.003609,1788179749.873115,262843,48,1,1,60773654,801907650,29470,-50,6.077365400,80.190765000,29.470,-0.05,1,3,0,0.01,0.03,0.0,-0.0,0.0316227766016838,17440,174.4,4.9925,-0.8626,-0.0100
154.503621,1788179750.373127,263343,77,1,1,60773654,801907652,29470,-53,6.077365400,80.190765200,29.470,-0.053,1,3,0,0.01,0.03,0.0,-0.0,0.0316227766016838,17441,174.41,5.0146,-0.8626,-0.0100
154.956699,1788179750.826205,263843,106,1,1,60773654,801907654,29470,-54,6.077365400,80.190765400,29.470,-0.054,1,3,0,0.01,0.03,0.0,-0.0,0.0316227766016838,17441,174.41,5.0368,-0.8626,-0.0100
155.454531,1788179751.324037,264343,134,1,1,60773655,801907657,29470,-52,6.077365500,80.190765700,29.470,-0.052000000000000005,1,3,0,0.01,0.03,0.0,-0.0,0.0316227766016838,17441,174.41,5.0700,-0.8515,-0.0100
155.938543,1788179751.808049,264843,163,1,1,60773655,801907658,29480,-48,6.077365500,80.190765800,29.480,-0.048,1,3,0,0.01,0.03,0.0,-0.0,0.0316227766016838,17441,174.41,5.0811,-0.8515,-0.0000
156.501835,1788179752.371341,265343,191,1,1,60773656,801907660,29480,-44,6.077365600,80.190766000,29.480,-0.044,1,3,0,0.01,0.03,0.0,-0.0,0.0316227766016838,17441,174.41,5.1032,-0.8405,-0.0000
157.032361,1788179752.901867,265843,220,1,1,60773656,801907663,29480,-40,6.077365600,80.190766300,29.480,-0.04,1,3,0,0.01,0.03,0.0,-0.0,0.0316227766016838,17441,174.41,5.1364,-0.8405,-0.0000
157.528136,1788179753.397642,266343,248,1,1,60773656,801907664,29480,-41,6.077365600,80.190766400,29.480,-0.041,1,3,0,0.01,0.03,0.0,-0.0,0.0316227766016838,17442,174.42000000000002,5.1475,-0.8405,-0.0000
157.951131,1788179753.820637,266843,21,1,1,60773657,801907665,29480,-43,6.077365700,80.190766500,29.480,-0.043000000000000003,1,2,0,0.01,0.02,0.0,-0.0,0.022360679774997897,17442,174.42000000000002,5.1586,-0.8294,-0.0000
158.558443,1788179754.427949,267343,49,1,1,60773657,801907666,29480,-47,6.077365700,80.190766600,29.480,-0.047,1,1,0,0.01,0.01,0.0,-0.0,0.014142135623730952,17442,174.42000000000002,5.1696,-0.8294,-0.0000
159.028012,1788179754.897518,267843,78,1,1,60773657,801907667,29480,-48,6.077365700,80.190766700,29.480,-0.048,0,1,0,0.0,0.01,0.0,-0.0,0.01,17442,174.42000000000002,5.1807,-0.8294,-0.0000
159.544820,1788179755.414326,268343,106,1,1,60773658,801907667,29480,-47,6.077365800,80.190766700,29.480,-0.047,1,0,0,0.01,0.0,0.0,-0.0,0.01,17442,174.42000000000002,5.1807,-0.8183,-0.0000
159.969118,1788179755.838624,268843,135,1,1,60773658,801907669,29480,-45,6.077365800,80.190766900,29.480,-0.045,0,0,0,0.0,0.0,0.0,-0.0,0.0,17442,174.42000000000002,5.2028,-0.8183,-0.0000
160.513189,1788179756.382695,269343,163,1,1,60773658,801907670,29480,-43,6.077365800,80.190767000,29.480,-0.043000000000000003,0,0,0,0.0,0.0,0.0,-0.0,0.0,17442,174.42000000000002,5.2139,-0.8183,-0.0000
160.933542,1788179756.803048,269843,192,1,1,60773659,801907672,29480,-44,6.077365900,80.190767200,29.480,-0.044,0,0,0,0.0,0.0,0.0,-0.0,0.0,17442,174.42000000000002,5.2360,-0.8073,-0.0000
161.561345,1788179757.430851,270343,221,1,1,60773660,801907676,29480,-43,6.077366000,80.190767600,29.480,-0.043000000000000003,1,1,0,0.01,0.01,0.0,-0.0,0.014142135623730952,17442,174.42000000000002,5.2803,-0.7962,-0.0000
161.980019,1788179757.849525,270843,250,1,1,60773660,801907679,29480,-41,6.077366000,80.190767900,29.480,-0.041,0,2,0,0.0,0.02,0.0,-0.0,0.02,17442,174.42000000000002,5.3135,-0.7962,-0.0000
162.477968,1788179758.347474,271343,22,1,1,60773660,801907683,29480,-42,6.077366000,80.190768300,29.480,-0.042,0,2,0,0.0,0.02,0.0,-0.0,0.02,17442,174.42000000000002,5.3578,-0.7962,-0.0000
162.975064,1788179758.844570,271843,51,1,1,60773661,801907687,29480,-44,6.077366100,80.190768700,29.480,-0.044,0,2,0,0.0,0.02,0.0,-0.0,0.02,17442,174.42000000000002,5.4021,-0.7852,-0.0000
163.476102,1788179759.345608,272343,79,1,1,60773662,801907690,29480,-43,6.077366200,80.190769000,29.480,-0.043000000000000003,0,3,0,0.0,0.03,0.0,-0.0,0.03,17442,174.42000000000002,5.4353,-0.7741,-0.0000
163.973124,1788179759.842630,272843,108,1,1,60773662,801907694,29480,-40,6.077366200,80.190769400,29.480,-0.04,0,3,0,0.0,0.03,0.0,-0.0,0.03,17442,174.42000000000002,5.4796,-0.7741,-0.0000
164.501844,1788179760.371350,273343,136,1,1,60773662,801907697,29480,-42,6.077366200,80.190769700,29.480,-0.042,0,3,0,0.0,0.03,0.0,-0.0,0.03,17442,174.42000000000002,5.5128,-0.7741,-0.0000
164.954807,1788179760.824313,273843,165,1,1,60773662,801907700,29480,-41,6.077366200,80.190770000,29.480,-0.041,0,3,0,0.0,0.03,0.0,-0.0,0.03,17441,174.41,5.5460,-0.7741,-0.0000
165.473302,1788179761.342808,274343,193,1,1,60773663,801907704,29480,-41,6.077366300,80.190770400,29.480,-0.041,0,4,0,0.0,0.04,0.0,-0.0,0.04,17441,174.41,5.5903,-0.7631,-0.0000
166.005715,1788179761.875221,274843,222,1,1,60773663,801907707,29480,-41,6.077366300,80.190770700,29.480,-0.041,0,4,0,0.0,0.04,0.0,-0.0,0.04,17441,174.41,5.6235,-0.7631,-0.0000
166.444080,1788179762.313586,275343,250,1,1,60773664,801907710,29480,-43,6.077366400,80.190771000,29.480,-0.043000000000000003,0,3,0,0.0,0.03,0.0,-0.0,0.03,17441,174.41,5.6567,-0.7520,-0.0000
167.037639,1788179762.907145,275843,23,1,1,60773664,801907713,29480,-46,6.077366400,80.190771300,29.480,-0.046,0,3,0,0.0,0.03,0.0,-0.0,0.03,17440,174.4,5.6899,-0.7520,-0.0000
167.441628,1788179763.311134,276343,52,1,1,60773665,801907716,29480,-48,6.077366500,80.190771600,29.480,-0.048,0,3,0,0.0,0.03,0.0,-0.0,0.03,17440,174.4,5.7231,-0.7409,-0.0000
167.958872,1788179763.828378,276843,81,1,1,60773665,801907718,29480,-48,6.077366500,80.190771800,29.480,-0.048,0,3,0,0.0,0.03,0.0,-0.0,0.03,17440,174.4,5.7453,-0.7409,-0.0000
168.459125,1788179764.328631,277343,109,1,1,60773665,801907722,29480,-46,6.077366500,80.190772200,29.480,-0.046,0,3,0,0.0,0.03,0.0,-0.0,0.03,17440,174.4,5.7895,-0.7409,-0.0000
168.989222,1788179764.858728,277843,138,1,1,60773665,801907724,29480,-46,6.077366500,80.190772400,29.480,-0.046,-1,3,0,-0.01,0.03,0.0,-0.0,0.0316227766016838,17441,174.41,5.8117,-0.7409,-0.0000
169.455903,1788179765.325409,278343,166,1,1,60773665,801907725,29480,-46,6.077366500,80.190772500,29.480,-0.046,-1,2,0,-0.01,0.02,0.0,-0.0,0.022360679774997897,17441,174.41,5.8227,-0.7409,-0.0000
169.941901,1788179765.811407,278843,195,1,1,60773666,801907727,29480,-46,6.077366600,80.190772700,29.480,-0.046,0,1,0,0.0,0.01,0.0,-0.0,0.01,17441,174.41,5.8449,-0.7299,-0.0000
170.484677,1788179766.354183,279343,223,1,1,60773668,801907727,29480,-45,6.077366800,80.190772700,29.480,-0.045,0,0,0,0.0,0.0,0.0,-0.0,0.0,17441,174.41,5.8449,-0.7078,-0.0000
170.951891,1788179766.821397,279843,252,1,1,60773669,801907728,29480,-43,6.077366900,80.190772800,29.480,-0.043000000000000003,0,0,0,0.0,0.0,0.0,-0.0,0.0,17441,174.41,5.8560,-0.6967,-0.0000
171.532252,1788179767.401758,280343,25,1,1,60773671,801907730,29490,-39,6.077367100,80.190773000,29.490,-0.039,0,0,0,0.0,0.0,0.0,-0.0,0.0,17441,174.41,5.8781,-0.6746,0.0100
171.983750,1788179767.853256,280843,54,1,1,60773673,801907732,29490,-37,6.077367300,80.190773200,29.490,-0.037,1,0,0,0.01,0.0,0.0,-0.0,0.01,17441,174.41,5.9002,-0.6525,0.0100
172.448167,1788179768.317673,281343,82,1,1,60773673,801907733,29490,-37,6.077367300,80.190773300,29.490,-0.037,0,0,0,0.0,0.0,0.0,-0.0,0.0,17441,174.41,5.9113,-0.6525,0.0100
173.012726,1788179768.882232,281843,111,1,1,60773674,801907734,29490,-34,6.077367400,80.190773400,29.490,-0.034,0,0,0,0.0,0.0,0.0,-0.0,0.0,17441,174.41,5.9224,-0.6414,0.0100
173.526520,1788179769.396026,282343,139,1,1,60773676,801907735,29490,-34,6.077367600,80.190773500,29.490,-0.034,1,0,0,0.01,0.0,0.0,-0.0,0.01,17441,174.41,5.9334,-0.6193,0.0100
173.989004,1788179769.858510,282843,168,1,1,60773678,801907736,29490,-37,6.077367800,80.190773600,29.490,-0.037,1,0,0,0.01,0.0,0.0,-0.0,0.01,17442,174.42000000000002,5.9445,-0.5972,0.0100
174.463269,1788179770.332775,283344,196,1,1,60773679,801907737,29480,-40,6.077367900,80.190773700,29.480,-0.04,1,0,0,0.01,0.0,0.0,-0.0,0.01,17441,174.41,5.9556,-0.5861,-0.0000
174.976657,1788179770.846163,283843,225,1,1,60773681,801907737,29480,-43,6.077368100,80.190773700,29.480,-0.043000000000000003,1,0,0,0.01,0.0,0.0,-0.0,0.01,17441,174.41,5.9556,-0.5640,-0.0000
175.446634,1788179771.316140,284343,253,1,1,60773682,801907738,29480,-43,6.077368200,80.190773800,29.480,-0.043000000000000003,1,0,0,0.01,0.0,0.0,-0.0,0.01,17442,174.42000000000002,5.9667,-0.5529,-0.0000
176.049687,1788179771.919193,284843,26,1,1,60773684,801907739,29480,-44,6.077368400,80.190773900,29.480,-0.044,1,0,0,0.01,0.0,0.0,-0.0,0.01,17441,174.41,5.9777,-0.5308,-0.0000
176.521470,1788179772.390976,285343,54,1,1,60773687,801907740,29480,-48,6.077368700,80.190774000,29.480,-0.048,1,0,0,0.01,0.0,0.0,-0.0,0.01,17441,174.41,5.9888,-0.4976,-0.0000
176.973765,1788179772.843271,285843,83,1,1,60773689,801907740,29470,-54,6.077368900,80.190774000,29.470,-0.054,1,0,0,0.01,0.0,0.0,-0.0,0.01,17441,174.41,5.9888,-0.4755,-0.0100
177.502923,1788179773.372429,286343,111,1,1,60773691,801907740,29470,-57,6.077369100,80.190774000,29.470,-0.057,2,0,0,0.02,0.0,0.0,-0.0,0.02,17441,174.41,5.9888,-0.4534,-0.0100
178.003742,1788179773.873248,286843,140,1,1,60773695,801907740,29470,-57,6.077369500,80.190774000,29.470,-0.057,2,0,0,0.02,0.0,0.0,-0.0,0.02,17442,174.42000000000002,5.9888,-0.4092,-0.0100
178.470545,1788179774.340051,287343,168,1,1,60773698,801907740,29470,-57,6.077369800,80.190774000,29.470,-0.057,2,0,0,0.02,0.0,0.0,-0.0,0.02,17442,174.42000000000002,5.9888,-0.3760,-0.0100
178.922231,1788179774.791737,287843,197,1,1,60773701,801907740,29470,-57,6.077370100,80.190774000,29.470,-0.057,3,0,0,0.03,0.0,0.0,-0.0,0.03,17442,174.42000000000002,5.9888,-0.3428,-0.0100
179.500677,1788179775.370183,288343,225,1,1,60773704,801907740,29470,-57,6.077370400,80.190774000,29.470,-0.057,3,0,0,0.03,0.0,0.0,-0.0,0.03,17442,174.42000000000002,5.9888,-0.3096,-0.0100
179.972123,1788179775.841629,288843,254,1,1,60773707,801907740,29470,-57,6.077370700,80.190774000,29.470,-0.057,3,0,0,0.03,0.0,0.0,-0.0,0.03,17442,174.42000000000002,5.9888,-0.2765,-0.0100
180.505022,1788179776.374528,289343,26,1,1,60773711,801907739,29470,-56,6.077371100,80.190773900,29.470,-0.056,3,0,0,0.03,0.0,0.0,-0.0,0.03,17442,174.42000000000002,5.9777,-0.2322,-0.0100
180.996994,1788179776.866500,289843,55,1,1,60773716,801907738,29470,-55,6.077371600,80.190773800,29.470,-0.055,4,0,0,0.04,0.0,0.0,-0.0,0.04,17443,174.43,5.9667,-0.1769,-0.0100
181.570368,1788179777.439874,290343,84,1,1,60773721,801907736,29470,-56,6.077372100,80.190773600,29.470,-0.056,4,-1,0,0.04,-0.01,0.0,-0.0,0.04123105625617661,17443,174.43,5.9445,-0.1216,-0.0100
181.931421,1788179777.800927,290843,113,1,1,60773725,801907734,29470,-55,6.077372500,80.190773400,29.470,-0.055,4,-1,0,0.04,-0.01,0.0,-0.0,0.04123105625617661,17443,174.43,5.9224,-0.0774,-0.0100
182.445491,1788179778.314997,291343,141,1,1,60773730,801907732,29470,-54,6.077373000,80.190773200,29.470,-0.054,4,-2,0,0.04,-0.02,0.0,-0.0,0.044721359549995794,17443,174.43,5.9002,-0.0221,-0.0100
183.027690,1788179778.897196,291843,170,1,1,60773735,801907730,29470,-53,6.077373500,80.190773000,29.470,-0.053,5,-2,0,0.05,-0.02,0.0,-0.0,0.053851648071345036,17442,174.42000000000002,5.8781,0.0332,-0.0100
183.481382,1788179779.350888,292343,198,1,1,60773741,801907727,29470,-50,6.077374100,80.190772700,29.470,-0.05,5,-3,0,0.05,-0.03,0.0,-0.0,0.05830951894845301,17442,174.42000000000002,5.8449,0.0995,-0.0100
183.951435,1788179779.820941,292843,227,1,1,60773746,801907724,29480,-47,6.077374600,80.190772400,29.480,-0.047,6,-3,0,0.06,-0.03,0.0,-0.0,0.0670820393249937,17442,174.42000000000002,5.8117,0.1548,-0.0000
184.569752,1788179780.439258,293343,255,1,1,60773752,801907721,29480,-48,6.077375200,80.190772100,29.480,-0.048,6,-3,0,0.06,-0.03,0.0,-0.0,0.0670820393249937,17442,174.42000000000002,5.7785,0.2212,-0.0000
184.978247,1788179780.847753,293843,28,1,1,60773757,801907718,29480,-45,6.077375700,80.190771800,29.480,-0.045,6,-3,0,0.06,-0.03,0.0,-0.0,0.0670820393249937,17442,174.42000000000002,5.7453,0.2765,-0.0000
185.433640,1788179781.303146,294343,56,1,1,60773762,801907715,29480,-42,6.077376200,80.190771500,29.480,-0.042,5,-4,0,0.05,-0.04,0.0,-0.0,0.06403124237432849,17443,174.43,5.7120,0.3318,-0.0000
186.015416,1788179781.884922,294843,85,1,1,60773766,801907712,29490,-38,6.077376600,80.190771200,29.490,-0.038,4,-4,0,0.04,-0.04,0.0,-0.0,0.05656854249492381,17442,174.42000000000002,5.6788,0.3760,0.0100
186.480421,1788179782.349927,295343,113,1,1,60773770,801907709,29490,-36,6.077377000,80.190770900,29.490,-0.036000000000000004,4,-4,0,0.04,-0.04,0.0,-0.0,0.05656854249492381,17442,174.42000000000002,5.6456,0.4202,0.0100
186.979770,1788179782.849276,295843,142,1,1,60773774,801907706,29480,-40,6.077377400,80.190770600,29.480,-0.04,4,-4,0,0.04,-0.04,0.0,-0.0,0.05656854249492381,17443,174.43,5.6124,0.4645,-0.0000
187.509707,1788179783.379213,296343,170,1,1,60773778,801907702,29480,-43,6.077377800,80.190770200,29.480,-0.043000000000000003,3,-4,0,0.03,-0.04,0.0,-0.0,0.05,17442,174.42000000000002,5.5681,0.5087,-0.0000
187.975582,1788179783.845088,296843,199,1,1,60773782,801907700,29480,-46,6.077378200,80.190770000,29.480,-0.046,3,-3,0,0.03,-0.03,0.0,-0.0,0.04242640687119285,17443,174.43,5.5460,0.5529,-0.0000
188.426542,1788179784.296048,297343,227,1,1,60773787,801907696,29470,-51,6.077378700,80.190769600,29.470,-0.051000000000000004,3,-3,0,0.03,-0.03,0.0,-0.0,0.04242640687119285,17443,174.43,5.5017,0.6082,-0.0100
188.972397,1788179784.841903,297843,0,1,1,60773792,801907693,29470,-53,6.077379200,80.190769300,29.470,-0.053,4,-3,0,0.04,-0.03,0.0,-0.0,0.05,17443,174.43,5.4685,0.6635,-0.0100
189.472778,1788179785.342284,298343,28,1,1,60773797,801907689,29470,-52,6.077379700,80.190768900,29.470,-0.052000000000000005,4,-3,0,0.04,-0.03,0.0,-0.0,0.05,17443,174.43,5.4242,0.7188,-0.0100
189.973813,1788179785.843319,298843,57,1,1,60773802,801907686,29470,-54,6.077380200,80.190768600,29.470,-0.054,4,-2,0,0.04,-0.02,0.0,-0.0,0.044721359549995794,17442,174.42000000000002,5.3910,0.7741,-0.0100
190.460173,1788179786.329679,299343,85,1,1,60773807,801907682,29470,-59,6.077380700,80.190768200,29.470,-0.059000000000000004,4,-3,0,0.04,-0.03,0.0,-0.0,0.05,17442,174.42000000000002,5.3467,0.8294,-0.0100
190.959503,1788179786.829009,299843,114,1,1,60773812,801907679,29470,-59,6.077381200,80.190767900,29.470,-0.059000000000000004,4,-3,0,0.04,-0.03,0.0,-0.0,0.05,17442,174.42000000000002,5.3135,0.8847,-0.0100
191.537372,1788179787.406878,300343,143,1,1,60773816,801907676,29470,-57,6.077381600,80.190767600,29.470,-0.057,3,-2,0,0.03,-0.02,0.0,-0.0,0.03605551275463989,17442,174.42000000000002,5.2803,0.9289,-0.0100
191.943234,1788179787.812740,300843,175,1,1,60773820,801907673,29470,-55,6.077382000,80.190767300,29.470,-0.055,2,-2,0,0.02,-0.02,0.0,-0.0,0.028284271247461905,17442,174.42000000000002,5.2471,0.9732,-0.0100
192.455650,1788179788.325156,301343,204,1,1,60773824,801907670,29470,-54,6.077382400,80.190767000,29.470,-0.054,2,-2,0,0.02,-0.02,0.0,-0.0,0.028284271247461905,17442,174.42000000000002,5.2139,1.0174,-0.0100
192.958751,1788179788.828257,301843,233,1,1,60773829,801907666,29470,-53,6.077382900,80.190766600,29.470,-0.053,2,-2,0,0.02,-0.02,0.0,-0.0,0.028284271247461905,17442,174.42000000000002,5.1696,1.0727,-0.0100
193.533657,1788179789.403163,302343,5,1,1,60773832,801907663,29470,-51,6.077383200,80.190766300,29.470,-0.051000000000000004,1,-2,0,0.01,-0.02,0.0,-0.0,0.022360679774997897,17442,174.42000000000002,5.1364,1.1059,-0.0100
194.002711,1788179789.872217,302843,34,1,1,60773836,801907660,29470,-50,6.077383600,80.190766000,29.470,-0.05,1,-1,0,0.01,-0.01,0.0,-0.0,0.014142135623730952,17442,174.42000000000002,5.1032,1.1501,-0.0100
194.454004,1788179790.323510,303343,62,1,1,60773839,801907656,29470,-52,6.077383900,80.190765600,29.470,-0.052000000000000005,0,-2,0,0.0,-0.02,0.0,-0.0,0.02,17442,174.42000000000002,5.0589,1.1833,-0.0100
194.986190,1788179790.855696,303843,91,1,1,60773842,801907652,29470,-50,6.077384200,80.190765200,29.470,-0.05,0,-2,0,0.0,-0.02,0.0,-0.0,0.02,17442,174.42000000000002,5.0146,1.2165,-0.0100
195.454218,1788179791.323724,304343,119,1,1,60773845,801907649,29480,-45,6.077384500,80.190764900,29.480,-0.045,1,-2,0,0.01,-0.02,0.0,-0.0,0.022360679774997897,17442,174.42000000000002,4.9814,1.2496,-0.0000
196.074567,1788179791.944073,304843,148,1,1,60773848,801907645,29480,-43,6.077384800,80.190764500,29.480,-0.043000000000000003,1,-2,0,0.01,-0.02,0.0,-0.0,0.022360679774997897,17442,174.42000000000002,4.9372,1.2828,-0.0000
196.532508,1788179792.402014,305343,176,1,1,60773851,801907641,29480,-44,6.077385100,80.190764100,29.480,-0.044,0,-3,0,0.0,-0.03,0.0,-0.0,0.03,17442,174.42000000000002,4.8929,1.3160,-0.0000
196.984597,1788179792.854103,305846,205,1,1,60773853,801907637,29480,-45,6.077385300,80.190763700,29.480,-0.045,0,-3,0,0.0,-0.03,0.0,-0.0,0.03,17442,174.42000000000002,4.8486,1.3381,-0.0000
197.562329,1788179793.431835,306343,233,1,1,60773856,801907633,29480,-44,6.077385600,80.190763300,29.480,-0.044,0,-3,0,0.0,-0.03,0.0,-0.0,0.03,17442,174.42000000000002,4.8043,1.3713,-0.0000
197.982176,1788179793.851682,306843,6,1,1,60773858,801907630,29480,-41,6.077385800,80.190763000,29.480,-0.041,0,-3,0,0.0,-0.03,0.0,-0.0,0.03,17442,174.42000000000002,4.7711,1.3934,-0.0000
198.437678,1788179794.307184,307343,35,1,1,60773859,801907626,29490,-39,6.077385900,80.190762600,29.490,-0.039,0,-3,0,0.0,-0.03,0.0,-0.0,0.03,17442,174.42000000000002,4.7268,1.4045,0.0100
199.063680,1788179794.933186,307843,64,1,1,60773860,801907622,29490,-34,6.077386000,80.190762200,29.490,-0.034,0,-3,0,0.0,-0.03,0.0,-0.0,0.03,17442,174.42000000000002,4.6825,1.4155,0.0100
199.514883,1788179795.384389,308343,92,1,1,60773861,801907619,29490,-33,6.077386100,80.190761900,29.490,-0.033,0,-3,0,0.0,-0.03,0.0,-0.0,0.03,17442,174.42000000000002,4.6493,1.4266,0.0100
199.938946,1788179795.808452,308843,121,1,1,60773861,801907615,29490,-37,6.077386100,80.190761500,29.490,-0.037,-1,-3,0,-0.01,-0.03,0.0,-0.0,0.0316227766016838,17442,174.42000000000002,4.6051,1.4266,0.0100
200.517024,1788179796.386530,309343,149,1,1,60773862,801907611,29490,-39,6.077386200,80.190761100,29.490,-0.039,-1,-3,0,-0.01,-0.03,0.0,-0.0,0.0316227766016838,17442,174.42000000000002,4.5608,1.4376,0.0100
200.999120,1788179796.868626,309843,178,1,1,60773864,801907607,29480,-42,6.077386400,80.190760700,29.480,-0.042,0,-3,0,0.0,-0.03,0.0,-0.0,0.03,17442,174.42000000000002,4.5165,1.4598,-0.0000
201.423675,1788179797.293181,310343,207,1,1,60773865,801907603,29480,-42,6.077386500,80.190760300,29.480,-0.042,0,-3,0,0.0,-0.03,0.0,-0.0,0.03,17442,174.42000000000002,4.4722,1.4708,-0.0000
202.043973,1788179797.913479,310846,236,1,1,60773866,801907599,29480,-40,6.077386600,80.190759900,29.480,-0.04,0,-2,0,0.0,-0.02,0.0,-0.0,0.02,17442,174.42000000000002,4.4279,1.4819,-0.0000
202.511908,1788179798.381414,311343,8,1,1,60773867,801907596,29480,-42,6.077386700,80.190759600,29.480,-0.042,0,-2,0,0.0,-0.02,0.0,-0.0,0.02,17442,174.42000000000002,4.3947,1.4929,-0.0000
203.026200,1788179798.895706,311843,37,1,1,60773868,801907593,29480,-44,6.077386800,80.190759300,29.480,-0.044,0,-1,0,0.0,-0.01,0.0,-0.0,0.01,17441,174.41,4.3615,1.5040,-0.0000
203.507190,1788179799.376696,312343,65,1,1,60773870,801907590,29480,-47,6.077387000,80.190759000,29.480,-0.047,0,0,0,0.0,0.0,0.0,-0.0,0.0,17442,174.42000000000002,4.3283,1.5261,-0.0000
204.010364,1788179799.879870,312843,94,1,1,60773871,801907586,29480,-48,6.077387100,80.190758600,29.480,-0.048,0,-1,0,0.0,-0.01,0.0,-0.0,0.01,17442,174.42000000000002,4.2840,1.5372,-0.0000
204.477711,1788179800.347217,313343,122,1,1,60773872,801907581,29480,-49,6.077387200,80.190758100,29.480,-0.049,0,-1,0,0.0,-0.01,0.0,-0.0,0.01,17441,174.41,4.2287,1.5482,-0.0000
204.992072,1788179800.861578,313843,151,1,1,60773873,801907578,29480,-47,6.077387300,80.190757800,29.480,-0.047,0,-1,0,0.0,-0.01,0.0,-0.0,0.01,17441,174.41,4.1955,1.5593,-0.0000
205.460899,1788179801.330405,314343,179,1,1,60773874,801907574,29480,-41,6.077387400,80.190757400,29.480,-0.041,0,-1,0,0.0,-0.01,0.0,-0.0,0.01,17441,174.41,4.1512,1.5703,-0.0000
205.957694,1788179801.827200,314843,208,1,1,60773876,801907570,29490,-38,6.077387600,80.190757000,29.490,-0.038,1,-1,0,0.01,-0.01,0.0,-0.0,0.014142135623730952,17441,174.41,4.1069,1.5925,0.0100
206.534550,1788179802.404056,315343,236,1,1,60773877,801907567,29490,-34,6.077387700,80.190756700,29.490,-0.034,0,-1,-1,0.0,-0.01,-0.01,0.01,0.01,17441,174.41,4.0737,1.6035,0.0100
206.954768,1788179802.824274,315843,9,1,1,60773878,801907564,29490,-33,6.077387800,80.190756400,29.490,-0.033,0,-1,0,0.0,-0.01,0.0,-0.0,0.01,17440,174.4,4.0405,1.6146,0.0100
207.520611,1788179803.390117,316343,37,1,1,60773878,801907562,29490,-33,6.077387800,80.190756200,29.490,-0.033,0,-1,0,0.0,-0.01,0.0,-0.0,0.01,17440,174.4,4.0184,1.6146,0.0100
207.989449,1788179803.858955,316843,66,1,1,60773879,801907560,29490,-33,6.077387900,80.190756000,29.490,-0.033,0,-1,0,0.0,-0.01,0.0,-0.0,0.01,17441,174.41,3.9962,1.6256,0.0100
208.439688,1788179804.309194,317343,94,1,1,60773879,801907558,29490,-35,6.077387900,80.190755800,29.490,-0.035,0,0,0,0.0,0.0,0.0,-0.0,0.0,17441,174.41,3.9741,1.6256,0.0100
209.020149,1788179804.889655,317843,123,1,1,60773879,801907556,29480,-40,6.077387900,80.190755600,29.480,-0.04,0,0,0,0.0,0.0,0.0,-0.0,0.0,17441,174.41,3.9519,1.6256,-0.0000
209.486129,1788179805.355635,318343,151,1,1,60773880,801907555,29480,-40,6.077388000,80.190755500,29.480,-0.04,0,0,0,0.0,0.0,0.0,-0.0,0.0,17441,174.41,3.9409,1.6367,-0.0000
209.985881,1788179805.855387,318843,180,1,1,60773880,801907554,29490,-39,6.077388000,80.190755400,29.490,-0.039,0,0,0,0.0,0.0,0.0,-0.0,0.0,17440,174.4,3.9298,1.6367,0.0100
210.515773,1788179806.385279,319343,208,1,1,60773880,801907554,29490,-37,6.077388000,80.190755400,29.490,-0.037,0,0,0,0.0,0.0,0.0,-0.0,0.0,17440,174.4,3.9298,1.6367,0.0100
210.937383,1788179806.806889,319843,237,1,1,60773880,801907553,29490,-36,6.077388000,80.190755300,29.490,-0.036000000000000004,-1,0,0,-0.01,0.0,0.0,-0.0,0.01,17440,174.4,3.9187,1.6367,0.0100
211.488049,1788179807.357555,320343,10,1,1,60773880,801907552,29490,-37,6.077388000,80.190755200,29.490,-0.037,-1,0,0,-0.01,0.0,0.0,-0.0,0.01,17440,174.4,3.9077,1.6367,0.0100
211.926250,1788179807.795756,320843,39,1,1,60773879,801907553,29490,-39,6.077387900,80.190755300,29.490,-0.039,-1,1,0,-0.01,0.01,0.0,-0.0,0.014142135623730952,17440,174.4,3.9187,1.6256,0.0100
212.473566,1788179808.343072,321343,67,1,1,60773879,801907553,29480,-40,6.077387900,80.190755300,29.480,-0.04,-1,1,0,-0.01,0.01,0.0,-0.0,0.014142135623730952,17440,174.4,3.9187,1.6256,-0.0000
212.943343,1788179808.812849,321843,96,1,1,60773879,801907553,29480,-41,6.077387900,80.190755300,29.480,-0.041,-1,1,0,-0.01,0.01,0.0,-0.0,0.014142135623730952,17440,174.4,3.9187,1.6256,-0.0000
213.474787,1788179809.344293,322343,124,1,1,60773879,801907554,29480,-42,6.077387900,80.190755400,29.480,-0.042,0,2,0,0.0,0.02,0.0,-0.0,0.02,17440,174.4,3.9298,1.6256,-0.0000
214.023301,1788179809.892807,322843,153,1,1,60773879,801907555,29480,-48,6.077387900,80.190755500,29.480,-0.048,0,2,0,0.0,0.02,0.0,-0.0,0.02,17439,174.39000000000001,3.9409,1.6256,-0.0000
214.460933,1788179810.330439,323343,181,1,1,60773880,801907555,29470,-53,6.077388000,80.190755500,29.470,-0.053,0,1,0,0.0,0.01,0.0,-0.0,0.01,17439,174.39000000000001,3.9409,1.6367,-0.0100
214.942724,1788179810.812230,323843,210,1,1,60773880,801907555,29470,-56,6.077388000,80.190755500,29.470,-0.056,0,1,0,0.0,0.01,0.0,-0.0,0.01,17439,174.39000000000001,3.9409,1.6367,-0.0100
215.473873,1788179811.343379,324343,238,1,1,60773880,801907556,29470,-57,6.077388000,80.190755600,29.470,-0.057,0,1,0,0.0,0.01,0.0,-0.0,0.01,17439,174.39000000000001,3.9519,1.6367,-0.0100
215.911416,1788179811.780922,324843,11,1,1,60773880,801907558,29470,-57,6.077388000,80.190755800,29.470,-0.057,0,1,0,0.0,0.01,0.0,-0.0,0.01,17439,174.39000000000001,3.9741,1.6367,-0.0100
216.552759,1788179812.422265,325343,39,1,1,60773880,801907560,29470,-55,6.077388000,80.190756000,29.470,-0.055,0,2,0,0.0,0.02,0.0,-0.0,0.02,17439,174.39000000000001,3.9962,1.6367,-0.0100
217.006026,1788179812.875532,325843,68,1,1,60773878,801907563,29470,-56,6.077387800,80.190756300,29.470,-0.056,-1,3,0,-0.01,0.03,0.0,-0.0,0.0316227766016838,17439,174.39000000000001,4.0294,1.6146,-0.0100
217.472116,1788179813.341622,326343,97,1,1,60773877,801907565,29470,-57,6.077387700,80.190756500,29.470,-0.057,-1,3,0,-0.01,0.03,0.0,-0.0,0.0316227766016838,17439,174.39000000000001,4.0516,1.6035,-0.0100
218.005039,1788179813.874545,326843,126,1,1,60773875,801907566,29470,-55,6.077387500,80.190756600,29.470,-0.055,-1,2,0,-0.01,0.02,0.0,-0.0,0.022360679774997897,17439,174.39000000000001,4.0626,1.5814,-0.0100
218.519318,1788179814.388824,327343,154,1,1,60773874,801907568,29470,-54,6.077387400,80.190756800,29.470,-0.054,-1,2,0,-0.01,0.02,0.0,-0.0,0.022360679774997897,17439,174.39000000000001,4.0848,1.5703,-0.0100
218.957395,1788179814.826901,327843,183,1,1,60773871,801907570,29470,-51,6.077387100,80.190757000,29.470,-0.051000000000000004,-2,2,0,-0.02,0.02,0.0,-0.0,0.028284271247461905,17439,174.39000000000001,4.1069,1.5372,-0.0100
219.536935,1788179815.406441,328343,211,1,1,60773869,801907572,29470,-50,6.077386900,80.190757200,29.470,-0.05,-2,2,0,-0.02,0.02,0.0,-0.0,0.028284271247461905,17439,174.39000000000001,4.1291,1.5150,-0.0100
220.005618,1788179815.875124,328843,240,1,1,60773867,801907575,29480,-49,6.077386700,80.190757500,29.480,-0.049,-2,3,0,-0.02,0.03,0.0,-0.0,0.03605551275463989,17439,174.39000000000001,4.1623,1.4929,-0.0000
220.457926,1788179816.327432,329343,12,1,1,60773864,801907579,29480,-47,6.077386400,80.190757900,29.480,-0.047,-3,3,0,-0.03,0.03,0.0,-0.0,0.04242640687119285,17439,174.39000000000001,4.2065,1.4598,-0.0000
220.988462,1788179816.857968,329843,41,1,1,60773862,801907583,29480,-43,6.077386200,80.190758300,29.480,-0.043000000000000003,-3,4,0,-0.03,0.04,0.0,-0.0,0.05,17439,174.39000000000001,4.2508,1.4376,-0.0000
221.456817,1788179817.326323,330343,70,1,1,60773860,801907585,29490,-36,6.077386000,80.190758500,29.490,-0.036000000000000004,-3,3,0,-0.03,0.03,0.0,-0.0,0.04242640687119285,17440,174.4,4.2730,1.4155,0.0100
222.066731,1788179817.936237,330843,99,1,1,60773858,801907588,29490,-36,6.077385800,80.190758800,29.490,-0.036000000000000004,-3,3,0,-0.03,0.03,0.0,-0.0,0.04242640687119285,17440,174.4,4.3062,1.3934,0.0100
222.534104,1788179818.403610,331343,127,1,1,60773855,801907591,29490,-35,6.077385500,80.190759100,29.490,-0.035,-3,3,0,-0.03,0.03,0.0,-0.0,0.04242640687119285,17440,174.4,4.3394,1.3602,0.0100
222.940612,1788179818.810118,331843,156,1,1,60773853,801907593,29490,-37,6.077385300,80.190759300,29.490,-0.037,-3,3,0,-0.03,0.03,0.0,-0.0,0.04242640687119285,17440,174.4,4.3615,1.3381,0.0100
223.518162,1788179819.387668,332343,184,1,1,60773851,801907596,29490,-39,6.077385100,80.190759600,29.490,-0.039,-2,3,0,-0.02,0.03,0.0,-0.0,0.03605551275463989,17440,174.4,4.3947,1.3160,0.0100
224.031313,1788179819.900819,332843,213,1,1,60773850,801907599,29480,-40,6.077385000,80.190759900,29.480,-0.04,-2,3,0,-0.02,0.03,0.0,-0.0,0.03605551275463989,17440,174.4,4.4279,1.3049,-0.0000
224.452085,1788179820.321591,333343,241,1,1,60773849,801907602,29480,-41,6.077384900,80.190760200,29.480,-0.041,-2,3,0,-0.02,0.03,0.0,-0.0,0.03605551275463989,17440,174.4,4.4612,1.2939,-0.0000
224.936567,1788179820.806073,333843,14,1,1,60773848,801907605,29480,-44,6.077384800,80.190760500,29.480,-0.044,-1,2,0,-0.01,0.02,0.0,-0.0,0.022360679774997897,17440,174.4,4.4944,1.2828,-0.0000
225.470346,1788179821.339852,334343,42,1,1,60773848,801907607,29480,-48,6.077384800,80.190760700,29.480,-0.048,0,2,0,0.0,0.02,0.0,-0.0,0.02,17440,174.4,4.5165,1.2828,-0.0000
225.937461,1788179821.806967,334843,71,1,1,60773847,801907609,29470,-52,6.077384700,80.190760900,29.470,-0.052000000000000005,0,2,0,0.0,0.02,0.0,-0.0,0.02,17440,174.4,4.5386,1.2718,-0.0100
226.520112,1788179822.389618,335343,99,1,1,60773846,801907610,29470,-56,6.077384600,80.190761000,29.470,-0.056,0,1,0,0.0,0.01,0.0,-0.0,0.01,17441,174.41,4.5497,1.2607,-0.0100
227.019144,1788179822.888650,335843,128,1,1,60773846,801907612,29460,-60,6.077384600,80.190761200,29.460,-0.06,0,1,0,0.0,0.01,0.0,-0.0,0.01,17441,174.41,4.5718,1.2607,-0.0200
227.421565,1788179823.291071,336343,156,1,1,60773844,801907614,29460,-62,6.077384400,80.190761400,29.460,-0.062,0,1,1,0.0,0.01,0.01,-0.01,0.01,17440,174.4,4.5940,1.2386,-0.0200
227.938673,1788179823.808179,336843,185,1,1,60773843,801907616,29460,-61,6.077384300,80.190761600,29.460,-0.061,0,1,0,0.0,0.01,0.0,-0.0,0.01,17440,174.4,4.6161,1.2275,-0.0200
228.503570,1788179824.373076,337343,214,1,1,60773842,801907618,29460,-62,6.077384200,80.190761800,29.460,-0.062,0,1,0,0.0,0.01,0.0,-0.0,0.01,17440,174.4,4.6383,1.2165,-0.0200
228.921969,1788179824.791475,337843,243,1,1,60773841,801907619,29460,-62,6.077384100,80.190761900,29.460,-0.062,0,1,0,0.0,0.01,0.0,-0.0,0.01,17440,174.4,4.6493,1.2054,-0.0200
229.455257,1788179825.324763,338344,15,1,1,60773841,801907621,29460,-61,6.077384100,80.190762100,29.460,-0.061,0,0,0,0.0,0.0,0.0,-0.0,0.0,17440,174.4,4.6715,1.2054,-0.0200
229.974071,1788179825.843577,338843,47,1,1,60773839,801907622,29470,-56,6.077383900,80.190762200,29.470,-0.056,0,0,0,0.0,0.0,0.0,-0.0,0.0,17441,174.41,4.6825,1.1833,-0.0100
230.469959,1788179826.339465,339344,79,1,1,60773837,801907622,29480,1,6.077383700,80.190762200,29.480,0.001,0,0,0,0.0,0.0,0.0,-0.0,0.0,17440,174.4,4.6825,1.1612,-0.0000
231.079025,1788179826.948531,339846,109,1,1,60773836,801907622,29480,6,6.077383600,80.190762200,29.480,0.006,0,0,0,0.0,0.0,0.0,-0.0,0.0,17440,174.4,4.6825,1.1501,-0.0000
231.499919,1788179827.369425,340343,138,1,1,60773834,801907622,29480,9,6.077383400,80.190762200,29.480,0.009000000000000001,0,-1,0,0.0,-0.01,0.0,-0.0,0.01,17440,174.4,4.6825,1.1280,-0.0000
231.967911,1788179827.837417,340843,167,1,1,60773833,801907623,29490,10,6.077383300,80.190762300,29.490,0.01,-1,0,0,-0.01,0.0,0.0,-0.0,0.01,17440,174.4,4.6936,1.1169,0.0100
232.544649,1788179828.414155,341343,195,1,1,60773832,801907623,29490,12,6.077383200,80.190762300,29.490,0.012,0,0,0,0.0,0.0,0.0,-0.0,0.0,17440,174.4,4.6936,1.1059,0.0100
232.999357,1788179828.868863,341843,224,1,1,60773831,801907623,29490,12,6.077383100,80.190762300,29.490,0.012,-1,0,0,-0.01,0.0,0.0,-0.0,0.01,17444,174.44,4.6936,1.0948,0.0100
233.434103,1788179829.303609,342346,252,1,1,60773830,801907625,29490,14,6.077383000,80.190762500,29.490,0.014,-1,0,0,-0.01,0.0,0.0,-0.0,0.01,17438,174.38,4.7158,1.0838,0.0100
234.042475,1788179829.911981,342843,28,1,1,60773829,801907625,29490,17,6.077382900,80.190762500,29.490,0.017,-1,0,-1,-0.01,0.0,-0.01,0.01,0.01,17441,174.41,4.7158,1.0727,0.0100
234.492433,1788179830.361939,343344,56,1,1,60773828,801907624,29490,17,6.077382800,80.190762400,29.490,0.017,-2,0,0,-0.02,0.0,0.0,-0.0,0.02,17440,174.4,4.7047,1.0616,0.0100
234.964065,1788179830.833571,343843,85,1,1,60773827,801907624,29490,18,6.077382700,80.190762400,29.490,0.018000000000000002,-2,0,0,-0.02,0.0,0.0,-0.0,0.02,17438,174.38,4.7047,1.0506,0.0100
235.507107,1788179831.376613,344343,113,1,1,60773826,801907624,29490,14,6.077382600,80.190762400,29.490,0.014,-1,0,0,-0.01,0.0,0.0,-0.0,0.01,17439,174.39000000000001,4.7047,1.0395,0.0100
235.946745,1788179831.816251,344843,142,1,1,60773827,801907623,29480,9,6.077382700,80.190762300,29.480,0.009000000000000001,0,0,0,0.0,0.0,0.0,-0.0,0.0,17440,174.4,4.6936,1.0506,-0.0000
236.570307,1788179832.439813,345343,170,1,1,60773827,801907623,29480,6,6.077382700,80.190762300,29.480,0.006,0,0,0,0.0,0.0,0.0,-0.0,0.0,17438,174.38,4.6936,1.0506,-0.0000
236.928165,1788179832.797671,345843,200,1,1,60773827,801907622,29480,3,6.077382700,80.190762200,29.480,0.003,0,0,0,0.0,0.0,0.0,-0.0,0.0,17438,174.38,4.6825,1.0506,-0.0000
237.445512,1788179833.315018,346343,228,1,1,60773828,801907621,29480,0,6.077382800,80.190762100,29.480,0.0,1,0,2,0.01,0.0,0.02,-0.02,0.01,17437,174.37,4.6715,1.0616,-0.0000
238.023539,1788179833.893045,346843,1,1,1,60773829,801907620,29470,-9,6.077382900,80.190762000,29.470,-0.009000000000000001,6,6,1,0.06,0.06,0.01,-0.01,0.0848528137423857,17277,172.77,4.6604,1.0727,-0.0100
238.476507,1788179834.346013,347343,29,1,1,60773831,801907622,29620,142,6.077383100,80.190762200,29.620,0.14200000000000002,7,12,-68,0.07,0.12,-0.68,0.68,0.13892443989449804,16965,169.65,4.6825,1.0948,0.1400
238.977115,1788179834.846621,347844,58,1,1,60773828,801907630,30210,735,6.077382800,80.190763000,30.210,0.735,-6,23,-148,-0.06,0.23,-1.48,1.48,0.23769728648009428,16384,163.84,4.7711,1.0616,0.7300
239.552872,1788179835.422378,348343,86,1,1,60773823,801907637,31140,1664,6.077382300,80.190763700,31.140,1.6640000000000001,2,8,-185,0.02,0.08,-1.85,1.85,0.08246211251235322,16251,162.51,4.8486,1.0063,1.6600
240.020981,1788179835.890487,348843,115,1,1,60773825,801907635,32090,2612,6.077382500,80.190763500,32.090,2.612,11,-4,-180,0.11,-0.04,-1.8,1.8,0.11704699910719626,16834,168.34,4.8265,1.0285,2.6100
240.425426,1788179836.294932,349343,144,1,1,60773824,801907632,32810,3336,6.077382400,80.190763200,32.810,3.336,1,-3,-106,0.01,-0.03,-1.06,1.06,0.0316227766016838,16977,169.77,4.7932,1.0174,3.3300
240.954041,1788179836.823547,349845,173,1,1,60773824,801907628,33090,3610,6.077382400,80.190762800,33.090,3.61,0,-12,-11,0.0,-0.12,-0.11,0.11,0.12,16913,169.13,4.7490,1.0174,3.6100
241.470841,1788179837.340347,350343,204,1,1,60773822,801907622,32960,3484,6.077382200,80.190762200,32.960,3.484,0,-14,71,0.0,-0.14,0.71,-0.71,0.14,17252,172.52,4.6825,0.9953,3.4800
241.920227,1788179837.789733,350843,234,1,1,60773817,801907619,32590,3117,6.077381700,80.190761900,32.590,3.117,-21,2,57,-0.21,0.02,0.5700000000000001,-0.5700000000000001,0.2109502310972899,18050,180.5,4.6493,0.9400,3.1100
242.496552,1788179838.366058,351343,7,1,1,60773797,801907619,32450,2974,6.077379700,80.190761900,32.450,2.974,-44,4,11,-0.44,0.04,0.11,-0.11,0.44181444068749043,18289,182.89000000000001,4.6493,0.7188,2.9700
242.967805,1788179838.837311,351843,37,1,1,60773779,801907616,32490,3016,6.077377900,80.190761600,32.490,3.016,-36,-6,-8,-0.36,-0.06,-0.08,0.08,0.3649657518178932,18458,184.58,4.6161,0.5198,3.0100
243.470203,1788179839.339709,352343,66,1,1,60773763,801907612,32560,3081,6.077376300,80.190761200,32.560,3.081,-39,-2,-2,-0.39,-0.02,-0.02,0.02,0.3905124837953327,18357,183.57,4.5719,0.3428,3.0800
244.002093,1788179839.871599,352843,96,1,1,60773740,801907610,32600,3128,6.077374000,80.190761000,32.600,3.128,-55,3,12,-0.55,0.03,0.12,-0.12,0.5508175741568164,18034,180.34,4.5497,0.0885,3.1200
244.454842,1788179840.324348,353346,125,1,1,60773715,801907608,32560,3080,6.077371500,80.190760800,32.560,3.08,-51,4,14,-0.51,0.04,0.14,-0.14,0.5115662224971466,18071,180.71,4.5276,-0.1880,3.0800
244.954538,1788179840.824044,353844,155,1,1,60773690,801907608,32530,3058,6.077369000,80.190760800,32.530,3.0580000000000003,-53,10,6,-0.53,0.1,0.06,-0.06,0.539351462406472,18639,186.39000000000001,4.5276,-0.4645,3.0500
245.484911,1788179841.354417,354346,184,1,1,60773663,801907608,32570,3092,6.077366300,80.190760800,32.570,3.092,-53,0,2,-0.53,0.0,0.02,-0.02,0.53,18814,188.14000000000001,4.5276,-0.7631,3.0900
245.998588,1788179841.868094,354844,214,1,1,60773641,801907604,32560,3084,6.077364100,80.190760400,32.560,3.084,-46,-5,5,-0.46,-0.05,0.05,-0.05,0.46270941205037097,18360,183.6,4.4833,-1.0063,3.0800
246.435906,1788179842.305412,355343,243,1,1,60773619,801907600,32520,3047,6.077361900,80.190760000,32.520,3.047,-50,0,7,-0.5,0.0,0.07,-0.07,0.5,18206,182.06,4.4390,-1.2496,3.0400
247.028486,1788179842.897992,355846,17,1,1,60773593,801907600,32510,3034,6.077359300,80.190760000,32.510,3.0340000000000003,-64,9,2,-0.64,0.09,0.02,-0.02,0.646297145282261,18337,183.37,4.4390,-1.5372,3.0300
247.484389,1788179843.353895,356343,46,1,1,60773567,801907599,32510,3031,6.077356700,80.190759900,32.510,3.031,-56,2,0,-0.56,0.02,0.0,-0.0,0.560357029044876,18326,183.26,4.4279,-1.8247,3.0300
248.063959,1788179843.933465,356843,76,1,1,60773544,801907598,32530,3058,6.077354400,80.190759800,32.530,3.0580000000000003,-52,3,7,-0.52,0.03,0.07,-0.07,0.5208646657242167,18190,181.9,4.4169,-2.0790,3.0500
248.436947,1788179844.306453,357346,105,1,1,60773518,801907600,32550,3071,6.077351800,80.190760000,32.550,3.071,-61,11,6,-0.61,0.11,0.06,-0.06,0.6198386886924694,17998,179.98,4.4390,-2.3666,3.0700
248.981408,1788179844.850914,357843,135,1,1,60773489,801907602,32560,3088,6.077348900,80.190760200,32.560,3.088,-63,-2,7,-0.63,-0.02,0.07,-0.07,0.630317380372777,18114,181.14000000000001,4.4612,-2.6873,3.0800
249.447871,1788179845.317377,358343,164,1,1,60773462,801907598,32530,3058,6.077346200,80.190759800,32.530,3.0580000000000003,-55,-8,10,-0.55,-0.08,0.1,-0.1,0.5557877292636101,18489,184.89000000000001,4.4169,-2.9859,3.0500
249.980751,1788179845.850257,358843,194,1,1,60773437,801907595,32520,3049,6.077343700,80.190759500,32.520,3.049,-54,-3,6,-0.54,-0.03,0.06,-0.06,0.5408326913195984,18490,184.9,4.3837,-3.2623,3.0400
250.448705,1788179846.318211,359343,223,1,1,60773410,801907595,32530,3051,6.077341000,80.190759500,32.530,3.051,-57,-1,2,-0.5700000000000001,-0.01,0.02,-0.02,0.570087712549569,18358,183.58,4.3837,-3.5609,3.0500
251.010361,1788179846.879867,359843,253,1,1,60773382,801907594,32520,3046,6.077338200,80.190759400,32.520,3.0460000000000003,-57,-1,4,-0.5700000000000001,-0.01,0.04,-0.04,0.570087712549569,18482,184.82,4.3726,-3.8706,3.0400
251.462935,1788179847.332441,360343,27,1,1,60773354,801907592,32510,3033,6.077335400,80.190759200,32.510,3.033,-59,1,3,-0.59,0.01,0.03,-0.03,0.5900847396772771,18319,183.19,4.3505,-4.1802,3.0300
251.932858,1788179847.802364,360843,57,1,1,60773327,801907592,32490,3016,6.077332700,80.190759200,32.490,3.016,-58,2,2,-0.58,0.02,0.02,-0.02,0.5803447251418764,18025,180.25,4.3505,-4.4788,3.0100
252.511777,1788179848.381283,361343,86,1,1,60773300,801907591,32490,3014,6.077330000,80.190759100,32.490,3.0140000000000002,-53,-2,1,-0.53,-0.02,0.01,-0.01,0.5303772242470448,18083,180.83,4.3394,-4.7774,3.0100
253.009636,1788179848.879142,361843,116,1,1,60773273,801907591,32490,3012,6.077327300,80.190759100,32.490,3.012,-58,-1,4,-0.58,-0.01,0.04,-0.04,0.5800862004909271,18132,181.32,4.3394,-5.0760,3.0100
253.433147,1788179849.302653,362343,145,1,1,60773245,801907591,32490,3011,6.077324500,80.190759100,32.490,3.011,-60,-7,2,-0.6,-0.07,0.02,-0.02,0.6040695324215583,18293,182.93,4.3394,-5.3856,3.0100
254.011067,1788179849.880573,362843,175,1,1,60773218,801907588,32490,3014,6.077321800,80.190758800,32.490,3.0140000000000002,-53,-9,2,-0.53,-0.09,0.02,-0.02,0.5375872022286245,18618,186.18,4.3062,-5.6842,3.0100
254.462107,1788179850.331613,363343,204,1,1,60773194,801907583,32490,3016,6.077319400,80.190758300,32.490,3.016,-47,-9,0,-0.47000000000000003,-0.09,0.0,-0.0,0.47853944456021597,18506,185.06,4.2508,-5.9496,3.0100
254.962324,1788179850.831830,363843,234,1,1,60773169,801907580,32490,3013,6.077316900,80.190758000,32.490,3.013,-59,2,0,-0.59,0.02,0.0,-0.0,0.5903388857258177,18122,181.22,4.2176,-6.2261,3.0100
255.506699,1788179851.376205,364345,7,1,1,60773140,801907580,32480,3008,6.077314000,80.190758000,32.480,3.008,-58,0,0,-0.58,0.0,0.0,-0.0,0.58,17916,179.16,4.2176,-6.5468,3.0000
256.004435,1788179851.873941,364843,37,1,1,60773113,801907579,32470,2992,6.077311300,80.190757900,32.470,2.992,-60,4,0,-0.6,0.04,0.0,-0.0,0.6013318551349164,17808,178.08,4.2065,-6.8454,2.9900
256.459718,1788179852.329224,365343,69,1,1,60773086,801907582,32440,2961,6.077308600,80.190758200,32.440,2.961,-59,10,-3,-0.59,0.1,-0.03,0.03,0.5984145720150873,17681,176.81,4.2398,-7.1439,2.9600
257.037097,1788179852.906603,365843,99,1,1,60773058,801907586,32450,2972,6.077305800,80.190758600,32.450,2.972,-58,2,-3,-0.58,0.02,-0.03,0.03,0.5803447251418764,17594,175.94,4.2840,-7.4536,2.9700
257.457632,1788179853.327138,366343,128,1,1,60773031,801907586,32460,2985,6.077303100,80.190758600,32.460,2.985,-53,-4,-1,-0.53,-0.04,-0.01,0.01,0.5315072906367325,17462,174.62,4.2840,-7.7522,2.9800
257.955895,1788179853.825401,366843,158,1,1,60773005,801907584,32490,3013,6.077300500,80.190758400,32.490,3.013,-55,1,-2,-0.55,0.01,-0.02,0.02,0.5500909015790026,17260,172.6,4.2619,-8.0397,3.0100
258.486901,1788179854.356407,367344,189,1,1,60772979,801907584,32530,3057,6.077297900,80.190758400,32.530,3.057,-56,8,4,-0.56,0.08,0.04,-0.04,0.565685424949238,17110,171.1,4.2619,-8.3272,3.0500
258.955809,1788179854.825315,367843,219,1,1,60772954,801907588,32490,3015,6.077295400,80.190758800,32.490,3.015,-56,8,7,-0.56,0.08,0.07,-0.07,0.565685424949238,17132,171.32,4.3062,-8.6037,3.0100
259.470470,1788179855.339976,368344,248,1,1,60772929,801907595,32470,2992,6.077292900,80.190759500,32.470,2.992,-53,20,0,-0.53,0.2,0.0,-0.0,0.5664803615307419,17194,171.94,4.3837,-8.8802,2.9900
260.031932,1788179855.901438,368844,22,1,1,60772903,801907604,32510,3032,6.077290300,80.190760400,32.510,3.032,-55,19,-2,-0.55,0.19,-0.02,0.02,0.5818934610390462,17281,172.81,4.4833,-9.1677,3.0300
260.437713,1788179856.307219,369344,51,1,1,60772877,801907610,32520,3047,6.077287700,80.190761000,32.520,3.047,-57,5,2,-0.5700000000000001,0.05,0.02,-0.02,0.5721887800367987,17288,172.88,4.5497,-9.4552,3.0400
261.031368,1788179856.900874,369844,81,1,1,60772851,801907610,32520,3042,6.077285100,80.190761000,32.520,3.0420000000000003,-58,-1,6,-0.58,-0.01,0.06,-0.06,0.5800862004909271,17242,172.42000000000002,4.5497,-9.7427,3.0400
261.436348,1788179857.305854,370344,111,1,1,60772824,801907611,32500,3020,6.077282400,80.190761100,32.500,3.02,-57,1,3,-0.5700000000000001,0.01,0.03,-0.03,0.570087712549569,17430,174.3,4.5608,-10.0413,3.0200
261.950829,1788179857.820335,370845,141,1,1,60772796,801907612,32500,3022,6.077279600,80.190761200,32.500,3.0220000000000002,-59,-2,4,-0.59,-0.02,0.04,-0.04,0.5903388857258177,17642,176.42000000000002,4.5719,-10.3510,3.0200
262.512826,1788179858.382332,371344,170,1,1,60772767,801907613,32510,3033,6.077276700,80.190761300,32.510,3.033,-58,1,0,-0.58,0.01,0.0,-0.0,0.5800862004909271,17705,177.05,4.5829,-10.6717,3.0300
262.931394,1788179858.800900,371845,200,1,1,60772740,801907616,32520,3048,6.077274000,80.190761600,32.520,3.048,-59,5,5,-0.59,0.05,0.05,-0.05,0.5921148537234985,17807,178.07,4.6161,-10.9703,3.0400
263.545659,1788179859.415165,372343,229,1,1,60772713,801907618,32500,3029,6.077271300,80.190761800,32.500,3.029,-55,3,7,-0.55,0.03,0.07,-0.07,0.5508175741568164,17885,178.85,4.6383,-11.2688,3.0200
264.048218,1788179859.917724,372845,3,1,1,60772687,801907620,32480,3004,6.077268700,80.190762000,32.480,3.004,-54,4,3,-0.54,0.04,0.03,-0.03,0.5414794548272354,17935,179.35,4.6604,-11.5564,3.0000
264.482265,1788179860.351771,373345,35,1,1,60772660,801907622,32470,2995,6.077266000,80.190762200,32.470,2.995,-58,9,0,-0.58,0.09,0.0,-0.0,0.5869412236331676,17766,177.66,4.6826,-11.8550,2.9900
264.934573,1788179860.804079,373845,65,1,1,60772631,801907628,32490,3019,6.077263100,80.190762800,32.490,3.019,-61,20,-4,-0.61,0.2,-0.04,0.04,0.6419501538281613,17359,173.59,4.7490,-12.1757,3.0100
265.512713,1788179861.382219,374343,94,1,1,60772605,801907633,32500,3026,6.077260500,80.190763300,32.500,3.0260000000000002,-56,14,1,-0.56,0.14,0.01,-0.01,0.5772347875864725,17180,171.8,4.8043,-12.4632,3.0200
265.916734,1788179861.786240,374843,124,1,1,60772578,801907637,32480,3001,6.077257800,80.190763700,32.480,3.001,-53,14,1,-0.53,0.14,0.01,-0.01,0.5481788029466299,17094,170.94,4.8486,-12.7618,3.0000
266.430842,1788179862.300348,375343,153,1,1,60772553,801907641,32470,2995,6.077255300,80.190764100,32.470,2.995,-55,8,2,-0.55,0.08,0.02,-0.02,0.5557877292636101,17045,170.45000000000002,4.8929,-13.0382,2.9900
267.007539,1788179862.877045,375846,183,1,1,60772526,801907643,32490,3019,6.077252600,80.190764300,32.490,3.019,-56,2,0,-0.56,0.02,0.0,-0.0,0.560357029044876,17035,170.35,4.9150,-13.3368,3.0100
267.463345,1788179863.332851,376343,212,1,1,60772501,801907644,32510,3035,6.077250100,80.190764400,32.510,3.035,-56,1,0,-0.56,0.01,0.0,-0.0,0.5600892785976178,16911,169.11,4.9261,-13.6133,3.0300
267.965114,1788179863.834620,376844,245,1,1,60772474,801907647,32530,3051,6.077247400,80.190764700,32.530,3.051,-57,9,5,-0.5700000000000001,0.09,0.05,-0.05,0.5770615218501404,16643,166.43,4.9593,-13.9119,3.0500
268.464282,1788179864.333788,377343,19,1,1,60772447,801907651,32450,2973,6.077244700,80.190765100,32.450,2.973,-59,11,6,-0.59,0.11,0.06,-0.06,0.6001666435249463,16459,164.59,5.0036,-14.2105,2.9700
268.964275,1788179864.833781,377844,49,1,1,60772420,801907658,32440,2961,6.077242000,80.190765800,32.440,2.961,-58,6,1,-0.58,0.06,0.01,-0.01,0.5830951894845301,16724,167.24,5.0811,-14.5091,2.9600
269.477572,1788179865.347078,378344,78,1,1,60772393,801907663,32470,2998,6.077239300,80.190766300,32.470,2.998,-58,6,-3,-0.58,0.06,-0.03,0.03,0.5830951894845301,17153,171.53,5.1364,-14.8076,2.9900
269.991891,1788179865.861397,378844,108,1,1,60772365,801907667,32520,3042,6.077236500,80.190766700,32.520,3.0420000000000003,-57,3,0,-0.5700000000000001,0.03,0.0,-0.0,0.5707889277132134,17308,173.08,5.1807,-15.1173,3.0400
270.460165,1788179866.329671,379344,137,1,1,60772339,801907668,32520,3042,6.077233900,80.190766800,32.520,3.0420000000000003,-55,5,4,-0.55,0.05,0.04,-0.04,0.552268050859363,17274,172.74,5.1918,-15.4048,3.0400
270.960266,1788179866.829772,379845,170,1,1,60772313,801907671,32500,3026,6.077231300,80.190767100,32.500,3.0260000000000002,-53,11,5,-0.53,0.11,0.05,-0.05,0.5412947441089743,17345,173.45000000000002,5.2250,-15.6923,3.0200
271.489916,1788179867.359422,380344,200,1,1,60772288,801907674,32500,3023,6.077228800,80.190767400,32.500,3.023,-59,6,0,-0.59,0.06,0.0,-0.0,0.5930430001273095,17623,176.23,5.2582,-15.9688,3.0200
272.004834,1788179867.874340,380845,230,1,1,60772264,801907674,32510,3035,6.077226400,80.190767400,32.510,3.035,-56,1,0,-0.56,0.01,0.0,-0.0,0.5600892785976178,17775,177.75,5.2582,-16.2342,3.0300
272.457145,1788179868.326651,381343,3,1,1,60772240,801907674,32490,3014,6.077224000,80.190767400,32.490,3.0140000000000002,-59,5,0,-0.59,0.05,0.0,-0.0,0.5921148537234985,17655,176.55,5.2582,-16.4996,3.0100
272.985543,1788179868.855049,381845,33,1,1,60772212,801907677,32530,3051,6.077221200,80.190767700,32.530,3.051,-65,7,0,-0.65,0.07,0.0,-0.0,0.6537583651472462,17273,172.73,5.2914,-16.8093,3.0500
273.453640,1788179869.323146,382345,62,1,1,60772182,801907681,32530,3051,6.077218200,80.190768100,32.530,3.051,-62,13,3,-0.62,0.13,0.03,-0.03,0.6334824385884742,16841,168.41,5.3357,-17.1410,3.0500
273.953054,1788179869.822560,382845,92,1,1,60772153,801907686,32510,3031,6.077215300,80.190768600,32.510,3.031,-59,18,5,-0.59,0.18,0.05,-0.05,0.6168468205316454,16771,167.71,5.3910,-17.4617,3.0300
274.531314,1788179870.400820,383343,121,1,1,60772126,801907693,32490,3019,6.077212600,80.190769300,32.490,3.019,-57,12,2,-0.5700000000000001,0.12,0.02,-0.02,0.5824946351684279,17041,170.41,5.4685,-17.7603,3.0100
274.985707,1788179870.855213,383845,151,1,1,60772099,801907698,32480,3001,6.077209900,80.190769800,32.480,3.001,-49,13,2,-0.49,0.13,0.02,-0.02,0.5069516742254631,17338,173.38,5.5239,-18.0589,3.0000
275.436408,1788179871.305914,384345,180,1,1,60772076,801907704,32480,3001,6.077207600,80.190770400,32.480,3.001,-48,13,1,-0.48,0.13,0.01,-0.01,0.49729267036625424,17376,173.76,5.5903,-18.3133,3.0000
276.029114,1788179871.898620,384843,210,1,1,60772054,801907711,32480,3003,6.077205400,80.190771100,32.480,3.003,-47,15,-1,-0.47000000000000003,0.15,-0.01,0.01,0.4933558553417604,17213,172.13,5.6678,-18.5565,3.0000
276.449734,1788179872.319240,385345,239,1,1,60772029,801907716,32490,3015,6.077202900,80.190771600,32.490,3.015,-49,13,1,-0.49,0.13,0.01,-0.01,0.5069516742254631,17090,170.9,5.7231,-18.8330,3.0100
277.056145,1788179872.925651,385845,13,1,1,60772005,801907721,32480,3005,6.077200500,80.190772100,32.480,3.005,-51,18,1,-0.51,0.18,0.01,-0.01,0.5408326913195984,17127,171.27,5.7785,-19.0984,3.0000
277.417227,1788179873.286733,386343,42,1,1,60771981,801907728,32470,2994,6.077198100,80.190772800,32.470,2.994,-53,16,0,-0.53,0.16,0.0,-0.0,0.5536244214266564,16925,169.25,5.8560,-19.3638,2.9900
277.980008,1788179873.849514,386843,72,1,1,60771955,801907732,32480,3001,6.077195500,80.190773200,32.480,3.001,-56,7,-3,-0.56,0.07,-0.03,0.03,0.5643580423808985,16837,168.37,5.9002,-19.6514,3.0000
278.419124,1788179874.288630,387343,101,1,1,60771930,801907734,32480,3001,6.077193000,80.190773400,32.480,3.001,-56,-1,1,-0.56,-0.01,0.01,-0.01,0.5600892785976178,17069,170.69,5.9224,-19.9278,3.0000
278.979811,1788179874.849317,387843,131,1,1,60771904,801907736,32480,3002,6.077190400,80.190773600,32.480,3.0020000000000002,-58,4,-1,-0.58,0.04,-0.01,0.01,0.5813776741499453,17308,173.08,5.9445,-20.2154,3.0000
279.434326,1788179875.303832,388343,160,1,1,60771877,801907737,32490,3012,6.077187700,80.190773700,32.490,3.012,-64,1,-1,-0.64,0.01,-0.01,0.01,0.6400781202322103,17440,174.4,5.9556,-20.5139,3.0100
280.057506,1788179875.927012,388843,193,1,1,60771851,801907738,32480,3004,6.077185100,80.190773800,32.480,3.004,-59,10,2,-0.59,0.1,0.02,-0.02,0.5984145720150873,17559,175.59,5.9667,-20.8015,3.0000
280.463847,1788179876.333353,389343,222,1,1,60771826,801907745,32480,3000,6.077182600,80.190774500,32.480,3.0,-58,23,0,-0.58,0.23,0.0,-0.0,0.6239390995922599,17344,173.44,6.0441,-21.0779,3.0000
280.916452,1788179876.785958,389843,252,1,1,60771802,801907753,32480,3005,6.077180200,80.190775300,32.480,3.005,-55,18,-1,-0.55,0.18,-0.01,0.01,0.5787054518492115,17218,172.18,6.1327,-21.3433,3.0000
281.462765,1788179877.332271,390343,27,1,1,60771776,801907757,32490,3011,6.077177600,80.190775700,32.490,3.011,-60,9,0,-0.6,0.09,0.0,-0.0,0.6067124524847005,17171,171.71,6.1770,-21.6309,3.0100
282.007791,1788179877.877297,390843,56,1,1,60771756,801907760,32480,3005,6.077175600,80.190776000,32.480,3.005,-25,7,2,-0.25,0.07,0.02,-0.02,0.2596150997149434,16833,168.33,6.2102,-21.8520,3.0000
282.400669,1788179878.270175,391343,84,1,1,60771753,801907764,32480,3004,6.077175300,80.190776400,32.480,3.004,-7,7,-2,-0.07,0.07,-0.02,0.02,0.09899494936611665,16669,166.69,6.2545,-21.8852,3.0000
282.990751,1788179878.860257,391844,113,1,1,60771749,801907769,32500,3020,6.077174900,80.190776900,32.500,3.02,-9,1,-1,-0.09,0.01,-0.01,0.01,0.09055385138137417,16914,169.14000000000001,6.3098,-21.9295,3.0200
283.461106,1788179879.330612,392343,141,1,1,60771746,801907772,32490,3013,6.077174600,80.190777200,32.490,3.013,-4,-3,4,-0.04,-0.03,0.04,-0.04,0.05,17115,171.15,6.3430,-21.9626,3.0100
283.976509,1788179879.846015,392844,170,1,1,60771748,801907772,32490,3010,6.077174800,80.190777200,32.490,3.0100000000000002,2,-12,1,0.02,-0.12,0.01,-0.01,0.1216552506059644,17174,171.74,6.3430,-21.9405,3.0100
284.491655,1788179880.361161,393344,198,1,1,60771752,801907770,32470,2995,6.077175200,80.190777000,32.470,2.995,4,-8,0,0.04,-0.08,0.0,-0.0,0.08944271909999159,17081,170.81,6.3209,-21.8963,2.9900
284.957593,1788179880.827099,393844,227,1,1,60771756,801907768,32470,2991,6.077175600,80.190776800,32.470,2.991,5,-10,0,0.05,-0.1,0.0,-0.0,0.1118033988749895,16907,169.07,6.2988,-21.8520,2.9900
285.453194,1788179881.322700,394344,255,1,1,60771761,801907764,32470,2994,6.077176100,80.190776400,32.470,2.994,7,-5,-2,0.07,-0.05,-0.02,0.02,0.08602325267042626,16789,167.89000000000001,6.2545,-21.7968,2.9900
285.938217,1788179881.807723,394844,28,1,1,60771763,801907761,32500,3020,6.077176300,80.190776100,32.500,3.02,0,-2,-5,0.0,-0.02,-0.05,0.05,0.02,16760,167.6,6.2213,-21.7746,3.0200
286.439245,1788179882.308751,395347,56,1,1,60771760,801907760,32520,3042,6.077176000,80.190776000,32.520,3.0420000000000003,-1,0,-1,-0.01,0.0,-0.01,0.01,0.01,16899,168.99,6.2102,-21.8078,3.0400
286.954887,1788179882.824393,395844,85,1,1,60771758,801907758,32520,3044,6.077175800,80.190775800,32.520,3.044,-2,-6,6,-0.02,-0.06,0.06,-0.06,0.0632455532033676,17255,172.55,6.1881,-21.8299,3.0400
287.484665,1788179883.354171,396345,113,1,1,60771758,801907755,32510,3032,6.077175800,80.190775500,32.510,3.032,-4,-3,0,-0.04,-0.03,0.0,-0.0,0.05,17404,174.04,6.1548,-21.8299,3.0300
287.953221,1788179883.822727,396844,142,1,1,60771757,801907753,32510,3030,6.077175700,80.190775300,32.510,3.0300000000000002,-1,4,3,-0.01,0.04,0.03,-0.03,0.04123105625617661,17269,172.69,6.1327,-21.8410,3.0300
288.440146,1788179884.309652,397345,172,1,1,60771757,801907754,32490,3015,6.077175700,80.190775400,32.490,3.015,0,0,2,0.0,0.0,0.02,-0.02,0.0,17203,172.03,6.1438,-21.8410,3.0100
288.988334,1788179884.857840,397844,201,1,1,60771756,801907756,32480,3005,6.077175600,80.190775600,32.480,3.005,2,6,-2,0.02,0.06,-0.02,0.02,0.0632455532033676,17132,171.32,6.1659,-21.8520,3.0000
289.439631,1788179885.309137,398345,229,1,1,60771755,801907757,32500,3023,6.077175500,80.190775700,32.500,3.023,-1,6,-1,-0.01,0.06,-0.01,0.01,0.0608276253029822,16986,169.86,6.1770,-21.8631,3.0200
290.018265,1788179885.887771,398845,2,1,1,60771755,801907757,32510,3033,6.077175500,80.190775700,32.510,3.033,4,8,0,0.04,0.08,0.0,-0.0,0.08944271909999159,16944,169.44,6.1770,-21.8631,3.0300
290.425055,1788179886.294561,399345,30,1,1,60771756,801907757,32490,3013,6.077175600,80.190775700,32.490,3.013,2,2,3,0.02,0.02,0.03,-0.03,0.028284271247461905,17027,170.27,6.1770,-21.8520,3.0100
290.941136,1788179886.810642,399845,59,1,1,60771756,801907758,32490,3016,6.077175600,80.190775800,32.490,3.016,1,6,1,0.01,0.06,0.01,-0.01,0.0608276253029822,17183,171.83,6.1881,-21.8520,3.0100
291.422032,1788179887.291538,400345,88,1,1,60771756,801907759,32490,3012,6.077175600,80.190775900,32.490,3.012,2,0,0,0.02,0.0,0.0,-0.0,0.02,17267,172.67000000000002,6.1991,-21.8520,3.0100
291.967021,1788179887.836527,400843,117,1,1,60771757,801907759,32480,3009,6.077175700,80.190775900,32.480,3.009,1,-3,-2,0.01,-0.03,-0.02,0.02,0.0316227766016838,17119,171.19,6.1991,-21.8410,3.0000
292.469018,1788179888.338524,401343,145,1,1,60771758,801907758,32490,3016,6.077175800,80.190775800,32.490,3.016,-3,-3,0,-0.03,-0.03,0.0,-0.0,0.04242640687119285,16932,169.32,6.1881,-21.8299,3.0100
293.012706,1788179888.882212,401843,174,1,1,60771759,801907760,32480,3007,6.077175900,80.190776000,32.480,3.007,0,7,-1,0.0,0.07,-0.01,0.01,0.07,16830,168.3,6.2102,-21.8189,3.0000
293.400649,1788179889.270155,402343,202,1,1,60771759,801907763,32480,3008,6.077175900,80.190776300,32.480,3.008,1,3,8,0.01,0.03,0.08,-0.08,0.0316227766016838,16821,168.21,6.2434,-21.8189,3.0000
293.962941,1788179889.832447,402843,232,1,1,60771759,801907763,32350,2870,6.077175900,80.190776300,32.350,2.87,3,-1,54,0.03,-0.01,0.54,-0.54,0.0316227766016838,16835,168.35,6.2434,-21.8189,2.8700
294.543256,1788179890.412762,403346,5,1,1,60771759,801907763,31970,2492,6.077175900,80.190776300,31.970,2.492,-2,-6,75,-0.02,-0.06,0.75,-0.75,0.0632455532033676,16842,168.42000000000002,6.2434,-21.8189,2.4900
295.010007,1788179890.879513,403843,35,1,1,60771758,801907762,31580,2100,6.077175800,80.190776200,31.580,2.1,-9,-10,66,-0.09,-0.1,0.66,-0.66,0.1345362404707371,16841,168.41,6.2323,-21.8299,2.1000
295.463790,1788179891.333296,404344,64,1,1,60771756,801907760,31270,1791,6.077175600,80.190776000,31.270,1.7910000000000001,-4,-4,52,-0.04,-0.04,0.52,-0.52,0.05656854249492381,16623,166.23,6.2102,-21.8520,1.7900
295.994611,1788179891.864117,404843,94,1,1,60771755,801907759,31030,1553,6.077175500,80.190775900,31.030,1.553,1,-2,53,0.01,-0.02,0.53,-0.53,0.022360679774997897,16352,163.52,6.1991,-21.8631,1.5500
296.460756,1788179892.330262,405344,123,1,1,60771754,801907760,30770,1299,6.077175400,80.190776000,30.770,1.299,1,2,56,0.01,0.02,0.56,-0.56,0.022360679774997897,16157,161.57,6.2102,-21.8742,1.2900
296.913489,1788179892.782995,405843,153,1,1,60771753,801907759,30500,1023,6.077175300,80.190775900,30.500,1.0230000000000001,1,3,41,0.01,0.03,0.41000000000000003,-0.41000000000000003,0.0316227766016838,15991,159.91,6.1991,-21.8852,1.0200
297.535320,1788179893.404826,406343,182,1,1,60771753,801907759,30360,884,6.077175300,80.190775900,30.360,0.884,1,0,5,0.01,0.0,0.05,-0.05,0.01,15765,157.65,6.1991,-21.8852,0.8800
297.940982,1788179893.810488,406843,212,1,1,60771755,801907762,30400,926,6.077175500,80.190776200,30.400,0.926,5,-3,-19,0.05,-0.03,-0.19,0.19,0.05830951894845301,15721,157.21,6.2323,-21.8631,0.9200
298.534865,1788179894.404371,407343,241,1,1,60771758,801907764,30460,989,6.077175800,80.190776400,30.460,0.989,4,1,-10,0.04,0.01,-0.1,0.1,0.04123105625617661,15769,157.69,6.2545,-21.8299,0.9800
298.985867,1788179894.855373,407843,15,1,1,60771758,801907766,30420,947,6.077175800,80.190776600,30.420,0.9470000000000001,-4,-2,17,-0.04,-0.02,0.17,-0.17,0.044721359549995794,15779,157.79,6.2766,-21.8299,0.9400
299.453906,1788179895.323412,408343,44,1,1,60771758,801907764,30350,871,6.077175800,80.190776400,30.350,0.871,3,-3,13,0.03,-0.03,0.13,-0.13,0.04242640687119285,15620,156.20000000000002,6.2545,-21.8299,0.8700
299.951663,1788179895.821169,408843,74,1,1,60771757,801907764,30320,847,6.077175700,80.190776400,30.320,0.847,0,2,0,0.0,0.02,0.0,-0.0,0.02,15520,155.20000000000002,6.2545,-21.8410,0.8400
300.432552,1788179896.302058,409343,103,1,1,60771757,801907764,30340,865,6.077175700,80.190776400,30.340,0.865,0,0,-6,0.0,0.0,-0.06,0.06,0.0,15610,156.1,6.2545,-21.8410,0.8600
300.980921,1788179896.850427,409843,133,1,1,60771757,801907764,30370,891,6.077175700,80.190776400,30.370,0.891,-1,-4,-1,-0.01,-0.04,-0.01,0.01,0.04123105625617661,15956,159.56,6.2545,-21.8410,0.8900
301.448827,1788179897.318333,410343,163,1,1,60771755,801907763,30370,899,6.077175500,80.190776300,30.370,0.899,-1,-3,1,-0.01,-0.03,0.01,-0.01,0.0316227766016838,16390,163.9,6.2434,-21.8631,0.8900
301.983278,1788179897.852784,410843,193,1,1,60771754,801907763,30390,914,6.077175400,80.190776300,30.390,0.914,4,-1,1,0.04,-0.01,0.01,-0.01,0.04123105625617661,16708,167.08,6.2434,-21.8742,0.9100
302.435652,1788179898.305158,411343,222,1,1,60771754,801907762,30410,936,6.077175400,80.190776200,30.410,0.936,3,3,3,0.03,0.03,0.03,-0.03,0.04242640687119285,16840,168.4,6.2323,-21.8742,0.9300
302.932805,1788179898.802311,411843,252,1,1,60771752,801907761,30400,925,6.077175200,80.190776100,30.400,0.925,-2,-2,4,-0.02,-0.02,0.04,-0.04,0.028284271247461905,16889,168.89000000000001,6.2213,-21.8963,0.9200
303.512935,1788179899.382441,412343,25,1,1,60771752,801907760,30400,924,6.077175200,80.190776000,30.400,0.924,0,2,7,0.0,0.02,0.07,-0.07,0.02,16876,168.76,6.2102,-21.8963,0.9200
303.936295,1788179899.805801,412844,55,1,1,60771751,801907759,30430,955,6.077175100,80.190775900,30.430,0.9550000000000001,4,5,-25,0.04,0.05,-0.25,0.25,0.06403124237432849,16854,168.54,6.1991,-21.9073,0.9500
304.517938,1788179900.387444,413343,84,1,1,60771751,801907758,30700,1229,6.077175100,80.190775800,30.700,1.229,-4,2,-88,-0.04,0.02,-0.88,0.88,0.044721359549995794,16913,169.13,6.1881,-21.9073,1.2200
304.912165,1788179900.781671,413843,114,1,1,60771747,801907757,31290,1813,6.077174700,80.190775700,31.290,1.813,-8,5,-139,-0.08,0.05,-1.3900000000000001,1.3900000000000001,0.09433981132056603,16833,168.33,6.1770,-21.9516,1.8100
305.426560,1788179901.296066,414343,143,1,1,60771744,801907757,31970,2492,6.077174400,80.190775700,31.970,2.492,-6,3,-119,-0.06,0.03,-1.19,1.19,0.0670820393249937,17028,170.28,6.1770,-21.9848,2.4900
306.050238,1788179901.919744,414843,176,1,1,60771740,801907757,32400,2923,6.077174000,80.190775700,32.400,2.923,-6,0,-60,-0.06,0.0,-0.6,0.6,0.06,17241,172.41,6.1770,-22.0290,2.9200
306.500593,1788179902.370099,415348,206,1,1,60771740,801907753,32560,3087,6.077174000,80.190775300,32.560,3.087,1,0,-9,0.01,0.0,-0.09,0.09,0.01,17222,172.22,6.1327,-22.0290,3.0800
306.966144,1788179902.835650,415845,238,1,1,60771743,801907753,32510,3034,6.077174300,80.190775300,32.510,3.0340000000000003,9,5,10,0.09,0.05,0.1,-0.1,0.10295630140987001,17060,170.6,6.1327,-21.9958,3.0300
307.498401,1788179903.367907,416345,11,1,1,60771745,801907755,32470,2994,6.077174500,80.190775500,32.470,2.994,-3,5,3,-0.03,0.05,0.03,-0.03,0.05830951894845301,17265,172.65,6.1548,-21.9737,2.9900
307.966372,1788179903.835878,416848,41,1,1,60771739,801907758,32490,3018,6.077173900,80.190775800,32.490,3.0180000000000002,-24,8,-7,-0.24,0.08,-0.07,0.07,0.2529822128134704,17538,175.38,6.1881,-22.0400,3.0100
308.407403,1788179904.276909,417343,70,1,1,60771724,801907760,32530,3053,6.077172400,80.190776000,32.530,3.053,-38,9,-7,-0.38,0.09,-0.07,0.07,0.3905124837953327,17610,176.1,6.2102,-22.2059,3.0500
308.990140,1788179904.859646,417843,100,1,1,60771705,801907760,32540,3066,6.077170500,80.190776000,32.540,3.0660000000000003,-40,4,1,-0.4,0.04,0.01,-0.01,0.4019950248448356,17629,176.29,6.2102,-22.4160,3.0600
309.458733,1788179905.328239,418343,129,1,1,60771688,801907761,32540,3067,6.077168800,80.190776100,32.540,3.067,-41,5,-2,-0.41000000000000003,0.05,-0.02,0.02,0.41303752856126763,17567,175.67000000000002,6.2213,-22.6040,3.0600
309.960002,1788179905.829508,418843,159,1,1,60771667,801907762,32550,3074,6.077166700,80.190776200,32.550,3.074,-51,6,-3,-0.51,0.06,-0.03,0.03,0.5135172830587107,17301,173.01,6.2323,-22.8363,3.0700
310.489125,1788179906.358631,419343,188,1,1,60771646,801907765,32530,3059,6.077164600,80.190776500,32.530,3.059,-46,12,-1,-0.46,0.12,-0.01,0.01,0.47539457296018856,16870,168.70000000000002,6.2655,-23.0685,3.0500
311.021276,1788179906.890782,419843,218,1,1,60771627,801907771,32500,3029,6.077162700,80.190777100,32.500,3.029,-51,15,0,-0.51,0.15,0.0,-0.0,0.5316013544000805,16568,165.68,6.3320,-23.2786,3.0200
311.564691,1788179907.434197,420343,248,1,1,60771603,801907777,32510,3037,6.077160300,80.190777700,32.510,3.037,-54,8,1,-0.54,0.08,0.01,-0.01,0.5458937625582473,16774,167.74,6.3984,-23.5440,3.0300
311.940579,1788179907.810085,420843,22,1,1,60771579,801907781,32540,3068,6.077157900,80.190778100,32.540,3.068,-54,6,-4,-0.54,0.06,-0.04,0.04,0.5433231082882449,17556,175.56,6.4427,-23.8094,3.0600
312.492561,1788179908.362067,421344,51,1,1,60771553,801907783,32570,3098,6.077155300,80.190778300,32.570,3.098,-60,4,4,-0.6,0.04,0.04,-0.04,0.6013318551349164,18091,180.91,6.4648,-24.0970,3.0900
312.944317,1788179908.813823,421844,81,1,1,60771524,801907787,32570,3099,6.077152400,80.190778700,32.570,3.099,-67,8,5,-0.67,0.08,0.05,-0.05,0.6747592163134936,18030,180.3,6.5091,-24.4177,3.0899
313.489554,1788179909.359060,422344,110,1,1,60771494,801907789,32550,3072,6.077149400,80.190778900,32.550,3.072,-58,2,8,-0.58,0.02,0.08,-0.08,0.5803447251418764,17728,177.28,6.5312,-24.7494,3.0699
313.945097,1788179909.814603,422844,140,1,1,60771469,801907790,32530,3057,6.077146900,80.190779000,32.530,3.057,-54,3,3,-0.54,0.03,0.03,-0.03,0.5408326913195984,17729,177.29,6.5423,-25.0259,3.0499
314.442245,1788179910.311751,423344,169,1,1,60771446,801907792,32530,3053,6.077144600,80.190779200,32.530,3.053,-56,9,1,-0.56,0.09,0.01,-0.01,0.5671860364994893,17991,179.91,6.5644,-25.2803,3.0499
315.020180,1788179910.889686,423844,199,1,1,60771421,801907796,32510,3037,6.077142100,80.190779600,32.510,3.037,-56,6,3,-0.56,0.06,0.03,-0.03,0.563205113613149,18323,183.23,6.6087,-25.5567,3.0299
315.485974,1788179911.355480,424345,228,1,1,60771397,801907797,32520,3046,6.077139700,80.190779700,32.520,3.0460000000000003,-55,4,-2,-0.55,0.04,-0.02,0.02,0.5514526271584895,18637,186.37,6.6198,-25.8221,3.0399
316.015616,1788179911.885122,424845,2,1,1,60771372,801907798,32500,3025,6.077137200,80.190779800,32.500,3.025,-59,10,0,-0.59,0.1,0.0,-0.0,0.5984145720150873,18682,186.82,6.6308,-26.0986,3.0199
316.471069,1788179912.340575,425345,31,1,1,60771346,801907801,32470,2997,6.077134600,80.190780100,32.470,2.997,-58,11,1,-0.58,0.11,0.01,-0.01,0.5903388857258177,18481,184.81,6.6641,-26.3861,2.9899
316.925082,1788179912.794588,425845,61,1,1,60771320,801907806,32500,3025,6.077132000,80.190780600,32.500,3.025,-55,17,-2,-0.55,0.17,-0.02,0.02,0.5756735185849702,18249,182.49,6.7194,-26.6737,3.0199
317.549886,1788179913.419392,426345,90,1,1,60771294,801907811,32480,3009,6.077129400,80.190781100,32.480,3.009,-57,9,1,-0.5700000000000001,0.09,0.01,-0.01,0.5770615218501404,18140,181.4,6.7748,-26.9612,2.9999
317.908825,1788179913.778331,426843,120,1,1,60771267,801907814,32480,3007,6.077126700,80.190781400,32.480,3.007,-61,8,0,-0.61,0.08,0.0,-0.0,0.615223536610881,18216,182.16,6.8080,-27.2598,2.9999
318.470509,1788179914.340015,427343,149,1,1,60771244,801907817,32490,3015,6.077124400,80.190781700,32.490,3.015,-38,-3,3,-0.38,-0.03,0.03,-0.03,0.38118237105091834,18384,183.84,6.8412,-27.5141,3.0099
318.954726,1788179914.824232,427843,181,1,1,60771235,801907818,32490,3013,6.077123500,80.190781800,32.490,3.013,-11,3,-2,-0.11,0.03,-0.02,0.02,0.11401754250991379,18549,185.49,6.8522,-27.6136,3.0099
319.425868,1788179915.295374,428343,213,1,1,60771233,801907822,32510,3034,6.077123300,80.190782200,32.510,3.0340000000000003,-3,10,1,-0.03,0.1,0.01,-0.01,0.1044030650891055,18742,187.42000000000002,6.8965,-27.6358,3.0299
319.925247,1788179915.794753,428844,243,1,1,60771230,801907827,32480,3003,6.077123000,80.190782700,32.480,3.003,-9,4,0,-0.09,0.04,0.0,-0.0,0.09848857801796104,18726,187.26,6.9519,-27.6689,2.9999
320.536186,1788179916.405692,429344,16,1,1,60771228,801907830,32540,3068,6.077122800,80.190783000,32.540,3.068,0,4,-5,0.0,0.04,-0.05,0.05,0.04,18384,183.84,6.9851,-27.6911,3.0599
320.959570,1788179916.829076,429844,46,1,1,60771231,801907831,32500,3026,6.077123100,80.190783100,32.500,3.0260000000000002,8,-2,5,0.08,-0.02,0.05,-0.05,0.08246211251235322,17671,176.71,6.9962,-27.6579,3.0199
321.472705,1788179917.342211,430344,76,1,1,60771237,801907830,32460,2983,6.077123700,80.190783000,32.460,2.983,6,-5,3,0.06,-0.05,0.03,-0.03,0.07810249675906654,16810,168.1,6.9851,-27.5915,2.9799
322.004718,1788179917.874224,430843,105,1,1,60771242,801907827,32410,2936,6.077124200,80.190782700,32.410,2.936,5,-13,35,0.05,-0.13,0.35000000000000003,-0.35000000000000003,0.1392838827718412,16496,164.96,6.9519,-27.5362,2.9299
322.455074,1788179918.324580,431346,133,1,1,60771245,801907824,32200,2726,6.077124500,80.190782400,32.200,2.726,-3,-7,60,-0.03,-0.07,0.6,-0.6,0.07615773105863909,16777,167.77,6.9187,-27.5031,2.7199
322.952467,1788179918.821973,431843,162,1,1,60771244,801907825,32000,2520,6.077124400,80.190782500,32.000,2.52,-8,7,67,-0.08,0.07,0.67,-0.67,0.1063014581273465,17274,172.74,6.9297,-27.5141,2.5199
323.529166,1788179919.398672,432343,190,1,1,60771241,801907829,31850,2377,6.077124100,80.190782900,31.850,2.3770000000000002,-4,4,69,-0.04,0.04,0.6900000000000001,-0.6900000000000001,0.05656854249492381,17892,178.92000000000002,6.9740,-27.5473,2.3699
323.937562,1788179919.807068,432845,219,1,1,60771239,801907831,31690,2215,6.077123900,80.190783100,31.690,2.215,0,-5,78,0.0,-0.05,0.78,-0.78,0.05,18565,185.65,6.9962,-27.5694,2.2099
324.467000,1788179920.336506,433345,247,1,1,60771238,801907825,31540,2067,6.077123800,80.190782500,31.540,2.067,2,-17,81,0.02,-0.17,0.81,-0.81,0.17117242768623692,19037,190.37,6.9297,-27.5805,2.0599
324.985554,1788179920.855060,433843,20,1,1,60771236,801907816,31470,1991,6.077123600,80.190781600,31.470,1.991,4,-18,83,0.04,-0.18,0.8300000000000001,-0.8300000000000001,0.18439088914585774,19010,190.1,6.8301,-27.6026,1.9899
325.457629,1788179921.327135,434345,48,1,1,60771238,801907807,31390,1915,6.077123800,80.190780700,31.390,1.915,10,-30,53,0.1,-0.3,0.53,-0.53,0.31622776601683794,18594,185.94,6.7305,-27.5805,1.9099
326.069404,1788179921.938910,434847,77,1,1,60771243,801907807,31830,2355,6.077124300,80.190780700,31.830,2.355,16,7,-57,0.16,0.07,-0.5700000000000001,0.5700000000000001,0.17464249196572978,18207,182.07,6.7305,-27.5252,2.3499
326.429613,1788179922.299119,435344,105,1,1,60771243,801907805,32350,2873,6.077124300,80.190780500,32.350,2.873,3,1,-63,0.03,0.01,-0.63,0.63,0.0316227766016838,18185,181.85,6.7083,-27.5252,2.8699
326.933178,1788179922.802684,435847,134,1,1,60771242,801907804,32840,3369,6.077124200,80.190780400,32.840,3.369,1,0,-70,0.01,0.0,-0.7000000000000001,0.7000000000000001,0.01,18205,182.05,6.6973,-27.5362,3.3599
327.433259,1788179923.302765,436344,164,1,1,60771241,801907804,33090,3611,6.077124100,80.190780400,33.090,3.611,0,0,-69,0.0,0.0,-0.6900000000000001,0.6900000000000001,0.0,18214,182.14000000000001,6.6973,-27.5473,3.6099
328.027832,1788179923.897338,436844,195,1,1,60771242,801907804,32670,3192,6.077124200,80.190780400,32.670,3.192,0,0,-67,0.0,0.0,-0.67,0.67,0.0,18245,182.45000000000002,6.6973,-27.5362,3.1899
328.482103,1788179924.351609,437344,223,1,1,60771242,801907805,32820,3348,6.077124200,80.190780500,32.820,3.348,-1,0,-63,-0.01,0.0,-0.63,0.63,0.01,18236,182.36,6.7083,-27.5362,3.3399
329.013396,1788179924.882902,437844,252,1,1,60771242,801907806,32890,3419,6.077124200,80.190780600,32.890,3.419,-2,0,-56,-0.02,0.0,-0.56,0.56,0.02,18244,182.44,6.7194,-27.5362,3.4099
329.465778,1788179925.335284,438344,24,1,1,60771241,801907806,32910,3431,6.077124100,80.190780600,32.910,3.431,-2,0,-48,-0.02,0.0,-0.48,0.48,0.02,18254,182.54,6.7194,-27.5473,3.4299
330.041923,1788179925.911429,438844,53,1,1,60771241,801907805,32880,3404,6.077124100,80.190780500,32.880,3.404,-2,-1,-41,-0.02,-0.01,-0.41000000000000003,0.41000000000000003,0.022360679774997897,18255,182.55,6.7083,-27.5473,3.3999
330.416895,1788179926.286401,439344,81,1,1,60771241,801907803,32820,3346,6.077124100,80.190780300,32.820,3.346,-2,-3,-33,-0.02,-0.03,-0.33,0.33,0.03605551275463989,18261,182.61,6.6862,-27.5473,3.3399
330.962408,1788179926.831914,439844,110,1,1,60771241,801907804,32750,3273,6.077124100,80.190780400,32.750,3.273,-2,-1,-26,-0.02,-0.01,-0.26,0.26,0.022360679774997897,18267,182.67000000000002,6.6973,-27.5473,3.2699
331.416378,1788179927.285884,440344,139,1,1,60771240,801907805,32670,3195,6.077124000,80.190780500,32.670,3.1950000000000003,-3,0,-20,-0.03,0.0,-0.2,0.2,0.03,18269,182.69,6.7083,-27.5584,3.1899
332.041869,1788179927.911375,440844,168,1,1,60771239,801907806,32810,3335,6.077123900,80.190780600,32.810,3.335,-3,0,-22,-0.03,0.0,-0.22,0.22,0.03,18273,182.73,6.7194,-27.5694,3.3299
332.399926,1788179928.269432,441344,196,1,1,60771240,801907806,32780,3301,6.077124000,80.190780600,32.780,3.301,-1,0,-27,-0.01,0.0,-0.27,0.27,0.01,18278,182.78,6.7194,-27.5584,3.2999
332.961190,1788179928.830696,441844,225,1,1,60771240,801907806,32940,3461,6.077124000,80.190780600,32.940,3.461,-1,0,-27,-0.01,0.0,-0.27,0.27,0.01,18281,182.81,6.7194,-27.5584,3.4599
333.495643,1788179929.365149,442344,253,1,1,60771240,801907806,33050,3577,6.077124000,80.190780600,33.050,3.577,-1,0,-27,-0.01,0.0,-0.27,0.27,0.01,18285,182.85,6.7194,-27.5584,3.5699
333.965363,1788179929.834869,442844,26,1,1,60771240,801907807,33140,3667,6.077124000,80.190780700,33.140,3.6670000000000003,-1,0,-26,-0.01,0.0,-0.26,0.26,0.01,18288,182.88,6.7305,-27.5584,3.6599
334.477263,1788179930.346769,443344,54,1,1,60771240,801907809,33200,3726,6.077124000,80.190780900,33.200,3.726,0,1,-24,0.0,0.01,-0.24,0.24,0.01,18292,182.92000000000002,6.7526,-27.5584,3.7199
335.039521,1788179930.909027,443844,83,1,1,60771240,801907811,33240,3764,6.077124000,80.190781100,33.240,3.7640000000000002,0,1,-22,0.0,0.01,-0.22,0.22,0.01,18295,182.95000000000002,6.7748,-27.5584,3.7599
335.492713,1788179931.362219,444345,111,1,1,60771240,801907813,33250,3774,6.077124000,80.190781300,33.250,3.774,0,2,-19,0.0,0.02,-0.19,0.19,0.02,18299,182.99,6.7969,-27.5584,3.7699
335.960023,1788179931.829529,444844,140,1,1,60771240,801907814,33250,3770,6.077124000,80.190781400,33.250,3.77,0,2,-17,0.0,0.02,-0.17,0.17,0.02,18301,183.01,6.8080,-27.5584,3.7699
336.491308,1788179932.360814,445344,168,1,1,60771240,801907817,33230,3755,6.077124000,80.190781700,33.230,3.755,-1,2,-15,-0.01,0.02,-0.15,0.15,0.022360679774997897,18305,183.05,6.8412,-27.5584,3.7499
336.945229,1788179932.814735,445844,197,1,1,60771238,801907819,33210,3731,6.077123800,80.190781900,33.210,3.731,-1,2,-12,-0.01,0.02,-0.12,0.12,0.022360679774997897,18308,183.08,6.8633,-27.5805,3.7299
337.457057,1788179933.326563,446344,225,1,1,60771237,801907821,33180,3700,6.077123700,80.190782100,33.180,3.7,-1,2,-10,-0.01,0.02,-0.1,0.1,0.022360679774997897,18311,183.11,6.8855,-27.5915,3.6999
338.020969,1788179933.890475,446844,254,1,1,60771235,801907823,33130,3659,6.077123500,80.190782300,33.130,3.6590000000000003,-1,3,-8,-0.01,0.03,-0.08,0.08,0.0316227766016838,18313,183.13,6.9076,-27.6136,3.6499
338.443785,1788179934.313291,447344,26,1,1,60771233,801907827,33090,3612,6.077123300,80.190782700,33.090,3.612,-2,3,-6,-0.02,0.03,-0.06,0.06,0.03605551275463989,18316,183.16,6.9519,-27.6358,3.6099
338.944374,1788179934.813880,447844,55,1,1,60771231,801907831,33050,3575,6.077123100,80.190783100,33.050,3.575,-2,4,-5,-0.02,0.04,-0.05,0.05,0.044721359549995794,18319,183.19,6.9962,-27.6579,3.5699
339.488525,1788179935.358031,448344,83,1,1,60771228,801907835,33010,3531,6.077122800,80.190783500,33.010,3.531,-3,5,-3,-0.03,0.05,-0.03,0.03,0.05830951894845301,18322,183.22,7.0404,-27.6911,3.5299
339.976779,1788179935.846285,448844,112,1,1,60771227,801907840,32960,3487,6.077122700,80.190784000,32.960,3.487,-3,5,-2,-0.03,0.05,-0.02,0.02,0.05830951894845301,18324,183.24,7.0958,-27.7021,3.4799
340.430240,1788179936.299746,449344,140,1,1,60771225,801907843,32940,3464,6.077122500,80.190784300,32.940,3.464,-3,5,-1,-0.03,0.05,-0.01,0.01,0.05830951894845301,18327,183.27,7.1290,-27.7242,3.4599
341.085551,1788179936.955057,449844,169,1,1,60771224,801907845,32930,3452,6.077122400,80.190784500,32.930,3.452,-2,4,-2,-0.02,0.04,-0.02,0.02,0.044721359549995794,18329,183.29,7.1511,-27.7353,3.4499
341.439781,1788179937.309287,450344,198,1,1,60771224,801907848,32920,3444,6.077122400,80.190784800,32.920,3.444,-2,4,-2,-0.02,0.04,-0.02,0.02,0.044721359549995794,18332,183.32,7.1843,-27.7353,3.4399
342.025436,1788179937.894942,450844,227,1,1,60771225,801907851,32910,3434,6.077122500,80.190785100,32.910,3.434,0,4,-2,0.0,0.04,-0.02,0.02,0.04,18334,183.34,7.2176,-27.7242,3.4299
342.517517,1788179938.387023,451344,255,1,1,60771225,801907855,32900,3427,6.077122500,80.190785500,32.900,3.427,0,4,-2,0.0,0.04,-0.02,0.02,0.04,18336,183.36,7.2618,-27.7242,3.4199
342.936854,1788179938.806360,451844,28,1,1,60771224,801907858,32900,3428,6.077122400,80.190785800,32.900,3.428,0,4,-2,0.0,0.04,-0.02,0.02,0.04,18339,183.39000000000001,7.2950,-27.7353,3.4199
343.441910,1788179939.311416,452345,56,1,1,60771224,801907862,32900,3428,6.077122400,80.190786200,32.900,3.428,0,4,-2,0.0,0.04,-0.02,0.02,0.04,18342,183.42000000000002,7.3393,-27.7353,3.4199
344.005378,1788179939.874884,452844,88,1,1,60771226,801907865,32890,3418,6.077122600,80.190786500,32.890,3.418,1,4,-2,0.01,0.04,-0.02,0.02,0.04123105625617661,18344,183.44,7.3725,-27.7132,3.4099
344.471482,1788179940.340988,453344,117,1,1,60771227,801907867,32880,3405,6.077122700,80.190786700,32.880,3.4050000000000002,1,3,-2,0.01,0.03,-0.02,0.02,0.0316227766016838,18348,183.48,7.3947,-27.7021,3.3999
344.999074,1788179940.868580,453844,146,1,1,60771227,801907871,32850,3373,6.077122700,80.190787100,32.850,3.373,1,4,-1,0.01,0.04,-0.01,0.01,0.04123105625617661,18352,183.52,7.4389,-27.7021,3.3699
345.468421,1788179941.337927,454344,174,1,1,60771229,801907875,32820,3343,6.077122900,80.190787500,32.820,3.343,0,4,0,0.0,0.04,0.0,-0.0,0.04,18347,183.47,7.4832,-27.6800,3.3399
345.922820,1788179941.792326,454844,203,1,1,60771230,801907876,32890,3417,6.077123000,80.190787600,32.890,3.4170000000000003,0,4,-51,0.0,0.04,-0.51,0.51,0.04,17707,177.07,7.4943,-27.6689,3.4099
346.496336,1788179942.365842,455344,231,1,1,60771240,801907880,33200,3724,6.077124000,80.190788000,33.200,3.724,47,10,-75,0.47000000000000003,0.1,-0.75,0.75,0.48052055106935854,15792,157.92000000000002,7.5386,-27.5584,3.7199
346.952939,1788179942.822445,455844,4,1,1,60771281,801907883,33470,3999,6.077128100,80.190788300,33.470,3.999,107,3,-28,1.07,0.03,-0.28,0.28,1.070420478129973,13742,137.42000000000002,7.5718,-27.1049,3.9899
347.468440,1788179943.337946,456344,32,1,1,60771331,801907884,33510,4032,6.077133100,80.190788400,33.510,4.032,118,-10,6,1.18,-0.1,0.06,-0.06,1.184229707446997,10999,109.99000000000001,7.5829,-26.5520,4.0299
348.033066,1788179943.902572,456844,61,1,1,60771381,801907884,33510,4032,6.077138100,80.190788400,33.510,4.032,107,-19,-7,1.07,-0.19,-0.07,0.07,1.0867382389517726,7882,78.82000000000001,7.5829,-25.9991,4.0299
348.451775,1788179944.321281,457344,89,1,1,60771415,801907875,33550,4072,6.077141500,80.190787500,33.550,4.072,70,-20,-5,0.7000000000000001,-0.2,-0.05,0.05,0.7280109889280518,6631,66.31,7.4832,-25.6231,4.0699
348.953556,1788179944.823062,457844,118,1,1,60771442,801907869,33550,4077,6.077144200,80.190786900,33.550,4.077,70,-11,8,0.7000000000000001,-0.11,0.08,-0.08,0.708590149522275,6543,65.43,7.4168,-25.3245,4.0699
349.543821,1788179945.413327,458347,146,1,1,60771479,801907864,33540,4063,6.077147900,80.190786400,33.540,4.063,85,-16,-13,0.85,-0.16,-0.13,0.13,0.8649277426467485,5997,59.97,7.3615,-24.9153,4.0599
349.994920,1788179945.864426,458844,175,1,1,60771516,801907853,33590,4119,6.077151600,80.190785300,33.590,4.119,66,-30,-15,0.66,-0.3,-0.15,0.15,0.7249827584156744,6263,62.63,7.2397,-24.5061,4.1099
350.448087,1788179946.317593,459344,203,1,1,60771545,801907844,33670,4195,6.077154500,80.190784400,33.670,4.195,62,-33,-8,0.62,-0.33,-0.08,0.08,0.702353187506115,5325,53.25,7.1401,-24.1854,4.1899
350.995151,1788179946.864657,459844,232,1,1,60771573,801907836,33700,4227,6.077157300,80.190783600,33.700,4.227,50,-26,-2,0.5,-0.26,-0.02,0.02,0.5635601121442149,3696,36.96,7.0515,-23.8758,4.2200
351.445499,1788179947.315005,460344,5,1,1,60771600,801907824,33670,4197,6.077160000,80.190782400,33.670,4.197,50,-30,8,0.5,-0.3,0.08,-0.08,0.5830951894845301,3599,35.99,6.9187,-23.5772,4.1900
351.942751,1788179947.812257,460844,34,1,1,60771629,801907818,33620,4140,6.077162900,80.190781800,33.620,4.14,74,-13,11,0.74,-0.13,0.11,-0.11,0.7513321502504735,3338,33.38,6.8522,-23.2565,4.1400
352.520207,1788179948.389713,461344,62,1,1,60771666,801907813,33610,4136,6.077166600,80.190781300,33.610,4.136,61,-15,6,0.61,-0.15,0.06,-0.06,0.6281719509815764,2953,29.53,6.7969,-22.8473,4.1300
352.987614,1788179948.857120,461844,92,1,1,60771696,801907809,33540,4067,6.077169600,80.190780900,33.540,4.067,47,-8,15,0.47000000000000003,-0.08,0.15,-0.15,0.47675989764240867,3967,39.67,6.7526,-22.5156,4.0600
353.442037,1788179949.311543,462344,120,1,1,60771717,801907807,33470,3998,6.077171700,80.190780700,33.470,3.998,15,-2,1,0.15,-0.02,0.01,-0.01,0.15132745950421556,4555,45.550000000000004,6.7305,-22.2833,3.9900
353.972914,1788179949.842420,462844,149,1,1,60771723,801907806,33480,4000,6.077172300,80.190780600,33.480,4.0,-2,3,1,-0.02,0.03,0.01,-0.01,0.03605551275463989,4625,46.25,6.7194,-22.2170,4.0000
354.440056,1788179950.309562,463344,177,1,1,60771725,801907805,33480,4004,6.077172500,80.190780500,33.480,4.0040000000000004,0,2,4,0.0,0.02,0.04,-0.04,0.02,4928,49.28,6.7083,-22.1949,4.0000
355.051079,1788179950.920585,463844,207,1,1,60771727,801907805,33490,4010,6.077172700,80.190780500,33.490,4.01,3,0,2,0.03,0.0,0.02,-0.02,0.03,5251,52.51,6.7083,-22.1728,4.0100
355.425675,1788179951.295181,464344,236,1,1,60771729,801907805,33470,3998,6.077172900,80.190780500,33.470,3.998,3,0,2,0.03,0.0,0.02,-0.02,0.03,5231,52.31,6.7083,-22.1506,3.9900
355.921368,1788179951.790874,464844,10,1,1,60771730,801907805,33470,3991,6.077173000,80.190780500,33.470,3.991,3,1,0,0.03,0.01,0.0,-0.0,0.0316227766016838,5210,52.1,6.7083,-22.1396,3.9900
356.436382,1788179952.305888,465344,39,1,1,60771728,801907807,33470,3992,6.077172800,80.190780700,33.470,3.992,-7,7,-3,-0.07,0.07,-0.03,0.03,0.09899494936611665,4870,48.7,6.7305,-22.1617,3.9900
356.967716,1788179952.837222,465844,69,1,1,60771719,801907813,33520,4042,6.077171900,80.190781300,33.520,4.042,-31,15,-12,-0.31,0.15,-0.12,0.12,0.34438350715445126,5099,50.99,6.7969,-22.2612,4.0400
357.435821,1788179953.305327,466344,98,1,1,60771693,801907819,33590,4119,6.077169300,80.190781900,33.590,4.119,-59,15,-9,-0.59,0.15,-0.09,0.09,0.608769250208977,6157,61.57,6.8633,-22.5488,4.1100
358.043916,1788179953.913422,466844,129,1,1,60771667,801907825,33590,4116,6.077166700,80.190782500,33.590,4.116,-54,17,11,-0.54,0.17,0.11,-0.11,0.5661271941887265,6578,65.78,6.9297,-22.8363,4.1100
358.540514,1788179954.410020,467344,158,1,1,60771643,801907828,33530,4053,6.077164300,80.190782800,33.530,4.053,-43,-3,8,-0.43,-0.03,0.08,-0.08,0.4310452412450462,6387,63.870000000000005,6.9629,-23.1017,4.0500
358.928901,1788179954.798407,467844,188,1,1,60771625,801907818,33480,4009,6.077162500,80.190781800,33.480,4.009,-29,-41,0,-0.29,-0.41000000000000003,0.0,-0.0,0.5021951811795888,6692,66.92,6.8522,-23.3007,4.0000
359.460043,1788179955.329549,468344,217,1,1,60771620,801907795,33460,3988,6.077162000,80.190779500,33.460,3.988,9,-63,5,0.09,-0.63,0.05,-0.05,0.6363961030678928,4758,47.58,6.5976,-23.3560,3.9800
360.019906,1788179955.889412,468844,247,1,1,60771623,801907767,33450,3972,6.077162300,80.190776700,33.450,3.972,9,-67,7,0.09,-0.67,0.07,-0.07,0.6760177512462228,3180,31.8,6.2877,-23.3229,3.9700
360.411530,1788179956.281036,469344,20,1,1,60771620,801907744,33440,3961,6.077162000,80.190774400,33.440,3.9610000000000003,0,-52,-4,0.0,-0.52,-0.04,0.04,0.52,2074,20.740000000000002,6.0331,-23.3560,3.9600
360.988870,1788179956.858376,469844,50,1,1,60771615,801907720,33460,3989,6.077161500,80.190772000,33.460,3.989,-2,-51,2,-0.02,-0.51,0.02,-0.02,0.5103920062069939,2655,26.55,5.7674,-23.4113,3.9800
361.438685,1788179957.308191,470344,80,1,1,60771617,801907694,33420,3945,6.077161700,80.190769400,33.420,3.9450000000000003,8,-49,2,0.08,-0.49,0.02,-0.02,0.4964876634922564,2053,20.53,5.4796,-23.3892,3.9400
361.956481,1788179957.825987,470844,110,1,1,60771619,801907674,33420,3943,6.077161900,80.190767400,33.420,3.943,8,-37,-3,0.08,-0.37,-0.03,0.03,0.378549864614954,2038,20.38,5.2582,-23.3671,3.9400
362.484678,1788179958.354184,471344,139,1,1,60771623,801907660,33460,3986,6.077162300,80.190766000,33.460,3.986,16,-17,-8,0.16,-0.17,-0.08,0.08,0.23345235059857505,3464,34.64,5.1032,-23.3229,3.9800
362.956153,1788179958.825659,471844,169,1,1,60771635,801907653,33440,3968,6.077163500,80.190765300,33.440,3.968,33,-12,4,0.33,-0.12,0.04,-0.04,0.35114099732158877,3237,32.37,5.0257,-23.1902,3.9600
363.405496,1788179959.275002,472344,198,1,1,60771648,801907646,33410,3936,6.077164800,80.190764600,33.410,3.936,16,-10,1,0.16,-0.1,0.01,-0.01,0.18867962264113206,2450,24.5,4.9482,-23.0464,3.9300
363.937257,1788179959.806763,472844,228,1,1,60771659,801907640,33420,3944,6.077165900,80.190764000,33.420,3.944,22,-7,-6,0.22,-0.07,-0.06,0.06,0.23086792761230393,2069,20.69,4.8818,-22.9247,3.9400
364.450432,1788179960.319938,473344,1,1,1,60771670,801907634,33450,3973,6.077167000,80.190763400,33.450,3.973,16,-5,-5,0.16,-0.05,-0.05,0.05,0.1676305461424021,2312,23.12,4.8154,-22.8031,3.9700
364.950812,1788179960.820318,473844,31,1,1,60771680,801907631,33450,3974,6.077168000,80.190763100,33.450,3.974,22,1,2,0.22,0.01,0.02,-0.02,0.2202271554554524,2039,20.39,4.7822,-22.6925,3.9700
365.480251,1788179961.349757,474344,60,1,1,60771692,801907630,33430,3958,6.077169200,80.190763000,33.430,3.958,14,4,2,0.14,0.04,0.02,-0.02,0.14560219778561037,1562,15.620000000000001,4.7711,-22.5598,3.9500
365.948973,1788179961.818479,474845,90,1,1,60771696,801907630,33410,3933,6.077169600,80.190763000,33.410,3.9330000000000003,7,6,2,0.07,0.06,0.02,-0.02,0.09219544457292887,1608,16.080000000000002,4.7711,-22.5156,3.9300
366.448380,1788179962.317886,475344,119,1,1,60771699,801907630,33390,3916,6.077169900,80.190763000,33.390,3.916,2,0,0,0.02,0.0,0.0,-0.0,0.02,1698,16.98,4.7711,-22.4824,3.9100
366.979540,1788179962.849046,475844,149,1,1,60771702,801907627,33380,3909,6.077170200,80.190762700,33.380,3.9090000000000003,3,-1,-1,0.03,-0.01,-0.01,0.01,0.0316227766016838,1186,11.86,4.7379,-22.4492,3.9000
367.478163,1788179963.347669,476344,178,1,1,60771704,801907625,33380,3905,6.077170400,80.190762500,33.380,3.9050000000000002,3,1,0,0.03,0.01,0.0,-0.0,0.0316227766016838,932,9.32,4.7158,-22.4271,3.9000
367.928655,1788179963.798161,476844,208,1,1,60771706,801907625,33380,3902,6.077170600,80.190762500,33.380,3.902,5,3,-1,0.05,0.03,-0.01,0.01,0.05830951894845301,1012,10.120000000000001,4.7158,-22.4050,3.9000
368.491982,1788179964.361488,477344,237,1,1,60771707,801907624,33380,3908,6.077170700,80.190762400,33.380,3.908,2,1,0,0.02,0.01,0.0,-0.0,0.022360679774997897,1140,11.4,4.7047,-22.3939,3.9000
368.931305,1788179964.800811,477844,11,1,1,60771707,801907622,33380,3908,6.077170700,80.190762200,33.380,3.908,1,0,0,0.01,0.0,0.0,-0.0,0.01,1070,10.700000000000001,4.6826,-22.3939,3.9000
369.507117,1788179965.376623,478344,40,1,1,60771708,801907621,33380,3906,6.077170800,80.190762100,33.380,3.906,1,-1,0,0.01,-0.01,0.0,-0.0,0.014142135623730952,1034,10.34,4.6715,-22.3829,3.9000
369.927829,1788179965.797335,478844,70,1,1,60771707,801907620,33390,3910,6.077170700,80.190762000,33.390,3.91,0,0,0,0.0,0.0,0.0,-0.0,0.0,1023,10.23,4.6604,-22.3939,3.9100
370.475055,1788179966.344561,479344,99,1,1,60771705,801907619,33390,3911,6.077170500,80.190761900,33.390,3.911,-12,-2,-6,-0.12,-0.02,-0.06,0.06,0.1216552506059644,1884,18.84,4.6493,-22.4160,3.9100
371.005580,1788179966.875086,479844,129,1,1,60771694,801907618,33420,3948,6.077169400,80.190761800,33.420,3.948,-33,7,-11,-0.33,0.07,-0.11,0.11,0.33734255586865997,4546,45.46,4.6383,-22.5377,3.9400
371.535597,1788179967.405103,480344,159,1,1,60771674,801907622,33460,3980,6.077167400,80.190762200,33.460,3.98,-69,9,-11,-0.6900000000000001,0.09,-0.11,0.11,0.6958448102845921,7968,79.68,4.6826,-22.7589,3.9800
371.926904,1788179967.796410,480844,189,1,1,60771644,801907626,33420,3947,6.077164400,80.190762600,33.420,3.947,-59,12,12,-0.59,0.12,0.12,-0.12,0.6020797289396148,10578,105.78,4.7268,-23.0906,3.9400
372.537116,1788179968.406622,481344,218,1,1,60771630,801907635,33380,3904,6.077163000,80.190763500,33.380,3.904,-10,30,4,-0.1,0.3,0.04,-0.04,0.31622776601683794,12443,124.43,4.8265,-23.2455,3.9000
372.896942,1788179968.766448,481844,248,1,1,60771631,801907651,33340,3865,6.077163100,80.190765100,33.340,3.865,15,17,15,0.15,0.17,0.15,-0.15,0.2267156809750927,12601,126.01,5.0036,-23.2344,3.8600
373.462386,1788179969.331892,482344,21,1,1,60771637,801907666,33280,3806,6.077163700,80.190766600,33.280,3.806,24,27,11,0.24,0.27,0.11,-0.11,0.36124783736376886,11239,112.39,5.1696,-23.1680,3.8000
373.995600,1788179969.865106,482844,51,1,1,60771636,801907676,33230,3751,6.077163600,80.190767600,33.230,3.751,-2,14,7,-0.02,0.14,0.07,-0.07,0.1414213562373095,9896,98.96000000000001,5.2803,-23.1791,3.7500
374.446441,1788179970.315947,483344,80,1,1,60771628,801907678,33230,3757,6.077162800,80.190767800,33.230,3.757,-1,5,-3,-0.01,0.05,-0.03,0.03,0.05099019513592785,9307,93.07000000000001,5.3025,-23.2676,3.7500
374.901055,1788179970.770561,483844,110,1,1,60771625,801907690,33290,3810,6.077162500,80.190769000,33.290,3.81,13,26,-21,0.13,0.26,-0.21,0.21,0.2906888370749727,9706,97.06,5.4353,-23.3007,3.8100
375.527231,1788179971.396737,484344,139,1,1,60771633,801907707,33340,3861,6.077163300,80.190770700,33.340,3.861,41,16,0,0.41000000000000003,0.16,0.0,-0.0,0.44011362169330775,8796,87.96000000000001,5.6235,-23.2123,3.8600
375.934845,1788179971.804351,484845,169,1,1,60771646,801907711,33350,3873,6.077164600,80.190771100,33.350,3.873,34,-35,0,0.34,-0.35000000000000003,0.0,-0.0,0.4879549159502341,5059,50.59,5.6678,-23.0685,3.8700
376.448562,1788179972.318068,485345,198,1,1,60771649,801907694,33370,3898,6.077164900,80.190769400,33.370,3.898,3,-66,-4,0.03,-0.66,-0.04,0.04,0.6606814663663572,1643,16.43,5.4796,-23.0353,3.8900
376.978861,1788179972.848367,485845,228,1,1,60771650,801907669,33400,3920,6.077165000,80.190766900,33.400,3.92,2,-68,-3,0.02,-0.68,-0.03,0.03,0.6802940540677981,35950,359.5,5.2028,-23.0243,3.9200
377.445023,1788179973.314529,486345,1,1,1,60771652,801907650,33390,3911,6.077165200,80.190765000,33.390,3.911,12,-53,5,0.12,-0.53,0.05,-0.05,0.5434151267677411,34278,342.78000000000003,4.9925,-23.0022,3.9100
377.948943,1788179973.818449,486845,31,1,1,60771663,801907638,33360,3886,6.077166300,80.190763800,33.360,3.886,18,-23,-1,0.18,-0.23,-0.01,0.01,0.2920616373302047,34053,340.53000000000003,4.8597,-22.8805,3.8800
378.526244,1788179974.395750,487347,60,1,1,60771684,801907629,33350,3872,6.077168400,80.190762900,33.350,3.872,37,-12,-5,0.37,-0.12,-0.05,0.05,0.3889730067755345,35422,354.22,4.7600,-22.6483,3.8700
378.930795,1788179974.800301,487845,90,1,1,60771708,801907623,33350,3871,6.077170800,80.190762300,33.350,3.871,52,0,5,0.52,0.0,0.05,-0.05,0.52,427,4.2700000000000005,4.6936,-22.3829,3.8700
379.523767,1788179975.393273,488345,119,1,1,60771737,801907623,33340,3863,6.077173700,80.190762300,33.340,3.863,56,3,2,0.56,0.03,0.02,-0.02,0.5608029957123981,80,0.8,4.6936,-22.0622,3.8600
379.914042,1788179975.783548,488845,149,1,1,60771767,801907619,33360,3880,6.077176700,80.190761900,33.360,3.88,53,0,-10,0.53,0.0,-0.1,0.1,0.53,1199,11.99,4.6493,-21.7304,3.8800
380.442782,1788179976.312288,489347,178,1,1,60771799,801907615,33310,3834,6.077179900,80.190761500,33.310,3.834,65,-7,5,0.65,-0.07,0.05,-0.05,0.6537583651472462,799,7.99,4.6051,-21.3765,3.8300
381.006208,1788179976.875714,489845,208,1,1,60771824,801907610,33280,3807,6.077182400,80.190761000,33.280,3.807,54,-14,4,0.54,-0.14,0.04,-0.04,0.5578530272392541,167,1.67,4.5497,-21.1001,3.8000
381.430467,1788179977.299973,490347,238,1,1,60771844,801907604,33310,3833,6.077184400,80.190760400,33.310,3.833,48,-7,7,0.48,-0.07,0.07,-0.07,0.4850773134253962,35978,359.78000000000003,4.4833,-20.8789,3.8300
382.051113,1788179977.920619,490845,14,1,1,60771869,801907604,33270,3797,6.077186900,80.190760400,33.270,3.797,53,16,0,0.53,0.16,0.0,-0.0,0.5536244214266564,35982,359.82,4.4833,-20.6024,3.7900
382.458964,1788179978.328470,491347,45,1,1,60771896,801907610,33260,3784,6.077189600,80.190761000,33.260,3.7840000000000003,48,25,-7,0.48,0.25,-0.07,0.07,0.5412023651093923,1441,14.41,4.5497,-20.3038,3.7800
383.014236,1788179978.883742,491845,75,1,1,60771919,801907619,33240,3769,6.077191900,80.190761900,33.240,3.769,48,25,11,0.48,0.25,0.11,-0.11,0.5412023651093923,3876,38.76,4.6493,-20.0495,3.7600
383.430638,1788179979.300144,492347,104,1,1,60771940,801907618,33200,3728,6.077194000,80.190761800,33.200,3.728,40,-8,12,0.4,-0.08,0.12,-0.12,0.4079215610874228,3916,39.160000000000004,4.6383,-19.8172,3.7200
383.989323,1788179979.858829,492845,134,1,1,60771958,801907607,33170,3690,6.077195800,80.190760700,33.170,3.69,28,-16,2,0.28,-0.16,0.02,-0.02,0.322490309931942,4387,43.87,4.5165,-19.6182,3.6900
384.505441,1788179980.374947,493347,163,1,1,60771970,801907603,33130,3652,6.077197000,80.190760300,33.130,3.652,29,7,9,0.29,0.07,0.09,-0.09,0.29832867780352595,4500,45.0,4.4722,-19.4855,3.6500
384.911748,1788179980.781254,493845,193,1,1,60771986,801907608,33060,3589,6.077198600,80.190760800,33.060,3.589,45,24,14,0.45,0.24,0.14,-0.14,0.51,3730,37.300000000000004,4.5276,-19.3085,3.5800
385.489263,1788179981.358769,494347,222,1,1,60772005,801907615,32920,3444,6.077200500,80.190761500,32.920,3.444,42,7,41,0.42,0.07,0.41000000000000003,-0.41000000000000003,0.4257933771208754,3217,32.17,4.6051,-19.0984,3.4400
385.960464,1788179981.829970,494845,252,1,1,60772019,801907616,32580,3100,6.077201900,80.190761600,32.580,3.1,28,-3,58,0.28,-0.03,0.58,-0.58,0.2816025568065745,3861,38.61,4.6161,-18.9436,3.1000
386.396726,1788179982.266232,495347,25,1,1,60772031,801907615,32410,2931,6.077203100,80.190761500,32.410,2.931,22,-7,13,0.22,-0.07,0.13,-0.13,0.23086792761230393,3885,38.85,4.6051,-18.8109,2.9300
386.978331,1788179982.847837,495845,55,1,1,60772037,801907611,32390,2913,6.077203700,80.190761100,32.390,2.9130000000000003,12,-5,3,0.12,-0.05,0.03,-0.03,0.13,3518,35.18,4.5608,-18.7445,2.9100
387.496231,1788179983.365737,496347,84,1,1,60772038,801907609,32400,2921,6.077203800,80.190760900,32.400,2.9210000000000003,8,-9,1,0.08,-0.09,0.01,-0.01,0.12041594578792296,3527,35.27,4.5386,-18.7335,2.9200
387.960463,1788179983.829969,496845,114,1,1,60772040,801907608,32430,2951,6.077204000,80.190760800,32.430,2.951,8,-6,0,0.08,-0.06,0.0,-0.0,0.1,3511,35.11,4.5276,-18.7114,2.9500
388.479382,1788179984.348888,497347,143,1,1,60772041,801907608,32440,2960,6.077204100,80.190760800,32.440,2.96,8,-5,0,0.08,-0.05,0.0,-0.0,0.09433981132056603,3516,35.160000000000004,4.5276,-18.7003,2.9600
388.948357,1788179984.817863,497845,174,1,1,60772041,801907609,32440,2960,6.077204100,80.190760900,32.440,2.96,6,-2,0,0.06,-0.02,0.0,-0.0,0.0632455532033676,3509,35.09,4.5386,-18.7003,2.9600
389.619755,1788179985.489261,498347,203,1,1,60772041,801907609,32450,2976,6.077204100,80.190760900,32.450,2.976,5,-2,-1,0.05,-0.02,-0.01,0.01,0.053851648071345036,3508,35.08,4.5386,-18.7003,2.9700
390.028010,1788179985.897516,498845,233,1,1,60772042,801907610,32450,2978,6.077204200,80.190761000,32.450,2.978,4,0,-1,0.04,0.0,-0.01,0.01,0.04,3509,35.09,4.5497,-18.6893,2.9700
390.476014,1788179986.345520,499347,6,1,1,60772045,801907610,32470,2992,6.077204500,80.190761000,32.470,2.992,5,0,-2,0.05,0.0,-0.02,0.02,0.05,3507,35.07,4.5497,-18.6561,2.9900
390.942790,1788179986.812296,499845,36,1,1,60772048,801907612,32480,3001,6.077204800,80.190761200,32.480,3.001,5,2,-2,0.05,0.02,-0.02,0.02,0.053851648071345036,3506,35.06,4.5719,-18.6229,3.0000
391.474784,1788179987.344290,500347,66,1,1,60772050,801907613,32490,3017,6.077205000,80.190761300,32.490,3.017,5,2,-2,0.05,0.02,-0.02,0.02,0.053851648071345036,3506,35.06,4.5829,-18.6008,3.0100
391.926731,1788179987.796237,500845,96,1,1,60772053,801907616,32480,3004,6.077205300,80.190761600,32.480,3.004,5,3,-2,0.05,0.03,-0.02,0.02,0.05830951894845301,3505,35.050000000000004,4.6161,-18.5676,3.0000
392.545848,1788179988.415354,501347,125,1,1,60772056,801907618,32470,2998,6.077205600,80.190761800,32.470,2.998,5,4,-1,0.05,0.04,-0.01,0.01,0.06403124237432849,3504,35.04,4.6383,-18.5344,2.9900
392.925518,1788179988.795024,501845,155,1,1,60772059,801907620,32470,2996,6.077205900,80.190762000,32.470,2.996,5,4,-2,0.05,0.04,-0.02,0.02,0.06403124237432849,3504,35.04,4.6604,-18.5013,2.9900
393.548762,1788179989.418268,502347,184,1,1,60772062,801907621,32470,2992,6.077206200,80.190762100,32.470,2.992,5,4,-2,0.05,0.04,-0.02,0.02,0.06403124237432849,3504,35.04,4.6715,-18.4681,2.9900
393.922387,1788179989.791893,502845,214,1,1,60772065,801907623,32480,3000,6.077206500,80.190762300,32.480,3.0,5,4,-2,0.05,0.04,-0.02,0.02,0.06403124237432849,3504,35.04,4.6936,-18.4349,3.0000
394.455384,1788179990.324890,503347,243,1,1,60772067,801907625,32470,2998,6.077206700,80.190762500,32.470,2.998,4,4,-2,0.04,0.04,-0.02,0.02,0.05656854249492381,3504,35.04,4.7158,-18.4128,2.9900
394.927814,1788179990.797320,503845,17,1,1,60772069,801907626,32470,2992,6.077206900,80.190762600,32.470,2.992,3,3,-1,0.03,0.03,-0.01,0.01,0.04242640687119285,3505,35.050000000000004,4.7268,-18.3907,2.9900
395.457243,1788179991.326749,504347,46,1,1,60772072,801907627,32460,2987,6.077207200,80.190762700,32.460,2.987,3,3,-1,0.03,0.03,-0.01,0.01,0.04242640687119285,3505,35.050000000000004,4.7379,-18.3575,2.9800
396.003577,1788179991.873083,504845,76,1,1,60772076,801907628,32450,2974,6.077207600,80.190762800,32.450,2.974,4,3,-1,0.04,0.03,-0.01,0.01,0.05,3504,35.04,4.7490,-18.3133,2.9700
396.456749,1788179992.326255,505345,105,1,1,60772079,801907629,32430,2959,6.077207900,80.190762900,32.430,2.959,4,2,0,0.04,0.02,0.0,-0.0,0.044721359549995794,3504,35.04,4.7600,-18.2801,2.9500
396.988327,1788179992.857833,505845,135,1,1,60772083,801907630,32430,2950,6.077208300,80.190763000,32.430,2.95,4,2,0,0.04,0.02,0.0,-0.0,0.044721359549995794,3503,35.03,4.7711,-18.2358,2.9500
397.456964,1788179993.326470,506347,164,1,1,60772086,801907630,32430,2956,6.077208600,80.190763000,32.430,2.956,4,1,0,0.04,0.01,0.0,-0.0,0.04123105625617661,3504,35.04,4.7711,-18.2027,2.9500
397.900842,1788179993.770348,506845,194,1,1,60772088,801907631,32430,2953,6.077208800,80.190763100,32.430,2.953,4,1,0,0.04,0.01,0.0,-0.0,0.04123105625617661,3502,35.02,4.7822,-18.1805,2.9500
398.442530,1788179994.312036,507347,223,1,1,60772090,801907633,32430,2950,6.077209000,80.190763300,32.430,2.95,3,1,0,0.03,0.01,0.0,-0.0,0.0316227766016838,3501,35.01,4.8043,-18.1584,2.9500
398.961380,1788179994.830886,507847,253,1,1,60772092,801907636,32420,2946,6.077209200,80.190763600,32.420,2.946,3,2,0,0.03,0.02,0.0,-0.0,0.03605551275463989,3501,35.01,4.8375,-18.1363,2.9400
399.445941,1788179995.315447,508347,26,1,1,60772094,801907637,32420,2942,6.077209400,80.190763700,32.420,2.942,3,2,0,0.03,0.02,0.0,-0.0,0.03605551275463989,3500,35.0,4.8486,-18.1142,2.9400
399.978335,1788179995.847841,508845,56,1,1,60772094,801907638,32420,2941,6.077209400,80.190763800,32.420,2.9410000000000003,2,2,0,0.02,0.02,0.0,-0.0,0.028284271247461905,3499,34.99,4.8597,-18.1142,2.9400
400.444864,1788179996.314370,509347,85,1,1,60772095,801907639,32410,2938,6.077209500,80.190763900,32.410,2.938,2,2,0,0.02,0.02,0.0,-0.0,0.028284271247461905,3499,34.99,4.8707,-18.1031,2.9300
400.947320,1788179996.816826,509845,115,1,1,60772094,801907639,32410,2930,6.077209400,80.190763900,32.410,2.93,1,1,0,0.01,0.01,0.0,-0.0,0.014142135623730952,3499,34.99,4.8707,-18.1142,2.9300
401.526133,1788179997.395639,510347,145,1,1,60772094,801907638,32400,2921,6.077209400,80.190763800,32.400,2.9210000000000003,0,0,0,0.0,0.0,0.0,-0.0,0.0,3498,34.980000000000004,4.8597,-18.1142,2.9200
401.944699,1788179997.814205,510847,175,1,1,60772091,801907638,32390,2917,6.077209100,80.190763800,32.390,2.9170000000000003,0,0,0,0.0,0.0,0.0,-0.0,0.0,3497,34.97,4.8597,-18.1474,2.9100
402.443160,1788179998.312666,511347,204,1,1,60772087,801907638,32390,2913,6.077208700,80.190763800,32.390,2.9130000000000003,-1,0,0,-0.01,0.0,0.0,-0.0,0.01,3496,34.96,4.8597,-18.1916,2.9100
402.974573,1788179998.844079,511845,234,1,1,60772083,801907638,32390,2917,6.077208300,80.190763800,32.390,2.9170000000000003,-2,0,0,-0.02,0.0,0.0,-0.0,0.02,3496,34.96,4.8597,-18.2358,2.9100
403.442376,1788179999.311882,512347,7,1,1,60772079,801907638,32400,2922,6.077207900,80.190763800,32.400,2.922,-3,0,0,-0.03,0.0,0.0,-0.0,0.03,3495,34.95,4.8597,-18.2801,2.9200
403.939224,1788179999.808730,512845,37,1,1,60772073,801907638,32400,2929,6.077207300,80.190763800,32.400,2.9290000000000003,-4,0,0,-0.04,0.0,0.0,-0.0,0.04,3494,34.94,4.8597,-18.3464,2.9200
404.465766,1788180000.335272,513347,66,1,1,60772068,801907638,32420,2940,6.077206800,80.190763800,32.420,2.94,-5,0,0,-0.05,0.0,0.0,-0.0,0.05,3492,34.92,4.8597,-18.4017,2.9400
404.932170,1788180000.801676,513845,96,1,1,60772063,801907638,32420,2944,6.077206300,80.190763800,32.420,2.944,-5,0,0,-0.05,0.0,0.0,-0.0,0.05,3492,34.92,4.8597,-18.4570,2.9400
405.509871,1788180001.379377,514347,125,1,1,60772057,801907638,32420,2948,6.077205700,80.190763800,32.420,2.948,-6,0,0,-0.06,0.0,0.0,-0.0,0.06,3491,34.910000000000004,4.8597,-18.5234,2.9400
405.915180,1788180001.784686,514845,155,1,1,60772051,801907638,32420,2949,6.077205100,80.190763800,32.420,2.949,-6,0,-1,-0.06,0.0,-0.01,0.01,0.06,3490,34.9,4.8597,-18.5897,2.9400
406.429970,1788180002.299476,515347,184,1,1,60772047,801907637,32430,2958,6.077204700,80.190763700,32.430,2.958,-6,0,-1,-0.06,0.0,-0.01,0.01,0.06,3490,34.9,4.8486,-18.6340,2.9500
406.913345,1788180002.782851,515845,214,1,1,60772043,801907635,32430,2958,6.077204300,80.190763500,32.430,2.958,-5,-1,-1,-0.05,-0.01,-0.01,0.01,0.05099019513592785,3490,34.9,4.8265,-18.6782,2.9500
407.455056,1788180003.324562,516347,243,1,1,60772040,801907634,32440,2960,6.077204000,80.190763400,32.440,2.96,-4,0,-1,-0.04,0.0,-0.01,0.01,0.04,3489,34.89,4.8154,-18.7114,2.9600
407.927029,1788180003.796535,516846,17,1,1,60772038,801907635,32440,2961,6.077203800,80.190763500,32.440,2.961,-4,0,-1,-0.04,0.0,-0.01,0.01,0.04,3488,34.88,4.8265,-18.7335,2.9600
408.503607,1788180004.373113,517347,46,1,1,60772035,801907635,32450,2970,6.077203500,80.190763500,32.450,2.97,-4,0,-1,-0.04,0.0,-0.01,0.01,0.04,3487,34.87,4.8265,-18.7667,2.9700
408.955888,1788180004.825394,517845,76,1,1,60772032,801907635,32460,2981,6.077203200,80.190763500,32.460,2.981,-3,0,-1,-0.03,0.0,-0.01,0.01,0.03,3486,34.86,4.8265,-18.7998,2.9800
409.408340,1788180005.277846,518347,105,1,1,60772030,801907635,32460,2987,6.077203000,80.190763500,32.460,2.987,-2,0,-1,-0.02,0.0,-0.01,0.01,0.02,3486,34.86,4.8265,-18.8220,2.9800
409.998456,1788180005.867962,518845,135,1,1,60772030,801907635,32460,2983,6.077203000,80.190763500,32.460,2.983,-1,0,-1,-0.01,0.0,-0.01,0.01,0.01,3485,34.85,4.8265,-18.8220,2.9800
410.495883,1788180006.365389,519345,164,1,1,60772028,801907636,32460,2985,6.077202800,80.190763600,32.460,2.985,0,0,-1,0.0,0.0,-0.01,0.01,0.0,3484,34.84,4.8375,-18.8441,2.9800
410.951758,1788180006.821264,519843,194,1,1,60772028,801907638,32460,2984,6.077202800,80.190763800,32.460,2.984,0,1,-1,0.0,0.01,-0.01,0.01,0.01,3484,34.84,4.8597,-18.8441,2.9800
411.406625,1788180007.276131,520345,224,1,1,60772026,801907641,32460,2983,6.077202600,80.190764100,32.460,2.983,0,2,-1,0.0,0.02,-0.01,0.01,0.02,3483,34.83,4.8929,-18.8662,2.9800
411.999428,1788180007.868934,520843,254,1,1,60772024,801907643,32470,2990,6.077202400,80.190764300,32.470,2.99,0,2,-2,0.0,0.02,-0.02,0.02,0.02,3483,34.83,4.9150,-18.8883,2.9900
412.390028,1788180008.259534,521343,27,1,1,60772022,801907645,32460,2989,6.077202200,80.190764500,32.460,2.989,0,2,-1,0.0,0.02,-0.01,0.01,0.02,3482,34.82,4.9372,-18.9104,2.9800
413.029246,1788180008.898752,521845,57,1,1,60772020,801907648,32460,2981,6.077202000,80.190764800,32.460,2.981,1,3,-1,0.01,0.03,-0.01,0.01,0.0316227766016838,3482,34.82,4.9704,-18.9325,2.9800
413.502220,1788180009.371726,522343,86,1,1,60772020,801907651,32440,2963,6.077202000,80.190765100,32.440,2.963,1,4,-1,0.01,0.04,-0.01,0.01,0.04123105625617661,3481,34.81,5.0036,-18.9325,2.9600
413.944666,1788180009.814172,522845,116,1,1,60772018,801907653,32430,2956,6.077201800,80.190765300,32.430,2.956,2,4,-1,0.02,0.04,-0.01,0.01,0.044721359549995794,3481,34.81,5.0257,-18.9547,2.9500
414.444179,1788180010.313685,523345,145,1,1,60772017,801907655,32420,2944,6.077201700,80.190765500,32.420,2.944,2,4,0,0.02,0.04,0.0,-0.0,0.044721359549995794,3480,34.800000000000004,5.0479,-18.9657,2.9400
414.990343,1788180010.859849,523845,175,1,1,60772015,801907657,32430,2953,6.077201500,80.190765700,32.430,2.953,2,4,0,0.02,0.04,0.0,-0.0,0.044721359549995794,3479,34.79,5.0700,-18.9878,2.9500
415.443436,1788180011.312942,524345,204,1,1,60772013,801907659,32440,2965,6.077201300,80.190765900,32.440,2.965,1,3,0,0.01,0.03,0.0,-0.0,0.0316227766016838,3479,34.79,5.0921,-19.0100,2.9600
416.016580,1788180011.886086,524845,234,1,1,60772010,801907661,32430,2955,6.077201000,80.190766100,32.430,2.955,0,3,0,0.0,0.03,0.0,-0.0,0.03,3478,34.78,5.1143,-19.0431,2.9500
416.484176,1788180012.353682,525345,7,1,1,60772007,801907664,32430,2956,6.077200700,80.190766400,32.430,2.956,0,3,0,0.0,0.03,0.0,-0.0,0.03,3478,34.78,5.1475,-19.0763,2.9500
416.938499,1788180012.808005,525843,37,1,1,60772003,801907666,32430,2953,6.077200300,80.190766600,32.430,2.953,-1,3,0,-0.01,0.03,0.0,-0.0,0.0316227766016838,3477,34.77,5.1696,-19.1205,2.9500
417.483326,1788180013.352832,526345,66,1,1,60772000,801907668,32430,2951,6.077200000,80.190766800,32.430,2.951,-1,3,0,-0.01,0.03,0.0,-0.0,0.0316227766016838,3477,34.77,5.1918,-19.1537,2.9500
417.938057,1788180013.807563,526843,96,1,1,60771998,801907669,32430,2954,6.077199800,80.190766900,32.430,2.954,-1,2,0,-0.01,0.02,0.0,-0.0,0.022360679774997897,3477,34.77,5.2028,-19.1758,2.9500
418.434239,1788180014.303745,527343,125,1,1,60771996,801907671,32450,2979,6.077199600,80.190767100,32.450,2.979,-2,2,-1,-0.02,0.02,-0.01,0.01,0.028284271247461905,3476,34.76,5.2250,-19.1980,2.9700
418.974250,1788180014.843756,527843,156,1,1,60771993,801907672,32480,3001,6.077199300,80.190767200,32.480,3.001,-2,1,-1,-0.02,0.01,-0.01,0.01,0.022360679774997897,3476,34.76,5.2360,-19.2311,3.0000
419.477662,1788180015.347168,528343,185,1,1,60771992,801907673,32480,3006,6.077199200,80.190767300,32.480,3.0060000000000002,-1,0,-1,-0.01,0.0,-0.01,0.01,0.01,3476,34.76,5.2471,-19.2422,3.0000
420.011684,1788180015.881190,528843,218,1,1,60771990,801907673,32500,3021,6.077199000,80.190767300,32.500,3.021,-1,0,-1,-0.01,0.0,-0.01,0.01,0.01,3475,34.75,5.2471,-19.2643,3.0200
420.448738,1788180016.318244,529343,250,1,1,60771989,801907674,32500,3029,6.077198900,80.190767400,32.500,3.029,-1,0,0,-0.01,0.0,0.0,-0.0,0.01,3475,34.75,5.2582,-19.2754,3.0200
420.946060,1788180016.815566,529843,23,1,1,60771987,801907675,32520,3047,6.077198700,80.190767500,32.520,3.047,0,0,-1,0.0,0.0,-0.01,0.01,0.0,3474,34.74,5.2693,-19.2975,3.0400
421.553207,1788180017.422713,530343,52,1,1,60771985,801907675,32530,3058,6.077198500,80.190767500,32.530,3.0580000000000003,-1,0,-1,-0.01,0.0,-0.01,0.01,0.01,3473,34.730000000000004,5.2693,-19.3196,3.0500
421.912772,1788180017.782278,530843,81,1,1,60771983,801907675,32540,3064,6.077198300,80.190767500,32.540,3.064,-1,-1,-1,-0.01,-0.01,-0.01,0.01,0.014142135623730952,3473,34.730000000000004,5.2693,-19.3417,3.0600
422.423751,1788180018.293257,531343,109,1,1,60771982,801907677,32540,3060,6.077198200,80.190767700,32.540,3.06,-1,0,-1,-0.01,0.0,-0.01,0.01,0.01,3473,34.730000000000004,5.2914,-19.3528,3.0600
423.001047,1788180018.870553,531843,138,1,1,60771981,801907679,32540,3067,6.077198100,80.190767900,32.540,3.067,0,0,-1,0.0,0.0,-0.01,0.01,0.0,3472,34.72,5.3135,-19.3638,3.0600
423.436556,1788180019.306062,532343,166,1,1,60771981,801907681,32550,3070,6.077198100,80.190768100,32.550,3.0700000000000003,0,0,-1,0.0,0.0,-0.01,0.01,0.0,3472,34.72,5.3357,-19.3638,3.0700
423.950782,1788180019.820288,532843,195,1,1,60771980,801907683,32550,3074,6.077198000,80.190768300,32.550,3.074,0,1,-1,0.0,0.01,-0.01,0.01,0.01,3471,34.71,5.3578,-19.3749,3.0700
424.487087,1788180020.356593,533343,223,1,1,60771979,801907685,32560,3081,6.077197900,80.190768500,32.560,3.081,0,1,-1,0.0,0.01,-0.01,0.01,0.01,3471,34.71,5.3800,-19.3860,3.0800
424.955406,1788180020.824912,533843,252,1,1,60771977,801907686,32560,3081,6.077197700,80.190768600,32.560,3.081,0,1,-1,0.0,0.01,-0.01,0.01,0.01,3471,34.71,5.3910,-19.4081,3.0800
425.404482,1788180021.273988,534343,24,1,1,60771976,801907688,32550,3073,6.077197600,80.190768800,32.550,3.073,0,1,0,0.0,0.01,0.0,-0.0,0.01,3470,34.7,5.4132,-19.4191,3.0700
426.029810,1788180021.899316,534843,53,1,1,60771974,801907690,32540,3066,6.077197400,80.190769000,32.540,3.0660000000000003,0,2,0,0.0,0.02,0.0,-0.0,0.02,3470,34.7,5.4353,-19.4412,3.0600
426.450409,1788180022.319915,535343,81,1,1,60771972,801907692,32530,3058,6.077197200,80.190769200,32.530,3.0580000000000003,0,2,0,0.0,0.02,0.0,-0.0,0.02,3469,34.69,5.4574,-19.4634,3.0500
426.901314,1788180022.770820,535843,110,1,1,60771970,801907692,32540,3062,6.077197000,80.190769200,32.540,3.0620000000000003,0,1,0,0.0,0.01,0.0,-0.0,0.01,3469,34.69,5.4574,-19.4855,3.0600
427.482812,1788180023.352318,536343,138,1,1,60771970,801907692,32530,3058,6.077197000,80.190769200,32.530,3.0580000000000003,0,1,0,0.0,0.01,0.0,-0.0,0.01,3468,34.68,5.4574,-19.4855,3.0500
427.935881,1788180023.805387,536843,167,1,1,60771969,801907693,32530,3050,6.077196900,80.190769300,32.530,3.0500000000000003,1,1,0,0.01,0.01,0.0,-0.0,0.014142135623730952,3468,34.68,5.4685,-19.4965,3.0500
428.440067,1788180024.309573,537343,195,1,1,60771967,801907694,32520,3043,6.077196700,80.190769400,32.520,3.043,0,1,0,0.0,0.01,0.0,-0.0,0.01,3468,34.68,5.4796,-19.5187,3.0400
428.972001,1788180024.841507,537843,224,1,1,60771964,801907693,32530,3054,6.077196400,80.190769300,32.530,3.0540000000000003,0,0,0,0.0,0.0,0.0,-0.0,0.0,3468,34.68,5.4685,-19.5518,3.0500
429.451765,1788180025.321271,538343,252,1,1,60771960,801907692,32540,3068,6.077196000,80.190769200,32.540,3.068,-1,0,-1,-0.01,0.0,-0.01,0.01,0.01,3467,34.67,5.4574,-19.5961,3.0600
429.947257,1788180025.816763,538843,25,1,1,60771956,801907690,32550,3075,6.077195600,80.190769000,32.550,3.075,-2,-1,-1,-0.02,-0.01,-0.01,0.01,0.022360679774997897,3467,34.67,5.4353,-19.6403,3.0700
430.463464,1788180026.332970,539343,53,1,1,60771952,801907688,32550,3074,6.077195200,80.190768800,32.550,3.074,-3,-2,-1,-0.03,-0.02,-0.01,0.01,0.03605551275463989,3467,34.67,5.4132,-19.6845,3.0700
430.977251,1788180026.846757,539843,82,1,1,60771949,801907685,32550,3075,6.077194900,80.190768500,32.550,3.075,-3,-2,-1,-0.03,-0.02,-0.01,0.01,0.03605551275463989,3466,34.660000000000004,5.3800,-19.7177,3.0700
431.443453,1788180027.312959,540343,111,1,1,60771946,801907683,32550,3078,6.077194600,80.190768300,32.550,3.078,-3,-2,-1,-0.03,-0.02,-0.01,0.01,0.03605551275463989,3466,34.660000000000004,5.3578,-19.7509,3.0700
431.924986,1788180027.794492,540843,140,1,1,60771942,801907681,32540,3065,6.077194200,80.190768100,32.540,3.065,-3,-2,0,-0.03,-0.02,0.0,-0.0,0.03605551275463989,3466,34.660000000000004,5.3357,-19.7951,3.0600
432.426322,1788180028.295828,541343,168,1,1,60771939,801907680,32530,3051,6.077193900,80.190768000,32.530,3.051,-4,-2,0,-0.04,-0.02,0.0,-0.0,0.044721359549995794,3466,34.660000000000004,5.3246,-19.8283,3.0500
433.049605,1788180028.919111,541843,197,1,1,60771937,801907678,32520,3043,6.077193700,80.190767800,32.520,3.043,-3,-2,0,-0.03,-0.02,0.0,-0.0,0.03605551275463989,3466,34.660000000000004,5.3025,-19.8504,3.0400
433.409947,1788180029.279453,542343,225,1,1,60771935,801907676,32520,3040,6.077193500,80.190767600,32.520,3.04,-3,-2,0,-0.03,-0.02,0.0,-0.0,0.03605551275463989,3466,34.660000000000004,5.2803,-19.8725,3.0400
433.967591,1788180029.837097,542843,254,1,1,60771933,801907674,32510,3032,6.077193300,80.190767400,32.510,3.032,-3,-3,0,-0.03,-0.03,0.0,-0.0,0.04242640687119285,3466,34.660000000000004,5.2582,-19.8947,3.0300
434.545755,1788180030.415261,543343,26,1,1,60771932,801907672,32500,3027,6.077193200,80.190767200,32.500,3.027,-2,-2,0,-0.02,-0.02,0.0,-0.0,0.028284271247461905,3465,34.65,5.2360,-19.9057,3.0200
435.000836,1788180030.870342,543843,55,1,1,60771931,801907671,32500,3026,6.077193100,80.190767100,32.500,3.0260000000000002,-2,-1,0,-0.02,-0.01,0.0,-0.0,0.022360679774997897,3465,34.65,5.2250,-19.9168,3.0200
435.422280,1788180031.291786,544343,83,1,1,60771931,801907670,32500,3023,6.077193100,80.190767000,32.500,3.023,0,-1,0,0.0,-0.01,0.0,-0.0,0.01,3464,34.64,5.2139,-19.9168,3.0200
435.905281,1788180031.774787,544843,112,1,1,60771931,801907668,32490,3011,6.077193100,80.190766800,32.490,3.011,0,0,0,0.0,0.0,0.0,-0.0,0.0,3464,34.64,5.1918,-19.9168,3.0100
436.500442,1788180032.369948,545343,140,1,1,60771931,801907666,32480,3006,6.077193100,80.190766600,32.480,3.0060000000000002,0,0,0,0.0,0.0,0.0,-0.0,0.0,3464,34.64,5.1696,-19.9168,3.0000
436.954374,1788180032.823880,545843,169,1,1,60771931,801907663,32470,2995,6.077193100,80.190766300,32.470,2.995,1,-1,0,0.01,-0.01,0.0,-0.0,0.014142135623730952,3464,34.64,5.1364,-19.9168,2.9900
437.501926,1788180033.371432,546343,197,1,1,60771931,801907660,32460,2983,6.077193100,80.190766000,32.460,2.983,2,-1,0,0.02,-0.01,0.0,-0.0,0.022360679774997897,3463,34.63,5.1032,-19.9168,2.9800
437.952673,1788180033.822179,546843,226,1,1,60771931,801907657,32450,2971,6.077193100,80.190765700,32.450,2.971,2,-1,0,0.02,-0.01,0.0,-0.0,0.022360679774997897,3463,34.63,5.0700,-19.9168,2.9700
438.448718,1788180034.318224,547343,254,1,1,60771931,801907654,32440,2969,6.077193100,80.190765400,32.440,2.969,1,-2,0,0.01,-0.02,0.0,-0.0,0.022360679774997897,3463,34.63,5.0368,-19.9168,2.9600
438.917880,1788180034.787386,547843,27,1,1,60771930,801907651,32440,2960,6.077193000,80.190765100,32.440,2.96,1,-2,0,0.01,-0.02,0.0,-0.0,0.022360679774997897,3463,34.63,5.0036,-19.9278,2.9600
439.494703,1788180035.364209,548343,55,1,1,60771928,801907648,32430,2951,6.077192800,80.190764800,32.430,2.951,1,-2,0,0.01,-0.02,0.0,-0.0,0.022360679774997897,3463,34.63,4.9704,-19.9499,2.9500
439.949356,1788180035.818862,548843,84,1,1,60771928,801907645,32410,2932,6.077192800,80.190764500,32.410,2.932,1,-2,1,0.01,-0.02,0.01,-0.01,0.022360679774997897,3463,34.63,4.9372,-19.9499,2.9300
440.482523,1788180036.352029,549348,112,1,1,60771927,801907642,32390,2914,6.077192700,80.190764200,32.390,2.914,1,-2,1,0.01,-0.02,0.01,-0.01,0.022360679774997897,3463,34.63,4.9039,-19.9610,2.9100
441.082521,1788180036.952027,549843,141,1,1,60771925,801907638,32380,2902,6.077192500,80.190763800,32.380,2.902,0,-3,1,0.0,-0.03,0.01,-0.01,0.03,3464,34.64,4.8597,-19.9831,2.9000
441.450295,1788180037.319801,550343,170,1,1,60771924,801907636,32360,2884,6.077192400,80.190763600,32.360,2.884,0,-2,2,0.0,-0.02,0.02,-0.02,0.02,3464,34.64,4.8375,-19.9942,2.8800
441.980769,1788180037.850275,550843,199,1,1,60771923,801907633,32350,2872,6.077192300,80.190763300,32.350,2.872,0,-2,1,0.0,-0.02,0.01,-0.01,0.02,3464,34.64,4.8043,-20.0052,2.8700
442.480863,1788180038.350369,551343,227,1,1,60771923,801907630,32340,2861,6.077192300,80.190763000,32.340,2.861,0,-3,2,0.0,-0.03,0.02,-0.02,0.03,3464,34.64,4.7711,-20.0052,2.8600
442.933286,1788180038.802792,551843,0,1,1,60771921,801907627,32340,2863,6.077192100,80.190762700,32.340,2.863,0,-3,1,0.0,-0.03,0.01,-0.01,0.03,3464,34.64,4.7379,-20.0274,2.8600
443.479737,1788180039.349243,552343,28,1,1,60771920,801907624,32350,2871,6.077192000,80.190762400,32.350,2.871,0,-2,1,0.0,-0.02,0.01,-0.01,0.02,3464,34.64,4.7047,-20.0384,2.8700
443.975022,1788180039.844528,552843,57,1,1,60771919,801907622,32350,2871,6.077191900,80.190762200,32.350,2.871,0,-2,0,0.0,-0.02,0.0,-0.0,0.02,3464,34.64,4.6826,-20.0495,2.8700
444.507941,1788180040.377447,553343,85,1,1,60771918,801907619,32350,2873,6.077191800,80.190761900,32.350,2.873,-1,-2,0,-0.01,-0.02,0.0,-0.0,0.022360679774997897,3464,34.64,4.6493,-20.0605,2.8700
445.022363,1788180040.891869,553843,114,1,1,60771918,801907616,32340,2869,6.077191800,80.190761600,32.340,2.869,0,-3,0,0.0,-0.03,0.0,-0.0,0.03,3464,34.64,4.6161,-20.0605,2.8600
445.427132,1788180041.296638,554343,142,1,1,60771918,801907615,32340,2861,6.077191800,80.190761500,32.340,2.861,0,-2,0,0.0,-0.02,0.0,-0.0,0.02,3464,34.64,4.6051,-20.0605,2.8600
445.926712,1788180041.796218,554843,171,1,1,60771917,801907613,32330,2853,6.077191700,80.190761300,32.330,2.853,0,-1,0,0.0,-0.01,0.0,-0.0,0.01,3465,34.65,4.5829,-20.0716,2.8500
446.472364,1788180042.341870,555343,199,1,1,60771916,801907612,32330,2851,6.077191600,80.190761200,32.330,2.851,0,-1,0,0.0,-0.01,0.0,-0.0,0.01,3465,34.65,4.5719,-20.0827,2.8500
446.922496,1788180042.792002,555843,228,1,1,60771915,801907611,32330,2852,6.077191500,80.190761100,32.330,2.852,0,0,0,0.0,0.0,0.0,-0.0,0.0,3464,34.64,4.5608,-20.0937,2.8500
447.503206,1788180043.372712,556343,0,1,1,60771915,801907610,32340,2864,6.077191500,80.190761000,32.340,2.864,0,0,0,0.0,0.0,0.0,-0.0,0.0,3464,34.64,4.5497,-20.0937,2.8600
447.955327,1788180043.824833,556843,29,1,1,60771914,801907609,32340,2867,6.077191400,80.190760900,32.340,2.867,0,0,0,0.0,0.0,0.0,-0.0,0.0,3464,34.64,4.5386,-20.1048,2.8600
448.468911,1788180044.338417,557343,57,1,1,60771914,801907609,32350,2872,6.077191400,80.190760900,32.350,2.872,0,0,0,0.0,0.0,0.0,-0.0,0.0,3464,34.64,4.5386,-20.1048,2.8700
449.000515,1788180044.870021,557843,86,1,1,60771914,801907609,32340,2865,6.077191400,80.190760900,32.340,2.865,1,1,0,0.01,0.01,0.0,-0.0,0.014142135623730952,3464,34.64,4.5386,-20.1048,2.8600
449.408186,1788180045.277692,558343,114,1,1,60771914,801907611,32340,2864,6.077191400,80.190761100,32.340,2.864,1,2,0,0.01,0.02,0.0,-0.0,0.022360679774997897,3464,34.64,4.5608,-20.1048,2.8600
449.951442,1788180045.820948,558843,144,1,1,60771914,801907613,32330,2853,6.077191400,80.190761300,32.330,2.853,1,3,0,0.01,0.03,0.0,-0.0,0.0316227766016838,3464,34.64,4.5829,-20.1048,2.8500
450.528198,1788180046.397704,559343,172,1,1,60771916,801907614,32320,2849,6.077191600,80.190761400,32.320,2.849,3,3,0,0.03,0.03,0.0,-0.0,0.04242640687119285,3464,34.64,4.5940,-20.0827,2.8400
450.999441,1788180046.868947,559843,201,1,1,60771917,801907615,32330,2857,6.077191700,80.190761500,32.330,2.857,3,3,0,0.03,0.03,0.0,-0.0,0.04242640687119285,3463,34.63,4.6051,-20.0716,2.8500
451.452720,1788180047.322226,560343,230,1,1,60771918,801907615,32340,2861,6.077191800,80.190761500,32.340,2.861,4,2,0,0.04,0.02,0.0,-0.0,0.044721359549995794,3463,34.63,4.6051,-20.0605,2.8600
451.906829,1788180047.776335,560843,3,1,1,60771918,801907615,32360,2882,6.077191800,80.190761500,32.360,2.882,3,2,0,0.03,0.02,0.0,-0.0,0.03605551275463989,3463,34.63,4.6051,-20.0605,2.8800
452.451052,1788180048.320558,561343,31,1,1,60771917,801907616,32360,2888,6.077191700,80.190761600,32.360,2.888,2,2,0,0.02,0.02,0.0,-0.0,0.028284271247461905,3463,34.63,4.6161,-20.0716,2.8800
452.905047,1788180048.774553,561843,60,1,1,60771917,801907615,32370,2891,6.077191700,80.190761500,32.370,2.891,1,1,0,0.01,0.01,0.0,-0.0,0.014142135623730952,3462,34.62,4.6051,-20.0716,2.8900
453.532688,1788180049.402194,562343,88,1,1,60771915,801907615,32370,2893,6.077191500,80.190761500,32.370,2.8930000000000002,0,0,0,0.0,0.0,0.0,-0.0,0.0,3462,34.62,4.6051,-20.0937,2.8900
453.967921,1788180049.837427,562843,117,1,1,60771913,801907615,32390,2913,6.077191300,80.190761500,32.390,2.9130000000000003,-1,0,-1,-0.01,0.0,-0.01,0.01,0.01,3462,34.62,4.6051,-20.1158,2.9100
454.449800,1788180050.319306,563343,145,1,1,60771911,801907614,32400,2927,6.077191100,80.190761400,32.400,2.927,-2,-1,-1,-0.02,-0.01,-0.01,0.01,0.022360679774997897,3462,34.62,4.5940,-20.1379,2.9200
454.933339,1788180050.802845,563843,174,1,1,60771909,801907613,32410,2939,6.077190900,80.190761300,32.410,2.939,-2,-1,-1,-0.02,-0.01,-0.01,0.01,0.022360679774997897,3462,34.62,4.5829,-20.1601,2.9300
455.434479,1788180051.303985,564343,202,1,1,60771908,801907613,32410,2938,6.077190800,80.190761300,32.410,2.938,-2,-1,-1,-0.02,-0.01,-0.01,0.01,0.022360679774997897,3462,34.62,4.5829,-20.1711,2.9300
455.899706,1788180051.769212,564843,231,1,1,60771907,801907613,32410,2939,6.077190700,80.190761300,32.410,2.939,-2,-1,-1,-0.02,-0.01,-0.01,0.01,0.022360679774997897,3462,34.62,4.5829,-20.1822,2.9300
456.524226,1788180052.393732,565343,3,1,1,60771908,801907613,32410,2934,6.077190800,80.190761300,32.410,2.934,-1,0,0,-0.01,0.0,0.0,-0.0,0.01,3462,34.62,4.5829,-20.1711,2.9300
456.975472,1788180052.844978,565843,32,1,1,60771908,801907614,32410,2935,6.077190800,80.190761400,32.410,2.935,-1,0,0,-0.01,0.0,0.0,-0.0,0.01,3462,34.62,4.5940,-20.1711,2.9300
457.432911,1788180053.302417,566343,60,1,1,60771907,801907615,32420,2945,6.077190700,80.190761500,32.420,2.945,-1,0,0,-0.01,0.0,0.0,-0.0,0.01,3462,34.62,4.6051,-20.1822,2.9400
457.973976,1788180053.843482,566843,89,1,1,60771907,801907617,32420,2940,6.077190700,80.190761700,32.420,2.94,-1,0,0,-0.01,0.0,0.0,-0.0,0.01,3462,34.62,4.6272,-20.1822,2.9400
458.471614,1788180054.341120,567343,121,1,1,60771907,801907618,32410,2938,6.077190700,80.190761800,32.410,2.938,0,0,0,0.0,0.0,0.0,-0.0,0.0,3462,34.62,4.6383,-20.1822,2.9300
458.924819,1788180054.794325,567843,150,1,1,60771907,801907621,32410,2937,6.077190700,80.190762100,32.410,2.9370000000000003,0,1,0,0.0,0.01,0.0,-0.0,0.01,3462,34.62,4.6715,-20.1822,2.9300
459.519505,1788180055.389011,568343,178,1,1,60771907,801907624,32420,2942,6.077190700,80.190762400,32.420,2.942,0,2,0,0.0,0.02,0.0,-0.0,0.02,3462,34.62,4.7047,-20.1822,2.9400
459.923417,1788180055.792923,568843,207,1,1,60771908,801907627,32430,2955,6.077190800,80.190762700,32.430,2.955,1,3,0,0.01,0.03,0.0,-0.0,0.0316227766016838,3462,34.62,4.7379,-20.1711,2.9500
460.547085,1788180056.416591,569348,235,1,1,60771908,801907631,32460,2980,6.077190800,80.190763100,32.460,2.98,0,4,-1,0.0,0.04,-0.01,0.01,0.04,3462,34.62,4.7822,-20.1711,2.9800
460.920240,1788180056.789746,569843,8,1,1,60771908,801907635,32460,2989,6.077190800,80.190763500,32.460,2.989,0,5,-1,0.0,0.05,-0.01,0.01,0.05,3462,34.62,4.8265,-20.1711,2.9800
461.435053,1788180057.304559,570343,37,1,1,60771910,801907640,32470,2995,6.077191000,80.190764000,32.470,2.995,1,6,-1,0.01,0.06,-0.01,0.01,0.0608276253029822,3462,34.62,4.8818,-20.1490,2.9900
461.918032,1788180057.787538,570843,66,1,1,60771913,801907645,32470,2992,6.077191300,80.190764500,32.470,2.992,3,7,-1,0.03,0.07,-0.01,0.01,0.07615773105863909,3462,34.62,4.9372,-20.1158,2.9900
462.463805,1788180058.333311,571343,94,1,1,60771917,801907651,32460,2985,6.077191700,80.190765100,32.460,2.985,4,7,0,0.04,0.07,0.0,-0.0,0.0806225774829855,3462,34.62,5.0036,-20.0716,2.9800
462.964963,1788180058.834469,571843,123,1,1,60771920,801907656,32460,2986,6.077192000,80.190765600,32.460,2.986,5,8,0,0.05,0.08,0.0,-0.0,0.09433981132056603,3462,34.62,5.0589,-20.0384,2.9800
463.495475,1788180059.364981,572343,151,1,1,60771923,801907662,32470,2992,6.077192300,80.190766200,32.470,2.992,5,8,-1,0.05,0.08,-0.01,0.01,0.09433981132056603,3462,34.62,5.1253,-20.0052,2.9900
463.964306,1788180059.833812,572843,180,1,1,60771925,801907667,32480,3001,6.077192500,80.190766700,32.480,3.001,4,8,0,0.04,0.08,0.0,-0.0,0.08944271909999159,3462,34.62,5.1807,-19.9831,3.0000
464.428490,1788180060.297996,573343,208,1,1,60771927,801907671,32480,3008,6.077192700,80.190767100,32.480,3.008,4,7,-1,0.04,0.07,-0.01,0.01,0.0806225774829855,3462,34.62,5.2250,-19.9610,3.0000
464.913166,1788180060.782672,573843,237,1,1,60771928,801907674,32480,3004,6.077192800,80.190767400,32.480,3.004,3,6,0,0.03,0.06,0.0,-0.0,0.0670820393249937,3462,34.62,5.2582,-19.9499,3.0000
465.444654,1788180061.314160,574343,9,1,1,60771930,801907676,32470,2995,6.077193000,80.190767600,32.470,2.995,2,5,0,0.02,0.05,0.0,-0.0,0.053851648071345036,3463,34.63,5.2803,-19.9278,2.9900
465.912193,1788180061.781699,574843,38,1,1,60771931,801907678,32480,3003,6.077193100,80.190767800,32.480,3.003,1,4,0,0.01,0.04,0.0,-0.0,0.04123105625617661,3463,34.63,5.3025,-19.9168,3.0000
466.485933,1788180062.355439,575348,66,1,1,60771933,801907680,32470,2998,6.077193300,80.190768000,32.470,2.998,2,2,0,0.02,0.02,0.0,-0.0,0.028284271247461905,3462,34.62,5.3246,-19.8947,2.9900
466.997973,1788180062.867479,575843,95,1,1,60771935,801907681,32480,3000,6.077193500,80.190768100,32.480,3.0,2,1,0,0.02,0.01,0.0,-0.0,0.022360679774997897,3462,34.62,5.3357,-19.8725,3.0000
467.450239,1788180063.319745,576343,123,1,1,60771938,801907681,32470,2996,6.077193800,80.190768100,32.470,2.996,2,0,0,0.02,0.0,0.0,-0.0,0.02,3463,34.63,5.3357,-19.8394,2.9900
468.025884,1788180063.895390,576843,152,1,1,60771941,801907680,32470,2999,6.077194100,80.190768000,32.470,2.999,2,-1,0,0.02,-0.01,0.0,-0.0,0.022360679774997897,3463,34.63,5.3246,-19.8062,2.9900
468.447585,1788180064.317091,577343,180,1,1,60771943,801907679,32470,2995,6.077194300,80.190767900,32.470,2.995,2,-2,0,0.02,-0.02,0.0,-0.0,0.028284271247461905,3463,34.63,5.3135,-19.7841,2.9900
468.944987,1788180064.814493,577843,209,1,1,60771944,801907679,32480,3007,6.077194400,80.190767900,32.480,3.007,1,-3,0,0.01,-0.03,0.0,-0.0,0.0316227766016838,3463,34.63,5.3135,-19.7730,3.0000
469.426274,1788180065.295780,578343,237,1,1,60771944,801907678,32490,3015,6.077194400,80.190767800,32.490,3.015,0,-3,-1,0.0,-0.03,-0.01,0.01,0.03,3463,34.63,5.3025,-19.7730,3.0100
469.943441,1788180065.812947,578843,10,1,1,60771945,801907677,32490,3019,6.077194500,80.190767700,32.490,3.019,0,-4,-1,0.0,-0.04,-0.01,0.01,0.04,3463,34.63,5.2914,-19.7619,3.0100
470.393440,1788180066.262946,579343,38,1,1,60771949,801907676,32490,3011,6.077194900,80.190767600,32.490,3.011,1,-4,-1,0.01,-0.04,-0.01,0.01,0.04123105625617661,3463,34.63,5.2803,-19.7177,3.0100
471.015936,1788180066.885442,579843,67,1,1,60771953,801907676,32480,3002,6.077195300,80.190767600,32.480,3.0020000000000002,2,-3,0,0.02,-0.03,0.0,-0.0,0.03605551275463989,3463,34.63,5.2803,-19.6735,3.0000
471.485127,1788180067.354633,580343,96,1,1,60771957,801907676,32480,3003,6.077195700,80.190767600,32.480,3.003,3,-3,0,0.03,-0.03,0.0,-0.0,0.04242640687119285,3463,34.63,5.2803,-19.6292,3.0000
471.936083,1788180067.805589,580843,125,1,1,60771960,801907676,32490,3010,6.077196000,80.190767600,32.490,3.0100000000000002,3,-1,0,0.03,-0.01,0.0,-0.0,0.0316227766016838,3463,34.63,5.2803,-19.5961,3.0100
472.467766,1788180068.337272,581343,153,1,1,60771962,801907677,32490,3013,6.077196200,80.190767700,32.490,3.013,3,0,0,0.03,0.0,0.0,-0.0,0.03,3463,34.63,5.2914,-19.5739,3.0100
472.980974,1788180068.850480,581843,182,1,1,60771964,801907677,32500,3020,6.077196400,80.190767700,32.500,3.02,3,0,0,0.03,0.0,0.0,-0.0,0.03,3463,34.63,5.2914,-19.5518,3.0200
473.541560,1788180069.411066,582343,210,1,1,60771966,801907676,32500,3028,6.077196600,80.190767600,32.500,3.028,3,0,-1,0.03,0.0,-0.01,0.01,0.03,3463,34.63,5.2803,-19.5297,3.0200
473.916931,1788180069.786437,582843,239,1,1,60771968,801907675,32510,3032,6.077196800,80.190767500,32.510,3.032,3,0,-1,0.03,0.0,-0.01,0.01,0.03,3463,34.63,5.2693,-19.5076,3.0300
474.464354,1788180070.333860,583343,11,1,1,60771969,801907673,32510,3032,6.077196900,80.190767300,32.510,3.032,3,0,-1,0.03,0.0,-0.01,0.01,0.03,3463,34.63,5.2471,-19.4965,3.0300
474.921707,1788180070.791213,583843,40,1,1,60771970,801907672,32510,3031,6.077197000,80.190767200,32.510,3.031,2,0,-1,0.02,0.0,-0.01,0.01,0.02,3463,34.63,5.2360,-19.4855,3.0300
476.407250,1788180072.276756,584343,68,1,1,60771972,801907671,32510,3037,6.077197200,80.190767100,32.510,3.037,2,0,-1,0.02,0.0,-0.01,0.01,0.02,3464,34.64,5.2250,-19.4634,3.0300
476.412724,1788180072.282230,584843,97,1,1,60771974,801907668,32520,3046,6.077197400,80.190766800,32.520,3.0460000000000003,2,0,-1,0.02,0.0,-0.01,0.01,0.02,3464,34.64,5.1918,-19.4412,3.0400
476.418405,1788180072.287911,585343,125,1,1,60771975,801907665,32520,3049,6.077197500,80.190766500,32.520,3.049,2,-1,-1,0.02,-0.01,-0.01,0.01,0.022360679774997897,3464,34.64,5.1586,-19.4302,3.0400
477.008658,1788180072.878164,585843,154,1,1,60771976,801907661,32520,3042,6.077197600,80.190766100,32.520,3.0420000000000003,2,-2,-1,0.02,-0.02,-0.01,0.01,0.028284271247461905,3464,34.64,5.1143,-19.4191,3.0400
477.459779,1788180073.329285,586343,182,1,1,60771977,801907658,32520,3041,6.077197700,80.190765800,32.520,3.041,1,-3,-1,0.01,-0.03,-0.01,0.01,0.0316227766016838,3464,34.64,5.0811,-19.4081,3.0400
477.995150,1788180073.864656,586843,211,1,1,60771978,801907656,32500,3026,6.077197800,80.190765600,32.500,3.0260000000000002,1,-2,0,0.01,-0.02,0.0,-0.0,0.022360679774997897,3464,34.64,5.0589,-19.3970,3.0200
478.451345,1788180074.320851,587343,239,1,1,60771980,801907653,32500,3021,6.077198000,80.190765300,32.500,3.021,1,-3,0,0.01,-0.03,0.0,-0.0,0.0316227766016838,3464,34.64,5.0257,-19.3749,3.0200
478.921519,1788180074.791025,587843,12,1,1,60771985,801907651,32500,3025,6.077198500,80.190765100,32.500,3.025,2,-3,0,0.02,-0.03,0.0,-0.0,0.03605551275463989,3464,34.64,5.0036,-19.3196,3.0200
479.528502,1788180075.398008,588343,40,1,1,60771990,801907648,32510,3038,6.077199000,80.190764800,32.510,3.0380000000000003,3,-3,0,0.03,-0.03,0.0,-0.0,0.04242640687119285,3465,34.65,4.9704,-19.2643,3.0300
479.951061,1788180075.820567,588843,70,1,1,60771996,801907645,32520,3045,6.077199600,80.190764500,32.520,3.045,5,-4,0,0.05,-0.04,0.0,-0.0,0.06403124237432849,3465,34.65,4.9372,-19.1980,3.0400
480.453237,1788180076.322743,589343,98,1,1,60772002,801907642,32530,3059,6.077200200,80.190764200,32.530,3.059,5,-4,-1,0.05,-0.04,-0.01,0.01,0.06403124237432849,3465,34.65,4.9039,-19.1316,3.0500
480.937331,1788180076.806837,589843,127,1,1,60772006,801907640,32540,3067,6.077200600,80.190764000,32.540,3.067,5,-4,-1,0.05,-0.04,-0.01,0.01,0.06403124237432849,3465,34.65,4.8818,-19.0874,3.0600
481.451821,1788180077.321327,590343,156,1,1,60772010,801907639,32550,3071,6.077201000,80.190763900,32.550,3.071,5,-3,-1,0.05,-0.03,-0.01,0.01,0.05830951894845301,3465,34.65,4.8707,-19.0431,3.0700
481.947814,1788180077.817320,590843,185,1,1,60772015,801907638,32540,3063,6.077201500,80.190763800,32.540,3.063,4,-3,-1,0.04,-0.03,-0.01,0.01,0.05,3465,34.65,4.8597,-18.9878,3.0600
482.478168,1788180078.347674,591343,213,1,1,60772019,801907637,32530,3058,6.077201900,80.190763700,32.530,3.0580000000000003,4,-2,-1,0.04,-0.02,-0.01,0.01,0.044721359549995794,3465,34.65,4.8486,-18.9436,3.0500
482.931897,1788180078.801403,591843,242,1,1,60772025,801907636,32520,3044,6.077202500,80.190763600,32.520,3.044,6,-1,0,0.06,-0.01,0.0,-0.0,0.0608276253029822,3466,34.660000000000004,4.8375,-18.8773,3.0400
483.398388,1788180079.267894,592343,14,1,1,60772031,801907637,32490,3019,6.077203100,80.190763700,32.490,3.019,7,0,0,0.07,0.0,0.0,-0.0,0.07,3466,34.660000000000004,4.8486,-18.8109,3.0100
483.928911,1788180079.798417,592843,43,1,1,60772036,801907638,32490,3010,6.077203600,80.190763800,32.490,3.0100000000000002,7,0,0,0.07,0.0,0.0,-0.0,0.07,3466,34.660000000000004,4.8597,-18.7556,3.0100
484.445570,1788180080.315076,593343,71,1,1,60772040,801907639,32490,3012,6.077204000,80.190763900,32.490,3.012,7,1,0,0.07,0.01,0.0,-0.0,0.07071067811865475,3466,34.660000000000004,4.8707,-18.7114,3.0100
484.943933,1788180080.813439,593843,100,1,1,60772043,801907641,32490,3012,6.077204300,80.190764100,32.490,3.012,6,2,0,0.06,0.02,0.0,-0.0,0.0632455532033676,3466,34.660000000000004,4.8929,-18.6782,3.0100
485.473541,1788180081.343047,594343,128,1,1,60772047,801907642,32480,3009,6.077204700,80.190764200,32.480,3.009,6,3,0,0.06,0.03,0.0,-0.0,0.0670820393249937,3467,34.67,4.9039,-18.6340,3.0000
485.926624,1788180081.796130,594843,157,1,1,60772050,801907644,32490,3010,6.077205000,80.190764400,32.490,3.0100000000000002,5,4,0,0.05,0.04,0.0,-0.0,0.06403124237432849,3467,34.67,4.9261,-18.6008,3.0100
486.442155,1788180082.311661,595343,185,1,1,60772052,801907646,32500,3021,6.077205200,80.190764600,32.500,3.021,4,4,0,0.04,0.04,0.0,-0.0,0.05656854249492381,3467,34.67,4.9482,-18.5787,3.0200
486.975452,1788180082.844958,595843,214,1,1,60772053,801907647,32510,3036,6.077205300,80.190764700,32.510,3.036,3,4,0,0.03,0.04,0.0,-0.0,0.05,3468,34.68,4.9593,-18.5676,3.0300
487.429778,1788180083.299284,596343,242,1,1,60772055,801907647,32510,3033,6.077205500,80.190764700,32.510,3.033,3,3,0,0.03,0.03,0.0,-0.0,0.04242640687119285,3468,34.68,4.9593,-18.5455,3.0300
487.931137,1788180083.800643,596843,15,1,1,60772057,801907648,32510,3038,6.077205700,80.190764800,32.510,3.0380000000000003,2,3,0,0.02,0.03,0.0,-0.0,0.03605551275463989,3468,34.68,4.9704,-18.5234,3.0300
488.461065,1788180084.330571,597346,43,1,1,60772058,801907648,32520,3047,6.077205800,80.190764800,32.520,3.047,2,2,-1,0.02,0.02,-0.01,0.01,0.028284271247461905,3468,34.68,4.9704,-18.5123,3.0400
488.960911,1788180084.830417,597844,72,1,1,60772057,801907648,32530,3055,6.077205700,80.190764800,32.530,3.055,0,1,-1,0.0,0.01,-0.01,0.01,0.01,3468,34.68,4.9704,-18.5234,3.0500
489.506354,1788180085.375860,598346,100,1,1,60772057,801907648,32540,3064,6.077205700,80.190764800,32.540,3.064,0,1,-1,0.0,0.01,-0.01,0.01,0.01,3468,34.68,4.9704,-18.5234,3.0600
489.913140,1788180085.782646,598844,129,1,1,60772057,801907648,32540,3064,6.077205700,80.190764800,32.540,3.064,-1,0,-1,-0.01,0.0,-0.01,0.01,0.01,3468,34.68,4.9704,-18.5234,3.0600
490.412079,1788180086.281585,599346,157,1,1,60772057,801907648,32530,3056,6.077205700,80.190764800,32.530,3.056,-1,0,-1,-0.01,0.0,-0.01,0.01,0.01,3469,34.69,4.9704,-18.5234,3.0500
491.042606,1788180086.912112,599844,186,1,1,60772058,801907648,32520,3046,6.077205800,80.190764800,32.520,3.0460000000000003,-2,0,0,-0.02,0.0,0.0,-0.0,0.02,3469,34.69,4.9704,-18.5123,3.0400
491.402611,1788180087.272117,600346,215,1,1,60772058,801907647,32520,3045,6.077205800,80.190764700,32.520,3.045,-2,-1,0,-0.02,-0.01,0.0,-0.0,0.022360679774997897,3470,34.7,4.9593,-18.5123,3.0400
491.961747,1788180087.831253,600844,244,1,1,60772059,801907647,32510,3038,6.077205900,80.190764700,32.510,3.0380000000000003,-2,-1,0,-0.02,-0.01,0.0,-0.0,0.022360679774997897,3470,34.7,4.9593,-18.5013,3.0300
492.400868,1788180088.270374,601346,16,1,1,60772059,801907647,32510,3038,6.077205900,80.190764700,32.510,3.0380000000000003,-2,0,0,-0.02,0.0,0.0,-0.0,0.02,3470,34.7,4.9593,-18.5013,3.0300
492.946102,1788180088.815608,601844,45,1,1,60772060,801907647,32520,3045,6.077206000,80.190764700,32.520,3.045,-2,-1,0,-0.02,-0.01,0.0,-0.0,0.022360679774997897,3470,34.7,4.9593,-18.4902,3.0400
493.396259,1788180089.265765,602346,73,1,1,60772060,801907646,32530,3050,6.077206000,80.190764600,32.530,3.0500000000000003,-2,-1,0,-0.02,-0.01,0.0,-0.0,0.022360679774997897,3471,34.71,4.9482,-18.4902,3.0500
494.020080,1788180089.889586,602844,102,1,1,60772060,801907645,32530,3056,6.077206000,80.190764500,32.530,3.056,-2,-2,-1,-0.02,-0.02,-0.01,0.01,0.028284271247461905,3471,34.71,4.9372,-18.4902,3.0500
494.487406,1788180090.356912,603346,130,1,1,60772061,801907645,32550,3073,6.077206100,80.190764500,32.550,3.073,-1,-1,-1,-0.01,-0.01,-0.01,0.01,0.014142135623730952,3471,34.71,4.9372,-18.4791,3.0700
494.909749,1788180090.779255,603844,159,1,1,60772063,801907646,32560,3080,6.077206300,80.190764600,32.560,3.08,0,0,-1,0.0,0.0,-0.01,0.01,0.0,3471,34.71,4.9482,-18.4570,3.0800
495.667444,1788180091.536950,604346,187,1,1,60772065,801907646,32560,3081,6.077206500,80.190764600,32.560,3.081,0,0,-1,0.0,0.0,-0.01,0.01,0.0,3471,34.71,4.9482,-18.4349,3.0800
496.093529,1788180091.963035,604844,216,1,1,60772067,801907647,32560,3083,6.077206700,80.190764700,32.560,3.083,0,0,-1,0.0,0.0,-0.01,0.01,0.0,3471,34.71,4.9593,-18.4128,3.0800
496.469397,1788180092.338903,605346,247,1,1,60772068,801907648,32560,3089,6.077206800,80.190764800,32.560,3.089,1,0,-1,0.01,0.0,-0.01,0.01,0.01,3471,34.71,4.9704,-18.4017,3.0800
496.937050,1788180092.806556,605844,21,1,1,60772070,801907648,32580,3104,6.077207000,80.190764800,32.580,3.104,1,0,-1,0.01,0.0,-0.01,0.01,0.01,3471,34.71,4.9704,-18.3796,3.1000
497.436880,1788180093.306386,606346,49,1,1,60772071,801907648,32580,3106,6.077207100,80.190764800,32.580,3.106,1,0,-1,0.01,0.0,-0.01,0.01,0.01,3471,34.71,4.9704,-18.3685,3.1000
497.933705,1788180093.803211,606844,78,1,1,60772072,801907647,32570,3097,6.077207200,80.190764700,32.570,3.097,2,0,-1,0.02,0.0,-0.01,0.01,0.02,3471,34.71,4.9593,-18.3575,3.0900
498.508885,1788180094.378391,607346,106,1,1,60772074,801907647,32560,3082,6.077207400,80.190764700,32.560,3.082,2,0,0,0.02,0.0,0.0,-0.0,0.02,3471,34.71,4.9593,-18.3354,3.0800
498.932146,1788180094.801652,607844,135,1,1,60772074,801907647,32550,3070,6.077207400,80.190764700,32.550,3.0700000000000003,2,0,0,0.02,0.0,0.0,-0.0,0.02,3471,34.71,4.9593,-18.3354,3.0700
499.431801,1788180095.301307,608346,163,1,1,60772075,801907648,32540,3069,6.077207500,80.190764800,32.540,3.069,2,1,0,0.02,0.01,0.0,-0.0,0.022360679774997897,3471,34.71,4.9704,-18.3243,3.0600
500.039301,1788180095.908807,608844,192,1,1,60772076,801907648,32550,3070,6.077207600,80.190764800,32.550,3.0700000000000003,2,1,0,0.02,0.01,0.0,-0.0,0.022360679774997897,3472,34.72,4.9704,-18.3133,3.0700
500.476567,1788180096.346073,609346,220,1,1,60772075,801907648,32550,3078,6.077207500,80.190764800,32.550,3.078,1,0,0,0.01,0.0,0.0,-0.0,0.01,3472,34.72,4.9704,-18.3243,3.0700
500.929118,1788180096.798624,609844,249,1,1,60772075,801907646,32550,3078,6.077207500,80.190764600,32.550,3.078,0,0,-1,0.0,0.0,-0.01,0.01,0.0,3472,34.72,4.9482,-18.3243,3.0700
501.458500,1788180097.328006,610346,22,1,1,60772073,801907644,32560,3080,6.077207300,80.190764400,32.560,3.08,0,-1,-1,0.0,-0.01,-0.01,0.01,0.01,3472,34.72,4.9261,-18.3464,3.0800
501.959974,1788180097.829480,610844,51,1,1,60772073,801907643,32560,3080,6.077207300,80.190764300,32.560,3.08,-1,-1,-1,-0.01,-0.01,-0.01,0.01,0.014142135623730952,3472,34.72,4.9150,-18.3464,3.0800
502.487238,1788180098.356744,611346,79,1,1,60772071,801907641,32570,3094,6.077207100,80.190764100,32.570,3.094,-1,-1,-1,-0.01,-0.01,-0.01,0.01,0.014142135623730952,3473,34.730000000000004,4.8929,-18.3685,3.0900
502.957913,1788180098.827419,611844,108,1,1,60772071,801907640,32570,3099,6.077207100,80.190764000,32.570,3.099,-1,-1,-1,-0.01,-0.01,-0.01,0.01,0.014142135623730952,3472,34.72,4.8818,-18.3685,3.0900
503.455776,1788180099.325282,612346,136,1,1,60772071,801907639,32580,3100,6.077207100,80.190763900,32.580,3.1,-2,-1,-1,-0.02,-0.01,-0.01,0.01,0.022360679774997897,3473,34.730000000000004,4.8707,-18.3685,3.1000
503.987308,1788180099.856814,612844,165,1,1,60772072,801907638,32570,3096,6.077207200,80.190763800,32.570,3.096,-1,-1,-1,-0.01,-0.01,-0.01,0.01,0.014142135623730952,3473,34.730000000000004,4.8597,-18.3575,3.0900
504.389752,1788180100.259258,613346,193,1,1,60772072,801907637,32570,3099,6.077207200,80.190763700,32.570,3.099,-2,-1,-1,-0.02,-0.01,-0.01,0.01,0.022360679774997897,3473,34.730000000000004,4.8486,-18.3575,3.0900
504.905279,1788180100.774785,613844,222,1,1,60772072,801907636,32570,3098,6.077207200,80.190763600,32.570,3.098,-1,-1,-1,-0.01,-0.01,-0.01,0.01,0.014142135623730952,3473,34.730000000000004,4.8375,-18.3575,3.0900
505.481928,1788180101.351434,614346,250,1,1,60772074,801907635,32560,3088,6.077207400,80.190763500,32.560,3.088,-1,-1,-1,-0.01,-0.01,-0.01,0.01,0.014142135623730952,3473,34.730000000000004,4.8265,-18.3354,3.0800
505.951203,1788180101.820709,614844,23,1,1,60772076,801907633,32560,3086,6.077207600,80.190763300,32.560,3.086,0,-2,0,0.0,-0.02,0.0,-0.0,0.02,3474,34.74,4.8043,-18.3133,3.0800
506.449541,1788180102.319047,615346,51,1,1,60772077,801907632,32570,3093,6.077207700,80.190763200,32.570,3.093,0,-2,0,0.0,-0.02,0.0,-0.0,0.02,3474,34.74,4.7932,-18.3022,3.0900
506.980159,1788180102.849665,615844,80,1,1,60772081,801907631,32570,3098,6.077208100,80.190763100,32.570,3.098,1,-2,-1,0.01,-0.02,-0.01,0.01,0.022360679774997897,3473,34.730000000000004,4.7822,-18.2580,3.0900
507.446397,1788180103.315903,616346,108,1,1,60772085,801907631,32570,3097,6.077208500,80.190763100,32.570,3.097,2,-1,-1,0.02,-0.01,-0.01,0.01,0.022360679774997897,3474,34.74,4.7822,-18.2137,3.0900
507.885175,1788180103.754681,616844,137,1,1,60772088,801907632,32580,3100,6.077208800,80.190763200,32.580,3.1,3,0,-1,0.03,0.0,-0.01,0.01,0.03,3474,34.74,4.7932,-18.1806,3.1000
508.413526,1788180104.283032,617346,165,1,1,60772091,801907631,32590,3111,6.077209100,80.190763100,32.590,3.111,4,0,-1,0.04,0.0,-0.01,0.01,0.04,3474,34.74,4.7822,-18.1474,3.1100
508.973941,1788180104.843447,617844,194,1,1,60772095,801907630,32580,3107,6.077209500,80.190763000,32.580,3.107,4,0,-1,0.04,0.0,-0.01,0.01,0.04,3474,34.74,4.7711,-18.1031,3.1000
509.441663,1788180105.311169,618346,222,1,1,60772098,801907630,32580,3106,6.077209800,80.190763000,32.580,3.106,4,0,-1,0.04,0.0,-0.01,0.01,0.04,3474,34.74,4.7711,-18.0700,3.1000
509.986344,1788180105.855850,618844,251,1,1,60772101,801907630,32580,3105,6.077210100,80.190763000,32.580,3.105,5,0,0,0.05,0.0,0.0,-0.0,0.05,3475,34.75,4.7711,-18.0368,3.1000
510.438697,1788180106.308203,619346,23,1,1,60772104,801907630,32580,3109,6.077210400,80.190763000,32.580,3.109,5,0,0,0.05,0.0,0.0,-0.0,0.05,3474,34.74,4.7711,-18.0036,3.1000
510.941095,1788180106.810601,619844,53,1,1,60772108,801907630,32580,3101,6.077210800,80.190763000,32.580,3.101,5,0,0,0.05,0.0,0.0,-0.0,0.05,3474,34.74,4.7711,-17.9594,3.1000
511.486697,1788180107.356203,620346,82,1,1,60772112,801907630,32580,3102,6.077211200,80.190763000,32.580,3.102,6,0,0,0.06,0.0,0.0,-0.0,0.06,3475,34.75,4.7711,-17.9151,3.1000
511.920182,1788180107.789688,620844,111,1,1,60772115,801907630,32570,3098,6.077211500,80.190763000,32.570,3.098,6,0,0,0.06,0.0,0.0,-0.0,0.06,3475,34.75,4.7711,-17.8820,3.0900
512.437418,1788180108.306924,621346,139,1,1,60772118,801907630,32560,3089,6.077211800,80.190763000,32.560,3.089,5,0,0,0.05,0.0,0.0,-0.0,0.05,3474,34.74,4.7711,-17.8488,3.0800
512.967764,1788180108.837270,621844,168,1,1,60772119,801907629,32560,3086,6.077211900,80.190762900,32.560,3.086,4,0,0,0.04,0.0,0.0,-0.0,0.04,3474,34.74,4.7600,-17.8377,3.0800
513.420399,1788180109.289905,622346,196,1,1,60772121,801907628,32550,3078,6.077212100,80.190762800,32.550,3.078,3,0,0,0.03,0.0,0.0,-0.0,0.03,3475,34.75,4.7490,-17.8156,3.0700
514.044887,1788180109.914393,622844,225,1,1,60772123,801907627,32560,3080,6.077212300,80.190762700,32.560,3.08,3,-1,0,0.03,-0.01,0.0,-0.0,0.0316227766016838,3475,34.75,4.7379,-17.7935,3.0800
514.465741,1788180110.335247,623346,253,1,1,60772124,801907625,32550,3079,6.077212400,80.190762500,32.550,3.079,2,-2,0,0.02,-0.02,0.0,-0.0,0.028284271247461905,3475,34.75,4.7158,-17.7824,3.0700
514.965124,1788180110.834630,623844,26,1,1,60772126,801907624,32530,3050,6.077212600,80.190762400,32.530,3.0500000000000003,2,-2,0,0.02,-0.02,0.0,-0.0,0.028284271247461905,3475,34.75,4.7047,-17.7603,3.0500
515.498418,1788180111.367924,624346,54,1,1,60772129,801907623,32500,3024,6.077212900,80.190762300,32.500,3.024,2,-2,1,0.02,-0.02,0.01,-0.01,0.028284271247461905,3475,34.75,4.6936,-17.7271,3.0200
515.901839,1788180111.771345,624844,83,1,1,60772131,801907623,32480,3009,6.077213100,80.190762300,32.480,3.009,2,-2,1,0.02,-0.02,0.01,-0.01,0.028284271247461905,3475,34.75,4.6936,-17.7050,3.0000
516.415234,1788180112.284740,625346,111,1,1,60772133,801907622,32480,3009,6.077213300,80.190762200,32.480,3.009,1,-1,1,0.01,-0.01,0.01,-0.01,0.014142135623730952,3475,34.75,4.6826,-17.6829,3.0000
516.917646,1788180112.787152,625844,140,1,1,60772134,801907620,32480,3004,6.077213400,80.190762000,32.480,3.004,0,-2,1,0.0,-0.02,0.01,-0.01,0.02,3475,34.75,4.6604,-17.6718,3.0000
517.451353,1788180113.320859,626346,168,1,1,60772136,801907619,32490,3010,6.077213600,80.190761900,32.490,3.0100000000000002,0,-2,1,0.0,-0.02,0.01,-0.01,0.02,3475,34.75,4.6493,-17.6497,3.0100
517.903972,1788180113.773478,626844,197,1,1,60772138,801907617,32500,3024,6.077213800,80.190761700,32.500,3.024,0,-2,0,0.0,-0.02,0.0,-0.0,0.02,3475,34.75,4.6272,-17.6276,3.0200
518.482085,1788180114.351591,627346,225,1,1,60772141,801907616,32510,3032,6.077214100,80.190761600,32.510,3.032,1,-2,0,0.01,-0.02,0.0,-0.0,0.022360679774997897,3475,34.75,4.6161,-17.5944,3.0300
518.946453,1788180114.815959,627844,254,1,1,60772144,801907616,32510,3037,6.077214400,80.190761600,32.510,3.037,2,-2,0,0.02,-0.02,0.0,-0.0,0.028284271247461905,3475,34.75,4.6161,-17.5613,3.0300
519.419510,1788180115.289016,628346,26,1,1,60772146,801907616,32520,3040,6.077214600,80.190761600,32.520,3.04,1,-1,0,0.01,-0.01,0.0,-0.0,0.014142135623730952,3475,34.75,4.6161,-17.5391,3.0400
519.985918,1788180115.855424,628844,55,1,1,60772148,801907616,32510,3030,6.077214800,80.190761600,32.510,3.0300000000000002,1,0,0,0.01,0.0,0.0,-0.0,0.01,3475,34.75,4.6161,-17.5170,3.0300
520.480152,1788180116.349658,629346,83,1,1,60772150,801907616,32500,3027,6.077215000,80.190761600,32.500,3.027,2,0,0,0.02,0.0,0.0,-0.0,0.02,3475,34.75,4.6161,-17.4949,3.0200
520.903262,1788180116.772768,629844,112,1,1,60772152,801907616,32510,3037,6.077215200,80.190761600,32.510,3.037,2,0,0,0.02,0.0,0.0,-0.0,0.02,3475,34.75,4.6161,-17.4728,3.0300
521.480944,1788180117.350450,630346,141,1,1,60772153,801907616,32520,3049,6.077215300,80.190761600,32.520,3.049,1,0,0,0.01,0.0,0.0,-0.0,0.01,3475,34.75,4.6161,-17.4617,3.0400
521.981839,1788180117.851345,630844,170,1,1,60772154,801907614,32520,3046,6.077215400,80.190761400,32.520,3.0460000000000003,1,0,0,0.01,0.0,0.0,-0.0,0.01,3476,34.76,4.5940,-17.4507,3.0400
522.433125,1788180118.302631,631346,198,1,1,60772155,801907613,32530,3052,6.077215500,80.190761300,32.530,3.052,1,0,0,0.01,0.0,0.0,-0.0,0.01,3476,34.76,4.5829,-17.4396,3.0500
522.963157,1788180118.832663,631844,227,1,1,60772156,801907611,32520,3048,6.077215600,80.190761100,32.520,3.048,1,0,0,0.01,0.0,0.0,-0.0,0.01,3476,34.76,4.5608,-17.4286,3.0400
523.476646,1788180119.346152,632346,255,1,1,60772156,801907609,32530,3052,6.077215600,80.190760900,32.530,3.052,1,0,0,0.01,0.0,0.0,-0.0,0.01,3476,34.76,4.5386,-17.4286,3.0500
523.927478,1788180119.796984,632844,28,1,1,60772156,801907608,32530,3051,6.077215600,80.190760800,32.530,3.051,1,0,0,0.01,0.0,0.0,-0.0,0.01,3476,34.76,4.5276,-17.4286,3.0500
524.426266,1788180120.295772,633346,56,1,1,60772157,801907605,32510,3037,6.077215700,80.190760500,32.510,3.037,1,0,0,0.01,0.0,0.0,-0.0,0.01,3476,34.76,4.4944,-17.4175,3.0300
524.926615,1788180120.796121,633844,85,1,1,60772156,801907602,32510,3037,6.077215600,80.190760200,32.510,3.037,0,-1,0,0.0,-0.01,0.0,-0.0,0.01,3476,34.76,4.4612,-17.4286,3.0300
525.412447,1788180121.281953,634346,113,1,1,60772156,801907598,32510,3034,6.077215600,80.190759800,32.510,3.0340000000000003,0,-2,0,0.0,-0.02,0.0,-0.0,0.02,3476,34.76,4.4169,-17.4286,3.0300
526.064534,1788180121.934040,634844,142,1,1,60772156,801907594,32500,3025,6.077215600,80.190759400,32.500,3.025,0,-3,1,0.0,-0.03,0.01,-0.01,0.03,3477,34.77,4.3726,-17.4286,3.0200
526.474978,1788180122.344484,635346,170,1,1,60772156,801907590,32500,3028,6.077215600,80.190759000,32.500,3.028,0,-3,0,0.0,-0.03,0.0,-0.0,0.03,3477,34.77,4.3283,-17.4286,3.0200
526.929396,1788180122.798902,635844,199,1,1,60772155,801907586,32510,3030,6.077215500,80.190758600,32.510,3.0300000000000002,0,-4,0,0.0,-0.04,0.0,-0.0,0.04,3477,34.77,4.2840,-17.4396,3.0300
527.458427,1788180123.327933,636346,227,1,1,60772153,801907581,32500,3025,6.077215300,80.190758100,32.500,3.025,-1,-4,1,-0.01,-0.04,0.01,-0.01,0.04123105625617661,3477,34.77,4.2287,-17.4617,3.0200
527.941145,1788180123.810651,636844,0,1,1,60772152,801907577,32500,3020,6.077215200,80.190757700,32.500,3.02,-1,-4,1,-0.01,-0.04,0.01,-0.01,0.04123105625617661,3477,34.77,4.1844,-17.4728,3.0200
528.501888,1788180124.371394,637346,28,1,1,60772150,801907572,32500,3025,6.077215000,80.190757200,32.500,3.025,-1,-5,0,-0.01,-0.05,0.0,-0.0,0.05099019513592785,3478,34.78,4.1291,-17.4949,3.0200
529.001462,1788180124.870968,637844,57,1,1,60772147,801907567,32510,3037,6.077214700,80.190756700,32.510,3.037,-2,-5,0,-0.02,-0.05,0.0,-0.0,0.053851648071345036,3478,34.78,4.0737,-17.5281,3.0300
529.466908,1788180125.336414,638346,85,1,1,60772145,801907564,32510,3037,6.077214500,80.190756400,32.510,3.037,-3,-4,0,-0.03,-0.04,0.0,-0.0,0.05,3478,34.78,4.0405,-17.5502,3.0300
529.920835,1788180125.790341,638844,114,1,1,60772142,801907561,32510,3030,6.077214200,80.190756100,32.510,3.0300000000000002,-3,-4,0,-0.03,-0.04,0.0,-0.0,0.05,3478,34.78,4.0073,-17.5834,3.0300
530.451477,1788180126.320983,639346,142,1,1,60772140,801907558,32500,3023,6.077214000,80.190755800,32.500,3.023,-3,-3,1,-0.03,-0.03,0.01,-0.01,0.04242640687119285,3478,34.78,3.9741,-17.6055,3.0200
530.964527,1788180126.834033,639844,171,1,1,60772139,801907556,32500,3022,6.077213900,80.190755600,32.500,3.0220000000000002,-3,-2,0,-0.03,-0.02,0.0,-0.0,0.03605551275463989,3478,34.78,3.9519,-17.6166,3.0200
531.512427,1788180127.381933,640346,200,1,1,60772137,801907553,32510,3038,6.077213700,80.190755300,32.510,3.0380000000000003,-2,-2,0,-0.02,-0.02,0.0,-0.0,0.028284271247461905,3478,34.78,3.9187,-17.6387,3.0300
531.903387,1788180127.772893,640844,229,1,1,60772136,801907550,32520,3042,6.077213600,80.190755000,32.520,3.0420000000000003,-1,-2,0,-0.01,-0.02,0.0,-0.0,0.022360679774997897,3478,34.78,3.8855,-17.6497,3.0400
532.450533,1788180128.320039,641348,1,1,1,60772135,801907548,32520,3043,6.077213500,80.190754800,32.520,3.043,0,-1,0,0.0,-0.01,0.0,-0.0,0.01,3479,34.79,3.8634,-17.6608,3.0400
532.903388,1788180128.772894,641844,30,1,1,60772134,801907546,32520,3043,6.077213400,80.190754600,32.520,3.043,0,-1,1,0.0,-0.01,0.01,-0.01,0.01,3479,34.79,3.8412,-17.6718,3.0400
533.449153,1788180129.318659,642346,58,1,1,60772133,801907544,32500,3028,6.077213300,80.190754400,32.500,3.028,0,0,1,0.0,0.0,0.01,-0.01,0.0,3479,34.79,3.8191,-17.6829,3.0200
533.947580,1788180129.817086,642844,87,1,1,60772132,801907543,32500,3025,6.077213200,80.190754300,32.500,3.025,0,0,1,0.0,0.0,0.01,-0.01,0.0,3479,34.79,3.8080,-17.6940,3.0200
534.476174,1788180130.345680,643346,118,1,1,60772130,801907543,32510,3034,6.077213000,80.190754300,32.510,3.0340000000000003,0,0,1,0.0,0.0,0.01,-0.01,0.0,3479,34.79,3.8080,-17.7161,3.0300
534.991184,1788180130.860690,643844,148,1,1,60772128,801907543,32510,3031,6.077212800,80.190754300,32.510,3.031,0,1,1,0.0,0.01,0.01,-0.01,0.01,3479,34.79,3.8080,-17.7382,3.0300
535.444807,1788180131.314313,644346,176,1,1,60772125,801907542,32500,3028,6.077212500,80.190754200,32.500,3.028,0,1,1,0.0,0.01,0.01,-0.01,0.01,3479,34.79,3.7970,-17.7714,3.0200
535.978139,1788180131.847645,644844,205,1,1,60772123,801907542,32520,3042,6.077212300,80.190754200,32.520,3.0420000000000003,-1,1,0,-0.01,0.01,0.0,-0.0,0.014142135623730952,3479,34.79,3.7970,-17.7935,3.0400
536.445775,1788180132.315281,645344,233,1,1,60772121,801907542,32520,3042,6.077212100,80.190754200,32.520,3.0420000000000003,-1,2,0,-0.01,0.02,0.0,-0.0,0.022360679774997897,3480,34.800000000000004,3.7970,-17.8156,3.0400
536.895653,1788180132.765159,645844,6,1,1,60772118,801907542,32530,3051,6.077211800,80.190754200,32.530,3.051,-2,2,0,-0.02,0.02,0.0,-0.0,0.028284271247461905,3480,34.800000000000004,3.7970,-17.8488,3.0500
537.472867,1788180133.342373,646346,34,1,1,60772114,801907542,32550,3070,6.077211400,80.190754200,32.550,3.0700000000000003,-2,2,0,-0.02,0.02,0.0,-0.0,0.028284271247461905,3480,34.800000000000004,3.7970,-17.8930,3.0700
537.940320,1788180133.809826,646844,63,1,1,60772112,801907542,32560,3081,6.077211200,80.190754200,32.560,3.081,-2,1,0,-0.02,0.01,0.0,-0.0,0.022360679774997897,3480,34.800000000000004,3.7970,-17.9151,3.0800
538.496884,1788180134.366390,647346,91,1,1,60772109,801907542,32550,3077,6.077210900,80.190754200,32.550,3.077,-2,2,0,-0.02,0.02,0.0,-0.0,0.028284271247461905,3480,34.800000000000004,3.7970,-17.9483,3.0700
538.965667,1788180134.835173,647844,120,1,1,60772107,801907543,32550,3076,6.077210700,80.190754300,32.550,3.076,-2,2,0,-0.02,0.02,0.0,-0.0,0.028284271247461905,3481,34.81,3.8080,-17.9704,3.0700
539.435313,1788180135.304819,648346,148,1,1,60772103,801907543,32560,3084,6.077210300,80.190754300,32.560,3.084,-3,1,0,-0.03,0.01,0.0,-0.0,0.0316227766016838,3481,34.81,3.8080,-18.0147,3.0800
540.056537,1788180135.926043,648844,177,1,1,60772101,801907543,32560,3089,6.077210100,80.190754300,32.560,3.089,-2,1,0,-0.02,0.01,0.0,-0.0,0.022360679774997897,3481,34.81,3.8080,-18.0368,3.0800
540.509001,1788180136.378507,649346,205,1,1,60772098,801907542,32560,3085,6.077209800,80.190754200,32.560,3.085,-2,0,0,-0.02,0.0,0.0,-0.0,0.02,3481,34.81,3.7970,-18.0700,3.0800
540.933518,1788180136.803024,649844,234,1,1,60772096,801907542,32560,3087,6.077209600,80.190754200,32.560,3.087,-2,0,0,-0.02,0.0,0.0,-0.0,0.02,3482,34.82,3.7970,-18.0921,3.0800
541.428643,1788180137.298149,650346,7,1,1,60772093,801907541,32560,3089,6.077209300,80.190754100,32.560,3.089,-2,0,0,-0.02,0.0,0.0,-0.0,0.02,3482,34.82,3.7859,-18.1253,3.0800
541.960306,1788180137.829812,650844,37,1,1,60772090,801907540,32570,3099,6.077209000,80.190754000,32.570,3.099,-2,0,0,-0.02,0.0,0.0,-0.0,0.02,3482,34.82,3.7748,-18.1584,3.0900
542.423650,1788180138.293156,651346,65,1,1,60772088,801907540,32570,3099,6.077208800,80.190754000,32.570,3.099,-1,0,0,-0.01,0.0,0.0,-0.0,0.01,3483,34.83,3.7748,-18.1806,3.0900
542.927267,1788180138.796773,651844,94,1,1,60772086,801907540,32570,3097,6.077208600,80.190754000,32.570,3.097,-1,0,0,-0.01,0.0,0.0,-0.0,0.01,3482,34.82,3.7748,-18.2027,3.0900
543.460665,1788180139.330171,652346,122,1,1,60772084,801907540,32570,3093,6.077208400,80.190754000,32.570,3.093,-1,0,0,-0.01,0.0,0.0,-0.0,0.01,3483,34.83,3.7748,-18.2248,3.0900
543.915205,1788180139.784711,652844,151,1,1,60772082,801907540,32570,3096,6.077208200,80.190754000,32.570,3.096,-1,0,0,-0.01,0.0,0.0,-0.0,0.01,3483,34.83,3.7748,-18.2469,3.0900
544.490842,1788180140.360348,653346,179,1,1,60772080,801907540,32550,3078,6.077208000,80.190754000,32.550,3.078,-1,0,0,-0.01,0.0,0.0,-0.0,0.01,3483,34.83,3.7748,-18.2690,3.0700
545.004649,1788180140.874155,653844,208,1,1,60772077,801907541,32550,3071,6.077207700,80.190754100,32.550,3.071,-1,0,0,-0.01,0.0,0.0,-0.0,0.01,3483,34.83,3.7859,-18.3022,3.0700
545.411154,1788180141.280660,654346,236,1,1,60772074,801907542,32550,3075,6.077207400,80.190754200,32.550,3.075,-2,0,0,-0.02,0.0,0.0,-0.0,0.02,3483,34.83,3.7970,-18.3354,3.0700
545.985057,1788180141.854563,654844,9,1,1,60772071,801907544,32560,3087,6.077207100,80.190754400,32.560,3.087,-2,1,0,-0.02,0.01,0.0,-0.0,0.022360679774997897,3483,34.83,3.8191,-18.3685,3.0800
546.451718,1788180142.321224,655344,37,1,1,60772068,801907547,32570,3094,6.077206800,80.190754700,32.570,3.094,-2,2,0,-0.02,0.02,0.0,-0.0,0.028284271247461905,3483,34.83,3.8523,-18.4017,3.0900
546.951443,1788180142.820949,655844,66,1,1,60772065,801907549,32570,3092,6.077206500,80.190754900,32.570,3.092,-2,2,0,-0.02,0.02,0.0,-0.0,0.028284271247461905,3483,34.83,3.8745,-18.4349,3.0900
547.391101,1788180143.260607,656346,94,1,1,60772063,801907552,32560,3087,6.077206300,80.190755200,32.560,3.087,-2,3,0,-0.02,0.03,0.0,-0.0,0.03605551275463989,3483,34.83,3.9077,-18.4570,3.0800
547.985376,1788180143.854882,656844,123,1,1,60772060,801907555,32560,3085,6.077206000,80.190755500,32.560,3.085,-2,3,0,-0.02,0.03,0.0,-0.0,0.03605551275463989,3483,34.83,3.9409,-18.4902,3.0800
548.405036,1788180144.274542,657346,151,1,1,60772057,801907558,32580,3100,6.077205700,80.190755800,32.580,3.1,-2,3,0,-0.02,0.03,0.0,-0.0,0.03605551275463989,3483,34.83,3.9741,-18.5234,3.1000
548.993307,1788180144.862813,657844,180,1,1,60772055,801907560,32580,3105,6.077205500,80.190756000,32.580,3.105,-2,3,-1,-0.02,0.03,-0.01,0.01,0.03605551275463989,3483,34.83,3.9962,-18.5455,3.1000
549.487907,1788180145.357413,658346,208,1,1,60772053,801907561,32580,3103,6.077205300,80.190756100,32.580,3.103,-2,2,0,-0.02,0.02,0.0,-0.0,0.028284271247461905,3483,34.83,4.0073,-18.5676,3.1000
549.943124,1788180145.812630,658844,237,1,1,60772051,801907563,32580,3106,6.077205100,80.190756300,32.580,3.106,-1,2,0,-0.01,0.02,0.0,-0.0,0.022360679774997897,3484,34.84,4.0294,-18.5897,3.1000
550.488249,1788180146.357755,659346,9,1,1,60772050,801907565,32590,3117,6.077205000,80.190756500,32.590,3.117,0,2,-1,0.0,0.02,-0.01,0.01,0.02,3483,34.83,4.0516,-18.6008,3.1100
550.984779,1788180146.854285,659844,38,1,1,60772048,801907566,32590,3111,6.077204800,80.190756600,32.590,3.111,0,1,0,0.0,0.01,0.0,-0.0,0.01,3483,34.83,4.0626,-18.6229,3.1100
551.438193,1788180147.307699,660346,67,1,1,60772047,801907567,32580,3104,6.077204700,80.190756700,32.580,3.104,0,1,0,0.0,0.01,0.0,-0.0,0.01,3483,34.83,4.0737,-18.6340,3.1000
551.907151,1788180147.776657,660844,96,1,1,60772047,801907568,32570,3092,6.077204700,80.190756800,32.570,3.092,0,1,0,0.0,0.01,0.0,-0.0,0.01,3483,34.83,4.0848,-18.6340,3.0900
552.489715,1788180148.359221,661344,124,1,1,60772046,801907569,32550,3073,6.077204600,80.190756900,32.550,3.073,0,1,0,0.0,0.01,0.0,-0.0,0.01,3483,34.83,4.0958,-18.6450,3.0700
552.936453,1788180148.805959,661844,153,1,1,60772044,801907570,32540,3064,6.077204400,80.190757000,32.540,3.064,0,0,0,0.0,0.0,0.0,-0.0,0.0,3483,34.83,4.1069,-18.6671,3.0600
553.466646,1788180149.336152,662344,181,1,1,60772041,801907570,32540,3068,6.077204100,80.190757000,32.540,3.068,0,0,0,0.0,0.0,0.0,-0.0,0.0,3484,34.84,4.1069,-18.7003,3.0600
553.945638,1788180149.815144,662844,210,1,1,60772038,801907572,32550,3079,6.077203800,80.190757200,32.550,3.079,-1,0,0,-0.01,0.0,0.0,-0.0,0.01,3484,34.84,4.1291,-18.7335,3.0700
554.382785,1788180150.252291,663344,238,1,1,60772035,801907572,32560,3085,6.077203500,80.190757200,32.560,3.085,-1,0,0,-0.01,0.0,0.0,-0.0,0.01,3484,34.84,4.1291,-18.7667,3.0800
554.901411,1788180150.770917,663844,11,1,1,60772032,801907573,32550,3078,6.077203200,80.190757300,32.550,3.078,-2,0,0,-0.02,0.0,0.0,-0.0,0.02,3485,34.85,4.1401,-18.7998,3.0700
555.470309,1788180151.339815,664344,39,1,1,60772030,801907574,32550,3075,6.077203000,80.190757400,32.550,3.075,-2,0,0,-0.02,0.0,0.0,-0.0,0.02,3485,34.85,4.1512,-18.8220,3.0700
555.934609,1788180151.804115,664844,68,1,1,60772028,801907575,32550,3074,6.077202800,80.190757500,32.550,3.074,-2,0,0,-0.02,0.0,0.0,-0.0,0.02,3484,34.84,4.1623,-18.8441,3.0700
556.511662,1788180152.381168,665344,96,1,1,60772026,801907577,32530,3056,6.077202600,80.190757700,32.530,3.056,-1,0,0,-0.01,0.0,0.0,-0.0,0.01,3485,34.85,4.1844,-18.8662,3.0500
556.920960,1788180152.790466,665844,125,1,1,60772024,801907579,32520,3046,6.077202400,80.190757900,32.520,3.0460000000000003,-2,1,0,-0.02,0.01,0.0,-0.0,0.022360679774997897,3485,34.85,4.2065,-18.8883,3.0400
557.542260,1788180153.411766,666344,153,1,1,60772021,801907580,32520,3040,6.077202100,80.190758000,32.520,3.04,-2,1,0,-0.02,0.01,0.0,-0.0,0.022360679774997897,3485,34.85,4.2176,-18.9215,3.0400
557.949417,1788180153.818923,666844,182,1,1,60772019,801907581,32520,3040,6.077201900,80.190758100,32.520,3.04,-2,1,0,-0.02,0.01,0.0,-0.0,0.022360679774997897,3485,34.85,4.2287,-18.9436,3.0400
558.463475,1788180154.332981,667344,210,1,1,60772018,801907581,32520,3045,6.077201800,80.190758100,32.520,3.045,-1,1,0,-0.01,0.01,0.0,-0.0,0.014142135623730952,3485,34.85,4.2287,-18.9547,3.0400
558.991475,1788180154.860981,667844,239,1,1,60772016,801907580,32530,3055,6.077201600,80.190758000,32.530,3.055,-1,0,-1,-0.01,0.0,-0.01,0.01,0.01,3485,34.85,4.2176,-18.9768,3.0500
559.492214,1788180155.361720,668344,11,1,1,60772014,801907580,32540,3061,6.077201400,80.190758000,32.540,3.061,-2,0,-1,-0.02,0.0,-0.01,0.01,0.02,3485,34.85,4.2176,-18.9989,3.0600
559.911853,1788180155.781359,668844,40,1,1,60772012,801907579,32540,3065,6.077201200,80.190757900,32.540,3.065,-1,-1,-1,-0.01,-0.01,-0.01,0.01,0.014142135623730952,3485,34.85,4.2065,-19.0210,3.0600
560.490132,1788180156.359638,669344,68,1,1,60772012,801907577,32550,3072,6.077201200,80.190757700,32.550,3.072,-1,-1,-1,-0.01,-0.01,-0.01,0.01,0.014142135623730952,3486,34.86,4.1844,-19.0210,3.0700
560.940979,1788180156.810485,669844,97,1,1,60772012,801907576,32540,3060,6.077201200,80.190757600,32.540,3.06,0,-1,0,0.0,-0.01,0.0,-0.0,0.01,3486,34.86,4.1733,-19.0210,3.0600
561.417490,1788180157.286996,670344,126,1,1,60772012,801907576,32540,3062,6.077201200,80.190757600,32.540,3.0620000000000003,0,-1,0,0.0,-0.01,0.0,-0.0,0.01,3486,34.86,4.1733,-19.0210,3.0600
561.944119,1788180157.813625,670844,155,1,1,60772011,801907575,32550,3073,6.077201100,80.190757500,32.550,3.073,0,0,-1,0.0,0.0,-0.01,0.01,0.0,3486,34.86,4.1623,-19.0321,3.0700
562.443652,1788180158.313158,671344,183,1,1,60772011,801907575,32550,3073,6.077201100,80.190757500,32.550,3.073,1,-1,-1,0.01,-0.01,-0.01,0.01,0.014142135623730952,3486,34.86,4.1623,-19.0321,3.0700
562.895735,1788180158.765241,671844,212,1,1,60772012,801907575,32530,3054,6.077201200,80.190757500,32.530,3.0540000000000003,1,0,0,0.01,0.0,0.0,-0.0,0.01,3486,34.86,4.1623,-19.0210,3.0500
563.472335,1788180159.341841,672344,240,1,1,60772013,801907575,32520,3044,6.077201300,80.190757500,32.520,3.044,2,0,0,0.02,0.0,0.0,-0.0,0.02,3486,34.86,4.1623,-19.0100,3.0400
563.944032,1788180159.813538,672844,13,1,1,60772014,801907575,32510,3038,6.077201400,80.190757500,32.510,3.0380000000000003,2,0,0,0.02,0.0,0.0,-0.0,0.02,3486,34.86,4.1623,-18.9989,3.0300
564.392799,1788180160.262305,673344,41,1,1,60772015,801907574,32520,3044,6.077201500,80.190757400,32.520,3.044,2,0,0,0.02,0.0,0.0,-0.0,0.02,3487,34.87,4.1512,-18.9878,3.0400
565.018019,1788180160.887525,673844,70,1,1,60772015,801907573,32520,3048,6.077201500,80.190757300,32.520,3.048,2,0,0,0.02,0.0,0.0,-0.0,0.02,3487,34.87,4.1401,-18.9878,3.0400
565.436406,1788180161.305912,674344,98,1,1,60772016,801907572,32520,3046,6.077201600,80.190757200,32.520,3.0460000000000003,2,0,0,0.02,0.0,0.0,-0.0,0.02,3487,34.87,4.1291,-18.9768,3.0400
565.890391,1788180161.759897,674844,127,1,1,60772016,801907572,32520,3043,6.077201600,80.190757200,32.520,3.043,2,0,0,0.02,0.0,0.0,-0.0,0.02,3487,34.87,4.1291,-18.9768,3.0400
566.463394,1788180162.332900,675346,155,1,1,60772016,801907572,32520,3043,6.077201600,80.190757200,32.520,3.043,2,0,0,0.02,0.0,0.0,-0.0,0.02,3487,34.87,4.1291,-18.9768,3.0400
566.975323,1788180162.844829,675844,184,1,1,60772016,801907572,32520,3046,6.077201600,80.190757200,32.520,3.0460000000000003,1,0,0,0.01,0.0,0.0,-0.0,0.01,3487,34.87,4.1291,-18.9768,3.0400
567.394193,1788180163.263699,676344,212,1,1,60772016,801907571,32520,3046,6.077201600,80.190757100,32.520,3.0460000000000003,1,0,0,0.01,0.0,0.0,-0.0,0.01,3488,34.88,4.1180,-18.9768,3.0400
567.910281,1788180163.779787,676844,241,1,1,60772015,801907569,32520,3041,6.077201500,80.190756900,32.520,3.041,0,-1,0,0.0,-0.01,0.0,-0.0,0.01,3488,34.88,4.0958,-18.9878,3.0400
568.422863,1788180164.292369,677344,13,1,1,60772014,801907568,32510,3030,6.077201400,80.190756800,32.510,3.0300000000000002,0,-1,0,0.0,-0.01,0.0,-0.0,0.01,3488,34.88,4.0848,-18.9989,3.0300
568.919184,1788180164.788690,677844,42,1,1,60772013,801907568,32510,3035,6.077201300,80.190756800,32.510,3.035,0,-1,0,0.0,-0.01,0.0,-0.0,0.01,3488,34.88,4.0848,-19.0100,3.0300
569.496970,1788180165.366476,678344,70,1,1,60772013,801907568,32510,3036,6.077201300,80.190756800,32.510,3.036,0,0,0,0.0,0.0,0.0,-0.0,0.0,3488,34.88,4.0848,-19.0100,3.0300
569.964681,1788180165.834187,678844,99,1,1,60772013,801907568,32520,3042,6.077201300,80.190756800,32.520,3.0420000000000003,0,0,0,0.0,0.0,0.0,-0.0,0.0,3488,34.88,4.0848,-19.0100,3.0400
570.419977,1788180166.289483,679344,127,1,1,60772012,801907569,32520,3045,6.077201200,80.190756900,32.520,3.045,-1,0,0,-0.01,0.0,0.0,-0.0,0.01,3488,34.88,4.0958,-19.0210,3.0400
571.060825,1788180166.930331,679844,156,1,1,60772011,801907570,32510,3035,6.077201100,80.190757000,32.510,3.035,-1,0,0,-0.01,0.0,0.0,-0.0,0.01,3488,34.88,4.1069,-19.0321,3.0300
571.419012,1788180167.288518,680344,185,1,1,60772011,801907572,32500,3029,6.077201100,80.190757200,32.500,3.029,-1,1,0,-0.01,0.01,0.0,-0.0,0.014142135623730952,3488,34.88,4.1291,-19.0321,3.0200
572.046074,1788180167.915580,680844,214,1,1,60772011,801907573,32510,3030,6.077201100,80.190757300,32.510,3.0300000000000002,-1,0,0,-0.01,0.0,0.0,-0.0,0.01,3488,34.88,4.1401,-19.0321,3.0300
572.405058,1788180168.274564,681344,245,1,1,60772011,801907574,32510,3031,6.077201100,80.190757400,32.510,3.031,0,0,0,0.0,0.0,0.0,-0.0,0.0,3489,34.89,4.1512,-19.0321,3.0300
572.949978,1788180168.819484,681844,19,1,1,60772011,801907576,32510,3031,6.077201100,80.190757600,32.510,3.031,0,1,0,0.0,0.01,0.0,-0.0,0.01,3489,34.89,4.1733,-19.0321,3.0300
573.420120,1788180169.289626,682344,47,1,1,60772011,801907578,32510,3037,6.077201100,80.190757800,32.510,3.037,0,2,0,0.0,0.02,0.0,-0.0,0.02,3489,34.89,4.1955,-19.0321,3.0300
573.949185,1788180169.818691,682844,76,1,1,60772010,801907580,32520,3048,6.077201000,80.190758000,32.520,3.048,0,2,0,0.0,0.02,0.0,-0.0,0.02,3490,34.9,4.2176,-19.0431,3.0400
574.413486,1788180170.282992,683344,105,1,1,60772010,801907582,32530,3050,6.077201000,80.190758200,32.530,3.0500000000000003,0,3,0,0.0,0.03,0.0,-0.0,0.03,3489,34.89,4.2398,-19.0431,3.0500
575.039405,1788180170.908911,683844,135,1,1,60772010,801907584,32510,3039,6.077201000,80.190758400,32.510,3.039,0,3,0,0.0,0.03,0.0,-0.0,0.03,3490,34.9,4.2619,-19.0431,3.0300
575.491784,1788180171.361290,684344,163,1,1,60772010,801907585,32510,3038,6.077201000,80.190758500,32.510,3.0380000000000003,0,3,0,0.0,0.03,0.0,-0.0,0.03,3490,34.9,4.2730,-19.0431,3.0300
575.896136,1788180171.765642,684844,192,1,1,60772010,801907586,32510,3032,6.077201000,80.190758600,32.510,3.032,0,3,0,0.0,0.03,0.0,-0.0,0.03,3490,34.9,4.2840,-19.0431,3.0300
576.486710,1788180172.356216,685344,220,1,1,60772010,801907587,32510,3033,6.077201000,80.190758700,32.510,3.033,0,3,0,0.0,0.03,0.0,-0.0,0.03,3490,34.9,4.2951,-19.0431,3.0300
576.892834,1788180172.762340,685844,249,1,1,60772010,801907586,32530,3050,6.077201000,80.190758600,32.530,3.0500000000000003,0,1,0,0.0,0.01,0.0,-0.0,0.01,3490,34.9,4.2840,-19.0431,3.0500
577.406774,1788180173.276280,686344,21,1,1,60772011,801907586,32540,3062,6.077201100,80.190758600,32.540,3.0620000000000003,0,1,0,0.0,0.01,0.0,-0.0,0.01,3490,34.9,4.2840,-19.0321,3.0600
577.922986,1788180173.792492,686844,50,1,1,60772013,801907586,32540,3062,6.077201300,80.190758600,32.540,3.0620000000000003,1,1,0,0.01,0.01,0.0,-0.0,0.014142135623730952,3491,34.910000000000004,4.2840,-19.0100,3.0600
578.425701,1788180174.295207,687344,78,1,1,60772015,801907586,32530,3055,6.077201500,80.190758600,32.530,3.055,2,1,0,0.02,0.01,0.0,-0.0,0.022360679774997897,3491,34.910000000000004,4.2840,-18.9878,3.0500
578.893762,1788180174.763268,687844,107,1,1,60772017,801907586,32530,3054,6.077201700,80.190758600,32.530,3.0540000000000003,2,0,0,0.02,0.0,0.0,-0.0,0.02,3491,34.910000000000004,4.2840,-18.9657,3.0500
579.475304,1788180175.344810,688344,135,1,1,60772018,801907587,32530,3058,6.077201800,80.190758700,32.530,3.0580000000000003,2,0,0,0.02,0.0,0.0,-0.0,0.02,3490,34.9,4.2951,-18.9547,3.0500
579.879153,1788180175.748659,688844,164,1,1,60772019,801907587,32540,3064,6.077201900,80.190758700,32.540,3.064,1,0,0,0.01,0.0,0.0,-0.0,0.01,3490,34.9,4.2951,-18.9436,3.0600
580.429520,1788180176.299026,689344,192,1,1,60772019,801907587,32550,3077,6.077201900,80.190758700,32.550,3.077,1,0,0,0.01,0.0,0.0,-0.0,0.01,3491,34.910000000000004,4.2951,-18.9436,3.0700
580.962560,1788180176.832066,689844,221,1,1,60772020,801907588,32560,3086,6.077202000,80.190758800,32.560,3.086,1,0,0,0.01,0.0,0.0,-0.0,0.01,3491,34.910000000000004,4.3062,-18.9325,3.0800
581.464182,1788180177.333688,690344,250,1,1,60772022,801907589,32560,3081,6.077202200,80.190758900,32.560,3.081,1,0,0,0.01,0.0,0.0,-0.0,0.01,3491,34.910000000000004,4.3172,-18.9104,3.0800
581.979649,1788180177.849155,690844,23,1,1,60772024,801907591,32550,3076,6.077202400,80.190759100,32.550,3.076,1,0,0,0.01,0.0,0.0,-0.0,0.01,3491,34.910000000000004,4.3394,-18.8883,3.0700
582.463158,1788180178.332664,691344,51,1,1,60772025,801907592,32550,3074,6.077202500,80.190759200,32.550,3.074,1,0,0,0.01,0.0,0.0,-0.0,0.01,3491,34.910000000000004,4.3505,-18.8773,3.0700
582.963242,1788180178.832748,691844,80,1,1,60772027,801907594,32550,3079,6.077202700,80.190759400,32.550,3.079,1,0,0,0.01,0.0,0.0,-0.0,0.01,3491,34.910000000000004,4.3726,-18.8551,3.0700
583.492121,1788180179.361627,692344,108,1,1,60772029,801907595,32550,3077,6.077202900,80.190759500,32.550,3.077,1,0,0,0.01,0.0,0.0,-0.0,0.01,3491,34.910000000000004,4.3837,-18.8330,3.0700
583.960837,1788180179.830343,692844,137,1,1,60772030,801907596,32540,3068,6.077203000,80.190759600,32.540,3.068,1,0,0,0.01,0.0,0.0,-0.0,0.01,3491,34.910000000000004,4.3947,-18.8220,3.0600
584.424606,1788180180.294112,693344,165,1,1,60772032,801907597,32550,3070,6.077203200,80.190759700,32.550,3.0700000000000003,2,0,0,0.02,0.0,0.0,-0.0,0.02,3492,34.92,4.4058,-18.7998,3.0700
584.878111,1788180180.747617,693844,194,1,1,60772033,801907599,32550,3070,6.077203300,80.190759900,32.550,3.0700000000000003,1,0,0,0.01,0.0,0.0,-0.0,0.01,3492,34.92,4.4279,-18.7888,3.0700
585.454065,1788180181.323571,694344,222,1,1,60772034,801907601,32540,3064,6.077203400,80.190760100,32.540,3.064,1,0,0,0.01,0.0,0.0,-0.0,0.01,3492,34.92,4.4501,-18.7777,3.0600
585.938660,1788180181.808166,694844,251,1,1,60772035,801907602,32530,3054,6.077203500,80.190760200,32.530,3.0540000000000003,1,1,0,0.01,0.01,0.0,-0.0,0.014142135623730952,3492,34.92,4.4612,-18.7667,3.0500
586.528513,1788180182.398019,695344,23,1,1,60772036,801907604,32530,3051,6.077203600,80.190760400,32.530,3.051,0,1,0,0.0,0.01,0.0,-0.0,0.01,3492,34.92,4.4833,-18.7556,3.0500
586.947746,1788180182.817252,695844,52,1,1,60772036,801907605,32530,3055,6.077203600,80.190760500,32.530,3.055,0,1,0,0.0,0.01,0.0,-0.0,0.01,3492,34.92,4.4944,-18.7556,3.0500
587.448091,1788180183.317597,696344,80,1,1,60772036,801907606,32530,3058,6.077203600,80.190760600,32.530,3.0580000000000003,0,1,0,0.0,0.01,0.0,-0.0,0.01,3493,34.93,4.5054,-18.7556,3.0500
587.901249,1788180183.770755,696844,109,1,1,60772037,801907606,32540,3060,6.077203700,80.190760600,32.540,3.06,0,1,0,0.0,0.01,0.0,-0.0,0.01,3493,34.93,4.5054,-18.7445,3.0600
588.446397,1788180184.315903,697344,137,1,1,60772037,801907605,32540,3067,6.077203700,80.190760500,32.540,3.067,0,1,0,0.0,0.01,0.0,-0.0,0.01,3493,34.93,4.4944,-18.7445,3.0600
588.946084,1788180184.815590,697844,166,1,1,60772037,801907605,32550,3072,6.077203700,80.190760500,32.550,3.072,0,0,0,0.0,0.0,0.0,-0.0,0.0,3493,34.93,4.4944,-18.7445,3.0700
589.522353,1788180185.391859,698344,194,1,1,60772037,801907605,32550,3079,6.077203700,80.190760500,32.550,3.079,0,0,0,0.0,0.0,0.0,-0.0,0.0,3493,34.93,4.4944,-18.7445,3.0700
589.991208,1788180185.860714,698844,223,1,1,60772038,801907604,32560,3085,6.077203800,80.190760400,32.560,3.085,0,0,0,0.0,0.0,0.0,-0.0,0.0,3493,34.93,4.4833,-18.7335,3.0800
590.428984,1788180186.298490,699344,251,1,1,60772038,801907602,32570,3095,6.077203800,80.190760200,32.570,3.095,0,-1,-1,0.0,-0.01,-0.01,0.01,0.01,3493,34.93,4.4612,-18.7335,3.0900
590.927912,1788180186.797418,699844,24,1,1,60772039,801907600,32570,3098,6.077203900,80.190760000,32.570,3.098,0,-2,-1,0.0,-0.02,-0.01,0.01,0.02,3494,34.94,4.4390,-18.7224,3.0900
591.379876,1788180187.249382,700344,53,1,1,60772039,801907597,32590,3113,6.077203900,80.190759700,32.590,3.113,0,-3,-1,0.0,-0.03,-0.01,0.01,0.03,3494,34.94,4.4058,-18.7224,3.1100
591.894115,1788180187.763621,700844,82,1,1,60772039,801907595,32610,3133,6.077203900,80.190759500,32.610,3.133,0,-4,-1,0.0,-0.04,-0.01,0.01,0.04,3494,34.94,4.3837,-18.7224,3.1300
592.515093,1788180188.384599,701344,110,1,1,60772040,801907593,32620,3147,6.077204000,80.190759300,32.620,3.1470000000000002,0,-4,-2,0.0,-0.04,-0.02,0.02,0.04,3494,34.94,4.3615,-18.7114,3.1400
592.984783,1788180188.854289,701844,139,1,1,60772040,801907592,32620,3143,6.077204000,80.190759200,32.620,3.1430000000000002,0,-4,-1,0.0,-0.04,-0.01,0.01,0.04,3494,34.94,4.3505,-18.7114,3.1400
593.437600,1788180189.307106,702344,167,1,1,60772040,801907591,32610,3131,6.077204000,80.190759100,32.610,3.1310000000000002,0,-3,-1,0.0,-0.03,-0.01,0.01,0.03,3494,34.94,4.3394,-18.7114,3.1300
593.889454,1788180189.758960,702844,196,1,1,60772041,801907591,32600,3126,6.077204100,80.190759100,32.600,3.126,0,-3,-1,0.0,-0.03,-0.01,0.01,0.03,3494,34.94,4.3394,-18.7003,3.1200
594.433643,1788180190.303149,703344,224,1,1,60772042,801907590,32600,3123,6.077204200,80.190759000,32.600,3.123,0,-3,-1,0.0,-0.03,-0.01,0.01,0.03,3494,34.94,4.3283,-18.6893,3.1200
594.898872,1788180190.768378,703844,253,1,1,60772043,801907588,32590,3117,6.077204300,80.190758800,32.590,3.117,0,-3,0,0.0,-0.03,0.0,-0.0,0.03,3494,34.94,4.3062,-18.6782,3.1100
595.508774,1788180191.378280,704344,25,1,1,60772045,801907586,32590,3110,6.077204500,80.190758600,32.590,3.11,1,-3,0,0.01,-0.03,0.0,-0.0,0.0316227766016838,3494,34.94,4.2840,-18.6561,3.1100
595.928951,1788180191.798457,704844,54,1,1,60772046,801907585,32590,3112,6.077204600,80.190758500,32.590,3.112,1,-2,0,0.01,-0.02,0.0,-0.0,0.022360679774997897,3494,34.94,4.2730,-18.6450,3.1100
596.426906,1788180192.296412,705344,82,1,1,60772047,801907585,32600,3121,6.077204700,80.190758500,32.600,3.121,1,-2,0,0.01,-0.02,0.0,-0.0,0.022360679774997897,3494,34.94,4.2730,-18.6340,3.1200
596.958565,1788180192.828071,705844,111,1,1,60772048,801907585,32600,3127,6.077204800,80.190758500,32.600,3.1270000000000002,0,-1,0,0.0,-0.01,0.0,-0.0,0.01,3494,34.94,4.2730,-18.6229,3.1200
597.427361,1788180193.296867,706344,139,1,1,60772049,801907585,32600,3120,6.077204900,80.190758500,32.600,3.12,0,0,0,0.0,0.0,0.0,-0.0,0.0,3494,34.94,4.2730,-18.6118,3.1200
597.893550,1788180193.763056,706844,168,1,1,60772050,801907585,32590,3118,6.077205000,80.190758500,32.590,3.118,1,0,0,0.01,0.0,0.0,-0.0,0.01,3494,34.94,4.2730,-18.6008,3.1100
598.457687,1788180194.327193,707344,196,1,1,60772051,801907584,32600,3121,6.077205100,80.190758400,32.600,3.121,1,0,0,0.01,0.0,0.0,-0.0,0.01,3494,34.94,4.2619,-18.5897,3.1200
598.911127,1788180194.780633,707844,225,1,1,60772052,801907584,32600,3126,6.077205200,80.190758400,32.600,3.126,1,0,0,0.01,0.0,0.0,-0.0,0.01,3494,34.94,4.2619,-18.5787,3.1200
599.487861,1788180195.357367,708346,253,1,1,60772052,801907582,32600,3125,6.077205200,80.190758200,32.600,3.125,0,0,0,0.0,0.0,0.0,-0.0,0.0,3494,34.94,4.2398,-18.5787,3.1200
599.892890,1788180195.762396,708844,26,1,1,60772051,801907581,32590,3118,6.077205100,80.190758100,32.590,3.118,0,0,0,0.0,0.0,0.0,-0.0,0.0,3494,34.94,4.2287,-18.5897,3.1100
600.408565,1788180196.278071,709344,54,1,1,60772051,801907578,32590,3114,6.077205100,80.190757800,32.590,3.114,0,0,0,0.0,0.0,0.0,-0.0,0.0,3494,34.94,4.1955,-18.5897,3.1100
600.906087,1788180196.775593,709844,83,1,1,60772051,801907576,32580,3109,6.077205100,80.190757600,32.580,3.109,0,0,0,0.0,0.0,0.0,-0.0,0.0,3494,34.94,4.1733,-18.5897,3.1000
601.482227,1788180197.351733,710344,112,1,1,60772051,801907574,32590,3112,6.077205100,80.190757400,32.590,3.112,0,0,0,0.0,0.0,0.0,-0.0,0.0,3494,34.94,4.1512,-18.5897,3.1100
601.905619,1788180197.775125,710844,141,1,1,60772051,801907571,32570,3094,6.077205100,80.190757100,32.570,3.094,0,-1,0,0.0,-0.01,0.0,-0.0,0.01,3494,34.94,4.1180,-18.5897,3.0900
602.481407,1788180198.350913,711344,169,1,1,60772051,801907569,32560,3082,6.077205100,80.190756900,32.560,3.082,0,-1,0,0.0,-0.01,0.0,-0.0,0.01,3494,34.94,4.0958,-18.5897,3.0800
602.884814,1788180198.754320,711844,198,1,1,60772050,801907566,32550,3071,6.077205000,80.190756600,32.550,3.071,0,-1,0,0.0,-0.01,0.0,-0.0,0.01,3493,34.93,4.0626,-18.6008,3.0700
603.401311,1788180199.270817,712344,226,1,1,60772048,801907563,32530,3055,6.077204800,80.190756300,32.530,3.055,-1,-2,0,-0.01,-0.02,0.0,-0.0,0.022360679774997897,3493,34.93,4.0294,-18.6229,3.0500
603.931826,1788180199.801332,712844,0,1,1,60772047,801907559,32520,3042,6.077204700,80.190755900,32.520,3.0420000000000003,-1,-3,0,-0.01,-0.03,0.0,-0.0,0.0316227766016838,3493,34.93,3.9851,-18.6340,3.0400
604.427080,1788180200.296586,713344,28,1,1,60772046,801907557,32510,3035,6.077204600,80.190755700,32.510,3.035,-1,-3,0,-0.01,-0.03,0.0,-0.0,0.0316227766016838,3494,34.94,3.9630,-18.6450,3.0300
604.942324,1788180200.811830,713844,57,1,1,60772044,801907555,32510,3032,6.077204400,80.190755500,32.510,3.032,-2,-3,0,-0.02,-0.03,0.0,-0.0,0.03605551275463989,3494,34.94,3.9409,-18.6671,3.0300
605.473423,1788180201.342929,714344,85,1,1,60772042,801907556,32510,3034,6.077204200,80.190755600,32.510,3.0340000000000003,-2,-2,0,-0.02,-0.02,0.0,-0.0,0.028284271247461905,3494,34.94,3.9519,-18.6893,3.0300
605.952287,1788180201.821793,714844,114,1,1,60772040,801907555,32510,3039,6.077204000,80.190755500,32.510,3.039,-2,-1,0,-0.02,-0.01,0.0,-0.0,0.022360679774997897,3494,34.94,3.9409,-18.7114,3.0300
606.386037,1788180202.255543,715344,142,1,1,60772040,801907555,32510,3035,6.077204000,80.190755500,32.510,3.035,-2,-1,0,-0.02,-0.01,0.0,-0.0,0.022360679774997897,3494,34.94,3.9409,-18.7114,3.0300
606.974457,1788180202.843963,715844,171,1,1,60772040,801907555,32510,3037,6.077204000,80.190755500,32.510,3.037,-1,0,0,-0.01,0.0,0.0,-0.0,0.01,3495,34.95,3.9409,-18.7114,3.0300
607.478497,1788180203.348003,716344,199,1,1,60772040,801907555,32520,3040,6.077204000,80.190755500,32.520,3.04,0,0,0,0.0,0.0,0.0,-0.0,0.0,3495,34.95,3.9409,-18.7114,3.0400
607.939228,1788180203.808734,716844,228,1,1,60772040,801907555,32510,3031,6.077204000,80.190755500,32.510,3.031,0,0,0,0.0,0.0,0.0,-0.0,0.0,3495,34.95,3.9409,-18.7114,3.0300
608.473478,1788180204.342984,717344,0,1,1,60772040,801907556,32500,3022,6.077204000,80.190755600,32.500,3.0220000000000002,0,0,0,0.0,0.0,0.0,-0.0,0.0,3495,34.95,3.9519,-18.7114,3.0200
608.971975,1788180204.841481,717844,29,1,1,60772040,801907557,32500,3025,6.077204000,80.190755700,32.500,3.025,0,1,0,0.0,0.01,0.0,-0.0,0.01,3495,34.95,3.9630,-18.7114,3.0200
609.380216,1788180205.249722,718344,57,1,1,60772039,801907557,32510,3031,6.077203900,80.190755700,32.510,3.031,0,1,0,0.0,0.01,0.0,-0.0,0.01,3494,34.94,3.9630,-18.7224,3.0300
609.913131,1788180205.782637,718844,86,1,1,60772038,801907557,32510,3032,6.077203800,80.190755700,32.510,3.032,0,1,0,0.0,0.01,0.0,-0.0,0.01,3495,34.95,3.9630,-18.7335,3.0300
610.486757,1788180206.356263,719344,117,1,1,60772037,801907557,32520,3041,6.077203700,80.190755700,32.520,3.041,0,1,-1,0.0,0.01,-0.01,0.01,0.01,3495,34.95,3.9630,-18.7445,3.0400
610.923682,1788180206.793188,719844,146,1,1,60772035,801907557,32530,3052,6.077203500,80.190755700,32.530,3.052,-1,1,-1,-0.01,0.01,-0.01,0.01,0.014142135623730952,3495,34.95,3.9630,-18.7667,3.0500
611.456017,1788180207.325523,720344,175,1,1,60772032,801907557,32540,3065,6.077203200,80.190755700,32.540,3.065,-2,0,-1,-0.02,0.0,-0.01,0.01,0.02,3495,34.95,3.9630,-18.7998,3.0600
611.912976,1788180207.782482,720844,204,1,1,60772029,801907557,32550,3072,6.077202900,80.190755700,32.550,3.072,-2,0,-2,-0.02,0.0,-0.02,0.02,0.02,3495,34.95,3.9630,-18.8330,3.0700
612.397629,1788180208.267135,721344,233,1,1,60772025,801907557,32560,3081,6.077202500,80.190755700,32.560,3.081,-3,0,-2,-0.03,0.0,-0.02,0.02,0.03,3495,34.95,3.9630,-18.8773,3.0800
612.886042,1788180208.755548,721844,7,1,1,60772023,801907557,32550,3078,6.077202300,80.190755700,32.550,3.078,-3,0,-1,-0.03,0.0,-0.01,0.01,0.03,3495,34.95,3.9630,-18.8994,3.0700
613.446922,1788180209.316428,722344,35,1,1,60772021,801907557,32540,3066,6.077202100,80.190755700,32.540,3.0660000000000003,-3,0,-1,-0.03,0.0,-0.01,0.01,0.03,3495,34.95,3.9630,-18.9215,3.0600
613.915894,1788180209.785400,722844,64,1,1,60772019,801907558,32530,3059,6.077201900,80.190755800,32.530,3.059,-3,1,-1,-0.03,0.01,-0.01,0.01,0.0316227766016838,3495,34.95,3.9741,-18.9436,3.0500
614.461590,1788180210.331096,723344,92,1,1,60772016,801907558,32530,3054,6.077201600,80.190755800,32.530,3.0540000000000003,-3,1,0,-0.03,0.01,0.0,-0.0,0.0316227766016838,3495,34.95,3.9741,-18.9768,3.0500
614.943715,1788180210.813221,723844,121,1,1,60772014,801907557,32510,3039,6.077201400,80.190755700,32.510,3.039,-3,0,0,-0.03,0.0,0.0,-0.0,0.03,3495,34.95,3.9630,-18.9989,3.0300
615.521201,1788180211.390707,724344,149,1,1,60772012,801907557,32500,3021,6.077201200,80.190755700,32.500,3.021,-2,0,0,-0.02,0.0,0.0,-0.0,0.02,3495,34.95,3.9630,-19.0210,3.0200
615.989762,1788180211.859268,724844,178,1,1,60772009,801907557,32490,3011,6.077200900,80.190755700,32.490,3.011,-2,0,0,-0.02,0.0,0.0,-0.0,0.02,3495,34.95,3.9630,-19.0542,3.0100
616.440602,1788180212.310108,725344,206,1,1,60772006,801907557,32490,3010,6.077200600,80.190755700,32.490,3.0100000000000002,-3,0,0,-0.03,0.0,0.0,-0.0,0.03,3495,34.95,3.9630,-19.0874,3.0100
616.985982,1788180212.855488,725844,235,1,1,60772002,801907558,32490,3011,6.077200200,80.190755800,32.490,3.011,-3,0,0,-0.03,0.0,0.0,-0.0,0.03,3495,34.95,3.9741,-19.1316,3.0100
617.441820,1788180213.311326,726344,7,1,1,60771998,801907559,32480,3007,6.077199800,80.190755900,32.480,3.007,-3,0,0,-0.03,0.0,0.0,-0.0,0.03,3495,34.95,3.9851,-19.1758,3.0000
617.896447,1788180213.765953,726844,36,1,1,60771996,801907561,32470,2997,6.077199600,80.190756100,32.470,2.997,-3,0,0,-0.03,0.0,0.0,-0.0,0.03,3495,34.95,4.0073,-19.1980,2.9900
618.470445,1788180214.339951,727344,64,1,1,60771994,801907562,32460,2983,6.077199400,80.190756200,32.460,2.983,-2,0,1,-0.02,0.0,0.01,-0.01,0.02,3495,34.95,4.0184,-19.2201,2.9800
618.973620,1788180214.843126,727844,93,1,1,60771992,801907562,32450,2973,6.077199200,80.190756200,32.450,2.973,-2,0,1,-0.02,0.0,0.01,-0.01,0.02,3495,34.95,4.0184,-19.2422,2.9700
619.440276,1788180215.309782,728344,121,1,1,60771989,801907563,32450,2977,6.077198900,80.190756300,32.450,2.977,-2,0,0,-0.02,0.0,0.0,-0.0,0.02,3495,34.95,4.0294,-19.2754,2.9700
619.965729,1788180215.835235,728844,150,1,1,60771986,801907564,32460,2982,6.077198600,80.190756400,32.460,2.982,-2,0,0,-0.02,0.0,0.0,-0.0,0.02,3495,34.95,4.0405,-19.3085,2.9800
620.423870,1788180216.293376,729344,178,1,1,60771984,801907565,32460,2983,6.077198400,80.190756500,32.460,2.983,-2,0,0,-0.02,0.0,0.0,-0.0,0.02,3495,34.95,4.0516,-19.3307,2.9800
620.938116,1788180216.807622,729844,207,1,1,60771983,801907567,32460,2984,6.077198300,80.190756700,32.460,2.984,-1,0,0,-0.01,0.0,0.0,-0.0,0.01,3495,34.95,4.0737,-19.3417,2.9800
621.456665,1788180217.326171,730344,236,1,1,60771981,801907570,32460,2988,6.077198100,80.190757000,32.460,2.988,-1,1,0,-0.01,0.01,0.0,-0.0,0.014142135623730952,3495,34.95,4.1069,-19.3638,2.9800
621.926996,1788180217.796502,730844,9,1,1,60771979,801907573,32460,2989,6.077197900,80.190757300,32.460,2.989,-1,2,0,-0.01,0.02,0.0,-0.0,0.022360679774997897,3495,34.95,4.1401,-19.3860,2.9800
622.425209,1788180218.294715,731344,37,1,1,60771978,801907576,32470,2995,6.077197800,80.190757600,32.470,2.995,0,2,0,0.0,0.02,0.0,-0.0,0.02,3495,34.95,4.1733,-19.3970,2.9900
622.999379,1788180218.868885,731844,66,1,1,60771977,801907578,32460,2988,6.077197700,80.190757800,32.460,2.988,0,2,0,0.0,0.02,0.0,-0.0,0.02,3495,34.95,4.1955,-19.4081,2.9800
623.419271,1788180219.288777,732344,94,1,1,60771976,801907580,32460,2985,6.077197600,80.190758000,32.460,2.985,0,3,0,0.0,0.03,0.0,-0.0,0.03,3495,34.95,4.2176,-19.4191,2.9800
623.919193,1788180219.788699,732844,123,1,1,60771975,801907583,32450,2978,6.077197500,80.190758300,32.450,2.978,0,3,0,0.0,0.03,0.0,-0.0,0.03,3495,34.95,4.2508,-19.4302,2.9700
624.499246,1788180220.368752,733344,151,1,1,60771974,801907585,32450,2976,6.077197400,80.190758500,32.450,2.976,0,3,0,0.0,0.03,0.0,-0.0,0.03,3495,34.95,4.2730,-19.4412,2.9700
624.916860,1788180220.786366,733844,180,1,1,60771973,801907586,32450,2977,6.077197300,80.190758600,32.450,2.977,0,3,0,0.0,0.03,0.0,-0.0,0.03,3495,34.95,4.2840,-19.4523,2.9700
625.417681,1788180221.287187,734344,208,1,1,60771972,801907588,32450,2973,6.077197200,80.190758800,32.450,2.973,0,3,1,0.0,0.03,0.01,-0.01,0.03,3495,34.95,4.3062,-19.4634,2.9700
625.951375,1788180221.820881,734844,237,1,1,60771971,801907591,32440,2964,6.077197100,80.190759100,32.440,2.964,0,3,1,0.0,0.03,0.01,-0.01,0.03,3495,34.95,4.3394,-19.4744,2.9600
626.416447,1788180222.285953,735344,9,1,1,60771970,801907592,32440,2962,6.077197000,80.190759200,32.440,2.962,0,3,1,0.0,0.03,0.01,-0.01,0.03,3495,34.95,4.3505,-19.4855,2.9600
626.914929,1788180222.784435,735844,38,1,1,60771968,801907594,32440,2967,6.077196800,80.190759400,32.440,2.967,0,2,0,0.0,0.02,0.0,-0.0,0.02,3495,34.95,4.3726,-19.5076,2.9600
627.491317,1788180223.360823,736344,66,1,1,60771966,801907595,32450,2978,6.077196600,80.190759500,32.450,2.978,0,1,0,0.0,0.01,0.0,-0.0,0.01,3494,34.94,4.3837,-19.5297,2.9700
627.945164,1788180223.814670,736844,95,1,1,60771964,801907596,32460,2984,6.077196400,80.190759600,32.460,2.984,0,1,0,0.0,0.01,0.0,-0.0,0.01,3494,34.94,4.3947,-19.5518,2.9800
628.480667,1788180224.350173,737344,123,1,1,60771961,801907598,32470,2991,6.077196100,80.190759800,32.470,2.991,-1,0,0,-0.01,0.0,0.0,-0.0,0.01,3495,34.95,4.4169,-19.5850,2.9900
628.884416,1788180224.753922,737844,152,1,1,60771958,801907600,32470,2997,6.077195800,80.190760000,32.470,2.997,-2,1,0,-0.02,0.01,0.0,-0.0,0.022360679774997897,3495,34.95,4.4390,-19.6182,2.9900
629.406129,1788180225.275635,738344,180,1,1,60771955,801907603,32490,3010,6.077195500,80.190760300,32.490,3.0100000000000002,-3,1,0,-0.03,0.01,0.0,-0.0,0.0316227766016838,3495,34.95,4.4722,-19.6514,3.0100
629.914555,1788180225.784061,738844,209,1,1,60771953,801907606,32490,3018,6.077195300,80.190760600,32.490,3.0180000000000002,-3,1,0,-0.03,0.01,0.0,-0.0,0.0316227766016838,3495,34.95,4.5054,-19.6735,3.0100
630.447286,1788180226.316792,739344,237,1,1,60771951,801907609,32490,3013,6.077195100,80.190760900,32.490,3.013,-3,2,0,-0.03,0.02,0.0,-0.0,0.03605551275463989,3495,34.95,4.5386,-19.6956,3.0100
630.945242,1788180226.814748,739844,10,1,1,60771949,801907612,32490,3011,6.077194900,80.190761200,32.490,3.011,-2,2,0,-0.02,0.02,0.0,-0.0,0.028284271247461905,3494,34.94,4.5719,-19.7177,3.0100
631.478086,1788180227.347592,740344,39,1,1,60771948,801907613,32480,3009,6.077194800,80.190761300,32.480,3.009,-2,2,0,-0.02,0.02,0.0,-0.0,0.028284271247461905,3494,34.94,4.5829,-19.7288,3.0000
631.944944,1788180227.814450,740844,68,1,1,60771947,801907614,32480,3005,6.077194700,80.190761400,32.480,3.005,-2,1,0,-0.02,0.01,0.0,-0.0,0.022360679774997897,3494,34.94,4.5940,-19.7398,3.0000
632.398275,1788180228.267781,741344,96,1,1,60771946,801907614,32480,3004,6.077194600,80.190761400,32.480,3.004,-1,0,0,-0.01,0.0,0.0,-0.0,0.01,3494,34.94,4.5940,-19.7509,3.0000
632.931502,1788180228.801008,741844,125,1,1,60771945,801907616,32470,2996,6.077194500,80.190761600,32.470,2.996,-2,1,1,-0.02,0.01,0.01,-0.01,0.022360679774997897,3494,34.94,4.6161,-19.7619,2.9900
633.477951,1788180229.347457,742344,153,1,1,60771943,801907618,32470,2994,6.077194300,80.190761800,32.470,2.994,-2,1,0,-0.02,0.01,0.0,-0.0,0.022360679774997897,3494,34.94,4.6383,-19.7841,2.9900
633.932089,1788180229.801595,742844,182,1,1,60771942,801907619,32460,2985,6.077194200,80.190761900,32.460,2.985,-2,1,0,-0.02,0.01,0.0,-0.0,0.022360679774997897,3494,34.94,4.6493,-19.7951,2.9800
634.460866,1788180230.330372,743344,210,1,1,60771942,801907621,32450,2974,6.077194200,80.190762100,32.450,2.974,-1,1,0,-0.01,0.01,0.0,-0.0,0.014142135623730952,3494,34.94,4.6715,-19.7951,2.9700
634.929206,1788180230.798712,743844,240,1,1,60771941,801907624,32450,2978,6.077194100,80.190762400,32.450,2.978,-1,1,0,-0.01,0.01,0.0,-0.0,0.014142135623730952,3495,34.95,4.7047,-19.8062,2.9700
635.426042,1788180231.295548,744344,12,1,1,60771939,801907627,32460,2984,6.077193900,80.190762700,32.460,2.984,-1,1,0,-0.01,0.01,0.0,-0.0,0.014142135623730952,3494,34.94,4.7379,-19.8283,2.9800
636.005250,1788180231.874756,744844,41,1,1,60771937,801907631,32460,2988,6.077193700,80.190763100,32.460,2.988,-1,2,0,-0.01,0.02,0.0,-0.0,0.022360679774997897,3495,34.95,4.7822,-19.8504,2.9800
636.459696,1788180232.329202,745344,69,1,1,60771936,801907634,32460,2983,6.077193600,80.190763400,32.460,2.983,-1,2,0,-0.01,0.02,0.0,-0.0,0.022360679774997897,3495,34.95,4.8154,-19.8615,2.9800
636.924959,1788180232.794465,745844,98,1,1,60771934,801907636,32470,2994,6.077193400,80.190763600,32.470,2.994,-1,2,0,-0.01,0.02,0.0,-0.0,0.022360679774997897,3495,34.95,4.8375,-19.8836,2.9900
637.458222,1788180233.327728,746344,126,1,1,60771933,801907639,32490,3018,6.077193300,80.190763900,32.490,3.0180000000000002,-1,2,-1,-0.01,0.02,-0.01,0.01,0.022360679774997897,3495,34.95,4.8707,-19.8947,3.0100
637.957435,1788180233.826941,746844,155,1,1,60771932,801907641,32490,3019,6.077193200,80.190764100,32.490,3.019,-1,2,-1,-0.01,0.02,-0.01,0.01,0.022360679774997897,3496,34.96,4.8929,-19.9057,3.0100
638.426765,1788180234.296271,747344,183,1,1,60771931,801907642,32490,3015,6.077193100,80.190764200,32.490,3.015,-1,2,-1,-0.01,0.02,-0.01,0.01,0.022360679774997897,3496,34.96,4.9039,-19.9168,3.0100
638.954479,1788180234.823985,747844,212,1,1,60771930,801907643,32500,3022,6.077193000,80.190764300,32.500,3.0220000000000002,-1,1,-1,-0.01,0.01,-0.01,0.01,0.014142135623730952,3496,34.96,4.9150,-19.9278,3.0200
639.456672,1788180235.326178,748344,240,1,1,60771928,801907643,32510,3032,6.077192800,80.190764300,32.510,3.032,-1,0,-1,-0.01,0.0,-0.01,0.01,0.01,3496,34.96,4.9150,-19.9499,3.0300
639.912069,1788180235.781575,748844,13,1,1,60771928,801907643,32510,3035,6.077192800,80.190764300,32.510,3.035,-1,0,-1,-0.01,0.0,-0.01,0.01,0.01,3496,34.96,4.9150,-19.9499,3.0300
640.456171,1788180236.325677,749344,41,1,1,60771927,801907644,32510,3037,6.077192700,80.190764400,32.510,3.037,0,0,-1,0.0,0.0,-0.01,0.01,0.0,3496,34.96,4.9261,-19.9610,3.0300
640.953392,1788180236.822898,749844,70,1,1,60771926,801907644,32510,3039,6.077192600,80.190764400,32.510,3.039,0,0,-1,0.0,0.0,-0.01,0.01,0.0,3496,34.96,4.9261,-19.9721,3.0300
641.532954,1788180237.402460,750346,99,1,1,60771926,801907644,32510,3038,6.077192600,80.190764400,32.510,3.0380000000000003,0,0,-1,0.0,0.0,-0.01,0.01,0.0,3496,34.96,4.9261,-19.9721,3.0300
641.892225,1788180237.761731,750844,128,1,1,60771926,801907644,32520,3040,6.077192600,80.190764400,32.520,3.04,0,0,0,0.0,0.0,0.0,-0.0,0.0,3496,34.96,4.9261,-19.9721,3.0400
642.406728,1788180238.276234,751344,156,1,1,60771926,801907645,32510,3032,6.077192600,80.190764500,32.510,3.032,0,0,0,0.0,0.0,0.0,-0.0,0.0,3496,34.96,4.9372,-19.9721,3.0300
642.887985,1788180238.757491,751844,185,1,1,60771925,801907645,32500,3028,6.077192500,80.190764500,32.500,3.028,0,0,0,0.0,0.0,0.0,-0.0,0.0,3497,34.97,4.9372,-19.9831,3.0200
643.434512,1788180239.304018,752344,213,1,1,60771925,801907646,32500,3026,6.077192500,80.190764600,32.500,3.0260000000000002,0,0,0,0.0,0.0,0.0,-0.0,0.0,3497,34.97,4.9482,-19.9831,3.0200
643.902631,1788180239.772137,752846,242,1,1,60771925,801907647,32490,3011,6.077192500,80.190764700,32.490,3.011,0,0,0,0.0,0.0,0.0,-0.0,0.0,3497,34.97,4.9593,-19.9831,3.0100
644.466289,1788180240.335795,753344,14,1,1,60771925,801907647,32480,3001,6.077192500,80.190764700,32.480,3.001,0,0,0,0.0,0.0,0.0,-0.0,0.0,3498,34.980000000000004,4.9593,-19.9831,3.0000
644.950328,1788180240.819834,753844,43,1,1,60771924,801907647,32470,2993,6.077192400,80.190764700,32.470,2.993,0,0,0,0.0,0.0,0.0,-0.0,0.0,3498,34.980000000000004,4.9593,-19.9942,2.9900
645.433606,1788180241.303112,754344,71,1,1,60771924,801907647,32450,2973,6.077192400,80.190764700,32.450,2.973,0,-1,0,0.0,-0.01,0.0,-0.0,0.01,3498,34.980000000000004,4.9593,-19.9942,2.9700
646.027033,1788180241.896539,754846,100,1,1,60771923,801907646,32440,2960,6.077192300,80.190764600,32.440,2.96,0,-1,1,0.0,-0.01,0.01,-0.01,0.01,3498,34.980000000000004,4.9482,-20.0052,2.9600
646.478075,1788180242.347581,755344,128,1,1,60771922,801907646,32440,2966,6.077192200,80.190764600,32.440,2.966,0,-1,1,0.0,-0.01,0.01,-0.01,0.01,3498,34.980000000000004,4.9482,-20.0163,2.9600
646.882370,1788180242.751876,755844,157,1,1,60771922,801907646,32450,2972,6.077192200,80.190764600,32.450,2.972,0,-1,1,0.0,-0.01,0.01,-0.01,0.01,3498,34.980000000000004,4.9482,-20.0163,2.9700
647.398605,1788180243.268111,756344,185,1,1,60771922,801907646,32450,2972,6.077192200,80.190764600,32.450,2.972,0,0,0,0.0,0.0,0.0,-0.0,0.0,3498,34.980000000000004,4.9482,-20.0163,2.9700
648.038886,1788180243.908392,756844,214,1,1,60771922,801907646,32440,2965,6.077192200,80.190764600,32.440,2.965,1,0,1,0.01,0.0,0.01,-0.01,0.01,3498,34.980000000000004,4.9482,-20.0163,2.9600
648.462273,1788180244.331779,757344,245,1,1,60771922,801907646,32420,2948,6.077192200,80.190764600,32.420,2.948,1,-1,1,0.01,-0.01,0.01,-0.01,0.014142135623730952,3499,34.99,4.9482,-20.0163,2.9400
649.004946,1788180244.874452,757846,19,1,1,60771921,801907644,32420,2946,6.077192100,80.190764400,32.420,2.946,1,-2,1,0.01,-0.02,0.01,-0.01,0.022360679774997897,3499,34.99,4.9261,-20.0274,2.9400
649.459867,1788180245.329373,758344,47,1,1,60771921,801907642,32420,2946,6.077192100,80.190764200,32.420,2.946,1,-2,1,0.01,-0.02,0.01,-0.01,0.022360679774997897,3499,34.99,4.9039,-20.0274,2.9400
649.929512,1788180245.799018,758844,76,1,1,60771920,801907641,32430,2952,6.077192000,80.190764100,32.430,2.952,0,-2,0,0.0,-0.02,0.0,-0.0,0.02,3499,34.99,4.8929,-20.0384,2.9500
650.492839,1788180246.362345,759344,104,1,1,60771920,801907641,32430,2953,6.077192000,80.190764100,32.430,2.953,0,-1,0,0.0,-0.01,0.0,-0.0,0.01,3499,34.99,4.8929,-20.0384,2.9500
650.957242,1788180246.826748,759844,133,1,1,60771920,801907642,32440,2962,6.077192000,80.190764200,32.440,2.962,0,0,0,0.0,0.0,0.0,-0.0,0.0,3499,34.99,4.9039,-20.0384,2.9600
651.426726,1788180247.296232,760344,162,1,1,60771920,801907644,32430,2953,6.077192000,80.190764400,32.430,2.953,0,1,0,0.0,0.01,0.0,-0.0,0.01,3499,34.99,4.9261,-20.0384,2.9500
651.954794,1788180247.824300,760844,191,1,1,60771919,801907648,32420,2946,6.077191900,80.190764800,32.420,2.946,0,2,0,0.0,0.02,0.0,-0.0,0.02,3499,34.99,4.9704,-20.0495,2.9400
652.421188,1788180248.290694,761344,219,1,1,60771919,801907650,32410,2939,6.077191900,80.190765000,32.410,2.939,0,2,0,0.0,0.02,0.0,-0.0,0.02,3499,34.99,4.9925,-20.0495,2.9300
652.924104,1788180248.793610,761844,248,1,1,60771919,801907653,32420,2941,6.077191900,80.190765300,32.420,2.9410000000000003,0,3,0,0.0,0.03,0.0,-0.0,0.03,3499,34.99,5.0257,-20.0495,2.9400
653.483380,1788180249.352886,762344,20,1,1,60771918,801907657,32410,2930,6.077191800,80.190765700,32.410,2.93,0,4,0,0.0,0.04,0.0,-0.0,0.04,3499,34.99,5.0700,-20.0605,2.9300
653.955395,1788180249.824901,762844,49,1,1,60771918,801907661,32400,2923,6.077191800,80.190766100,32.400,2.923,0,5,0,0.0,0.05,0.0,-0.0,0.05,3499,34.99,5.1143,-20.0605,2.9200
654.414601,1788180250.284107,763344,77,1,1,60771918,801907663,32390,2914,6.077191800,80.190766300,32.390,2.914,0,5,0,0.0,0.05,0.0,-0.0,0.05,3499,34.99,5.1364,-20.0605,2.9100
654.951568,1788180250.821074,763844,106,1,1,60771918,801907666,32390,2916,6.077191800,80.190766600,32.390,2.916,0,5,0,0.0,0.05,0.0,-0.0,0.05,3499,34.99,5.1696,-20.0605,2.9100
655.403934,1788180251.273440,764344,134,1,1,60771918,801907667,32400,2924,6.077191800,80.190766700,32.400,2.924,0,4,0,0.0,0.04,0.0,-0.0,0.04,3499,34.99,5.1807,-20.0605,2.9200
655.906808,1788180251.776314,764844,163,1,1,60771918,801907668,32400,2922,6.077191800,80.190766800,32.400,2.922,0,3,0,0.0,0.03,0.0,-0.0,0.03,3499,34.99,5.1918,-20.0605,2.9200
656.483389,1788180252.352895,765344,191,1,1,60771918,801907668,32390,2917,6.077191800,80.190766800,32.390,2.9170000000000003,0,2,0,0.0,0.02,0.0,-0.0,0.02,3499,34.99,5.1918,-20.0605,2.9100
656.890549,1788180252.760055,765844,220,1,1,60771918,801907670,32380,2906,6.077191800,80.190767000,32.380,2.906,0,2,0,0.0,0.02,0.0,-0.0,0.02,3499,34.99,5.2139,-20.0605,2.9000
657.483880,1788180253.353386,766344,248,1,1,60771918,801907672,32390,2910,6.077191800,80.190767200,32.390,2.91,0,2,0,0.0,0.02,0.0,-0.0,0.02,3499,34.99,5.2360,-20.0605,2.9100
657.874180,1788180253.743686,766844,21,1,1,60771919,801907673,32400,2925,6.077191900,80.190767300,32.400,2.9250000000000003,1,1,0,0.01,0.01,0.0,-0.0,0.014142135623730952,3499,34.99,5.2471,-20.0495,2.9200
658.400805,1788180254.270311,767344,49,1,1,60771921,801907674,32400,2923,6.077192100,80.190767400,32.400,2.923,2,1,0,0.02,0.01,0.0,-0.0,0.022360679774997897,3499,34.99,5.2582,-20.0274,2.9200
658.933633,1788180254.803139,767844,78,1,1,60771922,801907676,32390,2917,6.077192200,80.190767600,32.390,2.9170000000000003,2,1,0,0.02,0.01,0.0,-0.0,0.022360679774997897,3499,34.99,5.2803,-20.0163,2.9100
659.429580,1788180255.299086,768344,106,1,1,60771923,801907678,32390,2914,6.077192300,80.190767800,32.390,2.914,2,1,0,0.02,0.01,0.0,-0.0,0.022360679774997897,3499,34.99,5.3025,-20.0052,2.9100
659.895351,1788180255.764857,768844,135,1,1,60771924,801907679,32380,2908,6.077192400,80.190767900,32.380,2.908,2,1,0,0.02,0.01,0.0,-0.0,0.022360679774997897,3498,34.980000000000004,5.3135,-19.9942,2.9000
660.470316,1788180256.339822,769344,163,1,1,60771924,801907680,32380,2904,6.077192400,80.190768000,32.380,2.904,1,0,0,0.01,0.0,0.0,-0.0,0.01,3499,34.99,5.3246,-19.9942,2.9000
660.875900,1788180256.745406,769844,192,1,1,60771923,801907681,32380,2904,6.077192300,80.190768100,32.380,2.904,1,1,0,0.01,0.01,0.0,-0.0,0.014142135623730952,3498,34.980000000000004,5.3357,-20.0052,2.9000
661.373533,1788180257.243039,770344,221,1,1,60771923,801907681,32380,2906,6.077192300,80.190768100,32.380,2.906,0,0,0,0.0,0.0,0.0,-0.0,0.0,3498,34.980000000000004,5.3357,-20.0052,2.9000
661.904202,1788180257.773708,770844,250,1,1,60771923,801907681,32380,2908,6.077192300,80.190768100,32.380,2.908,0,0,0,0.0,0.0,0.0,-0.0,0.0,3498,34.980000000000004,5.3357,-20.0052,2.9000
662.417184,1788180258.286690,771344,22,1,1,60771922,801907682,32390,2918,6.077192200,80.190768200,32.390,2.918,0,0,0,0.0,0.0,0.0,-0.0,0.0,3498,34.980000000000004,5.3467,-20.0163,2.9100
662.916830,1788180258.786336,771844,51,1,1,60771920,801907683,32410,2939,6.077192000,80.190768300,32.410,2.939,0,0,-1,0.0,0.0,-0.01,0.01,0.0,3498,34.980000000000004,5.3578,-20.0384,2.9300
663.465017,1788180259.334523,772344,79,1,1,60771920,801907683,32420,2940,6.077192000,80.190768300,32.420,2.94,0,1,0,0.0,0.01,0.0,-0.0,0.01,3498,34.980000000000004,5.3578,-20.0384,2.9400
663.914975,1788180259.784481,772844,108,1,1,60771919,801907683,32420,2942,6.077191900,80.190768300,32.420,2.942,-1,0,0,-0.01,0.0,0.0,-0.0,0.01,3498,34.980000000000004,5.3578,-20.0495,2.9400
664.457872,1788180260.327378,773344,136,1,1,60771918,801907683,32420,2949,6.077191800,80.190768300,32.420,2.949,-1,0,-1,-0.01,0.0,-0.01,0.01,0.01,3498,34.980000000000004,5.3578,-20.0605,2.9400
664.942873,1788180260.812379,773844,165,1,1,60771917,801907680,32430,2953,6.077191700,80.190768000,32.430,2.953,-1,0,-1,-0.01,0.0,-0.01,0.01,0.01,3497,34.97,5.3246,-20.0716,2.9500
665.456940,1788180261.326446,774344,193,1,1,60771916,801907675,32430,2955,6.077191600,80.190767500,32.430,2.955,-1,-2,-1,-0.01,-0.02,-0.01,0.01,0.022360679774997897,3497,34.97,5.2693,-20.0827,2.9500
665.988399,1788180261.857905,774844,223,1,1,60771914,801907668,32420,2949,6.077191400,80.190766800,32.420,2.949,-1,-4,-1,-0.01,-0.04,-0.01,0.01,0.04123105625617661,3497,34.97,5.1918,-20.1048,2.9400
666.454442,1788180262.323948,775344,251,1,1,60771913,801907662,32420,2949,6.077191300,80.190766200,32.420,2.949,-1,-5,0,-0.01,-0.05,0.0,-0.0,0.05099019513592785,3496,34.96,5.1253,-20.1158,2.9400
666.908732,1788180262.778238,775844,24,1,1,60771912,801907654,32420,2942,6.077191200,80.190765400,32.420,2.942,-1,-7,0,-0.01,-0.07,0.0,-0.0,0.07071067811865475,3497,34.97,5.0368,-20.1269,2.9400
667.405580,1788180263.275086,776344,52,1,1,60771912,801907647,32410,2932,6.077191200,80.190764700,32.410,2.932,-1,-8,0,-0.01,-0.08,0.0,-0.0,0.0806225774829855,3496,34.96,4.9593,-20.1269,2.9300
667.986732,1788180263.856238,776844,81,1,1,60771912,801907640,32400,2924,6.077191200,80.190764000,32.400,2.924,0,-9,0,0.0,-0.09,0.0,-0.0,0.09,3496,34.96,4.8818,-20.1269,2.9200
668.439651,1788180264.309157,777344,109,1,1,60771912,801907632,32380,2905,6.077191200,80.190763200,32.380,2.9050000000000002,0,-9,0,0.0,-0.09,0.0,-0.0,0.09,3496,34.96,4.7932,-20.1269,2.9000
668.904228,1788180264.773734,777844,138,1,1,60771913,801907623,32380,2906,6.077191300,80.190762300,32.380,2.906,0,-10,0,0.0,-0.1,0.0,-0.0,0.1,3496,34.96,4.6936,-20.1158,2.9000
669.481663,1788180265.351169,778344,166,1,1,60771914,801907613,32390,2912,6.077191400,80.190761300,32.390,2.912,0,-11,0,0.0,-0.11,0.0,-0.0,0.11,3496,34.96,4.5829,-20.1048,2.9100
669.904502,1788180265.774008,778844,195,1,1,60771914,801907604,32400,2924,6.077191400,80.190760400,32.400,2.924,0,-12,0,0.0,-0.12,0.0,-0.0,0.12,3497,34.97,4.4833,-20.1048,2.9200
670.515385,1788180266.384891,779344,223,1,1,60771914,801907594,32400,2921,6.077191400,80.190759400,32.400,2.9210000000000003,0,-12,0,0.0,-0.12,0.0,-0.0,0.12,3497,34.97,4.3726,-20.1048,2.9200
670.952606,1788180266.822112,779844,252,1,1,60771914,801907585,32390,2917,6.077191400,80.190758500,32.390,2.9170000000000003,1,-12,0,0.01,-0.12,0.0,-0.0,0.12041594578792296,3497,34.97,4.2730,-20.1048,2.9100
671.441569,1788180267.311075,780344,25,1,1,60771914,801907577,32380,2908,6.077191400,80.190757700,32.380,2.908,0,-11,0,0.0,-0.11,0.0,-0.0,0.11,3497,34.97,4.1844,-20.1048,2.9000
671.970628,1788180267.840134,780844,54,1,1,60771913,801907569,32380,2900,6.077191300,80.190756900,32.380,2.9,0,-11,0,0.0,-0.11,0.0,-0.0,0.11,3497,34.97,4.0958,-20.1158,2.9000
672.436942,1788180268.306448,781344,82,1,1,60771910,801907562,32360,2887,6.077191000,80.190756200,32.360,2.887,-1,-10,1,-0.01,-0.1,0.01,-0.01,0.1004987562112089,3497,34.97,4.0184,-20.1490,2.8800
672.937527,1788180268.807033,781844,111,1,1,60771908,801907555,32370,2894,6.077190800,80.190755500,32.370,2.894,-2,-9,0,-0.02,-0.09,0.0,-0.0,0.09219544457292887,3497,34.97,3.9409,-20.1711,2.8900
673.514478,1788180269.383984,782344,139,1,1,60771907,801907548,32370,2897,6.077190700,80.190754800,32.370,2.8970000000000002,-2,-8,0,-0.02,-0.08,0.0,-0.0,0.08246211251235322,3497,34.97,3.8634,-20.1822,2.8900
673.887738,1788180269.757244,782844,168,1,1,60771905,801907541,32390,2913,6.077190500,80.190754100,32.390,2.9130000000000003,-2,-8,0,-0.02,-0.08,0.0,-0.0,0.08246211251235322,3496,34.96,3.7859,-20.2043,2.9100
674.433119,1788180270.302625,783344,196,1,1,60771904,801907536,32390,2916,6.077190400,80.190753600,32.390,2.916,-2,-7,0,-0.02,-0.07,0.0,-0.0,0.07280109889280519,3496,34.96,3.7305,-20.2154,2.9100
674.915696,1788180270.785202,783844,225,1,1,60771902,801907531,32390,2910,6.077190200,80.190753100,32.390,2.91,-2,-5,0,-0.02,-0.05,0.0,-0.0,0.053851648071345036,3496,34.96,3.6752,-20.2375,2.9100
675.416393,1788180271.285899,784344,253,1,1,60771900,801907527,32380,2909,6.077190000,80.190752700,32.380,2.9090000000000003,-2,-4,0,-0.02,-0.04,0.0,-0.0,0.044721359549995794,3496,34.96,3.6309,-20.2596,2.9000
675.870044,1788180271.739550,784844,26,1,1,60771899,801907523,32390,2914,6.077189900,80.190752300,32.390,2.914,-2,-3,0,-0.02,-0.03,0.0,-0.0,0.03605551275463989,3496,34.96,3.5866,-20.2706,2.9100
676.370683,1788180272.240189,785344,54,1,1,60771898,801907520,32380,2901,6.077189800,80.190752000,32.380,2.9010000000000002,-2,-2,0,-0.02,-0.02,0.0,-0.0,0.028284271247461905,3496,34.96,3.5534,-20.2817,2.9000
676.915578,1788180272.785084,785844,83,1,1,60771897,801907517,32370,2893,6.077189700,80.190751700,32.370,2.8930000000000002,-2,-1,0,-0.02,-0.01,0.0,-0.0,0.022360679774997897,3496,34.96,3.5202,-20.2928,2.8900
677.430292,1788180273.299798,786344,111,1,1,60771896,801907514,32370,2896,6.077189600,80.190751400,32.370,2.896,-2,0,0,-0.02,0.0,0.0,-0.0,0.02,3497,34.97,3.4870,-20.3038,2.8900
678.006414,1788180273.875920,786844,140,1,1,60771894,801907511,32380,2900,6.077189400,80.190751100,32.380,2.9,-2,0,0,-0.02,0.0,0.0,-0.0,0.02,3496,34.96,3.4538,-20.3259,2.9000
678.415252,1788180274.284758,787344,168,1,1,60771893,801907508,32390,2910,6.077189300,80.190750800,32.390,2.91,-2,0,0,-0.02,0.0,0.0,-0.0,0.02,3496,34.96,3.4206,-20.3370,2.9100
678.912733,1788180274.782239,787844,197,1,1,60771892,801907505,32390,2911,6.077189200,80.190750500,32.390,2.911,-1,0,-1,-0.01,0.0,-0.01,0.01,0.01,3496,34.96,3.3874,-20.3481,2.9100
679.493754,1788180275.363260,788344,225,1,1,60771892,801907503,32370,2893,6.077189200,80.190750300,32.370,2.8930000000000002,-1,0,0,-0.01,0.0,0.0,-0.0,0.01,3496,34.96,3.3652,-20.3481,2.8900
679.900619,1788180275.770125,788844,254,1,1,60771892,801907501,32350,2873,6.077189200,80.190750100,32.350,2.873,0,0,0,0.0,0.0,0.0,-0.0,0.0,3496,34.96,3.3431,-20.3481,2.8700
680.416658,1788180276.286164,789344,26,1,1,60771891,801907500,32340,2860,6.077189100,80.190750000,32.340,2.86,0,1,0,0.0,0.01,0.0,-0.0,0.01,3495,34.95,3.3320,-20.3591,2.8600
680.949095,1788180276.818601,789844,55,1,1,60771891,801907499,32320,2843,6.077189100,80.190749900,32.320,2.843,0,1,0,0.0,0.01,0.0,-0.0,0.01,3496,34.96,3.3210,-20.3591,2.8400
681.404647,1788180277.274153,790344,84,1,1,60771890,801907497,32300,2824,6.077189000,80.190749700,32.300,2.824,0,1,0,0.0,0.01,0.0,-0.0,0.01,3495,34.95,3.2988,-20.3702,2.8200
681.916763,1788180277.786269,790844,113,1,1,60771889,801907495,32300,2822,6.077188900,80.190749500,32.300,2.822,0,0,0,0.0,0.0,0.0,-0.0,0.0,3496,34.96,3.2767,-20.3812,2.8200
682.432682,1788180278.302188,791344,141,1,1,60771888,801907495,32300,2821,6.077188800,80.190749500,32.300,2.821,0,1,0,0.0,0.01,0.0,-0.0,0.01,3496,34.96,3.2767,-20.3923,2.8200
682.901534,1788180278.771040,791844,170,1,1,60771886,801907494,32290,2816,6.077188600,80.190749400,32.290,2.816,-1,1,0,-0.01,0.01,0.0,-0.0,0.014142135623730952,3496,34.96,3.2656,-20.4144,2.8100
683.476421,1788180279.345927,792344,198,1,1,60771886,801907494,32270,2797,6.077188600,80.190749400,32.270,2.797,0,1,1,0.0,0.01,0.01,-0.01,0.01,3496,34.96,3.2656,-20.4144,2.7900
683.880564,1788180279.750070,792844,227,1,1,60771885,801907494,32260,2784,6.077188500,80.190749400,32.260,2.7840000000000003,0,1,1,0.0,0.01,0.01,-0.01,0.01,3496,34.96,3.2656,-20.4255,2.7800
684.442771,1788180280.312277,793344,255,1,1,60771883,801907493,32260,2789,6.077188300,80.190749300,32.260,2.789,-1,1,0,-0.01,0.01,0.0,-0.0,0.014142135623730952,3496,34.96,3.2545,-20.4476,2.7800
685.020110,1788180280.889616,793844,28,1,1,60771882,801907494,32270,2795,6.077188200,80.190749400,32.270,2.795,-1,1,0,-0.01,0.01,0.0,-0.0,0.014142135623730952,3496,34.96,3.2656,-20.4586,2.7900
685.377948,1788180281.247454,794344,56,1,1,60771880,801907494,32260,2787,6.077188000,80.190749400,32.260,2.787,-1,1,0,-0.01,0.01,0.0,-0.0,0.014142135623730952,3496,34.96,3.2656,-20.4808,2.7800
685.894761,1788180281.764267,794844,85,1,1,60771879,801907494,32260,2782,6.077187900,80.190749400,32.260,2.782,-1,2,0,-0.01,0.02,0.0,-0.0,0.022360679774997897,3496,34.96,3.2656,-20.4918,2.7800
686.504860,1788180282.374366,795344,114,1,1,60771877,801907495,32260,2785,6.077187700,80.190749500,32.260,2.785,-1,2,0,-0.01,0.02,0.0,-0.0,0.022360679774997897,3496,34.96,3.2767,-20.5139,2.7800
686.926178,1788180282.795684,795844,146,1,1,60771877,801907497,32250,2774,6.077187700,80.190749700,32.250,2.774,0,2,0,0.0,0.02,0.0,-0.0,0.02,3496,34.96,3.2988,-20.5139,2.7700
687.392018,1788180283.261524,796344,174,1,1,60771876,801907499,32240,2768,6.077187600,80.190749900,32.240,2.7680000000000002,0,2,0,0.0,0.02,0.0,-0.0,0.02,3496,34.96,3.3210,-20.5250,2.7600
687.906584,1788180283.776090,796844,203,1,1,60771876,801907501,32250,2774,6.077187600,80.190750100,32.250,2.774,0,3,0,0.0,0.03,0.0,-0.0,0.03,3496,34.96,3.3431,-20.5250,2.7700
688.470385,1788180284.339891,797344,231,1,1,60771875,801907503,32270,2793,6.077187500,80.190750300,32.270,2.793,0,3,0,0.0,0.03,0.0,-0.0,0.03,3496,34.96,3.3652,-20.5361,2.7900
688.919217,1788180284.788723,797844,4,1,1,60771874,801907504,32280,2805,6.077187400,80.190750400,32.280,2.805,0,3,0,0.0,0.03,0.0,-0.0,0.03,3496,34.96,3.3763,-20.5471,2.8000
689.465018,1788180285.334524,798344,32,1,1,60771873,801907506,32280,2806,6.077187300,80.190750600,32.280,2.806,0,3,0,0.0,0.03,0.0,-0.0,0.03,3497,34.97,3.3984,-20.5582,2.8000
689.917739,1788180285.787245,798844,61,1,1,60771874,801907508,32280,2806,6.077187400,80.190750800,32.280,2.806,0,3,0,0.0,0.03,0.0,-0.0,0.03,3497,34.97,3.4206,-20.5471,2.8000
690.369750,1788180286.239256,799344,89,1,1,60771874,801907509,32270,2795,6.077187400,80.190750900,32.270,2.795,0,3,0,0.0,0.03,0.0,-0.0,0.03,3497,34.97,3.4317,-20.5471,2.7900
690.996427,1788180286.865933,799844,118,1,1,60771874,801907510,32280,2803,6.077187400,80.190751000,32.280,2.803,0,2,0,0.0,0.02,0.0,-0.0,0.02,3497,34.97,3.4427,-20.5471,2.8000
691.449686,1788180287.319192,800344,147,1,1,60771874,801907511,32270,2799,6.077187400,80.190751100,32.270,2.799,0,2,0,0.0,0.02,0.0,-0.0,0.02,3497,34.97,3.4538,-20.5471,2.7900
691.920032,1788180287.789538,800844,176,1,1,60771874,801907512,32270,2795,6.077187400,80.190751200,32.270,2.795,0,1,0,0.0,0.01,0.0,-0.0,0.01,3497,34.97,3.4649,-20.5471,2.7900
692.451517,1788180288.321023,801344,204,1,1,60771874,801907513,32280,2800,6.077187400,80.190751300,32.280,2.8000000000000003,0,1,0,0.0,0.01,0.0,-0.0,0.01,3497,34.97,3.4759,-20.5471,2.8000
692.952706,1788180288.822212,801844,233,1,1,60771874,801907514,32280,2802,6.077187400,80.190751400,32.280,2.802,0,1,0,0.0,0.01,0.0,-0.0,0.01,3497,34.97,3.4870,-20.5471,2.8000
693.407946,1788180289.277452,802344,5,1,1,60771874,801907515,32280,2805,6.077187400,80.190751500,32.280,2.805,0,0,0,0.0,0.0,0.0,-0.0,0.0,3497,34.97,3.4981,-20.5471,2.8000
693.988898,1788180289.858404,802844,35,1,1,60771874,801907516,32280,2804,6.077187400,80.190751600,32.280,2.8040000000000003,0,0,0,0.0,0.0,0.0,-0.0,0.0,3497,34.97,3.5091,-20.5471,2.8000
694.443085,1788180290.312591,803344,63,1,1,60771872,801907517,32280,2807,6.077187200,80.190751700,32.280,2.807,-1,0,0,-0.01,0.0,0.0,-0.0,0.01,3497,34.97,3.5202,-20.5692,2.8000
694.989282,1788180290.858788,803844,92,1,1,60771871,801907519,32280,2807,6.077187100,80.190751900,32.280,2.807,-1,0,0,-0.01,0.0,0.0,-0.0,0.01,3496,34.96,3.5424,-20.5803,2.8000
695.441754,1788180291.311260,804344,120,1,1,60771870,801907520,32280,2807,6.077187000,80.190752000,32.280,2.807,-1,0,0,-0.01,0.0,0.0,-0.0,0.01,3496,34.96,3.5534,-20.5914,2.8000
695.938571,1788180291.808077,804844,149,1,1,60771869,801907521,32300,2820,6.077186900,80.190752100,32.300,2.82,-1,0,0,-0.01,0.0,0.0,-0.0,0.01,3496,34.96,3.5645,-20.6024,2.8200
696.472548,1788180292.342054,805344,177,1,1,60771869,801907521,32290,2814,6.077186900,80.190752100,32.290,2.814,-1,0,0,-0.01,0.0,0.0,-0.0,0.01,3496,34.96,3.5645,-20.6024,2.8100
696.881791,1788180292.751297,805844,207,1,1,60771868,801907524,32280,2805,6.077186800,80.190752400,32.280,2.805,0,0,0,0.0,0.0,0.0,-0.0,0.0,3496,34.96,3.5977,-20.6135,2.8000
697.395898,1788180293.265404,806344,235,1,1,60771868,801907526,32270,2795,6.077186800,80.190752600,32.270,2.795,0,1,0,0.0,0.01,0.0,-0.0,0.01,3495,34.95,3.6198,-20.6135,2.7900
697.878750,1788180293.748256,806844,8,1,1,60771867,801907527,32270,2798,6.077186700,80.190752700,32.270,2.798,0,1,0,0.0,0.01,0.0,-0.0,0.01,3495,34.95,3.6309,-20.6245,2.7900
698.439369,1788180294.308875,807344,36,1,1,60771866,801907529,32290,2811,6.077186600,80.190752900,32.290,2.811,0,1,0,0.0,0.01,0.0,-0.0,0.01,3495,34.95,3.6531,-20.6356,2.8100
698.892267,1788180294.761773,807844,65,1,1,60771865,801907530,32290,2810,6.077186500,80.190753000,32.290,2.81,0,1,0,0.0,0.01,0.0,-0.0,0.01,3495,34.95,3.6641,-20.6466,2.8100
699.547777,1788180295.417283,808344,93,1,1,60771864,801907533,32290,2814,6.077186400,80.190753300,32.290,2.814,0,2,0,0.0,0.02,0.0,-0.0,0.02,3495,34.95,3.6973,-20.6577,2.8100
699.922301,1788180295.791807,808844,122,1,1,60771862,801907535,32290,2810,6.077186200,80.190753500,32.290,2.81,-1,3,0,-0.01,0.03,0.0,-0.0,0.0316227766016838,3495,34.95,3.7195,-20.6798,2.8100
700.389680,1788180296.259186,809344,150,1,1,60771863,801907537,32280,2805,6.077186300,80.190753700,32.280,2.805,0,3,0,0.0,0.03,0.0,-0.0,0.03,3496,34.96,3.7416,-20.6688,2.8000
700.968936,1788180296.838442,809844,179,1,1,60771862,801907539,32290,2813,6.077186200,80.190753900,32.290,2.813,0,3,0,0.0,0.03,0.0,-0.0,0.03,3496,34.96,3.7638,-20.6798,2.8100
701.419322,1788180297.288828,810344,208,1,1,60771862,801907540,32280,2807,6.077186200,80.190754000,32.280,2.807,0,2,0,0.0,0.02,0.0,-0.0,0.02,3496,34.96,3.7748,-20.6798,2.8000
701.921999,1788180297.791505,810844,237,1,1,60771861,801907542,32290,2812,6.077186100,80.190754200,32.290,2.8120000000000003,0,2,0,0.0,0.02,0.0,-0.0,0.02,3496,34.96,3.7970,-20.6909,2.8100
702.450782,1788180298.320288,811346,9,1,1,60771861,801907544,32300,2823,6.077186100,80.190754400,32.300,2.823,0,2,0,0.0,0.02,0.0,-0.0,0.02,3496,34.96,3.8191,-20.6909,2.8200
702.918924,1788180298.788430,811844,38,1,1,60771860,801907545,32300,2821,6.077186000,80.190754500,32.300,2.821,0,2,0,0.0,0.02,0.0,-0.0,0.02,3495,34.95,3.8302,-20.7019,2.8200
703.417363,1788180299.286869,812344,66,1,1,60771860,801907546,32300,2823,6.077186000,80.190754600,32.300,2.823,0,2,0,0.0,0.02,0.0,-0.0,0.02,3495,34.95,3.8412,-20.7019,2.8200
703.948427,1788180299.817933,812844,95,1,1,60771860,801907547,32300,2824,6.077186000,80.190754700,32.300,2.824,0,1,0,0.0,0.01,0.0,-0.0,0.01,3496,34.96,3.8523,-20.7019,2.8200
704.431676,1788180300.301182,813344,124,1,1,60771860,801907549,32290,2814,6.077186000,80.190754900,32.290,2.814,0,1,0,0.0,0.01,0.0,-0.0,0.01,3496,34.96,3.8745,-20.7019,2.8100
704.914556,1788180300.784062,813844,153,1,1,60771859,801907550,32300,2822,6.077185900,80.190755000,32.300,2.822,0,0,0,0.0,0.0,0.0,-0.0,0.0,3496,34.96,3.8855,-20.7130,2.8200
705.491611,1788180301.361117,814344,181,1,1,60771858,801907552,32300,2823,6.077185800,80.190755200,32.300,2.823,0,1,0,0.0,0.01,0.0,-0.0,0.01,3496,34.96,3.9077,-20.7241,2.8200
705.900897,1788180301.770403,814844,210,1,1,60771857,801907556,32310,2834,6.077185700,80.190755600,32.310,2.834,0,1,0,0.0,0.01,0.0,-0.0,0.01,3496,34.96,3.9519,-20.7351,2.8300
706.418213,1788180302.287719,815344,238,1,1,60771856,801907558,32310,2832,6.077185600,80.190755800,32.310,2.832,0,1,0,0.0,0.01,0.0,-0.0,0.01,3496,34.96,3.9741,-20.7462,2.8300
706.948309,1788180302.817815,815844,11,1,1,60771855,801907561,32290,2816,6.077185500,80.190756100,32.290,2.816,0,2,0,0.0,0.02,0.0,-0.0,0.02,3496,34.96,4.0073,-20.7572,2.8100
707.414504,1788180303.284010,816344,39,1,1,60771854,801907563,32280,2809,6.077185400,80.190756300,32.280,2.809,0,1,0,0.0,0.01,0.0,-0.0,0.01,3496,34.96,4.0294,-20.7683,2.8000
707.912837,1788180303.782343,816844,68,1,1,60771853,801907565,32280,2804,6.077185300,80.190756500,32.280,2.8040000000000003,0,1,0,0.0,0.01,0.0,-0.0,0.01,3496,34.96,4.0516,-20.7794,2.8000
708.477845,1788180304.347351,817344,96,1,1,60771852,801907566,32280,2800,6.077185200,80.190756600,32.280,2.8000000000000003,-1,1,0,-0.01,0.01,0.0,-0.0,0.014142135623730952,3496,34.96,4.0626,-20.7904,2.8000
708.946731,1788180304.816237,817844,125,1,1,60771850,801907568,32280,2807,6.077185000,80.190756800,32.280,2.807,-1,0,0,-0.01,0.0,0.0,-0.0,0.01,3496,34.96,4.0848,-20.8125,2.8000
709.514363,1788180305.383869,818344,153,1,1,60771848,801907569,32290,2814,6.077184800,80.190756900,32.290,2.814,-1,0,0,-0.01,0.0,0.0,-0.0,0.01,3496,34.96,4.0958,-20.8346,2.8100
709.889569,1788180305.759075,818844,182,1,1,60771846,801907570,32290,2814,6.077184600,80.190757000,32.290,2.814,-1,0,0,-0.01,0.0,0.0,-0.0,0.01,3497,34.97,4.1069,-20.8568,2.8100
710.403727,1788180306.273233,819344,210,1,1,60771844,801907571,32300,2821,6.077184400,80.190757100,32.300,2.821,-2,0,0,-0.02,0.0,0.0,-0.0,0.02,3497,34.97,4.1180,-20.8789,2.8200
710.979924,1788180306.849430,819844,239,1,1,60771842,801907572,32300,2825,6.077184200,80.190757200,32.300,2.825,-2,0,-1,-0.02,0.0,-0.01,0.01,0.02,3497,34.97,4.1291,-20.9010,2.8200
711.385295,1788180307.254801,820344,12,1,1,60771840,801907571,32300,2824,6.077184000,80.190757100,32.300,2.824,-2,0,0,-0.02,0.0,0.0,-0.0,0.02,3497,34.97,4.1180,-20.9231,2.8200
711.916313,1788180307.785819,820844,41,1,1,60771838,801907571,32300,2821,6.077183800,80.190757100,32.300,2.821,-2,0,0,-0.02,0.0,0.0,-0.0,0.02,3497,34.97,4.1180,-20.9452,2.8200
712.367860,1788180308.237366,821344,69,1,1,60771837,801907571,32290,2814,6.077183700,80.190757100,32.290,2.814,-1,0,0,-0.01,0.0,0.0,-0.0,0.01,3497,34.97,4.1180,-20.9563,2.8100
712.929542,1788180308.799048,821844,98,1,1,60771837,801907571,32290,2811,6.077183700,80.190757100,32.290,2.811,0,0,0,0.0,0.0,0.0,-0.0,0.0,3497,34.97,4.1180,-20.9563,2.8100
713.381562,1788180309.251068,822344,126,1,1,60771837,801907571,32280,2804,6.077183700,80.190757100,32.280,2.8040000000000003,0,0,0,0.0,0.0,0.0,-0.0,0.0,3497,34.97,4.1180,-20.9563,2.8000
714.004387,1788180309.873893,822844,155,1,1,60771836,801907570,32290,2810,6.077183600,80.190757000,32.290,2.81,0,-1,0,0.0,-0.01,0.0,-0.0,0.01,3497,34.97,4.1069,-20.9673,2.8100
714.473280,1788180310.342786,823344,183,1,1,60771834,801907569,32300,2826,6.077183400,80.190756900,32.300,2.826,0,-2,-1,0.0,-0.02,-0.01,0.01,0.02,3497,34.97,4.0958,-20.9895,2.8200
714.879510,1788180310.749016,823844,212,1,1,60771833,801907567,32300,2825,6.077183300,80.190756700,32.300,2.825,0,-3,0,0.0,-0.03,0.0,-0.0,0.03,3497,34.97,4.0737,-21.0005,2.8200
715.455468,1788180311.324974,824344,240,1,1,60771832,801907566,32290,2811,6.077183200,80.190756600,32.290,2.811,0,-2,0,0.0,-0.02,0.0,-0.0,0.02,3498,34.980000000000004,4.0626,-21.0116,2.8100
715.919217,1788180311.788723,824844,13,1,1,60771832,801907565,32290,2811,6.077183200,80.190756500,32.290,2.811,0,-3,0,0.0,-0.03,0.0,-0.0,0.03,3498,34.980000000000004,4.0516,-21.0116,2.8100
716.370807,1788180312.240313,825344,41,1,1,60771831,801907564,32280,2808,6.077183100,80.190756400,32.280,2.8080000000000003,0,-3,0,0.0,-0.03,0.0,-0.0,0.03,3497,34.97,4.0405,-21.0226,2.8000
716.990275,1788180312.859781,825846,70,1,1,60771830,801907562,32290,2812,6.077183000,80.190756200,32.290,2.8120000000000003,0,-3,0,0.0,-0.03,0.0,-0.0,0.03,3497,34.97,4.0184,-21.0337,2.8100
717.413384,1788180313.282890,826344,98,1,1,60771828,801907562,32290,2819,6.077182800,80.190756200,32.290,2.819,0,-3,0,0.0,-0.03,0.0,-0.0,0.03,3497,34.97,4.0184,-21.0558,2.8100
717.913560,1788180313.783066,826844,127,1,1,60771828,801907562,32290,2811,6.077182800,80.190756200,32.290,2.811,0,-3,0,0.0,-0.03,0.0,-0.0,0.03,3498,34.980000000000004,4.0184,-21.0558,2.8100
718.379239,1788180314.248745,827344,155,1,1,60771828,801907562,32280,2806,6.077182800,80.190756200,32.280,2.806,0,-2,0,0.0,-0.02,0.0,-0.0,0.02,3498,34.980000000000004,4.0184,-21.0558,2.8000
718.911188,1788180314.780694,827844,184,1,1,60771828,801907563,32280,2805,6.077182800,80.190756300,32.280,2.805,0,-1,0,0.0,-0.01,0.0,-0.0,0.01,3498,34.980000000000004,4.0294,-21.0558,2.8000
719.412906,1788180315.282412,828344,212,1,1,60771828,801907563,32280,2803,6.077182800,80.190756300,32.280,2.803,0,0,0,0.0,0.0,0.0,-0.0,0.0,3498,34.980000000000004,4.0294,-21.0558,2.8000
719.864067,1788180315.733573,828844,241,1,1,60771828,801907564,32290,2818,6.077182800,80.190756400,32.290,2.818,0,0,0,0.0,0.0,0.0,-0.0,0.0,3498,34.980000000000004,4.0405,-21.0558,2.8100
720.407050,1788180316.276556,829344,13,1,1,60771828,801907564,32300,2827,6.077182800,80.190756400,32.300,2.827,0,0,0,0.0,0.0,0.0,-0.0,0.0,3498,34.980000000000004,4.0405,-21.0558,2.8200
720.904745,1788180316.774251,829844,42,1,1,60771828,801907565,32300,2828,6.077182800,80.190756500,32.300,2.828,1,0,0,0.01,0.0,0.0,-0.0,0.01,3498,34.980000000000004,4.0516,-21.0558,2.8200
721.388599,1788180317.258105,830344,71,1,1,60771829,801907566,32310,2830,6.077182900,80.190756600,32.310,2.83,1,1,0,0.01,0.01,0.0,-0.0,0.014142135623730952,3498,34.980000000000004,4.0626,-21.0448,2.8300
721.904063,1788180317.773569,830844,100,1,1,60771830,801907568,32300,2827,6.077183000,80.190756800,32.300,2.827,1,1,0,0.01,0.01,0.0,-0.0,0.014142135623730952,3498,34.980000000000004,4.0848,-21.0337,2.8200
722.491046,1788180318.360552,831344,128,1,1,60771831,801907569,32300,2829,6.077183100,80.190756900,32.300,2.829,1,2,0,0.01,0.02,0.0,-0.0,0.022360679774997897,3498,34.980000000000004,4.0958,-21.0226,2.8200
722.938475,1788180318.807981,831844,157,1,1,60771831,801907571,32300,2826,6.077183100,80.190757100,32.300,2.826,1,2,0,0.01,0.02,0.0,-0.0,0.022360679774997897,3498,34.980000000000004,4.1180,-21.0226,2.8200
723.442374,1788180319.311880,832344,185,1,1,60771831,801907573,32300,2822,6.077183100,80.190757300,32.300,2.822,0,2,0,0.0,0.02,0.0,-0.0,0.02,3498,34.980000000000004,4.1401,-21.0226,2.8200
723.975126,1788180319.844632,832844,214,1,1,60771833,801907573,32300,2829,6.077183300,80.190757300,32.300,2.829,1,2,0,0.01,0.02,0.0,-0.0,0.022360679774997897,3498,34.980000000000004,4.1401,-21.0005,2.8200
724.522133,1788180320.391639,833344,245,1,1,60771834,801907574,32310,2833,6.077183400,80.190757400,32.310,2.833,1,2,0,0.01,0.02,0.0,-0.0,0.022360679774997897,3498,34.980000000000004,4.1512,-20.9895,2.8300
724.911467,1788180320.780973,833844,19,1,1,60771835,801907575,32310,2833,6.077183500,80.190757500,32.310,2.833,1,2,0,0.01,0.02,0.0,-0.0,0.022360679774997897,3498,34.980000000000004,4.1623,-20.9784,2.8300
725.473788,1788180321.343294,834344,47,1,1,60771837,801907575,32310,2836,6.077183700,80.190757500,32.310,2.836,1,1,-1,0.01,0.01,-0.01,0.01,0.014142135623730952,3498,34.980000000000004,4.1623,-20.9563,2.8300
725.970709,1788180321.840215,834844,76,1,1,60771839,801907575,32320,2840,6.077183900,80.190757500,32.320,2.84,1,1,-1,0.01,0.01,-0.01,0.01,0.014142135623730952,3499,34.99,4.1623,-20.9342,2.8400
726.423901,1788180322.293407,835344,104,1,1,60771841,801907575,32320,2848,6.077184100,80.190757500,32.320,2.848,2,0,-1,0.02,0.0,-0.01,0.01,0.02,3499,34.99,4.1623,-20.9121,2.8400
726.956312,1788180322.825818,835844,133,1,1,60771844,801907576,32320,2847,6.077184400,80.190757600,32.320,2.847,2,0,-1,0.02,0.0,-0.01,0.01,0.02,3499,34.99,4.1733,-20.8789,2.8400
727.422175,1788180323.291681,836344,161,1,1,60771847,801907576,32320,2843,6.077184700,80.190757600,32.320,2.843,3,0,-1,0.03,0.0,-0.01,0.01,0.03,3499,34.99,4.1733,-20.8457,2.8400
727.873874,1788180323.743380,836844,191,1,1,60771851,801907576,32320,2843,6.077185100,80.190757600,32.320,2.843,4,0,-1,0.04,0.0,-0.01,0.01,0.04,3499,34.99,4.1733,-20.8015,2.8400
728.499964,1788180324.369470,837344,219,1,1,60771855,801907576,32320,2840,6.077185500,80.190757600,32.320,2.84,4,0,-1,0.04,0.0,-0.01,0.01,0.04,3499,34.99,4.1733,-20.7572,2.8400
728.904235,1788180324.773741,837844,248,1,1,60771860,801907576,32320,2842,6.077186000,80.190757600,32.320,2.842,5,0,-1,0.05,0.0,-0.01,0.01,0.05,3499,34.99,4.1733,-20.7019,2.8400
729.418631,1788180325.288137,838344,20,1,1,60771865,801907576,32310,2831,6.077186500,80.190757600,32.310,2.831,5,0,0,0.05,0.0,0.0,-0.0,0.05,3499,34.99,4.1733,-20.6466,2.8300
729.912737,1788180325.782243,838844,49,1,1,60771870,801907575,32300,2825,6.077187000,80.190757500,32.300,2.825,6,-1,0,0.06,-0.01,0.0,-0.0,0.0608276253029822,3499,34.99,4.1623,-20.5914,2.8200
730.418564,1788180326.288070,839344,77,1,1,60771874,801907574,32290,2812,6.077187400,80.190757400,32.290,2.8120000000000003,6,-1,0,0.06,-0.01,0.0,-0.0,0.0608276253029822,3499,34.99,4.1512,-20.5471,2.8100
730.915517,1788180326.785023,839844,106,1,1,60771879,801907573,32280,2809,6.077187900,80.190757300,32.280,2.809,6,-2,0,0.06,-0.02,0.0,-0.0,0.0632455532033676,3499,34.99,4.1401,-20.4918,2.8000
731.495434,1788180327.364940,840344,135,1,1,60771884,801907572,32280,2805,6.077188400,80.190757200,32.280,2.805,6,-2,0,0.06,-0.02,0.0,-0.0,0.0632455532033676,3499,34.99,4.1291,-20.4365,2.8000
731.946766,1788180327.816272,840844,164,1,1,60771889,801907572,32270,2790,6.077188900,80.190757200,32.270,2.79,6,-2,0,0.06,-0.02,0.0,-0.0,0.0632455532033676,3499,34.99,4.1291,-20.3812,2.7900
732.416219,1788180328.285725,841344,192,1,1,60771894,801907572,32260,2782,6.077189400,80.190757200,32.260,2.782,5,-2,0,0.05,-0.02,0.0,-0.0,0.053851648071345036,3499,34.99,4.1291,-20.3259,2.7800
732.949399,1788180328.818905,841844,221,1,1,60771898,801907572,32250,2774,6.077189800,80.190757200,32.250,2.774,5,-1,0,0.05,-0.01,0.0,-0.0,0.05099019513592785,3498,34.980000000000004,4.1291,-20.2817,2.7700
733.400231,1788180329.269737,842344,249,1,1,60771903,801907572,32240,2760,6.077190300,80.190757200,32.240,2.7600000000000002,5,0,0,0.05,0.0,0.0,-0.0,0.05,3499,34.99,4.1291,-20.2264,2.7600
733.899418,1788180329.768924,842844,22,1,1,60771908,801907572,32230,2750,6.077190800,80.190757200,32.230,2.75,5,0,0,0.05,0.0,0.0,-0.0,0.05,3499,34.99,4.1291,-20.1711,2.7500
734.429199,1788180330.298705,843344,50,1,1,60771914,801907572,32220,2743,6.077191400,80.190757200,32.220,2.743,6,0,0,0.06,0.0,0.0,-0.0,0.06,3499,34.99,4.1291,-20.1048,2.7400
734.896820,1788180330.766326,843844,79,1,1,60771921,801907572,32220,2740,6.077192100,80.190757200,32.220,2.74,6,0,0,0.06,0.0,0.0,-0.0,0.06,3499,34.99,4.1291,-20.0274,2.7400
735.517287,1788180331.386793,844344,107,1,1,60771927,801907572,32280,2800,6.077192700,80.190757200,32.280,2.8000000000000003,6,0,0,0.06,0.0,0.0,-0.0,0.06,3499,34.99,4.1291,-19.9610,2.8000
735.878456,1788180331.747962,844843,136,1,1,60771934,801907571,32280,2804,6.077193400,80.190757100,32.280,2.8040000000000003,7,0,0,0.07,0.0,0.0,-0.0,0.07,3499,34.99,4.1180,-19.8836,2.8000
736.439998,1788180332.309504,845343,164,1,1,60771940,801907571,32270,2799,6.077194000,80.190757100,32.270,2.799,7,0,0,0.07,0.0,0.0,-0.0,0.07,3499,34.99,4.1180,-19.8172,2.7900
736.879777,1788180332.749283,845843,193,1,1,60771946,801907570,32270,2797,6.077194600,80.190757000,32.270,2.797,7,0,0,0.07,0.0,0.0,-0.0,0.07,3499,34.99,4.1069,-19.7509,2.7900
737.424816,1788180333.294322,846344,221,1,1,60771950,801907569,32280,2801,6.077195000,80.190756900,32.280,2.801,6,0,0,0.06,0.0,0.0,-0.0,0.06,3499,34.99,4.0958,-19.7067,2.8000
737.877527,1788180333.747033,846844,250,1,1,60771954,801907569,32280,2804,6.077195400,80.190756900,32.280,2.8040000000000003,5,0,0,0.05,0.0,0.0,-0.0,0.05,3499,34.99,4.0958,-19.6624,2.8000
738.467719,1788180334.337225,847344,22,1,1,60771959,801907568,32280,2806,6.077195900,80.190756800,32.280,2.806,5,0,0,0.05,0.0,0.0,-0.0,0.05,3500,35.0,4.0848,-19.6071,2.8000
738.873683,1788180334.743189,847843,51,1,1,60771962,801907567,32280,2801,6.077196200,80.190756700,32.280,2.801,4,0,0,0.04,0.0,0.0,-0.0,0.04,3500,35.0,4.0737,-19.5739,2.8000
739.372091,1788180335.241597,848343,79,1,1,60771965,801907567,32270,2797,6.077196500,80.190756700,32.270,2.797,3,0,0,0.03,0.0,0.0,-0.0,0.03,3500,35.0,4.0737,-19.5408,2.7900
739.947445,1788180335.816951,848844,108,1,1,60771968,801907567,32270,2795,6.077196800,80.190756700,32.270,2.795,3,0,0,0.03,0.0,0.0,-0.0,0.03,3500,35.0,4.0737,-19.5076,2.7900
740.415212,1788180336.284718,849344,136,1,1,60771971,801907567,32270,2797,6.077197100,80.190756700,32.270,2.797,2,0,0,0.02,0.0,0.0,-0.0,0.02,3500,35.0,4.0737,-19.4744,2.7900
740.868634,1788180336.738140,849844,165,1,1,60771973,801907568,32280,2808,6.077197300,80.190756800,32.280,2.8080000000000003,1,0,0,0.01,0.0,0.0,-0.0,0.01,3500,35.0,4.0848,-19.4523,2.8000
741.397437,1788180337.266943,850344,194,1,1,60771975,801907569,32290,2813,6.077197500,80.190756900,32.290,2.813,0,0,0,0.0,0.0,0.0,-0.0,0.0,3500,35.0,4.0958,-19.4302,2.8100
741.912745,1788180337.782251,850844,223,1,1,60771977,801907572,32280,2808,6.077197700,80.190757200,32.280,2.8080000000000003,0,1,0,0.0,0.01,0.0,-0.0,0.01,3500,35.0,4.1291,-19.4081,2.8000
742.363624,1788180338.233130,851343,251,1,1,60771980,801907575,32190,2716,6.077198000,80.190757500,32.190,2.716,0,2,2,0.0,0.02,0.02,-0.02,0.02,3499,34.99,4.1623,-19.3749,2.7100
742.912637,1788180338.782143,851844,24,1,1,60771982,801907577,32130,2658,6.077198200,80.190757700,32.130,2.658,0,2,4,0.0,0.02,0.04,-0.04,0.02,3499,34.99,4.1844,-19.3528,2.6500
743.408255,1788180339.277761,852343,52,1,1,60771985,801907579,32140,2667,6.077198500,80.190757900,32.140,2.6670000000000003,0,2,3,0.0,0.02,0.03,-0.03,0.02,3499,34.99,4.2065,-19.3196,2.6600
743.907520,1788180339.777026,852843,81,1,1,60771988,801907581,32170,2692,6.077198800,80.190758100,32.170,2.692,0,3,1,0.0,0.03,0.01,-0.01,0.03,3499,34.99,4.2287,-19.2864,2.6900
744.622044,1788180340.491550,853344,109,1,1,60771991,801907583,32190,2719,6.077199100,80.190758300,32.190,2.719,0,2,0,0.0,0.02,0.0,-0.0,0.02,3498,34.980000000000004,4.2508,-19.2532,2.7100
744.904417,1788180340.773923,853844,138,1,1,60771995,801907585,32220,2746,6.077199500,80.190758500,32.220,2.746,1,2,0,0.01,0.02,0.0,-0.0,0.022360679774997897,3498,34.980000000000004,4.2730,-19.2090,2.7400
745.403933,1788180341.273439,854344,166,1,1,60771999,801907587,32250,2776,6.077199900,80.190758700,32.250,2.7760000000000002,2,2,-1,0.02,0.02,-0.01,0.01,0.028284271247461905,3498,34.980000000000004,4.2951,-19.1648,2.7700
745.980299,1788180341.849805,854843,195,1,1,60772003,801907589,32270,2793,6.077200300,80.190758900,32.270,2.793,2,3,-1,0.02,0.03,-0.01,0.01,0.03605551275463989,3498,34.980000000000004,4.3172,-19.1205,2.7900
746.446326,1788180342.315832,855344,223,1,1,60772009,801907592,32270,2798,6.077200900,80.190759200,32.270,2.798,4,4,0,0.04,0.04,0.0,-0.0,0.05656854249492381,3498,34.980000000000004,4.3505,-19.0542,2.7900
746.881588,1788180342.751094,855843,252,1,1,60772014,801907596,32280,2803,6.077201400,80.190759600,32.280,2.803,5,4,0,0.05,0.04,0.0,-0.0,0.06403124237432849,3499,34.99,4.3947,-18.9989,2.8000
747.392153,1788180343.261659,856343,24,1,1,60772020,801907597,32280,2804,6.077202000,80.190759700,32.280,2.8040000000000003,6,3,0,0.06,0.03,0.0,-0.0,0.0670820393249937,3498,34.980000000000004,4.4058,-18.9325,2.8000
747.888965,1788180343.758471,856844,53,1,1,60772024,801907598,32280,2804,6.077202400,80.190759800,32.280,2.8040000000000003,6,3,0,0.06,0.03,0.0,-0.0,0.0670820393249937,3498,34.980000000000004,4.4169,-18.8883,2.8000
748.512806,1788180344.382312,857344,81,1,1,60772028,801907600,32260,2782,6.077202800,80.190760000,32.260,2.782,5,3,0,0.05,0.03,0.0,-0.0,0.05830951894845301,3499,34.99,4.4390,-18.8441,2.7800
748.981990,1788180344.851496,857844,110,1,1,60772031,801907601,32150,2678,6.077203100,80.190760100,32.150,2.678,5,3,3,0.05,0.03,0.03,-0.03,0.05830951894845301,3498,34.980000000000004,4.4501,-18.8109,2.6700
749.432093,1788180345.301599,858343,138,1,1,60772033,801907602,32150,2675,6.077203300,80.190760200,32.150,2.6750000000000003,4,2,2,0.04,0.02,0.02,-0.02,0.044721359549995794,3498,34.980000000000004,4.4612,-18.7888,2.6700
749.965275,1788180345.834781,858843,167,1,1,60772034,801907603,32170,2697,6.077203400,80.190760300,32.170,2.697,2,1,1,0.02,0.01,0.01,-0.01,0.022360679774997897,3498,34.980000000000004,4.4722,-18.7777,2.6900
750.432136,1788180346.301642,859343,195,1,1,60772036,801907603,32190,2719,6.077203600,80.190760300,32.190,2.719,2,1,1,0.02,0.01,0.01,-0.01,0.022360679774997897,3498,34.980000000000004,4.4722,-18.7556,2.7100
750.883697,1788180346.753203,859844,224,1,1,60772036,801907604,32210,2739,6.077203600,80.190760400,32.210,2.739,0,1,0,0.0,0.01,0.0,-0.0,0.01,3498,34.980000000000004,4.4833,-18.7556,2.7300
751.386358,1788180347.255864,860344,253,1,1,60772037,801907605,32230,2754,6.077203700,80.190760500,32.230,2.754,0,0,0,0.0,0.0,0.0,-0.0,0.0,3498,34.980000000000004,4.4944,-18.7445,2.7500
751.928557,1788180347.798063,860843,26,1,1,60772040,801907606,32350,2878,6.077204000,80.190760600,32.350,2.878,0,0,-4,0.0,0.0,-0.04,0.04,0.0,3498,34.980000000000004,4.5054,-18.7114,2.8700
752.384655,1788180348.254161,861343,54,1,1,60772042,801907606,32390,2917,6.077204200,80.190760600,32.390,2.9170000000000003,0,0,-4,0.0,0.0,-0.04,0.04,0.0,3499,34.99,4.5054,-18.6893,2.9100
752.912710,1788180348.782216,861844,83,1,1,60772044,801907607,32390,2912,6.077204400,80.190760700,32.390,2.912,0,0,-3,0.0,0.0,-0.03,0.03,0.0,3499,34.99,4.5165,-18.6671,2.9100
753.412769,1788180349.282275,862344,111,1,1,60772046,801907608,32380,2901,6.077204600,80.190760800,32.380,2.9010000000000002,0,0,-2,0.0,0.0,-0.02,0.02,0.0,3499,34.99,4.5276,-18.6450,2.9000
753.926701,1788180349.796207,862843,140,1,1,60772048,801907609,32370,2890,6.077204800,80.190760900,32.370,2.89,0,0,-2,0.0,0.0,-0.02,0.02,0.0,3499,34.99,4.5386,-18.6229,2.8900
754.502940,1788180350.372446,863343,168,1,1,60772049,801907609,32360,2882,6.077204900,80.190760900,32.360,2.882,0,0,-2,0.0,0.0,-0.02,0.02,0.0,3498,34.980000000000004,4.5386,-18.6118,2.8800
754.910437,1788180350.779943,863843,197,1,1,60772051,801907609,32330,2857,6.077205100,80.190760900,32.330,2.857,0,0,0,0.0,0.0,0.0,-0.0,0.0,3498,34.980000000000004,4.5386,-18.5897,2.8500
755.411751,1788180351.281257,864344,225,1,1,60772053,801907609,32430,2952,6.077205300,80.190760900,32.430,2.952,0,0,-4,0.0,0.0,-0.04,0.04,0.0,3497,34.97,4.5386,-18.5676,2.9500
755.988916,1788180351.858422,864844,254,1,1,60772054,801907609,32420,2947,6.077205400,80.190760900,32.420,2.947,0,0,-3,0.0,0.0,-0.03,0.03,0.0,3497,34.97,4.5386,-18.5565,2.9400
756.454080,1788180352.323586,865346,26,1,1,60772055,801907609,32350,2870,6.077205500,80.190760900,32.350,2.87,0,-1,0,0.0,-0.01,0.0,-0.0,0.01,3498,34.980000000000004,4.5386,-18.5455,2.8700
756.911709,1788180352.781215,865843,55,1,1,60772055,801907609,32380,2906,6.077205500,80.190760900,32.380,2.906,0,0,-1,0.0,0.0,-0.01,0.01,0.0,3497,34.97,4.5386,-18.5455,2.9000
757.442784,1788180353.312290,866343,83,1,1,60772056,801907611,32450,2979,6.077205600,80.190761100,32.450,2.979,0,0,-3,0.0,0.0,-0.03,0.03,0.0,3498,34.980000000000004,4.5608,-18.5344,2.9700
757.908886,1788180353.778392,866844,112,1,1,60772057,801907612,32390,2911,6.077205700,80.190761200,32.390,2.911,0,0,0,0.0,0.0,0.0,-0.0,0.0,3497,34.97,4.5719,-18.5234,2.9100
758.408092,1788180354.277598,867344,140,1,1,60772058,801907615,32240,2765,6.077205800,80.190761500,32.240,2.765,0,1,3,0.0,0.01,0.03,-0.03,0.01,3497,34.97,4.6051,-18.5123,2.7600
758.940284,1788180354.809790,867844,170,1,1,60772059,801907617,32070,2591,6.077205900,80.190761700,32.070,2.591,0,2,8,0.0,0.02,0.08,-0.08,0.02,3497,34.97,4.6272,-18.5013,2.5900
759.405168,1788180355.274674,868344,198,1,1,60772059,801907619,32010,2535,6.077205900,80.190761900,32.010,2.535,0,2,9,0.0,0.02,0.09,-0.09,0.02,3497,34.97,4.6493,-18.5013,2.5300
759.909461,1788180355.778967,868844,227,1,1,60772059,801907621,31960,2489,6.077205900,80.190762100,31.960,2.489,0,2,9,0.0,0.02,0.09,-0.09,0.02,3498,34.980000000000004,4.6715,-18.5013,2.4800
760.482914,1788180356.352420,869343,255,1,1,60772059,801907622,31930,2453,6.077205900,80.190762200,31.930,2.453,0,2,9,0.0,0.02,0.09,-0.09,0.02,3499,34.99,4.6826,-18.5013,2.4500
760.891044,1788180356.760550,869843,28,1,1,60772059,801907624,31950,2477,6.077205900,80.190762400,31.950,2.477,0,2,6,0.0,0.02,0.06,-0.06,0.02,3499,34.99,4.7047,-18.5013,2.4700
761.393973,1788180357.263479,870346,57,1,1,60772059,801907627,32010,2539,6.077205900,80.190762700,32.010,2.539,0,2,3,0.0,0.02,0.03,-0.03,0.02,3499,34.99,4.7379,-18.5013,2.5300
761.926175,1788180357.795681,870843,86,1,1,60772058,801907630,32050,2579,6.077205800,80.190763000,32.050,2.579,0,3,1,0.0,0.03,0.01,-0.01,0.03,3499,34.99,4.7711,-18.5123,2.5700
762.439012,1788180358.308518,871344,117,1,1,60772057,801907632,32050,2575,6.077205700,80.190763200,32.050,2.575,0,2,1,0.0,0.02,0.01,-0.01,0.02,3499,34.99,4.7932,-18.5234,2.5700
762.957936,1788180358.827442,871844,146,1,1,60772057,801907634,31940,2461,6.077205700,80.190763400,31.940,2.461,-1,3,5,-0.01,0.03,0.05,-0.05,0.0316227766016838,3499,34.99,4.8154,-18.5234,2.4600
763.471863,1788180359.341369,872343,174,1,1,60772056,801907637,31920,2442,6.077205600,80.190763700,31.920,2.442,-1,2,5,-0.01,0.02,0.05,-0.05,0.022360679774997897,3499,34.99,4.8486,-18.5344,2.4400
763.923765,1788180359.793271,872843,203,1,1,60772055,801907639,32000,2525,6.077205500,80.190763900,32.000,2.525,-1,2,1,-0.01,0.02,0.01,-0.01,0.022360679774997897,3499,34.99,4.8707,-18.5455,2.5200
764.422249,1788180360.291755,873344,232,1,1,60772055,801907642,32090,2615,6.077205500,80.190764200,32.090,2.615,-1,2,-1,-0.01,0.02,-0.01,0.01,0.022360679774997897,3499,34.99,4.9039,-18.5455,2.6100
764.920209,1788180360.789715,873843,5,1,1,60772055,801907645,32180,2701,6.077205500,80.190764500,32.180,2.701,0,2,-4,0.0,0.02,-0.04,0.04,0.02,3499,34.99,4.9372,-18.5455,2.7000
765.388424,1788180361.257930,874343,33,1,1,60772055,801907647,32270,2790,6.077205500,80.190764700,32.270,2.79,0,2,-6,0.0,0.02,-0.06,0.06,0.02,3499,34.99,4.9593,-18.5455,2.7900
766.058690,1788180361.928196,874844,62,1,1,60772055,801907650,32340,2867,6.077205500,80.190765000,32.340,2.867,0,2,-8,0.0,0.02,-0.08,0.08,0.02,3499,34.99,4.9925,-18.5455,2.8600
766.541040,1788180362.410546,875343,91,1,1,60772054,801907653,32490,3010,6.077205400,80.190765300,32.490,3.0100000000000002,-1,2,-11,-0.01,0.02,-0.11,0.11,0.022360679774997897,3499,34.99,5.0257,-18.5565,3.0100
766.899561,1788180362.769067,875844,120,1,1,60772054,801907655,32500,3028,6.077205400,80.190765500,32.500,3.028,-1,2,-10,-0.01,0.02,-0.1,0.1,0.022360679774997897,3500,35.0,5.0479,-18.5565,3.0200
767.461081,1788180363.330587,876343,148,1,1,60772055,801907656,32410,2938,6.077205500,80.190765600,32.410,2.938,0,1,-5,0.0,0.01,-0.05,0.05,0.01,3500,35.0,5.0589,-18.5455,2.9300
767.852766,1788180363.722272,876844,177,1,1,60772054,801907656,32270,2795,6.077205400,80.190765600,32.270,2.795,0,0,0,0.0,0.0,0.0,-0.0,0.0,3500,35.0,5.0589,-18.5565,2.7900
768.411100,1788180364.280606,877343,206,1,1,60772054,801907655,32080,2607,6.077205400,80.190765500,32.080,2.607,0,-1,6,0.0,-0.01,0.06,-0.06,0.01,3500,35.0,5.0479,-18.5565,2.6000
768.960168,1788180364.829674,877844,236,1,1,60772054,801907654,31990,2512,6.077205400,80.190765400,31.990,2.512,0,-2,7,0.0,-0.02,0.07,-0.07,0.02,3500,35.0,5.0368,-18.5565,2.5100
769.459453,1788180365.328959,878344,8,1,1,60772053,801907651,31950,2478,6.077205300,80.190765100,31.950,2.478,0,-3,7,0.0,-0.03,0.07,-0.07,0.03,3500,35.0,5.0036,-18.5676,2.4700
769.911041,1788180365.780547,878844,37,1,1,60772051,801907645,32040,2561,6.077205100,80.190764500,32.040,2.561,-1,-5,3,-0.01,-0.05,0.03,-0.03,0.05099019513592785,3500,35.0,4.9372,-18.5897,2.5600
770.441836,1788180366.311342,879344,65,1,1,60772047,801907638,32030,2552,6.077204700,80.190763800,32.030,2.552,-2,-7,3,-0.02,-0.07,0.03,-0.03,0.07280109889280519,3500,35.0,4.8597,-18.6340,2.5500
770.910555,1788180366.780061,879843,94,1,1,60772043,801907630,32080,2609,6.077204300,80.190763000,32.080,2.609,-3,-8,1,-0.03,-0.08,0.01,-0.01,0.0854400374531753,3500,35.0,4.7711,-18.6782,2.6000
771.407214,1788180367.276720,880344,123,1,1,60772038,801907622,32130,2657,6.077203800,80.190762200,32.130,2.657,-4,-9,0,-0.04,-0.09,0.0,-0.0,0.09848857801796104,3500,35.0,4.6826,-18.7335,2.6500
771.982116,1788180367.851622,880843,152,1,1,60772033,801907615,32050,2577,6.077203300,80.190761500,32.050,2.577,-4,-10,2,-0.04,-0.1,0.02,-0.02,0.10770329614269007,3499,34.99,4.6051,-18.7888,2.5700
772.450412,1788180368.319918,881343,180,1,1,60772028,801907608,32080,2600,6.077202800,80.190760800,32.080,2.6,-5,-10,0,-0.05,-0.1,0.0,-0.0,0.1118033988749895,3499,34.99,4.5276,-18.8441,2.6000
772.902797,1788180368.772303,881844,209,1,1,60772024,801907603,32080,2604,6.077202400,80.190760300,32.080,2.604,-5,-10,0,-0.05,-0.1,0.0,-0.0,0.1118033988749895,3499,34.99,4.4722,-18.8883,2.6000
773.434804,1788180369.304310,882344,237,1,1,60772020,801907600,32100,2628,6.077202000,80.190760000,32.100,2.628,-5,-9,0,-0.05,-0.09,0.0,-0.0,0.10295630140987001,3499,34.99,4.4390,-18.9325,2.6200
773.904707,1788180369.774213,882843,10,1,1,60772018,801907597,32120,2641,6.077201800,80.190759700,32.120,2.641,-4,-7,0,-0.04,-0.07,0.0,-0.0,0.0806225774829855,3500,35.0,4.4058,-18.9547,2.6400
774.390895,1788180370.260401,883343,38,1,1,60772015,801907597,32160,2680,6.077201500,80.190759700,32.160,2.68,-4,-5,-1,-0.04,-0.05,-0.01,0.01,0.06403124237432849,3500,35.0,4.4058,-18.9878,2.6800
774.921322,1788180370.790828,883843,67,1,1,60772013,801907595,32200,2729,6.077201300,80.190759500,32.200,2.729,-3,-4,-2,-0.03,-0.04,-0.02,0.02,0.05,3499,34.99,4.3837,-19.0100,2.7200
775.435703,1788180371.305209,884343,95,1,1,60772012,801907594,32170,2698,6.077201200,80.190759400,32.170,2.698,-2,-3,-1,-0.02,-0.03,-0.01,0.01,0.03605551275463989,3499,34.99,4.3726,-19.0210,2.6900
775.967311,1788180371.836817,884844,124,1,1,60772011,801907593,32070,2597,6.077201100,80.190759300,32.070,2.597,-1,-1,2,-0.01,-0.01,0.02,-0.02,0.014142135623730952,3499,34.99,4.3615,-19.0321,2.5900
776.434294,1788180372.303800,885344,152,1,1,60772010,801907594,31980,2503,6.077201000,80.190759400,31.980,2.503,-1,0,4,-0.01,0.0,0.04,-0.04,0.01,3499,34.99,4.3726,-19.0431,2.5000
776.933667,1788180372.803173,885843,181,1,1,60772009,801907594,31930,2450,6.077200900,80.190759400,31.930,2.45,-1,1,5,-0.01,0.01,0.05,-0.05,0.014142135623730952,3499,34.99,4.3726,-19.0542,2.4500
777.465113,1788180373.334619,886344,209,1,1,60772008,801907593,31900,2420,6.077200800,80.190759300,31.900,2.42,-1,0,5,-0.01,0.0,0.05,-0.05,0.01,3498,34.980000000000004,4.3615,-19.0652,2.4200
777.962840,1788180373.832346,886844,238,1,1,60772007,801907592,31960,2487,6.077200700,80.190759200,31.960,2.487,0,0,2,0.0,0.0,0.02,-0.02,0.0,3498,34.980000000000004,4.3505,-19.0763,2.4800
778.385540,1788180374.255046,887343,10,1,1,60772006,801907591,31980,2506,6.077200600,80.190759100,31.980,2.5060000000000002,0,0,1,0.0,0.0,0.01,-0.01,0.0,3498,34.980000000000004,4.3394,-19.0874,2.5000
778.913037,1788180374.782543,887843,39,1,1,60772006,801907591,32010,2535,6.077200600,80.190759100,32.010,2.535,0,1,0,0.0,0.01,0.0,-0.0,0.01,3498,34.980000000000004,4.3394,-19.0874,2.5300
779.426793,1788180375.296299,888343,67,1,1,60772004,801907591,32040,2569,6.077200400,80.190759100,32.040,2.569,0,1,0,0.0,0.01,0.0,-0.0,0.01,3498,34.980000000000004,4.3394,-19.1095,2.5600
779.928571,1788180375.798077,888844,96,1,1,60772003,801907591,32120,2643,6.077200300,80.190759100,32.120,2.6430000000000002,0,1,-3,0.0,0.01,-0.03,0.03,0.01,3498,34.980000000000004,4.3394,-19.1205,2.6400
780.444120,1788180376.313626,889344,124,1,1,60772002,801907591,32270,2797,6.077200200,80.190759100,32.270,2.797,0,2,-8,0.0,0.02,-0.08,0.08,0.02,3497,34.97,4.3394,-19.1316,2.7900
780.910563,1788180376.780069,889843,153,1,1,60772000,801907591,32410,2936,6.077200000,80.190759100,32.410,2.936,0,2,-11,0.0,0.02,-0.11,0.11,0.02,3498,34.980000000000004,4.3394,-19.1537,2.9300
781.410144,1788180377.279650,890343,182,1,1,60771999,801907592,32290,2815,6.077199900,80.190759200,32.290,2.815,0,2,-5,0.0,0.02,-0.05,0.05,0.02,3497,34.97,4.3505,-19.1648,2.8100
781.957079,1788180377.826585,890843,211,1,1,60771998,801907592,32290,2812,6.077199800,80.190759200,32.290,2.8120000000000003,0,2,-4,0.0,0.02,-0.04,0.04,0.02,3497,34.97,4.3505,-19.1758,2.8100
782.409999,1788180378.279505,891344,239,1,1,60771997,801907592,32450,2977,6.077199700,80.190759200,32.450,2.977,0,2,-9,0.0,0.02,-0.09,0.09,0.02,3498,34.980000000000004,4.3505,-19.1869,2.9700
782.864055,1788180378.733561,891844,12,1,1,60771996,801907592,32370,2892,6.077199600,80.190759200,32.370,2.892,0,1,-12,0.0,0.01,-0.12,0.12,0.01,3498,34.980000000000004,4.3505,-19.1980,2.8900
783.394038,1788180379.263544,892344,40,1,1,60771995,801907592,32430,2958,6.077199500,80.190759200,32.430,2.958,0,1,-12,0.0,0.01,-0.12,0.12,0.01,3498,34.980000000000004,4.3505,-19.2090,2.9500
783.942938,1788180379.812444,892844,69,1,1,60771993,801907592,32480,3007,6.077199300,80.190759200,32.480,3.007,-1,1,-12,-0.01,0.01,-0.12,0.12,0.014142135623730952,3499,34.99,4.3505,-19.2311,3.0000
784.409694,1788180380.279200,893344,97,1,1,60771990,801907592,32520,3043,6.077199000,80.190759200,32.520,3.043,-1,1,-11,-0.01,0.01,-0.11,0.11,0.014142135623730952,3499,34.99,4.3505,-19.2643,3.0400
784.860467,1788180380.729973,893844,126,1,1,60771988,801907592,32550,3073,6.077198800,80.190759200,32.550,3.073,-1,0,-10,-0.01,0.0,-0.1,0.1,0.01,3499,34.99,4.3505,-19.2864,3.0700
785.408546,1788180381.278052,894344,154,1,1,60771986,801907591,32560,3087,6.077198600,80.190759100,32.560,3.087,-1,0,-10,-0.01,0.0,-0.1,0.1,0.01,3499,34.99,4.3394,-19.3085,3.0800
785.907532,1788180381.777038,894844,183,1,1,60771984,801907590,32560,3087,6.077198400,80.190759000,32.560,3.087,-1,0,-9,-0.01,0.0,-0.09,0.09,0.01,3499,34.99,4.3283,-19.3307,3.0800
786.484404,1788180382.353910,895344,211,1,1,60771982,801907588,32550,3075,6.077198200,80.190758800,32.550,3.075,-2,0,-7,-0.02,0.0,-0.07,0.07,0.02,3499,34.99,4.3062,-19.3528,3.0700
786.906237,1788180382.775743,895844,240,1,1,60771980,801907586,32550,3075,6.077198000,80.190758600,32.550,3.075,-2,-1,-6,-0.02,-0.01,-0.06,0.06,0.022360679774997897,3499,34.99,4.2840,-19.3749,3.0700
787.400552,1788180383.270058,896344,12,1,1,60771978,801907583,32550,3073,6.077197800,80.190758300,32.550,3.073,-2,-2,-5,-0.02,-0.02,-0.05,0.05,0.028284271247461905,3499,34.99,4.2508,-19.3970,3.0700
787.931849,1788180383.801355,896844,41,1,1,60771976,801907579,32550,3071,6.077197600,80.190757900,32.550,3.071,-2,-3,-5,-0.02,-0.03,-0.05,0.05,0.03605551275463989,3499,34.99,4.2065,-19.4191,3.0700
788.387344,1788180384.256850,897344,69,1,1,60771973,801907575,32540,3061,6.077197300,80.190757500,32.540,3.061,-3,-4,-4,-0.03,-0.04,-0.04,0.04,0.05,3499,34.99,4.1623,-19.4523,3.0600
788.898907,1788180384.768413,897844,98,1,1,60771970,801907572,32520,3049,6.077197000,80.190757200,32.520,3.049,-3,-4,-4,-0.03,-0.04,-0.04,0.04,0.05,3500,35.0,4.1291,-19.4855,3.0400
789.475595,1788180385.345101,898344,126,1,1,60771968,801907569,32500,3027,6.077196800,80.190756900,32.500,3.027,-3,-4,-3,-0.03,-0.04,-0.03,0.03,0.05,3500,35.0,4.0958,-19.5076,3.0200
789.929644,1788180385.799150,898844,156,1,1,60771966,801907565,32490,3012,6.077196600,80.190756500,32.490,3.012,-3,-4,-2,-0.03,-0.04,-0.02,0.02,0.05,3499,34.99,4.0516,-19.5297,3.0100
790.427265,1788180386.296771,899344,184,1,1,60771964,801907562,32480,3001,6.077196400,80.190756200,32.480,3.001,-2,-5,-2,-0.02,-0.05,-0.02,0.02,0.053851648071345036,3500,35.0,4.0184,-19.5518,3.0000
790.946610,1788180386.816116,899844,213,1,1,60771961,801907558,32460,2982,6.077196100,80.190755800,32.460,2.982,-2,-5,-1,-0.02,-0.05,-0.01,0.01,0.053851648071345036,3499,34.99,3.9741,-19.5850,2.9800
791.432510,1788180387.302016,900344,242,1,1,60771960,801907555,32430,2957,6.077196000,80.190755500,32.430,2.957,-2,-4,0,-0.02,-0.04,0.0,-0.0,0.044721359549995794,3500,35.0,3.9409,-19.5961,2.9500
792.008457,1788180387.877963,900844,15,1,1,60771958,801907552,32430,2950,6.077195800,80.190755200,32.430,2.95,-1,-4,0,-0.01,-0.04,0.0,-0.0,0.04123105625617661,3500,35.0,3.9077,-19.6182,2.9500
792.461220,1788180388.330726,901344,43,1,1,60771956,801907550,32410,2938,6.077195600,80.190755000,32.410,2.938,-1,-4,0,-0.01,-0.04,0.0,-0.0,0.04123105625617661,3500,35.0,3.8855,-19.6403,2.9300
792.901834,1788180388.771340,901844,72,1,1,60771955,801907546,32400,2923,6.077195500,80.190754600,32.400,2.923,-1,-4,0,-0.01,-0.04,0.0,-0.0,0.04123105625617661,3500,35.0,3.8412,-19.6514,2.9200
793.461397,1788180389.330903,902344,100,1,1,60771952,801907543,32380,2909,6.077195200,80.190754300,32.380,2.9090000000000003,-1,-4,0,-0.01,-0.04,0.0,-0.0,0.04123105625617661,3500,35.0,3.8080,-19.6845,2.9000
793.865559,1788180389.735065,902844,129,1,1,60771950,801907540,32370,2898,6.077195000,80.190754000,32.370,2.898,-2,-4,0,-0.02,-0.04,0.0,-0.0,0.044721359549995794,3500,35.0,3.7748,-19.7067,2.8900
794.414185,1788180390.283691,903344,157,1,1,60771948,801907537,32370,2897,6.077194800,80.190753700,32.370,2.8970000000000002,-1,-3,0,-0.01,-0.03,0.0,-0.0,0.0316227766016838,3499,34.99,3.7416,-19.7288,2.8900
794.943997,1788180390.813503,903844,186,1,1,60771947,801907535,32370,2896,6.077194700,80.190753500,32.370,2.896,-1,-3,0,-0.01,-0.03,0.0,-0.0,0.0316227766016838,3499,34.99,3.7195,-19.7398,2.8900
795.459649,1788180391.329155,904344,214,1,1,60771946,801907533,32370,2895,6.077194600,80.190753300,32.370,2.895,0,-2,0,0.0,-0.02,0.0,-0.0,0.02,3500,35.0,3.6973,-19.7509,2.8900
795.868832,1788180391.738338,904844,243,1,1,60771945,801907531,32370,2890,6.077194500,80.190753100,32.370,2.89,0,-1,0,0.0,-0.01,0.0,-0.0,0.01,3499,34.99,3.6752,-19.7619,2.8900
796.448031,1788180392.317537,905344,15,1,1,60771945,801907528,32350,2874,6.077194500,80.190752800,32.350,2.874,0,-1,1,0.0,-0.01,0.01,-0.01,0.01,3500,35.0,3.6420,-19.7619,2.8700
796.963350,1788180392.832856,905844,44,1,1,60771945,801907527,32330,2859,6.077194500,80.190752700,32.330,2.859,0,-1,1,0.0,-0.01,0.01,-0.01,0.01,3500,35.0,3.6309,-19.7619,2.8500
797.415918,1788180393.285424,906344,72,1,1,60771943,801907525,32320,2849,6.077194300,80.190752500,32.320,2.849,0,0,1,0.0,0.0,0.01,-0.01,0.0,3500,35.0,3.6088,-19.7841,2.8400
797.931906,1788180393.801412,906844,101,1,1,60771941,801907524,32320,2840,6.077194100,80.190752400,32.320,2.84,0,0,1,0.0,0.0,0.01,-0.01,0.0,3500,35.0,3.5977,-19.8062,2.8400
798.447237,1788180394.316743,907344,129,1,1,60771939,801907521,32320,2840,6.077193900,80.190752100,32.320,2.84,0,0,1,0.0,0.0,0.01,-0.01,0.0,3500,35.0,3.5645,-19.8283,2.8400
798.898439,1788180394.767945,907844,158,1,1,60771936,801907519,32310,2837,6.077193600,80.190751900,32.310,2.837,-1,-1,1,-0.01,-0.01,0.01,-0.01,0.014142135623730952,3500,35.0,3.5424,-19.8615,2.8300
799.486345,1788180395.355851,908344,186,1,1,60771932,801907517,32300,2825,6.077193200,80.190751700,32.300,2.825,-2,-1,1,-0.02,-0.01,0.01,-0.01,0.022360679774997897,3500,35.0,3.5202,-19.9057,2.8200
799.942179,1788180395.811685,908844,215,1,1,60771928,801907514,32300,2825,6.077192800,80.190751400,32.300,2.825,-2,-1,1,-0.02,-0.01,0.01,-0.01,0.022360679774997897,3500,35.0,3.4870,-19.9499,2.8200
800.395628,1788180396.265134,909344,246,1,1,60771924,801907512,32310,2831,6.077192400,80.190751200,32.310,2.831,-3,-2,0,-0.03,-0.02,0.0,-0.0,0.03605551275463989,3500,35.0,3.4649,-19.9942,2.8300
800.922577,1788180396.792083,909844,20,1,1,60771919,801907510,32310,2837,6.077191900,80.190751000,32.310,2.837,-4,-2,0,-0.04,-0.02,0.0,-0.0,0.044721359549995794,3500,35.0,3.4427,-20.0495,2.8300
801.390875,1788180397.260381,910344,49,1,1,60771915,801907509,32310,2830,6.077191500,80.190750900,32.310,2.83,-4,-1,0,-0.04,-0.01,0.0,-0.0,0.04123105625617661,3500,35.0,3.4317,-20.0937,2.8300
801.890396,1788180397.759902,910844,78,1,1,60771912,801907507,32300,2825,6.077191200,80.190750700,32.300,2.825,-4,-1,0,-0.04,-0.01,0.0,-0.0,0.04123105625617661,3500,35.0,3.4095,-20.1269,2.8200
802.375576,1788180398.245082,911344,106,1,1,60771909,801907506,32300,2828,6.077190900,80.190750600,32.300,2.828,-4,-2,0,-0.04,-0.02,0.0,-0.0,0.044721359549995794,3501,35.01,3.3984,-20.1601,2.8200
802.889158,1788180398.758664,911844,135,1,1,60771905,801907505,32310,2832,6.077190500,80.190750500,32.310,2.832,-4,-1,0,-0.04,-0.01,0.0,-0.0,0.04123105625617661,3501,35.01,3.3874,-20.2043,2.8300
803.467706,1788180399.337212,912344,163,1,1,60771903,801907506,32300,2827,6.077190300,80.190750600,32.300,2.827,-4,0,0,-0.04,0.0,0.0,-0.0,0.04,3501,35.01,3.3984,-20.2264,2.8200
803.920265,1788180399.789771,912844,192,1,1,60771900,801907507,32290,2819,6.077190000,80.190750700,32.290,2.819,-3,0,0,-0.03,0.0,0.0,-0.0,0.03,3501,35.01,3.4095,-20.2596,2.8100
804.430074,1788180400.299580,913344,220,1,1,60771897,801907508,32290,2816,6.077189700,80.190750800,32.290,2.816,-3,1,0,-0.03,0.01,0.0,-0.0,0.0316227766016838,3501,35.01,3.4206,-20.2928,2.8100
804.870052,1788180400.739558,913844,249,1,1,60771894,801907509,32290,2810,6.077189400,80.190750900,32.290,2.81,-3,2,0,-0.03,0.02,0.0,-0.0,0.03605551275463989,3501,35.01,3.4317,-20.3259,2.8100
805.416995,1788180401.286501,914344,21,1,1,60771891,801907509,32270,2794,6.077189100,80.190750900,32.270,2.794,-3,1,0,-0.03,0.01,0.0,-0.0,0.0316227766016838,3501,35.01,3.4317,-20.3591,2.7900
805.930948,1788180401.800454,914844,50,1,1,60771889,801907509,32260,2782,6.077188900,80.190750900,32.260,2.782,-2,1,0,-0.02,0.01,0.0,-0.0,0.022360679774997897,3501,35.01,3.4317,-20.3812,2.7800
806.507903,1788180402.377409,915344,78,1,1,60771886,801907509,32250,2777,6.077188600,80.190750900,32.250,2.777,-2,1,0,-0.02,0.01,0.0,-0.0,0.022360679774997897,3501,35.01,3.4317,-20.4144,2.7700
806.960468,1788180402.829974,915844,107,1,1,60771882,801907509,32250,2773,6.077188200,80.190750900,32.250,2.773,-3,1,0,-0.03,0.01,0.0,-0.0,0.0316227766016838,3502,35.02,3.4317,-20.4586,2.7700
807.426794,1788180403.296300,916344,135,1,1,60771879,801907509,32230,2752,6.077187900,80.190750900,32.230,2.7520000000000002,-2,1,0,-0.02,0.01,0.0,-0.0,0.022360679774997897,3501,35.01,3.4317,-20.4918,2.7500
807.960879,1788180403.830385,916844,164,1,1,60771877,801907509,32230,2751,6.077187700,80.190750900,32.230,2.751,-2,1,0,-0.02,0.01,0.0,-0.0,0.022360679774997897,3501,35.01,3.4317,-20.5139,2.7500
808.412447,1788180404.281953,917344,192,1,1,60771875,801907509,32220,2747,6.077187500,80.190750900,32.220,2.747,-2,1,1,-0.02,0.01,0.01,-0.01,0.022360679774997897,3502,35.02,3.4317,-20.5361,2.7400
808.912475,1788180404.781981,917844,221,1,1,60771873,801907507,32220,2746,6.077187300,80.190750700,32.220,2.746,-1,0,1,-0.01,0.0,0.01,-0.01,0.01,3501,35.01,3.4095,-20.5582,2.7400
809.493556,1788180405.363062,918344,249,1,1,60771873,801907505,32220,2748,6.077187300,80.190750500,32.220,2.748,-1,0,0,-0.01,0.0,0.0,-0.0,0.01,3501,35.01,3.3874,-20.5582,2.7400
809.897086,1788180405.766592,918844,22,1,1,60771872,801907504,32220,2746,6.077187200,80.190750400,32.220,2.746,0,0,0,0.0,0.0,0.0,-0.0,0.0,3501,35.01,3.3763,-20.5692,2.7400
810.412942,1788180406.282448,919344,50,1,1,60771871,801907503,32230,2751,6.077187100,80.190750300,32.230,2.751,0,0,0,0.0,0.0,0.0,-0.0,0.0,3501,35.01,3.3652,-20.5803,2.7500
810.942448,1788180406.811954,919844,79,1,1,60771871,801907502,32230,2754,6.077187100,80.190750200,32.230,2.754,0,0,0,0.0,0.0,0.0,-0.0,0.0,3501,35.01,3.3542,-20.5803,2.7500
811.409780,1788180407.279286,920344,108,1,1,60771871,801907502,32220,2744,6.077187100,80.190750200,32.220,2.744,0,0,0,0.0,0.0,0.0,-0.0,0.0,3501,35.01,3.3542,-20.5803,2.7400
811.906444,1788180407.775950,920844,137,1,1,60771870,801907502,32220,2746,6.077187000,80.190750200,32.220,2.746,0,0,0,0.0,0.0,0.0,-0.0,0.0,3501,35.01,3.3542,-20.5914,2.7400
812.485414,1788180408.354920,921344,165,1,1,60771869,801907502,32220,2742,6.077186900,80.190750200,32.220,2.742,0,0,0,0.0,0.0,0.0,-0.0,0.0,3500,35.0,3.3542,-20.6024,2.7400
812.902095,1788180408.771601,921844,194,1,1,60771868,801907502,32220,2745,6.077186800,80.190750200,32.220,2.745,0,0,0,0.0,0.0,0.0,-0.0,0.0,3500,35.0,3.3542,-20.6135,2.7400
813.401158,1788180409.270664,922344,222,1,1,60771868,801907502,32220,2744,6.077186800,80.190750200,32.220,2.744,0,0,0,0.0,0.0,0.0,-0.0,0.0,3500,35.0,3.3542,-20.6135,2.7400
813.889338,1788180409.758844,922844,251,1,1,60771866,801907502,32220,2749,6.077186600,80.190750200,32.220,2.749,0,0,0,0.0,0.0,0.0,-0.0,0.0,3500,35.0,3.3542,-20.6356,2.7400
814.416188,1788180410.285694,923344,23,1,1,60771866,801907502,32220,2745,6.077186600,80.190750200,32.220,2.745,0,0,0,0.0,0.0,0.0,-0.0,0.0,3500,35.0,3.3542,-20.6356,2.7400
814.913922,1788180410.783428,923844,52,1,1,60771865,801907503,32220,2747,6.077186500,80.190750300,32.220,2.747,0,0,0,0.0,0.0,0.0,-0.0,0.0,3500,35.0,3.3652,-20.6466,2.7400
815.428826,1788180411.298332,924344,80,1,1,60771865,801907504,32230,2753,6.077186500,80.190750400,32.230,2.753,0,0,0,0.0,0.0,0.0,-0.0,0.0,3501,35.01,3.3763,-20.6466,2.7500
815.897645,1788180411.767151,924844,109,1,1,60771864,801907505,32230,2756,6.077186400,80.190750500,32.230,2.7560000000000002,0,0,0,0.0,0.0,0.0,-0.0,0.0,3501,35.01,3.3874,-20.6577,2.7500
816.396918,1788180412.266424,925344,137,1,1,60771863,801907506,32240,2765,6.077186300,80.190750600,32.240,2.765,0,0,0,0.0,0.0,0.0,-0.0,0.0,3501,35.01,3.3984,-20.6688,2.7600
816.972093,1788180412.841599,925844,166,1,1,60771863,801907508,32240,2762,6.077186300,80.190750800,32.240,2.762,0,1,0,0.0,0.01,0.0,-0.0,0.01,3501,35.01,3.4206,-20.6688,2.7600
817.389947,1788180413.259453,926344,194,1,1,60771863,801907511,32240,2763,6.077186300,80.190751100,32.240,2.763,0,2,0,0.0,0.02,0.0,-0.0,0.02,3500,35.0,3.4538,-20.6688,2.7600
817.953350,1788180413.822856,926844,223,1,1,60771862,801907514,32240,2765,6.077186200,80.190751400,32.240,2.765,0,2,0,0.0,0.02,0.0,-0.0,0.02,3501,35.01,3.4870,-20.6798,2.7600
818.449999,1788180414.319505,927344,251,1,1,60771861,801907516,32240,2766,6.077186100,80.190751600,32.240,2.766,0,2,0,0.0,0.02,0.0,-0.0,0.02,3501,35.01,3.5091,-20.6909,2.7600
818.888287,1788180414.757793,927844,24,1,1,60771861,801907518,32240,2768,6.077186100,80.190751800,32.240,2.7680000000000002,0,2,0,0.0,0.02,0.0,-0.0,0.02,3501,35.01,3.5313,-20.6909,2.7600
819.465754,1788180415.335260,928344,52,1,1,60771860,801907520,32250,2775,6.077186000,80.190752000,32.250,2.775,0,2,0,0.0,0.02,0.0,-0.0,0.02,3501,35.01,3.5534,-20.7019,2.7700
819.868907,1788180415.738413,928844,81,1,1,60771859,801907521,32270,2790,6.077185900,80.190752100,32.270,2.79,0,2,0,0.0,0.02,0.0,-0.0,0.02,3501,35.01,3.5645,-20.7130,2.7900
820.385968,1788180416.255474,929344,109,1,1,60771859,801907522,32260,2785,6.077185900,80.190752200,32.260,2.785,0,1,0,0.0,0.01,0.0,-0.0,0.01,3501,35.01,3.5756,-20.7130,2.7800
820.915896,1788180416.785402,929844,139,1,1,60771859,801907522,32250,2773,6.077185900,80.190752200,32.250,2.773,0,1,0,0.0,0.01,0.0,-0.0,0.01,3501,35.01,3.5756,-20.7130,2.7700
821.417968,1788180417.287474,930344,168,1,1,60771859,801907522,32260,2784,6.077185900,80.190752200,32.260,2.7840000000000003,0,0,0,0.0,0.0,0.0,-0.0,0.0,3501,35.01,3.5756,-20.7130,2.7800
821.868866,1788180417.738372,930844,197,1,1,60771860,801907522,32270,2790,6.077186000,80.190752200,32.270,2.79,0,0,0,0.0,0.0,0.0,-0.0,0.0,3500,35.0,3.5756,-20.7019,2.7900
822.398254,1788180418.267760,931344,225,1,1,60771861,801907522,32270,2791,6.077186100,80.190752200,32.270,2.791,1,0,0,0.01,0.0,0.0,-0.0,0.01,3501,35.01,3.5756,-20.6909,2.7900
822.949641,1788180418.819147,931844,254,1,1,60771862,801907522,32270,2797,6.077186200,80.190752200,32.270,2.797,1,0,0,0.01,0.0,0.0,-0.0,0.01,3501,35.01,3.5756,-20.6798,2.7900
823.354022,1788180419.223528,932344,26,1,1,60771862,801907522,32270,2799,6.077186200,80.190752200,32.270,2.799,1,0,0,0.01,0.0,0.0,-0.0,0.01,3501,35.01,3.5756,-20.6798,2.7900
823.943227,1788180419.812733,932844,55,1,1,60771864,801907521,32280,2807,6.077186400,80.190752100,32.280,2.807,1,-1,0,0.01,-0.01,0.0,-0.0,0.014142135623730952,3501,35.01,3.5645,-20.6577,2.8000
824.447330,1788180420.316836,933344,83,1,1,60771865,801907520,32280,2808,6.077186500,80.190752000,32.280,2.8080000000000003,1,-2,0,0.01,-0.02,0.0,-0.0,0.022360679774997897,3501,35.01,3.5534,-20.6466,2.8000
824.908829,1788180420.778335,933844,112,1,1,60771866,801907519,32290,2818,6.077186600,80.190751900,32.290,2.818,1,-2,0,0.01,-0.02,0.0,-0.0,0.022360679774997897,3501,35.01,3.5424,-20.6356,2.8100
825.439822,1788180421.309328,934344,140,1,1,60771868,801907519,32290,2819,6.077186800,80.190751900,32.290,2.819,1,-1,0,0.01,-0.01,0.0,-0.0,0.014142135623730952,3501,35.01,3.5424,-20.6135,2.8100
825.936791,1788180421.806297,934844,169,1,1,60771870,801907519,32300,2823,6.077187000,80.190751900,32.300,2.823,1,-1,0,0.01,-0.01,0.0,-0.0,0.014142135623730952,3501,35.01,3.5424,-20.5914,2.8200
826.404100,1788180422.273606,935344,197,1,1,60771872,801907518,32290,2815,6.077187200,80.190751800,32.290,2.815,2,-1,0,0.02,-0.01,0.0,-0.0,0.022360679774997897,3501,35.01,3.5313,-20.5692,2.8100
826.871735,1788180422.741241,935844,226,1,1,60771874,801907517,32280,2804,6.077187400,80.190751700,32.280,2.8040000000000003,2,-1,0,0.02,-0.01,0.0,-0.0,0.022360679774997897,3500,35.0,3.5202,-20.5471,2.8000
827.433465,1788180423.302971,936344,254,1,1,60771878,801907514,32270,2799,6.077187800,80.190751400,32.270,2.799,2,-2,0,0.02,-0.02,0.0,-0.0,0.028284271247461905,3500,35.0,3.4870,-20.5029,2.7900
827.902447,1788180423.771953,936844,27,1,1,60771882,801907510,32270,2795,6.077188200,80.190751000,32.270,2.795,3,-3,0,0.03,-0.03,0.0,-0.0,0.04242640687119285,3500,35.0,3.4427,-20.4586,2.7900
828.432460,1788180424.301966,937344,55,1,1,60771886,801907505,32280,2805,6.077188600,80.190750500,32.280,2.805,4,-4,0,0.04,-0.04,0.0,-0.0,0.05656854249492381,3500,35.0,3.3874,-20.4144,2.8000
828.885506,1788180424.755012,937844,84,1,1,60771891,801907500,32290,2814,6.077189100,80.190750000,32.290,2.814,4,-4,0,0.04,-0.04,0.0,-0.0,0.05656854249492381,3500,35.0,3.3320,-20.3591,2.8100
829.400181,1788180425.269687,938344,112,1,1,60771896,801907494,32300,2821,6.077189600,80.190749400,32.300,2.821,5,-5,0,0.05,-0.05,0.0,-0.0,0.07071067811865475,3500,35.0,3.2656,-20.3038,2.8200
829.965223,1788180425.834729,938844,141,1,1,60771900,801907490,32300,2821,6.077190000,80.190749000,32.300,2.821,5,-5,0,0.05,-0.05,0.0,-0.0,0.07071067811865475,3499,34.99,3.2213,-20.2596,2.8200
830.437697,1788180426.307203,939344,169,1,1,60771903,801907486,32300,2827,6.077190300,80.190748600,32.300,2.827,5,-5,0,0.05,-0.05,0.0,-0.0,0.07071067811865475,3500,35.0,3.1771,-20.2264,2.8200
830.892220,1788180426.761726,939844,198,1,1,60771907,801907483,32310,2832,6.077190700,80.190748300,32.310,2.832,4,-4,0,0.04,-0.04,0.0,-0.0,0.05656854249492381,3500,35.0,3.1438,-20.1822,2.8300
831.423756,1788180427.293262,940344,227,1,1,60771911,801907481,32310,2830,6.077191100,80.190748100,32.310,2.83,4,-4,0,0.04,-0.04,0.0,-0.0,0.05656854249492381,3500,35.0,3.1217,-20.1379,2.8300
831.892218,1788180427.761724,940844,0,1,1,60771915,801907480,32300,2826,6.077191500,80.190748000,32.300,2.826,5,-3,0,0.05,-0.03,0.0,-0.0,0.05830951894845301,3500,35.0,3.1106,-20.0937,2.8200
832.501906,1788180428.371412,941344,28,1,1,60771919,801907478,32310,2834,6.077191900,80.190747800,32.310,2.834,4,-2,0,0.04,-0.02,0.0,-0.0,0.044721359549995794,3500,35.0,3.0885,-20.0495,2.8300
832.862498,1788180428.732004,941844,57,1,1,60771922,801907477,32310,2838,6.077192200,80.190747700,32.310,2.838,4,-1,0,0.04,-0.01,0.0,-0.0,0.04123105625617661,3500,35.0,3.0774,-20.0163,2.8300
833.422440,1788180429.291946,942344,85,1,1,60771927,801907476,32310,2838,6.077192700,80.190747600,32.310,2.838,4,0,0,0.04,0.0,0.0,-0.0,0.04,3500,35.0,3.0664,-19.9610,2.8300
834.000686,1788180429.870192,942844,114,1,1,60771932,801907475,32310,2832,6.077193200,80.190747500,32.310,2.832,4,0,0,0.04,0.0,0.0,-0.0,0.04,3500,35.0,3.0553,-19.9057,2.8300
834.454636,1788180430.324142,943344,142,1,1,60771938,801907473,32300,2828,6.077193800,80.190747300,32.300,2.828,5,0,0,0.05,0.0,0.0,-0.0,0.05,3500,35.0,3.0331,-19.8394,2.8200
834.874049,1788180430.743555,943844,171,1,1,60771943,801907472,32320,2845,6.077194300,80.190747200,32.320,2.845,5,0,0,0.05,0.0,0.0,-0.0,0.05,3500,35.0,3.0221,-19.7841,2.8400
835.451852,1788180431.321358,944344,199,1,1,60771947,801907471,32340,2863,6.077194700,80.190747100,32.340,2.863,5,0,0,0.05,0.0,0.0,-0.0,0.05,3500,35.0,3.0110,-19.7398,2.8600
835.903703,1788180431.773209,944844,228,1,1,60771951,801907471,32350,2879,6.077195100,80.190747100,32.350,2.879,4,0,0,0.04,0.0,0.0,-0.0,0.04,3500,35.0,3.0110,-19.6956,2.8700
836.374443,1788180432.243949,945344,0,1,1,60771955,801907470,32380,2902,6.077195500,80.190747000,32.380,2.902,4,0,-1,0.04,0.0,-0.01,0.01,0.04,3500,35.0,2.9999,-19.6514,2.9000
836.951827,1788180432.821333,945844,29,1,1,60771960,801907469,32390,2917,6.077196000,80.190746900,32.390,2.9170000000000003,4,0,-1,0.04,0.0,-0.01,0.01,0.04,3499,34.99,2.9889,-19.5961,2.9100
837.404222,1788180433.273728,946344,57,1,1,60771965,801907468,32410,2935,6.077196500,80.190746800,32.410,2.935,4,0,-2,0.04,0.0,-0.02,0.02,0.04,3500,35.0,2.9778,-19.5408,2.9300
837.903093,1788180433.772599,946844,86,1,1,60771970,801907468,32410,2935,6.077197000,80.190746800,32.410,2.935,4,0,-2,0.04,0.0,-0.02,0.02,0.04,3499,34.99,2.9778,-19.4855,2.9300
838.481468,1788180434.350974,947344,114,1,1,60771976,801907468,32410,2932,6.077197600,80.190746800,32.410,2.932,5,0,-1,0.05,0.0,-0.01,0.01,0.05,3499,34.99,2.9778,-19.4191,2.9300
839.015828,1788180434.885334,947844,146,1,1,60771981,801907468,32410,2939,6.077198100,80.190746800,32.410,2.939,5,1,-1,0.05,0.01,-0.01,0.01,0.05099019513592785,3499,34.99,2.9778,-19.3638,2.9300
839.417851,1788180435.287357,948344,175,1,1,60771985,801907468,32420,2947,6.077198500,80.190746800,32.420,2.947,4,1,-1,0.04,0.01,-0.01,0.01,0.04123105625617661,3499,34.99,2.9778,-19.3196,2.9400
839.916937,1788180435.786443,948844,204,1,1,60771988,801907468,32440,2964,6.077198800,80.190746800,32.440,2.964,3,0,-1,0.03,0.0,-0.01,0.01,0.03,3499,34.99,2.9778,-19.2864,2.9600
840.403585,1788180436.273091,949344,232,1,1,60771992,801907468,32460,2983,6.077199200,80.190746800,32.460,2.983,3,0,-2,0.03,0.0,-0.02,0.02,0.03,3499,34.99,2.9778,-19.2422,2.9800
840.900339,1788180436.769845,949844,5,1,1,60771996,801907468,32460,2986,6.077199600,80.190746800,32.460,2.986,3,0,-1,0.03,0.0,-0.01,0.01,0.03,3499,34.99,2.9778,-19.1980,2.9800
841.478507,1788180437.348013,950344,34,1,1,60772000,801907468,32460,2986,6.077200000,80.190746800,32.460,2.986,3,0,-1,0.03,0.0,-0.01,0.01,0.03,3499,34.99,2.9778,-19.1537,2.9800
841.886737,1788180437.756243,950844,63,1,1,60772005,801907468,32470,2993,6.077200500,80.190746800,32.470,2.993,3,0,-1,0.03,0.0,-0.01,0.01,0.03,3499,34.99,2.9778,-19.0984,2.9900
842.462513,1788180438.332019,951344,91,1,1,60772009,801907468,32480,3007,6.077200900,80.190746800,32.480,3.007,3,0,-1,0.03,0.0,-0.01,0.01,0.03,3498,34.980000000000004,2.9778,-19.0542,3.0000
842.931615,1788180438.801121,951844,120,1,1,60772014,801907467,32490,3015,6.077201400,80.190746700,32.490,3.015,3,0,-1,0.03,0.0,-0.01,0.01,0.03,3499,34.99,2.9667,-18.9989,3.0100
843.384856,1788180439.254362,952344,148,1,1,60772021,801907464,32480,3008,6.077202100,80.190746400,32.480,3.008,4,-1,-1,0.04,-0.01,-0.01,0.01,0.04123105625617661,3499,34.99,2.9335,-18.9215,3.0000
843.887201,1788180439.756707,952844,177,1,1,60772030,801907460,32470,2997,6.077203000,80.190746000,32.470,2.997,6,-2,0,0.06,-0.02,0.0,-0.0,0.0632455532033676,3499,34.99,2.8892,-18.8220,2.9900
844.462472,1788180440.331978,953344,205,1,1,60772042,801907455,32470,2990,6.077204200,80.190745500,32.470,2.99,8,-4,0,0.08,-0.04,0.0,-0.0,0.08944271909999159,3499,34.99,2.8339,-18.6893,2.9900
844.930728,1788180440.800234,953844,234,1,1,60772053,801907450,32460,2983,6.077205300,80.190745000,32.460,2.983,9,-4,0,0.09,-0.04,0.0,-0.0,0.09848857801796104,3499,34.99,2.7785,-18.5676,2.9800
845.506506,1788180441.376012,954344,6,1,1,60772064,801907444,32450,2974,6.077206400,80.190744400,32.450,2.974,10,-6,0,0.1,-0.06,0.0,-0.0,0.11661903789690602,3499,34.99,2.7121,-18.4460,2.9700
845.960958,1788180441.830464,954844,35,1,1,60772074,801907439,32440,2968,6.077207400,80.190743900,32.440,2.968,11,-6,0,0.11,-0.06,0.0,-0.0,0.12529964086141668,3499,34.99,2.6568,-18.3354,2.9600
846.383614,1788180442.253120,955344,63,1,1,60772084,801907436,32440,2968,6.077208400,80.190743600,32.440,2.968,11,-6,0,0.11,-0.06,0.0,-0.0,0.12529964086141668,3499,34.99,2.6236,-18.2248,2.9600
846.976513,1788180442.846019,955846,92,1,1,60772094,801907432,32440,2968,6.077209400,80.190743200,32.440,2.968,11,-6,0,0.11,-0.06,0.0,-0.0,0.12529964086141668,3499,34.99,2.5793,-18.1142,2.9600
847.474680,1788180443.344186,956344,120,1,1,60772103,801907429,32450,2972,6.077210300,80.190742900,32.450,2.972,11,-6,0,0.11,-0.06,0.0,-0.0,0.12529964086141668,3499,34.99,2.5461,-18.0147,2.9700
847.909808,1788180443.779314,956844,149,1,1,60772112,801907425,32460,2980,6.077211200,80.190742500,32.460,2.98,10,-5,0,0.1,-0.05,0.0,-0.0,0.1118033988749895,3499,34.99,2.5018,-17.9151,2.9800
848.453491,1788180444.322997,957344,177,1,1,60772119,801907423,32470,2994,6.077211900,80.190742300,32.470,2.994,9,-5,0,0.09,-0.05,0.0,-0.0,0.10295630140987001,3499,34.99,2.4796,-17.8377,2.9900
848.952281,1788180444.821787,957844,206,1,1,60772125,801907421,32470,2995,6.077212500,80.190742100,32.470,2.995,8,-4,0,0.08,-0.04,0.0,-0.0,0.08944271909999159,3498,34.980000000000004,2.4575,-17.7714,2.9900
849.404202,1788180445.273708,958344,234,1,1,60772131,801907421,32460,2988,6.077213100,80.190742100,32.460,2.988,7,-3,0,0.07,-0.03,0.0,-0.0,0.07615773105863909,3498,34.980000000000004,2.4575,-17.7050,2.9800
849.984121,1788180445.853627,958844,7,1,1,60772138,801907421,32460,2981,6.077213800,80.190742100,32.460,2.981,7,-2,0,0.07,-0.02,0.0,-0.0,0.07280109889280519,3499,34.99,2.4575,-17.6276,2.9800
850.451617,1788180446.321123,959344,35,1,1,60772143,801907421,32460,2987,6.077214300,80.190742100,32.460,2.987,5,0,0,0.05,0.0,0.0,-0.0,0.05,3499,34.99,2.4575,-17.5723,2.9800
850.980801,1788180446.850307,959844,64,1,1,60772147,801907422,32480,3002,6.077214700,80.190742200,32.480,3.0020000000000002,4,0,0,0.04,0.0,0.0,-0.0,0.04,3499,34.99,2.4686,-17.5281,3.0000
851.368760,1788180447.238266,960344,93,1,1,60772151,801907422,32470,2999,6.077215100,80.190742200,32.470,2.999,3,0,-1,0.03,0.0,-0.01,0.01,0.03,3499,34.99,2.4686,-17.4839,2.9900
851.902353,1788180447.771859,960844,123,1,1,60772155,801907423,32470,2990,6.077215500,80.190742300,32.470,2.99,2,1,0,0.02,0.01,0.0,-0.0,0.022360679774997897,3498,34.980000000000004,2.4796,-17.4396,2.9900
852.404037,1788180448.273543,961344,151,1,1,60772159,801907425,32460,2988,6.077215900,80.190742500,32.460,2.988,2,2,0,0.02,0.02,0.0,-0.0,0.028284271247461905,3498,34.980000000000004,2.5018,-17.3954,2.9800
852.979546,1788180448.849052,961844,180,1,1,60772162,801907426,32470,2999,6.077216200,80.190742600,32.470,2.999,1,2,-1,0.01,0.02,-0.01,0.01,0.022360679774997897,3498,34.980000000000004,2.5129,-17.3622,2.9900
853.429179,1788180449.298685,962344,208,1,1,60772165,801907428,32470,2993,6.077216500,80.190742800,32.470,2.993,0,2,0,0.0,0.02,0.0,-0.0,0.02,3498,34.980000000000004,2.5350,-17.3290,2.9900
853.863212,1788180449.732718,962844,237,1,1,60772168,801907429,32470,2992,6.077216800,80.190742900,32.470,2.992,0,2,-1,0.0,0.02,-0.01,0.01,0.02,3498,34.980000000000004,2.5461,-17.2959,2.9900
854.427155,1788180450.296661,963344,9,1,1,60772171,801907431,32480,3002,6.077217100,80.190743100,32.480,3.0020000000000002,0,3,-1,0.0,0.03,-0.01,0.01,0.03,3498,34.980000000000004,2.5682,-17.2627,3.0000
854.926003,1788180450.795509,963844,38,1,1,60772174,801907432,32470,2997,6.077217400,80.190743200,32.470,2.997,0,3,0,0.0,0.03,0.0,-0.0,0.03,3498,34.980000000000004,2.5793,-17.2295,2.9900
855.501994,1788180451.371500,964344,66,1,1,60772178,801907434,32460,2980,6.077217800,80.190743400,32.460,2.98,1,3,0,0.01,0.03,0.0,-0.0,0.0316227766016838,3498,34.980000000000004,2.6014,-17.1853,2.9800
855.878114,1788180451.747620,964844,95,1,1,60772183,801907435,32430,2955,6.077218300,80.190743500,32.430,2.955,2,3,0,0.02,0.03,0.0,-0.0,0.03605551275463989,3498,34.980000000000004,2.6125,-17.1300,2.9500
856.425549,1788180452.295055,965344,123,1,1,60772187,801907436,32410,2935,6.077218700,80.190743600,32.410,2.935,2,2,0,0.02,0.02,0.0,-0.0,0.028284271247461905,3498,34.980000000000004,2.6236,-17.0857,2.9300
856.901677,1788180452.771183,965844,152,1,1,60772190,801907437,32410,2931,6.077219000,80.190743700,32.410,2.931,2,2,0,0.02,0.02,0.0,-0.0,0.028284271247461905,3498,34.980000000000004,2.6346,-17.0526,2.9300
857.427971,1788180453.297477,966344,180,1,1,60772192,801907438,32400,2920,6.077219200,80.190743800,32.400,2.92,1,2,1,0.01,0.02,0.01,-0.01,0.022360679774997897,3498,34.980000000000004,2.6457,-17.0304,2.9200
857.882600,1788180453.752106,966844,209,1,1,60772194,801907440,32390,2915,6.077219400,80.190744000,32.390,2.915,1,2,0,0.01,0.02,0.0,-0.0,0.022360679774997897,3498,34.980000000000004,2.6678,-17.0083,2.9100
858.507939,1788180454.377445,967344,237,1,1,60772195,801907440,32380,2909,6.077219500,80.190744000,32.380,2.9090000000000003,1,2,1,0.01,0.02,0.01,-0.01,0.022360679774997897,3498,34.980000000000004,2.6678,-16.9973,2.9000
858.867956,1788180454.737462,967844,10,1,1,60772196,801907440,32390,2910,6.077219600,80.190744000,32.390,2.91,0,1,0,0.0,0.01,0.0,-0.0,0.01,3498,34.980000000000004,2.6678,-16.9862,2.9100
859.428678,1788180455.298184,968344,38,1,1,60772197,801907440,32380,2906,6.077219700,80.190744000,32.380,2.906,0,0,1,0.0,0.0,0.01,-0.01,0.0,3498,34.980000000000004,2.6678,-16.9751,2.9000
859.993830,1788180455.863336,968844,67,1,1,60772197,801907441,32380,2907,6.077219700,80.190744100,32.380,2.907,0,0,0,0.0,0.0,0.0,-0.0,0.0,3498,34.980000000000004,2.6789,-16.9751,2.9000
860.415927,1788180456.285433,969344,95,1,1,60772196,801907441,32390,2916,6.077219600,80.190744100,32.390,2.916,-1,0,0,-0.01,0.0,0.0,-0.0,0.01,3497,34.97,2.6789,-16.9862,2.9100
860.866963,1788180456.736469,969844,124,1,1,60772196,801907443,32390,2914,6.077219600,80.190744300,32.390,2.914,-1,0,0,-0.01,0.0,0.0,-0.0,0.01,3497,34.97,2.7010,-16.9862,2.9100
861.491964,1788180457.361470,970344,153,1,1,60772196,801907444,32380,2907,6.077219600,80.190744400,32.380,2.907,-1,0,0,-0.01,0.0,0.0,-0.0,0.01,3497,34.97,2.7121,-16.9862,2.9000
861.959870,1788180457.829376,970844,182,1,1,60772196,801907444,32380,2903,6.077219600,80.190744400,32.380,2.903,-2,0,0,-0.02,0.0,0.0,-0.0,0.02,3498,34.980000000000004,2.7121,-16.9862,2.9000
862.411173,1788180458.280679,971344,210,1,1,60772194,801907445,32380,2909,6.077219400,80.190744500,32.380,2.9090000000000003,-2,0,0,-0.02,0.0,0.0,-0.0,0.02,3497,34.97,2.7232,-17.0083,2.9000
862.940659,1788180458.810165,971844,239,1,1,60772193,801907446,32380,2909,6.077219300,80.190744600,32.380,2.9090000000000003,-2,0,0,-0.02,0.0,0.0,-0.0,0.02,3498,34.980000000000004,2.7343,-17.0194,2.9000
863.410833,1788180459.280339,972344,11,1,1,60772193,801907448,32390,2915,6.077219300,80.190744800,32.390,2.915,-2,0,0,-0.02,0.0,0.0,-0.0,0.02,3497,34.97,2.7564,-17.0194,2.9100
863.848458,1788180459.717964,972844,40,1,1,60772192,801907450,32390,2915,6.077219200,80.190745000,32.390,2.915,-1,0,0,-0.01,0.0,0.0,-0.0,0.01,3497,34.97,2.7785,-17.0304,2.9100
864.357448,1788180460.226954,973344,68,1,1,60772192,801907454,32390,2910,6.077219200,80.190745400,32.390,2.91,-1,1,0,-0.01,0.01,0.0,-0.0,0.014142135623730952,3497,34.97,2.8228,-17.0304,2.9100
864.935650,1788180460.805156,973844,97,1,1,60772191,801907458,32380,2909,6.077219100,80.190745800,32.380,2.9090000000000003,-1,2,0,-0.01,0.02,0.0,-0.0,0.022360679774997897,3497,34.97,2.8671,-17.0415,2.9000
865.401512,1788180461.271018,974344,125,1,1,60772191,801907461,32380,2909,6.077219100,80.190746100,32.380,2.9090000000000003,0,3,0,0.0,0.03,0.0,-0.0,0.03,3497,34.97,2.9003,-17.0415,2.9000
865.953113,1788180461.822619,974844,154,1,1,60772191,801907465,32380,2906,6.077219100,80.190746500,32.380,2.906,0,3,0,0.0,0.03,0.0,-0.0,0.03,3496,34.96,2.9446,-17.0415,2.9000
866.401185,1788180462.270691,975344,182,1,1,60772191,801907467,32380,2905,6.077219100,80.190746700,32.380,2.9050000000000002,0,3,0,0.0,0.03,0.0,-0.0,0.03,3496,34.96,2.9667,-17.0415,2.9000
866.925501,1788180462.795007,975844,211,1,1,60772189,801907468,32380,2907,6.077218900,80.190746800,32.380,2.907,0,2,0,0.0,0.02,0.0,-0.0,0.02,3496,34.96,2.9778,-17.0636,2.9000
867.477230,1788180463.346736,976344,239,1,1,60772189,801907468,32390,2911,6.077218900,80.190746800,32.390,2.911,0,2,0,0.0,0.02,0.0,-0.0,0.02,3496,34.96,2.9778,-17.0636,2.9100
867.898581,1788180463.768087,976844,12,1,1,60772188,801907468,32390,2917,6.077218800,80.190746800,32.390,2.9170000000000003,0,1,0,0.0,0.01,0.0,-0.0,0.01,3496,34.96,2.9778,-17.0747,2.9100
868.368360,1788180464.237866,977344,40,1,1,60772188,801907467,32390,2916,6.077218800,80.190746700,32.390,2.916,0,0,0,0.0,0.0,0.0,-0.0,0.0,3496,34.96,2.9667,-17.0747,2.9100
868.884044,1788180464.753550,977846,69,1,1,60772188,801907466,32390,2910,6.077218800,80.190746600,32.390,2.91,0,0,0,0.0,0.0,0.0,-0.0,0.0,3496,34.96,2.9557,-17.0747,2.9100
869.383446,1788180465.252952,978344,97,1,1,60772188,801907465,32390,2914,6.077218800,80.190746500,32.390,2.914,0,-1,0,0.0,-0.01,0.0,-0.0,0.01,3496,34.96,2.9446,-17.0747,2.9100
870.006447,1788180465.875953,978844,126,1,1,60772188,801907463,32390,2912,6.077218800,80.190746300,32.390,2.912,1,-2,0,0.01,-0.02,0.0,-0.0,0.022360679774997897,3496,34.96,2.9224,-17.0747,2.9100
870.461119,1788180466.330625,979344,154,1,1,60772188,801907461,32370,2895,6.077218800,80.190746100,32.370,2.895,1,-2,0,0.01,-0.02,0.0,-0.0,0.022360679774997897,3495,34.95,2.9003,-17.0747,2.8900
870.927926,1788180466.797432,979844,183,1,1,60772189,801907460,32370,2892,6.077218900,80.190746000,32.370,2.892,1,-3,0,0.01,-0.03,0.0,-0.0,0.0316227766016838,3495,34.95,2.8892,-17.0636,2.8900
871.363209,1788180467.232715,980346,212,1,1,60772189,801907458,32380,2903,6.077218900,80.190745800,32.380,2.903,1,-3,0,0.01,-0.03,0.0,-0.0,0.0316227766016838,3495,34.95,2.8671,-17.0636,2.9000
871.926317,1788180467.795823,980844,241,1,1,60772189,801907457,32380,2903,6.077218900,80.190745700,32.380,2.903,1,-3,0,0.01,-0.03,0.0,-0.0,0.0316227766016838,3495,34.95,2.8560,-17.0636,2.9000
872.379818,1788180468.249324,981344,13,1,1,60772189,801907455,32380,2904,6.077218900,80.190745500,32.380,2.904,1,-3,0,0.01,-0.03,0.0,-0.0,0.0316227766016838,3495,34.95,2.8339,-17.0636,2.9000
873.002058,1788180468.871564,981844,42,1,1,60772189,801907453,32370,2899,6.077218900,80.190745300,32.370,2.899,0,-4,0,0.0,-0.04,0.0,-0.0,0.04,3494,34.94,2.8117,-17.0636,2.8900
873.407120,1788180469.276626,982344,70,1,1,60772187,801907449,32380,2908,6.077218700,80.190744900,32.380,2.908,0,-4,0,0.0,-0.04,0.0,-0.0,0.04,3495,34.95,2.7675,-17.0857,2.9000
873.870868,1788180469.740374,982844,99,1,1,60772187,801907446,32400,2926,6.077218700,80.190744600,32.400,2.926,0,-5,0,0.0,-0.05,0.0,-0.0,0.05,3494,34.94,2.7343,-17.0857,2.9200
874.447412,1788180470.316918,983344,127,1,1,60772187,801907443,32420,2940,6.077218700,80.190744300,32.420,2.94,0,-5,0,0.0,-0.05,0.0,-0.0,0.05,3494,34.94,2.7010,-17.0857,2.9400
874.866649,1788180470.736155,983844,156,1,1,60772187,801907441,32420,2946,6.077218700,80.190744100,32.420,2.946,1,-4,0,0.01,-0.04,0.0,-0.0,0.04123105625617661,3494,34.94,2.6789,-17.0857,2.9400
875.368753,1788180471.238259,984344,184,1,1,60772187,801907437,32410,2935,6.077218700,80.190743700,32.410,2.935,1,-5,0,0.01,-0.05,0.0,-0.0,0.05099019513592785,3494,34.94,2.6346,-17.0857,2.9300
875.896716,1788180471.766222,984844,213,1,1,60772187,801907436,32400,2929,6.077218700,80.190743600,32.400,2.9290000000000003,1,-4,0,0.01,-0.04,0.0,-0.0,0.04123105625617661,3493,34.93,2.6236,-17.0857,2.9200
876.441787,1788180472.311293,985344,241,1,1,60772187,801907434,32400,2923,6.077218700,80.190743400,32.400,2.923,0,-3,0,0.0,-0.03,0.0,-0.0,0.03,3493,34.93,2.6014,-17.0857,2.9200
876.864711,1788180472.734217,985844,17,1,1,60772185,801907434,32400,2921,6.077218500,80.190743400,32.400,2.9210000000000003,0,-2,0,0.0,-0.02,0.0,-0.0,0.02,3493,34.93,2.6014,-17.1079,2.9200
877.441968,1788180473.311474,986344,45,1,1,60772185,801907432,32400,2924,6.077218500,80.190743200,32.400,2.924,0,-2,0,0.0,-0.02,0.0,-0.0,0.02,3493,34.93,2.5793,-17.1079,2.9200
877.875033,1788180473.744539,986844,74,1,1,60772184,801907431,32390,2911,6.077218400,80.190743100,32.390,2.911,0,-1,0,0.0,-0.01,0.0,-0.0,0.01,3493,34.93,2.5682,-17.1189,2.9100
878.342075,1788180474.211581,987344,102,1,1,60772183,801907430,32380,2904,6.077218300,80.190743000,32.380,2.904,0,0,1,0.0,0.0,0.01,-0.01,0.0,3493,34.93,2.5571,-17.1300,2.9000
878.936279,1788180474.805785,987844,132,1,1,60772181,801907430,32370,2890,6.077218100,80.190743000,32.370,2.89,-1,0,1,-0.01,0.0,0.01,-0.01,0.01,3493,34.93,2.5571,-17.1521,2.8900
879.435171,1788180475.304677,988344,161,1,1,60772180,801907430,32360,2882,6.077218000,80.190743000,32.360,2.882,-1,0,1,-0.01,0.0,0.01,-0.01,0.01,3493,34.93,2.5571,-17.1631,2.8800
879.903147,1788180475.772653,988844,190,1,1,60772178,801907428,32360,2883,6.077217800,80.190742800,32.360,2.883,-1,0,1,-0.01,0.0,0.01,-0.01,0.01,3492,34.92,2.5350,-17.1853,2.8800
880.902174,1788180476.771680,989844,247,1,1,60772174,801907426,32370,2896,6.077217400,80.190742600,32.370,2.896,-1,0,1,-0.01,0.0,0.01,-0.01,0.01,3492,34.92,2.5129,-17.2295,2.8900
881.411126,1788180477.280632,990344,20,1,1,60772171,801907424,32390,2910,6.077217100,80.190742400,32.390,2.91,-1,0,0,-0.01,0.0,0.0,-0.0,0.01,3492,34.92,2.4907,-17.2627,2.9100
881.924504,1788180477.794010,990844,49,1,1,60772168,801907421,32400,2926,6.077216800,80.190742100,32.400,2.926,-2,-1,0,-0.02,-0.01,0.0,-0.0,0.022360679774997897,3491,34.910000000000004,2.4575,-17.2959,2.9200
882.388099,1788180478.257605,991344,77,1,1,60772167,801907419,32410,2933,6.077216700,80.190741900,32.410,2.9330000000000003,-1,-1,0,-0.01,-0.01,0.0,-0.0,0.014142135623730952,3491,34.910000000000004,2.4354,-17.3069,2.9300
882.982413,1788180478.851919,991844,107,1,1,60772164,801907418,32410,2935,6.077216400,80.190741800,32.410,2.935,-2,-1,0,-0.02,-0.01,0.0,-0.0,0.022360679774997897,3490,34.9,2.4243,-17.3401,2.9300
883.476462,1788180479.345968,992344,135,1,1,60772161,801907417,32410,2930,6.077216100,80.190741700,32.410,2.93,-2,0,0,-0.02,0.0,0.0,-0.0,0.02,3490,34.9,2.4132,-17.3733,2.9300
883.881569,1788180479.751075,992844,164,1,1,60772159,801907417,32420,2943,6.077215900,80.190741700,32.420,2.943,-2,0,0,-0.02,0.0,0.0,-0.0,0.02,3490,34.9,2.4132,-17.3954,2.9400
884.456853,1788180480.326359,993344,192,1,1,60772154,801907418,32440,2962,6.077215400,80.190741800,32.440,2.962,-3,0,0,-0.03,0.0,0.0,-0.0,0.03,3489,34.89,2.4243,-17.4507,2.9600
884.977206,1788180480.846712,993844,221,1,1,60772151,801907420,32450,2972,6.077215100,80.190742000,32.450,2.972,-2,1,0,-0.02,0.01,0.0,-0.0,0.022360679774997897,3489,34.89,2.4464,-17.4839,2.9700
885.447781,1788180481.317287,994344,249,1,1,60772147,801907423,32450,2979,6.077214700,80.190742300,32.450,2.979,-2,2,0,-0.02,0.02,0.0,-0.0,0.028284271247461905,3489,34.89,2.4796,-17.5281,2.9700
885.868165,1788180481.737671,994844,22,1,1,60772142,801907426,32470,2996,6.077214200,80.190742600,32.470,2.996,-3,2,-1,-0.03,0.02,-0.01,0.01,0.03605551275463989,3489,34.89,2.5129,-17.5834,2.9900
886.367989,1788180482.237495,995344,50,1,1,60772138,801907429,32500,3022,6.077213800,80.190742900,32.500,3.0220000000000002,-3,3,-2,-0.03,0.03,-0.02,0.02,0.04242640687119285,3488,34.88,2.5461,-17.6276,3.0200
886.875656,1788180482.745162,995844,79,1,1,60772133,801907433,32510,3032,6.077213300,80.190743300,32.510,3.032,-4,4,-1,-0.04,0.04,-0.01,0.01,0.05656854249492381,3488,34.88,2.5903,-17.6829,3.0300
887.502344,1788180483.371850,996344,107,1,1,60772128,801907437,32520,3043,6.077212800,80.190743700,32.520,3.043,-4,4,-2,-0.04,0.04,-0.02,0.02,0.05656854249492381,3488,34.88,2.6346,-17.7382,3.0400
887.953231,1788180483.822737,996844,136,1,1,60772124,801907440,32520,3049,6.077212400,80.190744000,32.520,3.049,-4,4,-1,-0.04,0.04,-0.01,0.01,0.05656854249492381,3488,34.88,2.6678,-17.7824,3.0400
888.424375,1788180484.293881,997344,164,1,1,60772120,801907443,32530,3052,6.077212000,80.190744300,32.530,3.052,-4,4,-1,-0.04,0.04,-0.01,0.01,0.05656854249492381,3487,34.87,2.7010,-17.8267,3.0500
888.954085,1788180484.823591,997844,193,1,1,60772116,801907445,32530,3051,6.077211600,80.190744500,32.530,3.051,-3,4,-1,-0.03,0.04,-0.01,0.01,0.05,3487,34.87,2.7232,-17.8709,3.0500
889.407718,1788180485.277224,998344,221,1,1,60772111,801907447,32530,3058,6.077211100,80.190744700,32.530,3.0580000000000003,-4,3,-1,-0.04,0.03,-0.01,0.01,0.05,3486,34.86,2.7453,-17.9262,3.0500
889.904354,1788180485.773860,998844,250,1,1,60772107,801907448,32540,3064,6.077210700,80.190744800,32.540,3.064,-3,2,-1,-0.03,0.02,-0.01,0.01,0.03605551275463989,3486,34.86,2.7564,-17.9704,3.0600
890.494603,1788180486.364109,999344,22,1,1,60772105,801907448,32540,3065,6.077210500,80.190744800,32.540,3.065,-2,1,-1,-0.02,0.01,-0.01,0.01,0.022360679774997897,3486,34.86,2.7564,-17.9926,3.0600
890.946752,1788180486.816258,999844,51,1,1,60772103,801907448,32540,3067,6.077210300,80.190744800,32.540,3.067,-1,1,-1,-0.01,0.01,-0.01,0.01,0.014142135623730952,3486,34.86,2.7564,-18.0147,3.0600
891.402268,1788180487.271774,1000344,80,1,1,60772101,801907448,32550,3075,6.077210100,80.190744800,32.550,3.075,-1,0,-1,-0.01,0.0,-0.01,0.01,0.01,3487,34.87,2.7564,-18.0368,3.0700
891.946976,1788180487.816482,1000844,109,1,1,60772098,801907447,32560,3084,6.077209800,80.190744700,32.560,3.084,-1,0,-1,-0.01,0.0,-0.01,0.01,0.01,3486,34.86,2.7453,-18.0700,3.0800
892.399707,1788180488.269213,1001344,137,1,1,60772096,801907447,32550,3075,6.077209600,80.190744700,32.550,3.075,0,0,0,0.0,0.0,0.0,-0.0,0.0,3486,34.86,2.7453,-18.0921,3.0700
892.881609,1788180488.751115,1001844,166,1,1,60772094,801907447,32540,3068,6.077209400,80.190744700,32.540,3.068,0,-1,0,0.0,-0.01,0.0,-0.0,0.01,3486,34.86,2.7453,-18.1142,3.0600
893.428089,1788180489.297595,1002344,194,1,1,60772092,801907448,32540,3069,6.077209200,80.190744800,32.540,3.069,0,0,0,0.0,0.0,0.0,-0.0,0.0,3486,34.86,2.7564,-18.1363,3.0600
893.898185,1788180489.767691,1002844,223,1,1,60772091,801907449,32540,3066,6.077209100,80.190744900,32.540,3.0660000000000003,0,0,0,0.0,0.0,0.0,-0.0,0.0,3486,34.86,2.7675,-18.1474,3.0600
894.380635,1788180490.250141,1003344,251,1,1,60772089,801907450,32540,3065,6.077208900,80.190745000,32.540,3.065,0,0,0,0.0,0.0,0.0,-0.0,0.0,3486,34.86,2.7785,-18.1695,3.0600
894.929550,1788180490.799056,1003844,24,1,1,60772086,801907450,32550,3076,6.077208600,80.190745000,32.550,3.076,0,0,0,0.0,0.0,0.0,-0.0,0.0,3485,34.85,2.7785,-18.2027,3.0700
895.433894,1788180491.303400,1004344,52,1,1,60772083,801907451,32570,3091,6.077208300,80.190745100,32.570,3.091,0,0,-1,0.0,0.0,-0.01,0.01,0.0,3485,34.85,2.7896,-18.2358,3.0900
895.899724,1788180491.769230,1004846,81,1,1,60772080,801907452,32580,3102,6.077208000,80.190745200,32.580,3.102,0,0,-1,0.0,0.0,-0.01,0.01,0.0,3485,34.85,2.8007,-18.2690,3.1000
896.463486,1788180492.332992,1005344,109,1,1,60772078,801907453,32580,3107,6.077207800,80.190745300,32.580,3.107,0,0,-1,0.0,0.0,-0.01,0.01,0.0,3485,34.85,2.8117,-18.2911,3.1000
896.883656,1788180492.753162,1005844,138,1,1,60772076,801907453,32590,3112,6.077207600,80.190745300,32.590,3.112,0,-1,0,0.0,-0.01,0.0,-0.0,0.01,3485,34.85,2.8117,-18.3133,3.1100
897.385435,1788180493.254941,1006346,166,1,1,60772074,801907455,32600,3123,6.077207400,80.190745500,32.600,3.123,0,0,-1,0.0,0.0,-0.01,0.01,0.0,3485,34.85,2.8339,-18.3354,3.1200
897.885728,1788180493.755234,1006844,195,1,1,60772073,801907457,32600,3127,6.077207300,80.190745700,32.600,3.1270000000000002,0,0,0,0.0,0.0,0.0,-0.0,0.0,3484,34.84,2.8560,-18.3464,3.1200
898.386643,1788180494.256149,1007344,223,1,1,60772071,801907459,32610,3130,6.077207100,80.190745900,32.610,3.13,-1,0,0,-0.01,0.0,0.0,-0.0,0.01,3484,34.84,2.8782,-18.3685,3.1300
898.978885,1788180494.848391,1007844,252,1,1,60772068,801907460,32610,3132,6.077206800,80.190746000,32.610,3.132,-1,0,-1,-0.01,0.0,-0.01,0.01,0.01,3484,34.84,2.8892,-18.4017,3.1300
899.416487,1788180495.285993,1008344,24,1,1,60772066,801907461,32610,3139,6.077206600,80.190746100,32.610,3.1390000000000002,-1,0,-1,-0.01,0.0,-0.01,0.01,0.01,3484,34.84,2.9003,-18.4238,3.1300
899.872718,1788180495.742224,1008844,53,1,1,60772063,801907462,32600,3123,6.077206300,80.190746200,32.600,3.123,-2,0,0,-0.02,0.0,0.0,-0.0,0.02,3483,34.83,2.9114,-18.4570,3.1200
900.459737,1788180496.329243,1009344,81,1,1,60772061,801907463,32580,3105,6.077206100,80.190746300,32.580,3.105,-1,0,0,-0.01,0.0,0.0,-0.0,0.01,3483,34.83,2.9224,-18.4791,3.1000
900.857563,1788180496.727069,1009844,110,1,1,60772062,801907465,32560,3080,6.077206200,80.190746500,32.560,3.08,0,0,0,0.0,0.0,0.0,-0.0,0.0,3483,34.83,2.9446,-18.4681,3.0800
901.377771,1788180497.247277,1010344,139,1,1,60772060,801907467,32550,3071,6.077206000,80.190746700,32.550,3.071,0,0,0,0.0,0.0,0.0,-0.0,0.0,3483,34.83,2.9667,-18.4902,3.0700
901.941710,1788180497.811216,1010844,168,1,1,60772058,801907468,32530,3056,6.077205800,80.190746800,32.530,3.056,0,0,1,0.0,0.0,0.01,-0.01,0.0,3483,34.83,2.9778,-18.5123,3.0500
902.458789,1788180498.328295,1011344,196,1,1,60772058,801907469,32510,3033,6.077205800,80.190746900,32.510,3.033,0,0,1,0.0,0.0,0.01,-0.01,0.0,3482,34.82,2.9889,-18.5123,3.0300
902.882446,1788180498.751952,1011844,225,1,1,60772057,801907471,32500,3021,6.077205700,80.190747100,32.500,3.021,0,1,2,0.0,0.01,0.02,-0.02,0.01,3482,34.82,3.0110,-18.5234,3.0200
903.362903,1788180499.232409,1012344,253,1,1,60772056,801907473,32500,3021,6.077205600,80.190747300,32.500,3.021,0,1,2,0.0,0.01,0.02,-0.02,0.01,3482,34.82,3.0331,-18.5344,3.0200
903.923822,1788180499.793328,1012844,26,1,1,60772055,801907474,32510,3031,6.077205500,80.190747400,32.510,3.031,0,1,1,0.0,0.01,0.01,-0.01,0.01,3481,34.81,3.0442,-18.5455,3.0300
904.372146,1788180500.241652,1013344,54,1,1,60772053,801907476,32510,3033,6.077205300,80.190747600,32.510,3.033,0,1,1,0.0,0.01,0.01,-0.01,0.01,3482,34.82,3.0664,-18.5676,3.0300
904.978071,1788180500.847577,1013844,83,1,1,60772053,801907479,32490,3016,6.077205300,80.190747900,32.490,3.016,1,2,2,0.01,0.02,0.02,-0.02,0.022360679774997897,3480,34.800000000000004,3.0996,-18.5676,3.0100
905.452185,1788180501.321691,1014344,111,1,1,60772051,801907481,32480,3006,6.077205100,80.190748100,32.480,3.0060000000000002,1,2,2,0.01,0.02,0.02,-0.02,0.022360679774997897,3478,34.78,3.1217,-18.5897,3.0000
905.906742,1788180501.776248,1014844,140,1,1,60772050,801907482,32490,3014,6.077205000,80.190748200,32.490,3.0140000000000002,1,2,1,0.01,0.02,0.01,-0.01,0.022360679774997897,3479,34.79,3.1328,-18.6008,3.0100
906.438844,1788180502.308350,1015344,168,1,1,60772048,801907484,32490,3014,6.077204800,80.190748400,32.490,3.0140000000000002,1,2,1,0.01,0.02,0.01,-0.01,0.022360679774997897,3480,34.800000000000004,3.1549,-18.6229,3.0100
906.890312,1788180502.759818,1015846,197,1,1,60772044,801907486,32490,3012,6.077204400,80.190748600,32.490,3.012,0,2,1,0.0,0.02,0.01,-0.01,0.02,3479,34.79,3.1771,-18.6671,3.0100
907.351586,1788180503.221092,1016344,225,1,1,60772041,801907488,32500,3027,6.077204100,80.190748800,32.500,3.027,-1,2,1,-0.01,0.02,0.01,-0.01,0.022360679774997897,3479,34.79,3.1992,-18.7003,3.0200
907.969075,1788180503.838581,1016846,254,1,1,60772036,801907489,32510,3038,6.077203600,80.190748900,32.510,3.0380000000000003,-2,1,0,-0.02,0.01,0.0,-0.0,0.022360679774997897,3479,34.79,3.2103,-18.7556,3.0300
908.446390,1788180504.315896,1017344,26,1,1,60772032,801907489,32530,3057,6.077203200,80.190748900,32.530,3.057,-3,0,0,-0.03,0.0,0.0,-0.0,0.03,3479,34.79,3.2103,-18.7998,3.0500
908.903810,1788180504.773316,1017846,55,1,1,60772029,801907488,32550,3074,6.077202900,80.190748800,32.550,3.074,-4,0,-1,-0.04,0.0,-0.01,0.01,0.04,3479,34.79,3.1992,-18.8330,3.0700
909.356085,1788180505.225591,1018346,83,1,1,60772026,801907488,32570,3092,6.077202600,80.190748800,32.570,3.092,-4,-1,-1,-0.04,-0.01,-0.01,0.01,0.04123105625617661,3478,34.78,3.1992,-18.8662,3.0900
910.083105,1788180505.952611,1018844,112,1,1,60772025,801907488,32560,3086,6.077202500,80.190748800,32.560,3.086,-3,-1,-1,-0.03,-0.01,-0.01,0.01,0.0316227766016838,3478,34.78,3.1992,-18.8773,3.0800
910.505801,1788180506.375307,1019344,140,1,1,60772024,801907486,32560,3083,6.077202400,80.190748600,32.560,3.083,-3,-2,0,-0.03,-0.02,0.0,-0.0,0.03605551275463989,3479,34.79,3.1771,-18.8883,3.0800
910.975317,1788180506.844823,1019844,169,1,1,60772023,801907483,32550,3079,6.077202300,80.190748300,32.550,3.079,-3,-3,0,-0.03,-0.03,0.0,-0.0,0.04242640687119285,3479,34.79,3.1438,-18.8994,3.0700
911.423281,1788180507.292787,1020344,198,1,1,60772022,801907479,32560,3083,6.077202200,80.190747900,32.560,3.083,-2,-5,0,-0.02,-0.05,0.0,-0.0,0.053851648071345036,3479,34.79,3.0996,-18.9104,3.0800
911.956747,1788180507.826253,1020844,227,1,1,60772023,801907474,32570,3097,6.077202300,80.190747400,32.570,3.097,-1,-6,-1,-0.01,-0.06,-0.01,0.01,0.0608276253029822,3479,34.79,3.0442,-18.8994,3.0900
912.455143,1788180508.324649,1021344,255,1,1,60772024,801907469,32580,3103,6.077202400,80.190746900,32.580,3.103,-1,-7,-1,-0.01,-0.07,-0.01,0.01,0.07071067811865475,3479,34.79,2.9889,-18.8883,3.1000
912.879231,1788180508.748737,1021844,28,1,1,60772023,801907467,32570,3090,6.077202300,80.190746700,32.570,3.09,0,-6,0,0.0,-0.06,0.0,-0.0,0.06,3479,34.79,2.9667,-18.8994,3.0900
913.503197,1788180509.372703,1022344,56,1,1,60772024,801907465,32560,3083,6.077202400,80.190746500,32.560,3.083,0,-5,0,0.0,-0.05,0.0,-0.0,0.05,3479,34.79,2.9446,-18.8883,3.0800
913.862402,1788180509.731908,1022844,86,1,1,60772024,801907462,32540,3069,6.077202400,80.190746200,32.540,3.069,1,-5,0,0.01,-0.05,0.0,-0.0,0.05099019513592785,3479,34.79,2.9114,-18.8883,3.0600
914.485118,1788180510.354624,1023344,114,1,1,60772024,801907460,32540,3063,6.077202400,80.190746000,32.540,3.063,1,-4,0,0.01,-0.04,0.0,-0.0,0.04123105625617661,3478,34.78,2.8892,-18.8883,3.0600
914.952744,1788180510.822250,1023844,146,1,1,60772022,801907459,32540,3065,6.077202200,80.190745900,32.540,3.065,0,-3,0,0.0,-0.03,0.0,-0.0,0.03,3478,34.78,2.8782,-18.9104,3.0600
915.403977,1788180511.273483,1024344,174,1,1,60772022,801907457,32550,3078,6.077202200,80.190745700,32.550,3.078,1,-3,0,0.01,-0.03,0.0,-0.0,0.0316227766016838,3478,34.78,2.8560,-18.9104,3.0700
915.878831,1788180511.748337,1024844,203,1,1,60772019,801907456,32560,3089,6.077201900,80.190745600,32.560,3.089,0,-2,0,0.0,-0.02,0.0,-0.0,0.02,3478,34.78,2.8450,-18.9436,3.0800
916.356692,1788180512.226198,1025344,231,1,1,60772018,801907453,32560,3084,6.077201800,80.190745300,32.560,3.084,0,-2,0,0.0,-0.02,0.0,-0.0,0.02,3479,34.79,2.8117,-18.9547,3.0800
916.901740,1788180512.771246,1025844,5,1,1,60772018,801907450,32570,3096,6.077201800,80.190745000,32.570,3.096,0,-3,0,0.0,-0.03,0.0,-0.0,0.03,3479,34.79,2.7785,-18.9547,3.0900
917.371454,1788180513.240960,1026344,33,1,1,60772019,801907446,32590,3114,6.077201900,80.190744600,32.590,3.114,1,-3,-1,0.01,-0.03,-0.01,0.01,0.0316227766016838,3479,34.79,2.7343,-18.9436,3.1100
917.961558,1788180513.831064,1026844,62,1,1,60772022,801907443,32590,3119,6.077202200,80.190744300,32.590,3.119,2,-3,-1,0.02,-0.03,-0.01,0.01,0.03605551275463989,3479,34.79,2.7010,-18.9104,3.1100
918.346650,1788180514.216156,1027344,90,1,1,60772026,801907439,32600,3120,6.077202600,80.190743900,32.600,3.12,4,-3,-1,0.04,-0.03,-0.01,0.01,0.05,3480,34.800000000000004,2.6568,-18.8662,3.1200
918.910232,1788180514.779738,1027844,120,1,1,60772031,801907435,32590,3114,6.077203100,80.190743500,32.590,3.114,5,-4,0,0.05,-0.04,0.0,-0.0,0.06403124237432849,3480,34.800000000000004,2.6125,-18.8109,3.1100
919.485600,1788180515.355106,1028344,148,1,1,60772035,801907430,32580,3101,6.077203500,80.190743000,32.580,3.101,5,-4,0,0.05,-0.04,0.0,-0.0,0.06403124237432849,3480,34.800000000000004,2.5571,-18.7667,3.1000
919.890680,1788180515.760186,1028844,177,1,1,60772039,801907427,32570,3093,6.077203900,80.190742700,32.570,3.093,6,-4,0,0.06,-0.04,0.0,-0.0,0.07211102550927978,3480,34.800000000000004,2.5239,-18.7224,3.0900
920.360042,1788180516.229548,1029344,205,1,1,60772044,801907423,32580,3101,6.077204400,80.190742300,32.580,3.101,6,-4,0,0.06,-0.04,0.0,-0.0,0.07211102550927978,3480,34.800000000000004,2.4796,-18.6671,3.1000
920.891204,1788180516.760710,1029844,236,1,1,60772048,801907419,32600,3121,6.077204800,80.190741900,32.600,3.121,6,-4,0,0.06,-0.04,0.0,-0.0,0.07211102550927978,3480,34.800000000000004,2.4354,-18.6229,3.1200
921.391223,1788180517.260729,1030344,9,1,1,60772052,801907413,32610,3136,6.077205200,80.190741300,32.610,3.136,6,-5,-1,0.06,-0.05,-0.01,0.01,0.07810249675906654,3480,34.800000000000004,2.3690,-18.5787,3.1300
921.843951,1788180517.713457,1030844,38,1,1,60772055,801907409,32630,3154,6.077205500,80.190740900,32.630,3.154,5,-5,-1,0.05,-0.05,-0.01,0.01,0.07071067811865475,3479,34.79,2.3247,-18.5455,3.1500
922.345416,1788180518.214922,1031344,66,1,1,60772056,801907405,32640,3164,6.077205600,80.190740500,32.640,3.164,3,-5,-1,0.03,-0.05,-0.01,0.01,0.05830951894845301,3480,34.800000000000004,2.2804,-18.5344,3.1600
922.934426,1788180518.803932,1031844,95,1,1,60772057,801907403,32640,3160,6.077205700,80.190740300,32.640,3.16,2,-4,-1,0.02,-0.04,-0.01,0.01,0.044721359549995794,3480,34.800000000000004,2.2583,-18.5234,3.1600
923.387703,1788180519.257209,1032344,123,1,1,60772058,801907402,32640,3162,6.077205800,80.190740200,32.640,3.162,1,-3,-1,0.01,-0.03,-0.01,0.01,0.0316227766016838,3479,34.79,2.2472,-18.5123,3.1600
923.928636,1788180519.798142,1032844,152,1,1,60772059,801907401,32640,3169,6.077205900,80.190740100,32.640,3.169,1,-2,-1,0.01,-0.02,-0.01,0.01,0.022360679774997897,3479,34.79,2.2361,-18.5013,3.1600
924.503357,1788180520.372863,1033344,180,1,1,60772061,801907400,32640,3164,6.077206100,80.190740000,32.640,3.164,1,-1,0,0.01,-0.01,0.0,-0.0,0.014142135623730952,3479,34.79,2.2250,-18.4791,3.1600
924.958518,1788180520.828024,1033844,209,1,1,60772063,801907400,32620,3146,6.077206300,80.190740000,32.620,3.146,1,0,0,0.01,0.0,0.0,-0.0,0.01,3479,34.79,2.2250,-18.4570,3.1400
925.345282,1788180521.214788,1034344,237,1,1,60772064,801907401,32620,3142,6.077206400,80.190740100,32.620,3.142,1,0,0,0.01,0.0,0.0,-0.0,0.01,3478,34.78,2.2361,-18.4460,3.1400
925.934575,1788180521.804081,1034844,10,1,1,60772065,801907401,32620,3143,6.077206500,80.190740100,32.620,3.1430000000000002,0,1,0,0.0,0.01,0.0,-0.0,0.01,3478,34.78,2.2361,-18.4349,3.1400
926.396178,1788180522.265684,1035344,38,1,1,60772065,801907403,32610,3134,6.077206500,80.190740300,32.610,3.134,0,2,0,0.0,0.02,0.0,-0.0,0.02,3478,34.78,2.2583,-18.4349,3.1300
926.953940,1788180522.823446,1035844,67,1,1,60772065,801907406,32600,3127,6.077206500,80.190740600,32.600,3.1270000000000002,0,4,0,0.0,0.04,0.0,-0.0,0.04,3479,34.79,2.2915,-18.4349,3.1200
927.382077,1788180523.251583,1036344,95,1,1,60772065,801907408,32600,3127,6.077206500,80.190740800,32.600,3.1270000000000002,0,4,0,0.0,0.04,0.0,-0.0,0.04,3478,34.78,2.3136,-18.4349,3.1200
927.993146,1788180523.862652,1036844,124,1,1,60772065,801907409,32610,3130,6.077206500,80.190740900,32.610,3.13,-1,4,0,-0.01,0.04,0.0,-0.0,0.04123105625617661,3479,34.79,2.3247,-18.4349,3.1300
928.415934,1788180524.285440,1037344,152,1,1,60772064,801907411,32600,3125,6.077206400,80.190741100,32.600,3.125,-1,4,0,-0.01,0.04,0.0,-0.0,0.04123105625617661,3479,34.79,2.3468,-18.4460,3.1200
928.910418,1788180524.779924,1037844,181,1,1,60772063,801907412,32600,3128,6.077206300,80.190741200,32.600,3.128,-2,4,0,-0.02,0.04,0.0,-0.0,0.044721359549995794,3479,34.79,2.3579,-18.4570,3.1200
929.451783,1788180525.321289,1038344,209,1,1,60772062,801907413,32600,3128,6.077206200,80.190741300,32.600,3.128,-2,4,0,-0.02,0.04,0.0,-0.0,0.044721359549995794,3478,34.78,2.3690,-18.4681,3.1200
929.857412,1788180525.726918,1038844,238,1,1,60772061,801907415,32590,3117,6.077206100,80.190741500,32.590,3.117,-2,4,1,-0.02,0.04,0.01,-0.01,0.044721359549995794,3479,34.79,2.3911,-18.4791,3.1100
930.403191,1788180526.272697,1039344,10,1,1,60772060,801907416,32590,3118,6.077206000,80.190741600,32.590,3.118,-2,4,1,-0.02,0.04,0.01,-0.01,0.044721359549995794,3479,34.79,2.4022,-18.4902,3.1100
930.981567,1788180526.851073,1039844,39,1,1,60772058,801907417,32590,3119,6.077205800,80.190741700,32.590,3.119,-2,4,0,-0.02,0.04,0.0,-0.0,0.044721359549995794,3479,34.79,2.4132,-18.5123,3.1100
931.448369,1788180527.317875,1040344,68,1,1,60772057,801907418,32590,3115,6.077205700,80.190741800,32.590,3.115,-2,3,1,-0.02,0.03,0.01,-0.01,0.03605551275463989,3479,34.79,2.4243,-18.5234,3.1100
931.857106,1788180527.726612,1040844,97,1,1,60772055,801907420,32590,3114,6.077205500,80.190742000,32.590,3.114,-3,3,1,-0.03,0.03,0.01,-0.01,0.04242640687119285,3478,34.78,2.4464,-18.5455,3.1100
932.432570,1788180528.302076,1041344,125,1,1,60772052,801907421,32590,3119,6.077205200,80.190742100,32.590,3.119,-3,2,1,-0.03,0.02,0.01,-0.01,0.03605551275463989,3479,34.79,2.4575,-18.5787,3.1100
932.837691,1788180528.707197,1041844,154,1,1,60772051,801907421,32590,3114,6.077205100,80.190742100,32.590,3.114,-2,1,1,-0.02,0.01,0.01,-0.01,0.022360679774997897,3479,34.79,2.4575,-18.5897,3.1100
933.398901,1788180529.268407,1042344,182,1,1,60772050,801907421,32600,3121,6.077205000,80.190742100,32.600,3.121,-3,0,0,-0.03,0.0,0.0,-0.0,0.03,3478,34.78,2.4575,-18.6008,3.1200
933.928136,1788180529.797642,1042844,211,1,1,60772047,801907420,32610,3136,6.077204700,80.190742000,32.610,3.136,-3,0,0,-0.03,0.0,0.0,-0.0,0.03,3478,34.78,2.4464,-18.6340,3.1300
934.398820,1788180530.268326,1043344,239,1,1,60772045,801907420,32620,3141,6.077204500,80.190742000,32.620,3.141,-3,-1,0,-0.03,-0.01,0.0,-0.0,0.0316227766016838,3479,34.79,2.4464,-18.6561,3.1400
934.893566,1788180530.763072,1043844,12,1,1,60772042,801907421,32620,3147,6.077204200,80.190742100,32.620,3.1470000000000002,-3,-1,0,-0.03,-0.01,0.0,-0.0,0.0316227766016838,3479,34.79,2.4575,-18.6893,3.1400
935.471914,1788180531.341420,1044344,40,1,1,60772040,801907421,32630,3153,6.077204000,80.190742100,32.630,3.153,-3,0,0,-0.03,0.0,0.0,-0.0,0.03,3479,34.79,2.4575,-18.7114,3.1500
935.880478,1788180531.749984,1044844,69,1,1,60772038,801907422,32650,3175,6.077203800,80.190742200,32.650,3.1750000000000003,-3,-1,0,-0.03,-0.01,0.0,-0.0,0.0316227766016838,3480,34.800000000000004,2.4686,-18.7335,3.1700
936.382713,1788180532.252219,1045344,97,1,1,60772036,801907423,32670,3196,6.077203600,80.190742300,32.670,3.196,-2,-1,0,-0.02,-0.01,0.0,-0.0,0.022360679774997897,3480,34.800000000000004,2.4796,-18.7556,3.1900
936.929815,1788180532.799321,1045844,126,1,1,60772035,801907426,32670,3196,6.077203500,80.190742600,32.670,3.196,-2,0,0,-0.02,0.0,0.0,-0.0,0.02,3480,34.800000000000004,2.5129,-18.7667,3.1900
937.427067,1788180533.296573,1046344,154,1,1,60772032,801907428,32650,3174,6.077203200,80.190742800,32.650,3.174,-1,0,0,-0.01,0.0,0.0,-0.0,0.01,3480,34.800000000000004,2.5350,-18.7998,3.1700
937.879598,1788180533.749104,1046844,183,1,1,60772030,801907431,32640,3165,6.077203000,80.190743100,32.640,3.165,-1,1,1,-0.01,0.01,0.01,-0.01,0.014142135623730952,3480,34.800000000000004,2.5682,-18.8220,3.1600
938.422995,1788180534.292501,1047344,211,1,1,60772028,801907434,32630,3159,6.077202800,80.190743400,32.630,3.1590000000000003,-1,1,1,-0.01,0.01,0.01,-0.01,0.014142135623730952,3480,34.800000000000004,2.6014,-18.8441,3.1500
938.923357,1788180534.792863,1047844,240,1,1,60772025,801907438,32620,3146,6.077202500,80.190743800,32.620,3.146,-1,2,1,-0.01,0.02,0.01,-0.01,0.022360679774997897,3481,34.81,2.6457,-18.8773,3.1400
939.375666,1788180535.245172,1048344,12,1,1,60772022,801907442,32620,3140,6.077202200,80.190744200,32.620,3.14,-1,3,1,-0.01,0.03,0.01,-0.01,0.0316227766016838,3481,34.81,2.6900,-18.9104,3.1400
939.905779,1788180535.775285,1048844,41,1,1,60772018,801907446,32610,3134,6.077201800,80.190744600,32.610,3.134,-2,3,1,-0.02,0.03,0.01,-0.01,0.03605551275463989,3481,34.81,2.7343,-18.9547,3.1300
940.423131,1788180536.292637,1049344,69,1,1,60772015,801907452,32610,3131,6.077201500,80.190745200,32.610,3.1310000000000002,-1,4,1,-0.01,0.04,0.01,-0.01,0.04123105625617661,3481,34.81,2.8007,-18.9878,3.1300
940.955201,1788180536.824707,1049844,98,1,1,60772012,801907458,32600,3123,6.077201200,80.190745800,32.600,3.123,-2,5,1,-0.02,0.05,0.01,-0.01,0.053851648071345036,3481,34.81,2.8671,-19.0210,3.1200
941.361036,1788180537.230542,1050344,127,1,1,60772009,801907464,32600,3127,6.077200900,80.190746400,32.600,3.1270000000000002,-2,6,1,-0.02,0.06,0.01,-0.01,0.0632455532033676,3481,34.81,2.9335,-19.0542,3.1200
941.908318,1788180537.777824,1050844,156,1,1,60772005,801907469,32600,3124,6.077200500,80.190746900,32.600,3.124,-2,7,1,-0.02,0.07,0.01,-0.01,0.07280109889280519,3481,34.81,2.9889,-19.0984,3.1200
942.442611,1788180538.312117,1051344,184,1,1,60771999,801907474,32610,3134,6.077199900,80.190747400,32.610,3.134,-3,6,1,-0.03,0.06,0.01,-0.01,0.0670820393249937,3481,34.81,3.0442,-19.1648,3.1300
942.910895,1788180538.780401,1051844,213,1,1,60771993,801907479,32630,3152,6.077199300,80.190747900,32.630,3.152,-5,7,0,-0.05,0.07,0.0,-0.0,0.08602325267042626,3481,34.81,3.0996,-19.2311,3.1500
943.408403,1788180539.277909,1052344,241,1,1,60771989,801907484,32630,3156,6.077198900,80.190748400,32.630,3.156,-4,7,0,-0.04,0.07,0.0,-0.0,0.0806225774829855,3481,34.81,3.1549,-19.2754,3.1500
943.892141,1788180539.761647,1052844,14,1,1,60771985,801907488,32640,3162,6.077198500,80.190748800,32.640,3.162,-4,6,0,-0.04,0.06,0.0,-0.0,0.07211102550927978,3481,34.81,3.1992,-19.3196,3.1600
944.407936,1788180540.277442,1053344,42,1,1,60771981,801907493,32640,3163,6.077198100,80.190749300,32.640,3.1630000000000003,-4,6,0,-0.04,0.06,0.0,-0.0,0.07211102550927978,3482,34.82,3.2545,-19.3638,3.1600
944.860101,1788180540.729607,1053844,72,1,1,60771978,801907497,32640,3166,6.077197800,80.190749700,32.640,3.166,-3,6,0,-0.03,0.06,0.0,-0.0,0.0670820393249937,3482,34.82,3.2988,-19.3970,3.1600
945.390089,1788180541.259595,1054344,100,1,1,60771974,801907500,32650,3177,6.077197400,80.190750000,32.650,3.177,-3,5,0,-0.03,0.05,0.0,-0.0,0.05830951894845301,3482,34.82,3.3320,-19.4412,3.1700
945.932710,1788180541.802216,1054844,129,1,1,60771971,801907504,32660,3186,6.077197100,80.190750400,32.660,3.186,-3,4,0,-0.03,0.04,0.0,-0.0,0.05,3483,34.83,3.3763,-19.4744,3.1800
946.401374,1788180542.270880,1055344,157,1,1,60771966,801907506,32670,3199,6.077196600,80.190750600,32.670,3.1990000000000003,-3,3,-1,-0.03,0.03,-0.01,0.01,0.04242640687119285,3485,34.85,3.3984,-19.5297,3.1900
946.931457,1788180542.800963,1055844,186,1,1,60771963,801907509,32680,3206,6.077196300,80.190750900,32.680,3.206,-3,2,-1,-0.03,0.02,-0.01,0.01,0.03605551275463989,3482,34.82,3.4317,-19.5629,3.2000
947.402238,1788180543.271744,1056344,214,1,1,60771958,801907512,32700,3225,6.077195800,80.190751200,32.700,3.225,-3,2,-1,-0.03,0.02,-0.01,0.01,0.03605551275463989,3480,34.800000000000004,3.4649,-19.6182,3.2200
947.899696,1788180543.769202,1056846,243,1,1,60771954,801907514,32700,3227,6.077195400,80.190751400,32.700,3.227,-3,2,-1,-0.03,0.02,-0.01,0.01,0.03605551275463989,3484,34.84,3.4870,-19.6624,3.2200
948.475914,1788180544.345420,1057344,15,1,1,60771950,801907517,32700,3221,6.077195000,80.190751700,32.700,3.221,-3,2,-1,-0.03,0.02,-0.01,0.01,0.03605551275463989,3484,34.84,3.5202,-19.7067,3.2200
948.930922,1788180544.800428,1057844,44,1,1,60771946,801907519,32700,3222,6.077194600,80.190751900,32.700,3.222,-3,2,0,-0.03,0.02,0.0,-0.0,0.03605551275463989,3483,34.83,3.5424,-19.7509,3.2200
949.399737,1788180545.269243,1058344,72,1,1,60771941,801907520,32700,3227,6.077194100,80.190752000,32.700,3.227,-3,1,0,-0.03,0.01,0.0,-0.0,0.0316227766016838,3486,34.86,3.5534,-19.8062,3.2200
949.945263,1788180545.814769,1058844,101,1,1,60771936,801907521,32710,3232,6.077193600,80.190752100,32.710,3.232,-3,1,0,-0.03,0.01,0.0,-0.0,0.0316227766016838,3486,34.86,3.5645,-19.8615,3.2300
950.382524,1788180546.252030,1059344,129,1,1,60771931,801907523,32690,3216,6.077193100,80.190752300,32.690,3.216,-4,1,0,-0.04,0.01,0.0,-0.0,0.04123105625617661,3484,34.84,3.5866,-19.9168,3.2100
950.893106,1788180546.762612,1059844,158,1,1,60771926,801907524,32680,3201,6.077192600,80.190752400,32.680,3.201,-4,0,0,-0.04,0.0,0.0,-0.0,0.04,3486,34.86,3.5977,-19.9721,3.2000
951.468869,1788180547.338375,1060344,187,1,1,60771921,801907524,32680,3206,6.077192100,80.190752400,32.680,3.206,-3,0,0,-0.03,0.0,0.0,-0.0,0.03,3488,34.88,3.5977,-20.0274,3.2000
951.873049,1788180547.742555,1060844,216,1,1,60771917,801907523,32690,3210,6.077191700,80.190752300,32.690,3.21,-4,0,0,-0.04,0.0,0.0,-0.0,0.04,3485,34.85,3.5866,-20.0716,3.2100
952.451392,1788180548.320898,1061344,244,1,1,60771912,801907522,32690,3217,6.077191200,80.190752200,32.690,3.217,-4,-1,0,-0.04,-0.01,0.0,-0.0,0.04123105625617661,3490,34.9,3.5756,-20.1269,3.2100
953.071626,1788180548.941132,1061844,20,1,1,60771907,801907522,32700,3224,6.077190700,80.190752200,32.700,3.224,-4,-1,0,-0.04,-0.01,0.0,-0.0,0.04123105625617661,3490,34.9,3.5756,-20.1822,3.2200
953.412768,1788180549.282274,1062344,49,1,1,60771904,801907520,32710,3233,6.077190400,80.190752000,32.710,3.233,-4,-2,0,-0.04,-0.02,0.0,-0.0,0.044721359549995794,3488,34.88,3.5534,-20.2154,3.2300
953.870684,1788180549.740190,1062846,78,1,1,60771902,801907519,32700,3226,6.077190200,80.190751900,32.700,3.226,-2,-2,0,-0.02,-0.02,0.0,-0.0,0.028284271247461905,3490,34.9,3.5424,-20.2375,3.2200
954.414758,1788180550.284264,1063344,106,1,1,60771901,801907517,32700,3220,6.077190100,80.190751700,32.700,3.22,-1,-2,0,-0.01,-0.02,0.0,-0.0,0.022360679774997897,3491,34.910000000000004,3.5202,-20.2485,3.2200
954.863279,1788180550.732785,1063844,135,1,1,60771899,801907515,32680,3209,6.077189900,80.190751500,32.680,3.209,0,-3,0,0.0,-0.03,0.0,-0.0,0.03,3489,34.89,3.4981,-20.2707,3.2000
955.442392,1788180551.311898,1064344,163,1,1,60771897,801907514,32670,3197,6.077189700,80.190751400,32.670,3.197,0,-3,1,0.0,-0.03,0.01,-0.01,0.03,3493,34.93,3.4870,-20.2928,3.1900
955.844244,1788180551.713750,1064846,192,1,1,60771895,801907513,32680,3201,6.077189500,80.190751300,32.680,3.201,0,-3,0,0.0,-0.03,0.0,-0.0,0.03,3494,34.94,3.4759,-20.3149,3.2000
956.408177,1788180552.277683,1065344,220,1,1,60771892,801907513,32680,3200,6.077189200,80.190751300,32.680,3.2,-1,-2,0,-0.01,-0.02,0.0,-0.0,0.022360679774997897,3493,34.93,3.4759,-20.3481,3.2000
956.938015,1788180552.807521,1065846,249,1,1,60771889,801907514,32680,3203,6.077188900,80.190751400,32.680,3.203,-1,-1,0,-0.01,-0.01,0.0,-0.0,0.014142135623730952,3494,34.94,3.4870,-20.3812,3.2000
957.393535,1788180553.263041,1066344,21,1,1,60771886,801907514,32690,3210,6.077188600,80.190751400,32.690,3.21,-2,-1,0,-0.02,-0.01,0.0,-0.0,0.022360679774997897,3495,34.95,3.4870,-20.4144,3.2100
957.860472,1788180553.729978,1066846,50,1,1,60771883,801907514,32670,3198,6.077188300,80.190751400,32.670,3.198,-2,-1,1,-0.02,-0.01,0.01,-0.01,0.022360679774997897,3493,34.93,3.4870,-20.4476,3.1900
958.440119,1788180554.309625,1067344,78,1,1,60771880,801907514,32670,3199,6.077188000,80.190751400,32.670,3.1990000000000003,-2,0,0,-0.02,0.0,0.0,-0.0,0.02,3496,34.96,3.4870,-20.4808,3.1900
958.842032,1788180554.711538,1067846,107,1,1,60771877,801907515,32680,3207,6.077187700,80.190751500,32.680,3.207,-3,0,0,-0.03,0.0,0.0,-0.0,0.03,3498,34.980000000000004,3.4981,-20.5139,3.2000
959.339435,1788180555.208941,1068344,135,1,1,60771874,801907515,32690,3214,6.077187400,80.190751500,32.690,3.214,-3,0,0,-0.03,0.0,0.0,-0.0,0.03,3496,34.96,3.4981,-20.5471,3.2100
959.932993,1788180555.802499,1068846,164,1,1,60771871,801907517,32690,3216,6.077187100,80.190751700,32.690,3.216,-3,0,0,-0.03,0.0,0.0,-0.0,0.03,3498,34.980000000000004,3.5202,-20.5803,3.2100
960.386817,1788180556.256323,1069344,192,1,1,60771868,801907518,32680,3203,6.077186800,80.190751800,32.680,3.203,-3,1,0,-0.03,0.01,0.0,-0.0,0.0316227766016838,3499,34.99,3.5313,-20.6135,3.2000
960.899640,1788180556.769146,1069844,221,1,1,60771865,801907519,32660,3188,6.077186500,80.190751900,32.660,3.188,-2,1,0,-0.02,0.01,0.0,-0.0,0.022360679774997897,3496,34.96,3.5424,-20.6466,3.1800
961.383194,1788180557.252700,1070344,250,1,1,60771863,801907519,32660,3187,6.077186300,80.190751900,32.660,3.1870000000000003,-2,1,0,-0.02,0.01,0.0,-0.0,0.022360679774997897,3498,34.980000000000004,3.5424,-20.6688,3.1800
961.942949,1788180557.812455,1070844,23,1,1,60771860,801907520,32660,3187,6.077186000,80.190752000,32.660,3.1870000000000003,-2,2,0,-0.02,0.02,0.0,-0.0,0.028284271247461905,3499,34.99,3.5534,-20.7019,3.1800
962.382045,1788180558.251551,1071344,51,1,1,60771856,801907520,32670,3195,6.077185600,80.190752000,32.670,3.1950000000000003,-2,1,0,-0.02,0.01,0.0,-0.0,0.022360679774997897,3498,34.980000000000004,3.5534,-20.7462,3.1900
962.913261,1788180558.782767,1071844,80,1,1,60771852,801907520,32680,3203,6.077185200,80.190752000,32.680,3.203,-3,1,0,-0.03,0.01,0.0,-0.0,0.0316227766016838,3500,35.0,3.5534,-20.7904,3.2000
963.424331,1788180559.293837,1072344,108,1,1,60771849,801907521,32680,3206,6.077184900,80.190752100,32.680,3.206,-3,1,0,-0.03,0.01,0.0,-0.0,0.0316227766016838,3500,35.0,3.5645,-20.8236,3.2000
963.878129,1788180559.747635,1072844,137,1,1,60771846,801907521,32670,3194,6.077184600,80.190752100,32.670,3.194,-3,1,0,-0.03,0.01,0.0,-0.0,0.0316227766016838,3498,34.980000000000004,3.5645,-20.8568,3.1900
964.378031,1788180560.247537,1073344,165,1,1,60771847,801907520,32660,3186,6.077184700,80.190752000,32.660,3.186,-2,0,0,-0.02,0.0,0.0,-0.0,0.02,3499,34.99,3.5534,-20.8457,3.1800
964.900800,1788180560.770306,1073844,194,1,1,60771850,801907519,32650,3177,6.077185000,80.190751900,32.650,3.177,0,0,0,0.0,0.0,0.0,-0.0,0.0,3501,35.01,3.5424,-20.8125,3.1700
965.378617,1788180561.248123,1074344,222,1,1,60771853,801907518,32650,3175,6.077185300,80.190751800,32.650,3.1750000000000003,1,0,0,0.01,0.0,0.0,-0.0,0.01,3500,35.0,3.5313,-20.7794,3.1700
965.939123,1788180561.808629,1074846,251,1,1,60771856,801907517,32650,3177,6.077185600,80.190751700,32.650,3.177,2,0,0,0.02,0.0,0.0,-0.0,0.02,3502,35.02,3.5202,-20.7462,3.1700
966.419435,1788180562.288941,1075346,23,1,1,60771858,801907517,32640,3163,6.077185800,80.190751700,32.640,3.1630000000000003,3,0,0,0.03,0.0,0.0,-0.0,0.03,3503,35.03,3.5202,-20.7241,3.1600
966.951434,1788180562.820940,1075846,52,1,1,60771861,801907516,32630,3157,6.077186100,80.190751600,32.630,3.157,4,0,0,0.04,0.0,0.0,-0.0,0.04,3501,35.01,3.5091,-20.6909,3.1500
967.394049,1788180563.263555,1076344,80,1,1,60771862,801907517,32630,3156,6.077186200,80.190751700,32.630,3.156,3,0,0,0.03,0.0,0.0,-0.0,0.03,3502,35.02,3.5202,-20.6798,3.1500
967.869646,1788180563.739152,1076844,109,1,1,60771863,801907517,32650,3173,6.077186300,80.190751700,32.650,3.173,3,0,0,0.03,0.0,0.0,-0.0,0.03,3503,35.03,3.5202,-20.6688,3.1700
968.476326,1788180564.345832,1077344,137,1,1,60771863,801907517,32650,3178,6.077186300,80.190751700,32.650,3.178,2,0,0,0.02,0.0,0.0,-0.0,0.02,3501,35.01,3.5202,-20.6688,3.1700
968.933466,1788180564.802972,1077846,166,1,1,60771864,801907518,32640,3167,6.077186400,80.190751800,32.640,3.1670000000000003,2,0,0,0.02,0.0,0.0,-0.0,0.02,3504,35.04,3.5313,-20.6577,3.1600
969.397938,1788180565.267444,1078344,194,1,1,60771864,801907518,32630,3157,6.077186400,80.190751800,32.630,3.157,1,0,0,0.01,0.0,0.0,-0.0,0.01,3505,35.050000000000004,3.5313,-20.6577,3.1500
969.899770,1788180565.769276,1078844,223,1,1,60771864,801907519,32620,3147,6.077186400,80.190751900,32.620,3.1470000000000002,1,0,0,0.01,0.0,0.0,-0.0,0.01,3504,35.04,3.5424,-20.6577,3.1400
970.403097,1788180566.272603,1079344,251,1,1,60771864,801907520,32630,3157,6.077186400,80.190752000,32.630,3.157,0,0,0,0.0,0.0,0.0,-0.0,0.0,3504,35.04,3.5534,-20.6577,3.1500
970.834945,1788180566.704451,1079846,24,1,1,60771864,801907523,32640,3165,6.077186400,80.190752300,32.640,3.165,0,1,0,0.0,0.01,0.0,-0.0,0.01,3506,35.06,3.5866,-20.6577,3.1600
971.379975,1788180567.249481,1080344,53,1,1,60771864,801907525,32650,3178,6.077186400,80.190752500,32.650,3.178,0,1,0,0.0,0.01,0.0,-0.0,0.01,3504,35.04,3.6088,-20.6577,3.1700
971.882299,1788180567.751805,1080846,82,1,1,60771865,801907526,32670,3194,6.077186500,80.190752600,32.670,3.194,0,1,-1,0.0,0.01,-0.01,0.01,0.01,3506,35.06,3.6198,-20.6466,3.1900
972.394583,1788180568.264089,1081344,110,1,1,60771865,801907528,32680,3208,6.077186500,80.190752800,32.680,3.208,0,1,-1,0.0,0.01,-0.01,0.01,0.01,3507,35.07,3.6420,-20.6466,3.2000
972.921560,1788180568.791066,1081846,139,1,1,60771866,801907530,32690,3213,6.077186600,80.190753000,32.690,3.213,0,1,-1,0.0,0.01,-0.01,0.01,0.01,3506,35.06,3.6641,-20.6356,3.2100
973.394054,1788180569.263560,1082344,167,1,1,60771866,801907531,32700,3221,6.077186600,80.190753100,32.700,3.221,0,1,-1,0.0,0.01,-0.01,0.01,0.01,3507,35.07,3.6752,-20.6356,3.2200
973.890404,1788180569.759910,1082846,196,1,1,60771868,801907533,32700,3226,6.077186800,80.190753300,32.700,3.226,0,1,-1,0.0,0.01,-0.01,0.01,0.01,3509,35.09,3.6973,-20.6135,3.2200
974.531480,1788180570.400986,1083344,224,1,1,60771869,801907535,32690,3217,6.077186900,80.190753500,32.690,3.217,0,1,-1,0.0,0.01,-0.01,0.01,0.01,3506,35.06,3.7195,-20.6024,3.2100
974.876737,1788180570.746243,1083844,253,1,1,60771871,801907539,32680,3201,6.077187100,80.190753900,32.680,3.201,1,2,0,0.01,0.02,0.0,-0.0,0.022360679774997897,3509,35.09,3.7638,-20.5803,3.2000
975.389424,1788180571.258930,1084344,25,1,1,60771873,801907542,32680,3207,6.077187300,80.190754200,32.680,3.207,2,3,-1,0.02,0.03,-0.01,0.01,0.03605551275463989,3510,35.1,3.7970,-20.5582,3.2000
975.922206,1788180571.791712,1084846,55,1,1,60771874,801907545,32680,3201,6.077187400,80.190754500,32.680,3.201,1,3,0,0.01,0.03,0.0,-0.0,0.0316227766016838,3509,35.09,3.8302,-20.5471,3.2000
976.379111,1788180572.248617,1085344,83,1,1,60771877,801907547,32670,3192,6.077187700,80.190754700,32.670,3.192,2,3,0,0.02,0.03,0.0,-0.0,0.03605551275463989,3510,35.1,3.8523,-20.5139,3.1900
976.881301,1788180572.750807,1085844,112,1,1,60771879,801907549,32670,3195,6.077187900,80.190754900,32.670,3.1950000000000003,2,3,0,0.02,0.03,0.0,-0.0,0.03605551275463989,3512,35.12,3.8745,-20.4918,3.1900
977.408152,1788180573.277658,1086344,140,1,1,60771881,801907550,32680,3203,6.077188100,80.190755000,32.680,3.203,2,2,0,0.02,0.02,0.0,-0.0,0.028284271247461905,3510,35.1,3.8855,-20.4697,3.2000
977.874621,1788180573.744127,1086846,169,1,1,60771883,801907551,32690,3219,6.077188300,80.190755100,32.690,3.219,2,2,0,0.02,0.02,0.0,-0.0,0.028284271247461905,3511,35.11,3.8966,-20.4476,3.2100
978.452690,1788180574.322196,1087344,197,1,1,60771885,801907552,32700,3223,6.077188500,80.190755200,32.700,3.223,3,1,0,0.03,0.01,0.0,-0.0,0.0316227766016838,3512,35.12,3.9077,-20.4255,3.2200
978.905806,1788180574.775312,1087846,226,1,1,60771888,801907553,32690,3217,6.077188800,80.190755300,32.690,3.217,3,0,0,0.03,0.0,0.0,-0.0,0.03,3511,35.11,3.9187,-20.3923,3.2100
979.404788,1788180575.274294,1088344,254,1,1,60771891,801907554,32690,3214,6.077189100,80.190755400,32.690,3.214,3,0,0,0.03,0.0,0.0,-0.0,0.03,3512,35.12,3.9298,-20.3591,3.2100
979.981225,1788180575.850731,1088846,27,1,1,60771896,801907555,32690,3219,6.077189600,80.190755500,32.690,3.219,4,0,0,0.04,0.0,0.0,-0.0,0.04,3514,35.14,3.9409,-20.3038,3.2100
980.339801,1788180576.209307,1089344,55,1,1,60771904,801907556,32700,3227,6.077190400,80.190755600,32.700,3.227,6,0,0,0.06,0.0,0.0,-0.0,0.06,3512,35.12,3.9519,-20.2154,3.2200
980.901181,1788180576.770687,1089846,84,1,1,60771911,801907557,32710,3232,6.077191100,80.190755700,32.710,3.232,7,0,0,0.07,0.0,0.0,-0.0,0.07,3512,35.12,3.9630,-20.1379,3.2300
981.432381,1788180577.301887,1090344,113,1,1,60771917,801907558,32710,3237,6.077191700,80.190755800,32.710,3.237,7,0,0,0.07,0.0,0.0,-0.0,0.07,3514,35.14,3.9741,-20.0716,3.2300
981.900417,1788180577.769923,1090844,142,1,1,60771924,801907559,32720,3240,6.077192400,80.190755900,32.720,3.24,8,0,0,0.08,0.0,0.0,-0.0,0.08,3512,35.12,3.9852,-19.9942,3.2400
982.354311,1788180578.223817,1091344,170,1,1,60771930,801907560,32710,3236,6.077193000,80.190756000,32.710,3.236,8,0,0,0.08,0.0,0.0,-0.0,0.08,3515,35.15,3.9962,-19.9278,3.2300
982.978217,1788180578.847723,1091846,199,1,1,60771934,801907561,32710,3237,6.077193400,80.190756100,32.710,3.237,7,0,0,0.07,0.0,0.0,-0.0,0.07,3516,35.160000000000004,4.0073,-19.8836,3.2300
983.429393,1788180579.298899,1092344,227,1,1,60771937,801907563,32730,3250,6.077193700,80.190756300,32.730,3.25,5,0,-1,0.05,0.0,-0.01,0.01,0.05,3515,35.15,4.0294,-19.8504,3.2500
983.897668,1788180579.767174,1092848,0,1,1,60771938,801907564,32720,3249,6.077193800,80.190756400,32.720,3.249,3,0,0,0.03,0.0,0.0,-0.0,0.03,3515,35.15,4.0405,-19.8394,3.2400
984.475750,1788180580.345256,1093344,28,1,1,60771940,801907565,32710,3239,6.077194000,80.190756500,32.710,3.239,2,0,0,0.02,0.0,0.0,-0.0,0.02,3516,35.160000000000004,4.0516,-19.8172,3.2300
984.924870,1788180580.794376,1093844,57,1,1,60771942,801907567,32700,3224,6.077194200,80.190756700,32.700,3.224,2,0,0,0.02,0.0,0.0,-0.0,0.02,3515,35.15,4.0737,-19.7951,3.2200
985.332418,1788180581.201924,1094344,85,1,1,60771946,801907569,32700,3220,6.077194600,80.190756900,32.700,3.22,2,0,0,0.02,0.0,0.0,-0.0,0.02,3517,35.17,4.0958,-19.7509,3.2200
985.971770,1788180581.841276,1094846,114,1,1,60771950,801907570,32690,3217,6.077195000,80.190757000,32.690,3.217,2,0,0,0.02,0.0,0.0,-0.0,0.02,3519,35.19,4.1069,-19.7067,3.2100
986.423442,1788180582.292948,1095344,142,1,1,60771955,801907570,32670,3199,6.077195500,80.190757000,32.670,3.1990000000000003,3,0,0,0.03,0.0,0.0,-0.0,0.03,3518,35.18,4.1069,-19.6514,3.1900
986.890819,1788180582.760325,1095844,171,1,1,60771960,801907571,32650,3177,6.077196000,80.190757100,32.650,3.177,3,0,1,0.03,0.0,0.01,-0.01,0.03,3518,35.18,4.1180,-19.5961,3.1700
987.422791,1788180583.292297,1096344,199,1,1,60771965,801907571,32650,3172,6.077196500,80.190757100,32.650,3.172,3,0,1,0.03,0.0,0.01,-0.01,0.03,3520,35.2,4.1180,-19.5408,3.1700
987.888245,1788180583.757751,1096844,228,1,1,60771969,801907572,32640,3166,6.077196900,80.190757200,32.640,3.166,3,0,1,0.03,0.0,0.01,-0.01,0.03,3517,35.17,4.1291,-19.4965,3.1600
988.493741,1788180584.363247,1097344,0,1,1,60771974,801907572,32640,3160,6.077197400,80.190757200,32.640,3.16,3,0,1,0.03,0.0,0.01,-0.01,0.03,3519,35.19,4.1291,-19.4412,3.1600
988.917103,1788180584.786609,1097846,29,1,1,60771977,801907572,32640,3162,6.077197700,80.190757200,32.640,3.162,3,0,0,0.03,0.0,0.0,-0.0,0.03,3521,35.21,4.1291,-19.4081,3.1600
989.371025,1788180585.240531,1098344,57,1,1,60771981,801907572,32650,3170,6.077198100,80.190757200,32.650,3.17,2,0,0,0.02,0.0,0.0,-0.0,0.02,3521,35.21,4.1291,-19.3638,3.1700
989.870805,1788180585.740311,1098844,86,1,1,60771985,801907572,32660,3185,6.077198500,80.190757200,32.660,3.185,2,0,0,0.02,0.0,0.0,-0.0,0.02,3522,35.22,4.1291,-19.3196,3.1800
990.417987,1788180586.287493,1099344,114,1,1,60771988,801907572,32670,3195,6.077198800,80.190757200,32.670,3.1950000000000003,1,0,0,0.01,0.0,0.0,-0.0,0.01,3523,35.230000000000004,4.1291,-19.2864,3.1900
990.947982,1788180586.817488,1099844,146,1,1,60771992,801907571,32670,3199,6.077199200,80.190757100,32.670,3.1990000000000003,2,-1,0,0.02,-0.01,0.0,-0.0,0.022360679774997897,3521,35.21,4.1180,-19.2422,3.1900
991.357022,1788180587.226528,1100344,176,1,1,60771996,801907570,32680,3206,6.077199600,80.190757000,32.680,3.206,2,-1,0,0.02,-0.01,0.0,-0.0,0.022360679774997897,3523,35.230000000000004,4.1069,-19.1980,3.2000
991.901322,1788180587.770828,1100846,205,1,1,60772000,801907569,32700,3220,6.077200000,80.190756900,32.700,3.22,3,-1,0,0.03,-0.01,0.0,-0.0,0.0316227766016838,3524,35.24,4.0958,-19.1537,3.2200
992.420249,1788180588.289755,1101344,233,1,1,60772004,801907568,32710,3235,6.077200400,80.190756800,32.710,3.235,3,-1,-1,0.03,-0.01,-0.01,0.01,0.0316227766016838,3524,35.24,4.0848,-19.1095,3.2300
992.943707,1788180588.813213,1101844,6,1,1,60772007,801907568,32730,3252,6.077200700,80.190756800,32.730,3.2520000000000002,2,-2,-1,0.02,-0.02,-0.01,0.01,0.028284271247461905,3525,35.25,4.0848,-19.0763,3.2500
993.397015,1788180589.266521,1102344,34,1,1,60772011,801907566,32750,3273,6.077201100,80.190756600,32.750,3.273,2,-2,-1,0.02,-0.02,-0.01,0.01,0.028284271247461905,3526,35.26,4.0626,-19.0321,3.2700
993.866192,1788180589.735698,1102846,63,1,1,60772015,801907566,32760,3284,6.077201500,80.190756600,32.760,3.2840000000000003,2,-1,-2,0.02,-0.01,-0.02,0.02,0.022360679774997897,3524,35.24,4.0626,-18.9878,3.2800
994.363151,1788180590.232657,1103344,91,1,1,60772018,801907565,32760,3284,6.077201800,80.190756500,32.760,3.2840000000000003,2,-1,-1,0.02,-0.01,-0.01,0.01,0.022360679774997897,3524,35.24,4.0516,-18.9547,3.2800
994.894603,1788180590.764109,1103844,120,1,1,60772021,801907565,32750,3276,6.077202100,80.190756500,32.750,3.2760000000000002,1,-1,-1,0.01,-0.01,-0.01,0.01,0.014142135623730952,3526,35.26,4.0516,-18.9215,3.2700
995.393915,1788180591.263421,1104344,148,1,1,60772024,801907564,32740,3267,6.077202400,80.190756400,32.740,3.267,1,-1,-1,0.01,-0.01,-0.01,0.01,0.014142135623730952,3525,35.25,4.0405,-18.8883,3.2600
995.940498,1788180591.810004,1104846,177,1,1,60772028,801907564,32740,3268,6.077202800,80.190756400,32.740,3.2680000000000002,2,-1,0,0.02,-0.01,0.0,-0.0,0.022360679774997897,3525,35.25,4.0405,-18.8441,3.2600
996.392494,1788180592.262000,1105344,205,1,1,60772031,801907563,32750,3272,6.077203100,80.190756300,32.750,3.2720000000000002,2,-1,-1,0.02,-0.01,-0.01,0.01,0.022360679774997897,3527,35.27,4.0294,-18.8109,3.2700
996.890726,1788180592.760232,1105844,234,1,1,60772035,801907563,32750,3274,6.077203500,80.190756300,32.750,3.274,2,0,-1,0.02,0.0,-0.01,0.01,0.02,3526,35.26,4.0294,-18.7667,3.2700
997.419524,1788180593.289030,1106344,6,1,1,60772039,801907562,32750,3271,6.077203900,80.190756200,32.750,3.271,2,0,0,0.02,0.0,0.0,-0.0,0.02,3526,35.26,4.0184,-18.7224,3.2700
997.886698,1788180593.756204,1106846,35,1,1,60772043,801907561,32740,3261,6.077204300,80.190756100,32.740,3.261,2,0,0,0.02,0.0,0.0,-0.0,0.02,3527,35.27,4.0073,-18.6782,3.2600
998.465099,1788180594.334605,1107344,63,1,1,60772048,801907561,32720,3247,6.077204800,80.190756100,32.720,3.247,3,0,0,0.03,0.0,0.0,-0.0,0.03,3526,35.26,4.0073,-18.6229,3.2400
998.899608,1788180594.769114,1107844,92,1,1,60772053,801907561,32720,3241,6.077205300,80.190756100,32.720,3.241,4,0,0,0.04,0.0,0.0,-0.0,0.04,3527,35.27,4.0073,-18.5676,3.2400
999.385160,1788180595.254666,1108344,120,1,1,60772058,801907559,32710,3237,6.077205800,80.190755900,32.710,3.237,4,0,0,0.04,0.0,0.0,-0.0,0.04,3528,35.28,3.9852,-18.5123,3.2300
999.885366,1788180595.754872,1108844,149,1,1,60772062,801907556,32720,3240,6.077206200,80.190755600,32.720,3.24,4,-1,0,0.04,-0.01,0.0,-0.0,0.04123105625617661,3528,35.28,3.9519,-18.4681,3.2400
1000.462765,1788180596.332271,1109344,177,1,1,60772066,801907554,32720,3244,6.077206600,80.190755400,32.720,3.244,4,-1,0,0.04,-0.01,0.0,-0.0,0.04123105625617661,3527,35.27,3.9298,-18.4238,3.2400
1000.869504,1788180596.739010,1109846,206,1,1,60772071,801907552,32710,3235,6.077207100,80.190755200,32.710,3.235,4,-1,0,0.04,-0.01,0.0,-0.0,0.04123105625617661,3529,35.29,3.9077,-18.3685,3.2300
1001.383988,1788180597.253494,1110344,235,1,1,60772077,801907549,32700,3229,6.077207700,80.190754900,32.700,3.229,5,-2,0,0.05,-0.02,0.0,-0.0,0.053851648071345036,3527,35.27,3.8745,-18.3022,3.2200
1001.914656,1788180597.784162,1110846,8,1,1,60772083,801907545,32700,3224,6.077208300,80.190754500,32.700,3.224,5,-3,0,0.05,-0.03,0.0,-0.0,0.05830951894845301,3528,35.28,3.8302,-18.2358,3.2200
1002.367659,1788180598.237165,1111344,36,1,1,60772089,801907543,32700,3224,6.077208900,80.190754300,32.700,3.224,6,-3,0,0.06,-0.03,0.0,-0.0,0.0670820393249937,3530,35.300000000000004,3.8080,-18.1695,3.2200
1002.877995,1788180598.747501,1111846,65,1,1,60772096,801907540,32690,3210,6.077209600,80.190754000,32.690,3.21,6,-2,1,0.06,-0.02,0.01,-0.01,0.0632455532033676,3530,35.300000000000004,3.7748,-18.0921,3.2100
1003.458433,1788180599.327939,1112344,93,1,1,60772103,801907538,32680,3205,6.077210300,80.190753800,32.680,3.205,6,-2,1,0.06,-0.02,0.01,-0.01,0.0632455532033676,3530,35.300000000000004,3.7527,-18.0147,3.2000
1003.912561,1788180599.782067,1112846,122,1,1,60772109,801907534,32690,3210,6.077210900,80.190753400,32.690,3.21,7,-3,1,0.07,-0.03,0.01,-0.01,0.07615773105863909,3532,35.32,3.7084,-17.9483,3.2100
1004.441978,1788180600.311484,1113346,150,1,1,60772116,801907530,32690,3211,6.077211600,80.190753000,32.690,3.211,7,-3,0,0.07,-0.03,0.0,-0.0,0.07615773105863909,3529,35.29,3.6641,-17.8709,3.2100
1004.910751,1788180600.780257,1113846,179,1,1,60772122,801907526,32680,3209,6.077212200,80.190752600,32.680,3.209,7,-4,0,0.07,-0.04,0.0,-0.0,0.0806225774829855,3530,35.300000000000004,3.6198,-17.8046,3.2000
1005.362303,1788180601.231809,1114344,207,1,1,60772129,801907523,32670,3193,6.077212900,80.190752300,32.670,3.193,7,-3,1,0.07,-0.03,0.01,-0.01,0.07615773105863909,3531,35.31,3.5866,-17.7271,3.1900
1005.896987,1788180601.766493,1114846,236,1,1,60772134,801907520,32650,3179,6.077213400,80.190752000,32.650,3.1790000000000003,7,-3,1,0.07,-0.03,0.01,-0.01,0.07615773105863909,3531,35.31,3.5534,-17.6718,3.1700
1006.441074,1788180602.310580,1115344,8,1,1,60772140,801907517,32650,3172,6.077214000,80.190751700,32.650,3.172,6,-3,0,0.06,-0.03,0.0,-0.0,0.0670820393249937,3531,35.31,3.5202,-17.6055,3.1700
1006.894792,1788180602.764298,1115844,38,1,1,60772143,801907515,32640,3163,6.077214300,80.190751500,32.640,3.1630000000000003,5,-2,0,0.05,-0.02,0.0,-0.0,0.053851648071345036,3533,35.33,3.4981,-17.5723,3.1600
1007.439784,1788180603.309290,1116344,66,1,1,60772147,801907513,32640,3160,6.077214700,80.190751300,32.640,3.16,4,-2,0,0.04,-0.02,0.0,-0.0,0.044721359549995794,3531,35.31,3.4759,-17.5281,3.1600
1007.846253,1788180603.715759,1116846,95,1,1,60772150,801907512,32620,3149,6.077215000,80.190751200,32.620,3.149,3,-2,0,0.03,-0.02,0.0,-0.0,0.03605551275463989,3531,35.31,3.4649,-17.4949,3.1400
1008.391104,1788180604.260610,1117344,123,1,1,60772153,801907510,32630,3153,6.077215300,80.190751000,32.630,3.153,2,-2,0,0.02,-0.02,0.0,-0.0,0.028284271247461905,3532,35.32,3.4427,-17.4617,3.1500
1008.845265,1788180604.714771,1117846,152,1,1,60772157,801907510,32620,3143,6.077215700,80.190751000,32.620,3.1430000000000002,2,-1,0,0.02,-0.01,0.0,-0.0,0.022360679774997897,3531,35.31,3.4427,-17.4175,3.1400
1009.430766,1788180605.300272,1118344,180,1,1,60772161,801907509,32600,3128,6.077216100,80.190750900,32.600,3.128,2,0,0,0.02,0.0,0.0,-0.0,0.02,3531,35.31,3.4317,-17.3733,3.1200
1009.850146,1788180605.719652,1118844,209,1,1,60772165,801907508,32590,3118,6.077216500,80.190750800,32.590,3.118,2,0,0,0.02,0.0,0.0,-0.0,0.02,3533,35.33,3.4206,-17.3290,3.1100
1010.432623,1788180606.302129,1119344,237,1,1,60772169,801907508,32580,3100,6.077216900,80.190750800,32.580,3.1,2,0,0,0.02,0.0,0.0,-0.0,0.02,3532,35.32,3.4206,-17.2848,3.1000
1010.885346,1788180606.754852,1119846,10,1,1,60772172,801907508,32570,3090,6.077217200,80.190750800,32.570,3.09,2,0,0,0.02,0.0,0.0,-0.0,0.02,3532,35.32,3.4206,-17.2516,3.0900
1011.399768,1788180607.269274,1120344,39,1,1,60772174,801907508,32550,3075,6.077217400,80.190750800,32.550,3.075,1,0,1,0.01,0.0,0.01,-0.01,0.01,3533,35.33,3.4206,-17.2295,3.0700
1011.917487,1788180607.786993,1120844,68,1,1,60772175,801907507,32520,3048,6.077217500,80.190750700,32.520,3.048,0,0,2,0.0,0.0,0.02,-0.02,0.0,3531,35.31,3.4095,-17.2184,3.0400
1012.380540,1788180608.250046,1121344,96,1,1,60772177,801907507,32500,3025,6.077217700,80.190750700,32.500,3.025,0,0,2,0.0,0.0,0.02,-0.02,0.0,3533,35.33,3.4095,-17.1963,3.0200
1012.878631,1788180608.748137,1121844,125,1,1,60772178,801907507,32480,3001,6.077217800,80.190750700,32.480,3.001,0,1,2,0.0,0.01,0.02,-0.02,0.01,3534,35.34,3.4095,-17.1853,3.0000
1013.454037,1788180609.323543,1122344,153,1,1,60772179,801907507,32450,2979,6.077217900,80.190750700,32.450,2.979,0,1,2,0.0,0.01,0.02,-0.02,0.01,3533,35.33,3.4095,-17.1742,2.9700
1013.875509,1788180609.745015,1122844,182,1,1,60772181,801907507,32440,2961,6.077218100,80.190750700,32.440,2.961,0,1,3,0.0,0.01,0.03,-0.03,0.01,3533,35.33,3.4095,-17.1521,2.9600
1014.386416,1788180610.255922,1123344,210,1,1,60772183,801907507,32650,3176,6.077218300,80.190750700,32.650,3.176,0,1,3,0.0,0.01,0.03,-0.03,0.01,3533,35.33,3.4095,-17.1300,3.1700
1014.906472,1788180610.775978,1123846,239,1,1,60772184,801907507,32640,3166,6.077218400,80.190750700,32.640,3.166,0,1,3,0.0,0.01,0.03,-0.03,0.01,3532,35.32,3.4095,-17.1189,3.1600
1015.418282,1788180611.287788,1124343,11,1,1,60772185,801907507,32590,3112,6.077218500,80.190750700,32.590,3.112,0,1,4,0.0,0.01,0.04,-0.04,0.01,3533,35.33,3.4095,-17.1079,3.1100
1015.946901,1788180611.816407,1124846,40,1,1,60772187,801907507,32560,3089,6.077218700,80.190750700,32.560,3.089,0,1,4,0.0,0.01,0.04,-0.04,0.01,3534,35.34,3.4095,-17.0857,3.0800
1016.410839,1788180612.280345,1125344,68,1,1,60772187,801907508,32580,3100,6.077218700,80.190750800,32.580,3.1,0,1,2,0.0,0.01,0.02,-0.02,0.01,3533,35.33,3.4206,-17.0857,3.1000
1016.910436,1788180612.779942,1125848,97,1,1,60772188,801907509,32580,3109,6.077218800,80.190750900,32.580,3.109,0,1,2,0.0,0.01,0.02,-0.02,0.01,3533,35.33,3.4317,-17.0747,3.1000
1017.487551,1788180613.357057,1126343,125,1,1,60772190,801907510,32550,3073,6.077219000,80.190751000,32.550,3.073,0,1,2,0.0,0.01,0.02,-0.02,0.01,3535,35.35,3.4427,-17.0526,3.0700
1017.847137,1788180613.716643,1126844,154,1,1,60772192,801907511,32550,3071,6.077219200,80.190751100,32.550,3.071,0,1,2,0.0,0.01,0.02,-0.02,0.01,3532,35.32,3.4538,-17.0304,3.0700
1018.396262,1788180614.265768,1127343,182,1,1,60772193,801907513,32580,3108,6.077219300,80.190751300,32.580,3.108,0,0,0,0.0,0.0,0.0,-0.0,0.0,3532,35.32,3.4759,-17.0194,3.1000
1018.942313,1788180614.811819,1127846,211,1,1,60772194,801907514,32570,3096,6.077219400,80.190751400,32.570,3.096,0,0,0,0.0,0.0,0.0,-0.0,0.0,3534,35.34,3.4870,-17.0083,3.0900
1019.397979,1788180615.267485,1128344,239,1,1,60772195,801907517,32550,3079,6.077219500,80.190751700,32.550,3.079,0,1,0,0.0,0.01,0.0,-0.0,0.01,3535,35.35,3.5202,-16.9973,3.0700
1019.849221,1788180615.718727,1128846,12,1,1,60772196,801907519,32570,3092,6.077219600,80.190751900,32.570,3.092,0,1,0,0.0,0.01,0.0,-0.0,0.01,3536,35.36,3.5424,-16.9862,3.0900
1020.377439,1788180616.246945,1129343,40,1,1,60772196,801907521,32570,3097,6.077219600,80.190752100,32.570,3.097,-1,1,0,-0.01,0.01,0.0,-0.0,0.014142135623730952,3537,35.37,3.5645,-16.9862,3.0900
1020.941250,1788180616.810756,1129846,69,1,1,60772196,801907524,32550,3075,6.077219600,80.190752400,32.550,3.075,-1,1,0,-0.01,0.01,0.0,-0.0,0.014142135623730952,3534,35.34,3.5977,-16.9862,3.0700
1021.409863,1788180617.279369,1130344,98,1,1,60772196,801907527,32560,3083,6.077219600,80.190752700,32.560,3.083,-1,1,0,-0.01,0.01,0.0,-0.0,0.014142135623730952,3535,35.35,3.6309,-16.9862,3.0800
1021.920698,1788180617.790204,1130846,127,1,1,60772196,801907530,32590,3114,6.077219600,80.190753000,32.590,3.114,-1,2,-1,-0.01,0.02,-0.01,0.01,0.022360679774997897,3535,35.35,3.6641,-16.9862,3.1100
1022.388655,1788180618.258161,1131344,155,1,1,60772196,801907532,32660,3181,6.077219600,80.190753200,32.660,3.181,-2,2,-3,-0.02,0.02,-0.03,0.03,0.028284271247461905,3536,35.36,3.6863,-16.9862,3.1800
1022.887428,1788180618.756934,1131843,184,1,1,60772195,801907534,32670,3197,6.077219500,80.190753400,32.670,3.197,-2,1,-3,-0.02,0.01,-0.03,0.03,0.022360679774997897,3536,35.36,3.7084,-16.9973,3.1900
1023.463931,1788180619.333437,1132344,212,1,1,60772193,801907537,32650,3173,6.077219300,80.190753700,32.650,3.173,-2,2,-2,-0.02,0.02,-0.02,0.02,0.028284271247461905,3538,35.38,3.7416,-17.0194,3.1700
1023.931349,1788180619.800855,1132846,241,1,1,60772192,801907540,32650,3178,6.077219200,80.190754000,32.650,3.178,-2,2,-2,-0.02,0.02,-0.02,0.02,0.028284271247461905,3537,35.37,3.7748,-17.0304,3.1700
1024.381400,1788180620.250906,1133344,13,1,1,60772191,801907542,32640,3167,6.077219100,80.190754200,32.640,3.1670000000000003,-2,2,-1,-0.02,0.02,-0.01,0.01,0.028284271247461905,3536,35.36,3.7970,-17.0415,3.1600
1024.913462,1788180620.782968,1133843,42,1,1,60772190,801907545,32600,3125,6.077219000,80.190754500,32.600,3.125,-1,2,0,-0.01,0.02,0.0,-0.0,0.022360679774997897,3537,35.37,3.8302,-17.0526,3.1200
1025.399954,1788180621.269460,1134344,70,1,1,60772189,801907548,32630,3159,6.077218900,80.190754800,32.630,3.1590000000000003,-1,2,-1,-0.01,0.02,-0.01,0.01,0.022360679774997897,3537,35.37,3.8634,-17.0636,3.1500
1025.867096,1788180621.736602,1134846,99,1,1,60772190,801907551,32650,3170,6.077219000,80.190755100,32.650,3.17,0,3,-1,0.0,0.03,-0.01,0.01,0.03,3537,35.37,3.8966,-17.0526,3.1700
1026.458121,1788180622.327627,1135343,127,1,1,60772190,801907554,32610,3132,6.077219000,80.190755400,32.610,3.132,0,3,0,0.0,0.03,0.0,-0.0,0.03,3539,35.39,3.9298,-17.0526,3.1300
1026.909734,1788180622.779240,1135846,156,1,1,60772189,801907556,32560,3084,6.077218900,80.190755600,32.560,3.084,0,3,2,0.0,0.03,0.02,-0.02,0.03,3538,35.38,3.9519,-17.0636,3.0800
1027.458106,1788180623.327612,1136344,184,1,1,60772188,801907559,32580,3109,6.077218800,80.190755900,32.580,3.109,0,3,0,0.0,0.03,0.0,-0.0,0.03,3537,35.37,3.9851,-17.0747,3.1000
1027.860982,1788180623.730488,1136846,213,1,1,60772187,801907562,32610,3137,6.077218700,80.190756200,32.610,3.137,0,3,0,0.0,0.03,0.0,-0.0,0.03,3538,35.38,4.0184,-17.0857,3.1300
1028.376223,1788180624.245729,1137344,241,1,1,60772186,801907565,32580,3100,6.077218600,80.190756500,32.580,3.1,0,3,1,0.0,0.03,0.01,-0.01,0.03,3536,35.36,4.0516,-17.0968,3.1000
1028.908406,1788180624.777912,1137843,17,1,1,60772186,801907568,32540,3061,6.077218600,80.190756800,32.540,3.061,0,2,2,0.0,0.02,0.02,-0.02,0.02,3535,35.35,4.0848,-17.0968,3.0600
1029.449782,1788180625.319288,1138344,46,1,1,60772185,801907572,32560,3082,6.077218500,80.190757200,32.560,3.082,0,2,0,0.0,0.02,0.0,-0.0,0.02,3537,35.37,4.1291,-17.1079,3.0800
1029.907464,1788180625.776970,1138846,75,1,1,60772183,801907576,32570,3094,6.077218300,80.190757600,32.570,3.094,0,3,0,0.0,0.03,0.0,-0.0,0.03,3536,35.36,4.1733,-17.1300,3.0900
1030.485655,1788180626.355161,1139344,103,1,1,60772182,801907580,32550,3076,6.077218200,80.190758000,32.550,3.076,0,3,0,0.0,0.03,0.0,-0.0,0.03,3535,35.35,4.2176,-17.1410,3.0700
1030.897025,1788180626.766531,1139846,132,1,1,60772181,801907584,32660,3187,6.077218100,80.190758400,32.660,3.1870000000000003,0,3,-3,0.0,0.03,-0.03,0.03,0.03,3537,35.37,4.2619,-17.1521,3.1800
1031.396187,1788180627.265693,1140343,161,1,1,60772180,801907588,32710,3231,6.077218000,80.190758800,32.710,3.231,-1,3,-4,-0.01,0.03,-0.04,0.04,0.0316227766016838,3535,35.35,4.3062,-17.1631,3.2300
1031.929390,1788180627.798896,1140846,190,1,1,60772180,801907591,32660,3187,6.077218000,80.190759100,32.660,3.1870000000000003,-1,3,-2,-0.01,0.03,-0.02,0.02,0.0316227766016838,3534,35.34,4.3394,-17.1631,3.1800
1032.444514,1788180628.314020,1141344,218,1,1,60772179,801907595,32630,3152,6.077217900,80.190759500,32.630,3.152,-1,3,0,-0.01,0.03,0.0,-0.0,0.0316227766016838,3536,35.36,4.3837,-17.1742,3.1500
1032.848445,1788180628.717951,1141846,247,1,1,60772179,801907599,32670,3199,6.077217900,80.190759900,32.670,3.1990000000000003,0,3,-2,0.0,0.03,-0.02,0.02,0.03,3535,35.35,4.4279,-17.1742,3.1900
1033.378840,1788180629.248346,1142344,19,1,1,60772178,801907602,32680,3204,6.077217800,80.190760200,32.680,3.204,0,3,-1,0.0,0.03,-0.01,0.01,0.03,3536,35.36,4.4612,-17.1853,3.2000
1033.893371,1788180629.762877,1142846,48,1,1,60772179,801907605,32650,3179,6.077217900,80.190760500,32.650,3.1790000000000003,0,2,0,0.0,0.02,0.0,-0.0,0.02,3538,35.38,4.4944,-17.1742,3.1700
1034.345434,1788180630.214940,1143344,76,1,1,60772179,801907607,32620,3144,6.077217900,80.190760700,32.620,3.144,0,2,0,0.0,0.02,0.0,-0.0,0.02,3536,35.36,4.5165,-17.1742,3.1400
1034.919804,1788180630.789310,1143843,105,1,1,60772179,801907607,32580,3105,6.077217900,80.190760700,32.580,3.105,0,0,1,0.0,0.0,0.01,-0.01,0.0,3536,35.36,4.5165,-17.1742,3.1000
1035.386578,1788180631.256084,1144343,133,1,1,60772178,801907608,32540,3064,6.077217800,80.190760800,32.540,3.064,0,0,2,0.0,0.0,0.02,-0.02,0.0,3538,35.38,4.5276,-17.1853,3.0600
1035.883594,1788180631.753100,1144846,162,1,1,60772177,801907608,32530,3054,6.077217700,80.190760800,32.530,3.0540000000000003,-1,-1,2,-0.01,-0.01,0.02,-0.02,0.014142135623730952,3537,35.37,4.5276,-17.1963,3.0500
1036.461797,1788180632.331303,1145344,190,1,1,60772174,801907608,32520,3042,6.077217400,80.190760800,32.520,3.0420000000000003,-2,-2,3,-0.02,-0.02,0.03,-0.03,0.028284271247461905,3537,35.37,4.5276,-17.2295,3.0400
1036.929629,1788180632.799135,1145844,219,1,1,60772173,801907609,32530,3053,6.077217300,80.190760900,32.530,3.053,-1,-2,2,-0.01,-0.02,0.02,-0.02,0.022360679774997897,3539,35.39,4.5386,-17.2406,3.0500
1037.339655,1788180633.209161,1146343,247,1,1,60772171,801907608,32550,3078,6.077217100,80.190760800,32.550,3.078,-2,-3,0,-0.02,-0.03,0.0,-0.0,0.03605551275463989,3537,35.37,4.5276,-17.2627,3.0700
1037.917592,1788180633.787098,1146846,21,1,1,60772170,801907608,32570,3098,6.077217000,80.190760800,32.570,3.098,-2,-3,0,-0.02,-0.03,0.0,-0.0,0.03605551275463989,3536,35.36,4.5276,-17.2737,3.0900
1038.417324,1788180634.286830,1147343,49,1,1,60772169,801907608,32560,3086,6.077216900,80.190760800,32.560,3.086,-1,-3,0,-0.01,-0.03,0.0,-0.0,0.0316227766016838,3537,35.37,4.5276,-17.2848,3.0800
1038.881062,1788180634.750568,1147846,78,1,1,60772168,801907607,32530,3056,6.077216800,80.190760700,32.530,3.056,-1,-3,1,-0.01,-0.03,0.01,-0.01,0.0316227766016838,3536,35.36,4.5165,-17.2959,3.0500
1039.351168,1788180635.220674,1148344,106,1,1,60772165,801907607,32510,3033,6.077216500,80.190760700,32.510,3.033,-2,-3,1,-0.02,-0.03,0.01,-0.01,0.03605551275463989,3535,35.35,4.5165,-17.3290,3.0300
1039.880841,1788180635.750347,1148846,135,1,1,60772163,801907607,32510,3031,6.077216300,80.190760700,32.510,3.031,-2,-2,1,-0.02,-0.02,0.01,-0.01,0.028284271247461905,3538,35.38,4.5165,-17.3511,3.0300
1040.375859,1788180636.245365,1149343,163,1,1,60772163,801907607,32510,3033,6.077216300,80.190760700,32.510,3.033,-1,-1,1,-0.01,-0.01,0.01,-0.01,0.014142135623730952,3536,35.36,4.5165,-17.3511,3.0300
1040.862966,1788180636.732472,1149846,192,1,1,60772162,801907606,32500,3025,6.077216200,80.190760600,32.500,3.025,-1,-1,1,-0.01,-0.01,0.01,-0.01,0.014142135623730952,3536,35.36,4.5054,-17.3622,3.0200
1041.410027,1788180637.279533,1150344,221,1,1,60772162,801907604,32510,3033,6.077216200,80.190760400,32.510,3.033,0,-2,0,0.0,-0.02,0.0,-0.0,0.02,3537,35.37,4.4833,-17.3622,3.0300
1041.875884,1788180637.745390,1150846,250,1,1,60772163,801907602,32500,3022,6.077216300,80.190760200,32.500,3.0220000000000002,0,-2,0,0.0,-0.02,0.0,-0.0,0.02,3535,35.35,4.4612,-17.3511,3.0200
1042.409607,1788180638.279113,1151344,22,1,1,60772163,801907600,32490,3012,6.077216300,80.190760000,32.490,3.012,0,-2,1,0.0,-0.02,0.01,-0.01,0.02,3535,35.35,4.4390,-17.3511,3.0100
1042.912094,1788180638.781600,1151846,51,1,1,60772163,801907598,32530,3055,6.077216300,80.190759800,32.530,3.055,1,-2,0,0.01,-0.02,0.0,-0.0,0.022360679774997897,3538,35.38,4.4169,-17.3511,3.0500
1043.487937,1788180639.357443,1152344,79,1,1,60772165,801907596,32570,3098,6.077216500,80.190759600,32.570,3.098,2,-2,-2,0.02,-0.02,-0.02,0.02,0.028284271247461905,3537,35.37,4.3947,-17.3290,3.0900
1043.922725,1788180639.792231,1152846,108,1,1,60772166,801907593,32660,3183,6.077216600,80.190759300,32.660,3.1830000000000003,2,-2,-4,0.02,-0.02,-0.04,0.04,0.028284271247461905,3537,35.37,4.3615,-17.3180,3.1800
1044.403129,1788180640.272635,1153344,136,1,1,60772167,801907590,32630,3152,6.077216700,80.190759000,32.630,3.152,2,-2,-7,0.02,-0.02,-0.07,0.07,0.028284271247461905,3538,35.38,4.3283,-17.3069,3.1500
1044.854373,1788180640.723879,1153846,165,1,1,60772167,801907587,32670,3192,6.077216700,80.190758700,32.670,3.192,2,-2,-7,0.02,-0.02,-0.07,0.07,0.028284271247461905,3536,35.36,4.2951,-17.3069,3.1900
1045.403207,1788180641.272713,1154344,193,1,1,60772166,801907584,32680,3203,6.077216600,80.190758400,32.680,3.203,2,-2,-6,0.02,-0.02,-0.06,0.06,0.028284271247461905,3535,35.35,4.2619,-17.3180,3.2000
1045.867063,1788180641.736569,1154846,222,1,1,60772166,801907581,32690,3211,6.077216600,80.190758100,32.690,3.211,1,-3,-6,0.01,-0.03,-0.06,0.06,0.0316227766016838,3537,35.37,4.2287,-17.3180,3.2100
1046.444515,1788180642.314021,1155344,250,1,1,60772165,801907577,32690,3218,6.077216500,80.190757700,32.690,3.218,0,-4,-5,0.0,-0.04,-0.05,0.05,0.04,3537,35.37,4.1844,-17.3290,3.2100
1046.848852,1788180642.718358,1155846,23,1,1,60772163,801907573,32700,3226,6.077216300,80.190757300,32.700,3.226,0,-4,-4,0.0,-0.04,-0.04,0.04,0.04,3536,35.36,4.1401,-17.3511,3.2200
1047.410872,1788180643.280378,1156344,51,1,1,60772160,801907569,32700,3229,6.077216000,80.190756900,32.700,3.229,-1,-4,-4,-0.01,-0.04,-0.04,0.04,0.04123105625617661,3538,35.38,4.0958,-17.3843,3.2200
1047.870665,1788180643.740171,1156846,80,1,1,60772157,801907565,32700,3221,6.077215700,80.190756500,32.700,3.221,-2,-5,-3,-0.02,-0.05,-0.03,0.03,0.053851648071345036,3536,35.36,4.0516,-17.4175,3.2200
1048.392178,1788180644.261684,1157344,108,1,1,60772155,801907561,32680,3205,6.077215500,80.190756100,32.680,3.205,-2,-5,-2,-0.02,-0.05,-0.02,0.02,0.053851648071345036,3535,35.35,4.0073,-17.4396,3.2000
1048.906570,1788180644.776076,1157846,137,1,1,60772154,801907558,32670,3193,6.077215400,80.190755800,32.670,3.193,-2,-5,-2,-0.02,-0.05,-0.02,0.02,0.053851648071345036,3536,35.36,3.9741,-17.4507,3.1900
1049.468811,1788180645.338317,1158344,165,1,1,60772153,801907555,32660,3184,6.077215300,80.190755500,32.660,3.184,-2,-4,-1,-0.02,-0.04,-0.01,0.01,0.044721359549995794,3536,35.36,3.9409,-17.4617,3.1800
1049.841836,1788180645.711342,1158846,194,1,1,60772152,801907551,32650,3173,6.077215200,80.190755100,32.650,3.173,-1,-4,-1,-0.01,-0.04,-0.01,0.01,0.04123105625617661,3536,35.36,3.8966,-17.4728,3.1700
1050.401629,1788180646.271135,1159344,222,1,1,60772151,801907548,32650,3172,6.077215100,80.190754800,32.650,3.172,-1,-4,-1,-0.01,-0.04,-0.01,0.01,0.04123105625617661,3537,35.37,3.8634,-17.4839,3.1700
1050.935543,1788180646.805049,1159846,251,1,1,60772149,801907545,32640,3164,6.077214900,80.190754500,32.640,3.164,-1,-3,0,-0.01,-0.03,0.0,-0.0,0.0316227766016838,3536,35.36,3.8302,-17.5060,3.1600
1051.445365,1788180647.314871,1160344,24,1,1,60772147,801907542,32630,3159,6.077214700,80.190754200,32.630,3.1590000000000003,-1,-3,0,-0.01,-0.03,0.0,-0.0,0.0316227766016838,3535,35.35,3.7970,-17.5281,3.1500
1051.899655,1788180647.769161,1160846,53,1,1,60772145,801907540,32630,3152,6.077214500,80.190754000,32.630,3.152,-1,-2,0,-0.01,-0.02,0.0,-0.0,0.022360679774997897,3536,35.36,3.7748,-17.5502,3.1500
1052.417227,1788180648.286733,1161344,81,1,1,60772143,801907538,32610,3134,6.077214300,80.190753800,32.610,3.134,-1,-1,0,-0.01,-0.01,0.0,-0.0,0.014142135623730952,3536,35.36,3.7527,-17.5723,3.1300
1052.882457,1788180648.751963,1161846,110,1,1,60772142,801907537,32610,3130,6.077214200,80.190753700,32.610,3.13,-1,0,0,-0.01,0.0,0.0,-0.0,0.01,3535,35.35,3.7416,-17.5834,3.1300
1053.334833,1788180649.204339,1162344,138,1,1,60772140,801907535,32600,3126,6.077214000,80.190753500,32.600,3.126,-1,0,0,-0.01,0.0,0.0,-0.0,0.01,3537,35.37,3.7195,-17.6055,3.1200
1053.912775,1788180649.782281,1162846,167,1,1,60772139,801907534,32600,3126,6.077213900,80.190753400,32.600,3.126,-2,0,0,-0.02,0.0,0.0,-0.0,0.02,3536,35.36,3.7084,-17.6166,3.1200
1054.380842,1788180650.250348,1163344,195,1,1,60772136,801907532,32610,3133,6.077213600,80.190753200,32.610,3.133,-2,0,0,-0.02,0.0,0.0,-0.0,0.02,3535,35.35,3.6863,-17.6497,3.1300
1054.880233,1788180650.749739,1163846,224,1,1,60772133,801907529,32620,3145,6.077213300,80.190752900,32.620,3.145,-3,0,0,-0.03,0.0,0.0,-0.0,0.03,3535,35.35,3.6531,-17.6829,3.1400
1055.409771,1788180651.279277,1164344,252,1,1,60772131,801907526,32640,3165,6.077213100,80.190752600,32.640,3.165,-2,0,0,-0.02,0.0,0.0,-0.0,0.02,3534,35.34,3.6198,-17.7050,3.1600
1055.880068,1788180651.749574,1164846,25,1,1,60772130,801907523,32650,3174,6.077213000,80.190752300,32.650,3.174,-2,-1,0,-0.02,-0.01,0.0,-0.0,0.022360679774997897,3534,35.34,3.5866,-17.7161,3.1700
1056.377083,1788180652.246589,1165344,53,1,1,60772129,801907519,32650,3171,6.077212900,80.190751900,32.650,3.1710000000000003,-2,-2,0,-0.02,-0.02,0.0,-0.0,0.028284271247461905,3537,35.37,3.5424,-17.7271,3.1700
1056.908945,1788180652.778451,1165846,82,1,1,60772128,801907516,32640,3169,6.077212800,80.190751600,32.640,3.169,-2,-2,0,-0.02,-0.02,0.0,-0.0,0.028284271247461905,3536,35.36,3.5091,-17.7382,3.1600
1057.374742,1788180653.244248,1166344,110,1,1,60772127,801907513,32640,3163,6.077212700,80.190751300,32.640,3.1630000000000003,-2,-2,0,-0.02,-0.02,0.0,-0.0,0.028284271247461905,3535,35.35,3.4759,-17.7493,3.1600
1057.872730,1788180653.742236,1166846,139,1,1,60772126,801907510,32630,3157,6.077212600,80.190751000,32.630,3.157,-1,-2,0,-0.01,-0.02,0.0,-0.0,0.022360679774997897,3536,35.36,3.4427,-17.7603,3.1500
1058.405337,1788180654.274843,1167344,167,1,1,60772125,801907507,32630,3151,6.077212500,80.190750700,32.630,3.1510000000000002,-1,-2,0,-0.01,-0.02,0.0,-0.0,0.022360679774997897,3535,35.35,3.4095,-17.7714,3.1500
1058.860436,1788180654.729942,1167846,196,1,1,60772124,801907503,32630,3153,6.077212400,80.190750300,32.630,3.153,-1,-3,0,-0.01,-0.03,0.0,-0.0,0.0316227766016838,3534,35.34,3.3652,-17.7824,3.1500
1059.380455,1788180655.249961,1168344,224,1,1,60772122,801907499,32640,3161,6.077212200,80.190749900,32.640,3.161,-1,-4,0,-0.01,-0.04,0.0,-0.0,0.04123105625617661,3536,35.36,3.3210,-17.8046,3.1600
1059.894180,1788180655.763686,1168846,253,1,1,60772120,801907496,32640,3160,6.077212000,80.190749600,32.640,3.16,-1,-4,0,-0.01,-0.04,0.0,-0.0,0.04123105625617661,3536,35.36,3.2877,-17.8267,3.1600
1060.364280,1788180656.233786,1169344,25,1,1,60772119,801907491,32630,3151,6.077211900,80.190749100,32.630,3.1510000000000002,-1,-5,0,-0.01,-0.05,0.0,-0.0,0.05099019513592785,3536,35.36,3.2324,-17.8377,3.1500
1060.863729,1788180656.733235,1169844,54,1,1,60772118,801907487,32620,3140,6.077211800,80.190748700,32.620,3.14,-1,-5,0,-0.01,-0.05,0.0,-0.0,0.05099019513592785,3537,35.37,3.1881,-17.8488,3.1400
1061.443439,1788180657.312945,1170344,83,1,1,60772117,801907482,32600,3128,6.077211700,80.190748200,32.600,3.128,-1,-6,0,-0.01,-0.06,0.0,-0.0,0.0608276253029822,3536,35.36,3.1328,-17.8598,3.1200
1061.914900,1788180657.784406,1170844,112,1,1,60772118,801907478,32600,3120,6.077211800,80.190747800,32.600,3.12,2,-6,0,0.02,-0.06,0.0,-0.0,0.0632455532033676,3541,35.410000000000004,3.0885,-17.8488,3.1200
1062.431847,1788180658.301353,1171344,140,1,1,60772118,801907476,32610,3137,6.077211800,80.190747600,32.610,3.137,1,-5,0,0.01,-0.05,0.0,-0.0,0.05099019513592785,3535,35.35,3.0664,-17.8488,3.1300
1062.840006,1788180658.709512,1171846,169,1,1,60772117,801907475,32620,3145,6.077211700,80.190747500,32.620,3.145,0,-5,0,0.0,-0.05,0.0,-0.0,0.05,3538,35.38,3.0553,-17.8598,3.1400
1063.356563,1788180659.226069,1172344,197,1,1,60772117,801907476,32620,3143,6.077211700,80.190747600,32.620,3.1430000000000002,1,-3,0,0.01,-0.03,0.0,-0.0,0.0316227766016838,3545,35.45,3.0664,-17.8598,3.1400
1063.857344,1788180659.726850,1172846,226,1,1,60772115,801907479,32600,3126,6.077211500,80.190747900,32.600,3.126,1,0,0,0.01,0.0,0.0,-0.0,0.01,3525,35.25,3.0996,-17.8820,3.1200
1064.433992,1788180660.303498,1173344,254,1,1,60772116,801907483,32680,3202,6.077211600,80.190748300,32.680,3.202,11,-6,-45,0.11,-0.06,-0.45,0.45,0.12529964086141668,3087,30.87,3.1438,-17.8709,3.2000
1064.899410,1788180660.768916,1173844,27,1,1,60772120,801907476,33060,3584,6.077212000,80.190747600,33.060,3.584,19,-39,-102,0.19,-0.39,-1.02,1.02,0.4338202392696773,1529,15.290000000000001,3.0664,-17.8267,3.5800
1065.476178,1788180661.345684,1174344,55,1,1,60772125,801907454,33440,3960,6.077212500,80.190745400,33.440,3.96,31,-51,-20,0.31,-0.51,-0.2,0.2,0.596824932455071,35784,357.84000000000003,2.8228,-17.7714,3.9600
1065.926439,1788180661.795945,1174846,84,1,1,60772136,801907439,33500,4021,6.077213600,80.190743900,33.500,4.021,20,-21,-16,0.2,-0.21,-0.16,0.16,0.29,30958,309.58,2.6568,-17.6497,4.0200
1066.393975,1788180662.263481,1175344,112,1,1,60772151,801907437,33480,4006,6.077215100,80.190743700,33.480,4.006,49,1,4,0.49,0.01,0.04,-0.04,0.49010203019371384,28003,280.03000000000003,2.6346,-17.4839,4.0000
1066.847546,1788180662.717052,1175844,144,1,1,60772187,801907439,33490,4010,6.077218700,80.190743900,33.490,4.01,88,13,2,0.88,0.13,0.02,-0.02,0.8895504482602435,28143,281.43,2.6568,-17.0857,4.0100
1067.392670,1788180663.262176,1176344,173,1,1,60772228,801907438,33520,4048,6.077222800,80.190743800,33.520,4.048,90,2,-2,0.9,0.02,-0.02,0.02,0.900222194794152,27283,272.83,2.6457,-16.6323,4.0400
1067.844871,1788180663.714377,1176846,202,1,1,60772274,801907435,33530,4051,6.077227400,80.190743500,33.530,4.051,100,11,-10,1.0,0.11,-0.1,0.1,1.0060318086422517,28031,280.31,2.6125,-16.1236,4.0500
1068.421866,1788180664.291372,1177344,230,1,1,60772318,801907443,33520,4040,6.077231800,80.190744300,33.520,4.04,94,34,0,0.9400000000000001,0.34,0.0,-0.0,0.9995999199679839,27986,279.86,2.7010,-15.6370,4.0400
1068.873203,1788180664.742709,1177844,4,1,1,60772366,801907448,33480,4004,6.077236600,80.190744800,33.480,4.0040000000000004,115,18,-12,1.1500000000000001,0.18,-0.12,0.12,1.1640017182117903,28239,282.39,2.7564,-15.1062,4.0000
1069.326839,1788180665.196345,1178344,32,1,1,60772412,801907450,33490,4013,6.077241200,80.190745000,33.490,4.013,92,18,3,0.92,0.18,0.03,-0.03,0.9374433316206373,29246,292.46,2.7785,-14.5975,4.0100
1069.950436,1788180665.819942,1178846,61,1,1,60772451,801907452,33470,3999,6.077245100,80.190745200,33.470,3.999,98,15,0,0.98,0.15,0.0,-0.0,0.9914131328563285,29229,292.29,2.8007,-14.1662,3.9900
1070.449646,1788180666.319152,1179344,89,1,1,60772494,801907453,33480,4003,6.077249400,80.190745300,33.480,4.003,87,17,0,0.87,0.17,0.0,-0.0,0.8864536084872124,30001,300.01,2.8117,-13.6907,4.0000
1070.871868,1788180666.741374,1179846,118,1,1,60772528,801907456,33460,3987,6.077252800,80.190745600,33.460,3.987,72,16,2,0.72,0.16,0.02,-0.02,0.737563556583431,29698,296.98,2.8450,-13.3147,3.9800
1071.358639,1788180667.228145,1180344,147,1,1,60772565,801907451,33440,3960,6.077256500,80.190745100,33.440,3.96,86,-6,-6,0.86,-0.06,-0.06,0.06,0.8620904824900923,29730,297.3,2.7896,-12.9055,3.9600
1071.873568,1788180667.743074,1180846,176,1,1,60772603,801907449,33430,3952,6.077260300,80.190744900,33.430,3.952,75,4,-3,0.75,0.04,-0.03,0.03,0.7510659092250159,29159,291.59000000000003,2.7675,-12.4853,3.9500
1072.372751,1788180668.242257,1181344,204,1,1,60772638,801907447,33430,3955,6.077263800,80.190744700,33.430,3.955,90,-7,1,0.9,-0.07,0.01,-0.01,0.9027181176868004,28588,285.88,2.7453,-12.0983,3.9500
1072.905250,1788180668.774756,1181846,233,1,1,60772679,801907442,33440,3964,6.077267900,80.190744200,33.440,3.964,84,0,1,0.84,0.0,0.01,-0.01,0.84,29019,290.19,2.6900,-11.6448,3.9600
1073.357703,1788180669.227209,1182344,5,1,1,60772713,801907445,33420,3944,6.077271300,80.190744500,33.420,3.944,80,6,3,0.8,0.06,0.03,-0.03,0.8022468448052632,28386,283.86,2.7232,-11.2688,3.9400
1073.868230,1788180669.737736,1182846,34,1,1,60772753,801907444,33390,3919,6.077275300,80.190744400,33.390,3.919,94,-9,-8,0.9400000000000001,-0.09,-0.08,0.08,0.9442986815621421,28911,289.11,2.7121,-10.8265,3.9100
1074.397868,1788180670.267374,1183343,62,1,1,60772789,801907443,33400,3925,6.077278900,80.190744300,33.400,3.9250000000000003,70,0,0,0.7000000000000001,0.0,0.0,-0.0,0.7000000000000001,28927,289.27,2.7010,-10.4284,3.9200
1074.896121,1788180670.765627,1183846,91,1,1,60772820,801907441,33360,3889,6.077282000,80.190744100,33.360,3.8890000000000002,83,-13,2,0.8300000000000001,-0.13,0.02,-0.02,0.840119039184329,28139,281.39,2.6789,-10.0856,3.8800
1075.429897,1788180671.299403,1184344,119,1,1,60772858,801907438,33370,3895,6.077285800,80.190743800,33.370,3.895,91,-5,3,0.91,-0.05,0.03,-0.03,0.9113725912051558,28019,280.19,2.6457,-9.6653,3.8900
1075.907851,1788180671.777357,1184846,148,1,1,60772897,801907443,33350,3876,6.077289700,80.190744300,33.350,3.876,87,6,11,0.87,0.06,0.11,-0.11,0.872066511224918,27975,279.75,2.7010,-9.2340,3.8700
1076.350522,1788180672.220028,1185343,176,1,1,60772938,801907445,33350,3873,6.077293800,80.190744500,33.350,3.873,90,-2,-9,0.9,-0.02,-0.09,0.09,0.900222194794152,28440,284.40000000000003,2.7232,-8.7806,3.8700
1076.927190,1788180672.796696,1185846,205,1,1,60772975,801907450,33360,3881,6.077297500,80.190745000,33.360,3.8810000000000002,78,15,0,0.78,0.15,0.0,-0.0,0.7942921376924236,28451,284.51,2.7785,-8.3715,3.8800
1077.398048,1788180673.267554,1186344,233,1,1,60773013,801907458,33340,3864,6.077301300,80.190745800,33.340,3.864,97,9,4,0.97,0.09,0.04,-0.04,0.9741663102366043,28675,286.75,2.8671,-7.9512,3.8600
1077.850237,1788180673.719743,1186846,6,1,1,60773057,801907467,33370,3893,6.077305700,80.190746700,33.370,3.8930000000000002,84,18,-1,0.84,0.18,-0.01,0.01,0.8590692637965812,29699,296.99,2.9667,-7.4646,3.8900
1078.473119,1788180674.342625,1187344,34,1,1,60773092,801907476,33370,3892,6.077309200,80.190747600,33.370,3.892,76,5,8,0.76,0.05,0.08,-0.08,0.7616429609731846,28961,289.61,3.0664,-7.0776,3.8900
1078.834035,1788180674.703541,1187843,63,1,1,60773133,801907480,33390,3917,6.077313300,80.190748000,33.390,3.9170000000000003,83,2,-7,0.8300000000000001,0.02,-0.07,0.07,0.8302409288875127,29229,292.29,3.1106,-6.6242,3.9100
1079.394604,1788180675.264110,1188344,91,1,1,60773172,801907488,33400,3921,6.077317200,80.190748800,33.400,3.9210000000000003,73,11,-2,0.73,0.11,-0.02,0.02,0.73824115301167,29250,292.5,3.1992,-6.1929,3.9200
1079.926944,1788180675.796450,1188846,120,1,1,60773210,801907493,33370,3897,6.077321000,80.190749300,33.370,3.8970000000000002,81,-8,-1,0.81,-0.08,-0.01,0.01,0.8139410298049853,29621,296.21,3.2545,-5.7727,3.8900
1080.392582,1788180676.262088,1189343,148,1,1,60773247,801907496,33390,3913,6.077324700,80.190749600,33.390,3.9130000000000003,71,0,5,0.71,0.0,0.05,-0.05,0.71,30123,301.23,3.2877,-5.3635,3.9100
1080.831044,1788180676.700550,1189846,177,1,1,60773279,801907503,33400,3927,6.077327900,80.190750300,33.400,3.927,66,-2,0,0.66,-0.02,0.0,-0.0,0.6603029607687672,29446,294.46,3.3652,-5.0096,3.9200
1081.422475,1788180677.291981,1190344,206,1,1,60773314,801907507,33400,3924,6.077331400,80.190750700,33.400,3.924,71,3,-3,0.71,0.03,-0.03,0.03,0.7106335201775947,29306,293.06,3.4095,-4.6225,3.9200
1081.875507,1788180677.745013,1190846,235,1,1,60773347,801907513,33390,3912,6.077334700,80.190751300,33.390,3.912,63,13,0,0.63,0.13,0.0,-0.0,0.6432728814430156,29029,290.29,3.4759,-4.2576,3.9100
1082.389844,1788180678.259350,1191343,7,1,1,60773378,801907514,33350,3875,6.077337800,80.190751400,33.350,3.875,76,-7,8,0.76,-0.07,0.08,-0.08,0.7632168761236874,29000,290.0,3.4870,-3.9148,3.8700
1082.920145,1788180678.789651,1191846,36,1,1,60773414,801907510,33350,3873,6.077341400,80.190751000,33.350,3.873,74,0,3,0.74,0.0,0.03,-0.03,0.74,29402,294.02,3.4427,-3.5167,3.8700
1083.374079,1788180679.243585,1192344,64,1,1,60773446,801907511,33340,3867,6.077344600,80.190751100,33.340,3.867,68,0,0,0.68,0.0,0.0,-0.0,0.68,28806,288.06,3.4538,-3.1628,3.8600
1083.871976,1788180679.741482,1192846,93,1,1,60773482,801907507,33350,3876,6.077348200,80.190750700,33.350,3.876,82,-6,-4,0.8200000000000001,-0.06,-0.04,0.04,0.8221921916437787,29147,291.47,3.4095,-2.7647,3.8700
1084.447025,1788180680.316531,1193344,121,1,1,60773511,801907507,33370,3892,6.077351100,80.190750700,33.370,3.892,48,2,0,0.48,0.02,0.0,-0.0,0.48041648597857256,29384,293.84000000000003,3.4095,-2.4440,3.8900
1084.919033,1788180680.788539,1193846,150,1,1,60773527,801907505,33370,3899,6.077352700,80.190750500,33.370,3.899,31,-11,-1,0.31,-0.11,-0.01,0.01,0.3289376840679705,28698,286.98,3.3874,-2.2670,3.8900
1085.372735,1788180681.242241,1194343,178,1,1,60773542,801907497,33340,3869,6.077354200,80.190749700,33.340,3.869,42,-16,6,0.42,-0.16,0.06,-0.06,0.44944410108488464,28499,284.99,3.2988,-2.1012,3.8600
1085.823043,1788180681.692549,1194846,207,1,1,60773564,801907491,33340,3860,6.077356400,80.190749100,33.340,3.86,63,-9,2,0.63,-0.09,0.02,-0.02,0.6363961030678928,29066,290.66,3.2324,-1.8579,3.8600
1086.369794,1788180682.239300,1195344,235,1,1,60773601,801907489,33380,3902,6.077360100,80.190748900,33.380,3.902,89,-3,-9,0.89,-0.03,-0.09,0.09,0.8905054744357274,29898,298.98,3.2103,-1.4487,3.9000
1086.872006,1788180682.741512,1195846,8,1,1,60773640,801907491,33400,3925,6.077364000,80.190749100,33.400,3.9250000000000003,83,9,-1,0.8300000000000001,0.09,-0.01,0.01,0.8348652585896721,31408,314.08,3.2324,-1.0174,3.9200
1087.445048,1788180683.314554,1196344,36,1,1,60773675,801907501,33370,3894,6.077367500,80.190750100,33.370,3.894,75,18,4,0.75,0.18,0.04,-0.04,0.7712976079309465,32892,328.92,3.3431,-0.6303,3.8900
1087.913405,1788180683.782911,1196846,65,1,1,60773708,801907510,33380,3904,6.077370800,80.190751000,33.380,3.904,70,3,-1,0.7000000000000001,0.03,-0.01,0.01,0.7006425622241343,33373,333.73,3.4427,-0.2654,3.9000
1088.366263,1788180684.235769,1197344,93,1,1,60773738,801907522,33410,3938,6.077373800,80.190752200,33.410,3.938,64,32,4,0.64,0.32,0.04,-0.04,0.7155417527999327,35806,358.06,3.5756,0.0664,3.9300
1088.944340,1788180684.813846,1197843,122,1,1,60773769,801907541,33400,3921,6.077376900,80.190754100,33.400,3.9210000000000003,48,29,2,0.48,0.29,0.02,-0.02,0.5608029957123981,1796,17.96,3.7859,0.4092,3.9200
1089.366468,1788180685.235974,1198343,150,1,1,60773782,801907553,33330,3855,6.077378200,80.190755300,33.330,3.855,-5,-3,6,-0.05,-0.03,0.06,-0.06,0.05830951894845301,5985,59.85,3.9187,0.5529,3.8500
1089.989039,1788180685.858545,1198843,179,1,1,60773784,801907551,33310,3830,6.077378400,80.190755100,33.310,3.83,0,-32,8,0.0,-0.32,0.08,-0.08,0.32,9809,98.09,3.8966,0.5751,3.8300
1090.394288,1788180686.263794,1199344,207,1,1,60773791,801907545,33250,3778,6.077379100,80.190754500,33.250,3.778,26,-22,7,0.26,-0.22,0.07,-0.07,0.34058772731852804,13006,130.06,3.8302,0.6525,3.7700
1090.847635,1788180686.717141,1199844,236,1,1,60773810,801907542,33210,3737,6.077381000,80.190754200,33.210,3.737,47,-20,14,0.47000000000000003,-0.2,0.14,-0.14,0.5107837115648853,15100,151.0,3.7970,0.8626,3.7300
1091.348273,1788180687.217779,1200344,9,1,1,60773821,801907547,33170,3694,6.077382100,80.190754700,33.170,3.694,9,0,15,0.09,0.0,0.15,-0.15,0.09,16452,164.52,3.8523,0.9842,3.6900
1091.847284,1788180687.716790,1200843,38,1,1,60773807,801907550,33040,3565,6.077380700,80.190755000,33.040,3.565,-40,0,57,-0.4,0.0,0.5700000000000001,-0.5700000000000001,0.4,17234,172.34,3.8855,0.8294,3.5600
1092.346067,1788180688.215573,1201343,66,1,1,60773784,801907553,32720,3247,6.077378400,80.190755300,32.720,3.247,-23,3,43,-0.23,0.03,0.43,-0.43,0.23194827009486405,17214,172.14000000000001,3.9187,0.5751,3.2400
1092.922746,1788180688.792252,1201846,95,1,1,60773775,801907558,32810,3332,6.077377500,80.190755800,32.810,3.332,4,0,4,0.04,0.0,0.04,-0.04,0.04,17610,176.1,3.9741,0.4755,3.3300
1093.375601,1788180689.245107,1202344,123,1,1,60773774,801907562,33220,3749,6.077377400,80.190756200,33.220,3.749,5,1,-19,0.05,0.01,-0.19,0.19,0.05099019513592785,17826,178.26,4.0184,0.4645,3.7400
1093.843809,1788180689.713315,1202844,152,1,1,60773775,801907562,33640,4164,6.077377500,80.190756200,33.640,4.164,12,1,-32,0.12,0.01,-0.32,0.32,0.12041594578792296,17764,177.64000000000001,4.0184,0.4755,4.1600
1094.420319,1788180690.289825,1203344,180,1,1,60773777,801907563,33330,3851,6.077377700,80.190756300,33.330,3.851,11,0,-34,0.11,0.0,-0.34,0.34,0.11,17785,177.85,4.0294,0.4976,3.8500
1094.887378,1788180690.756884,1203844,209,1,1,60773778,801907564,33470,3992,6.077377800,80.190756400,33.470,3.992,11,2,-34,0.11,0.02,-0.34,0.34,0.1118033988749895,17794,177.94,4.0405,0.5087,3.9900
1095.339720,1788180691.209226,1204344,237,1,1,60773776,801907563,33580,4109,6.077377600,80.190756300,33.580,4.109,8,0,-33,0.08,0.0,-0.33,0.33,0.08,17796,177.96,4.0294,0.4866,4.1000
1095.916943,1788180691.786449,1204844,10,1,1,60773771,801907563,33690,4212,6.077377100,80.190756300,33.690,4.212,4,0,-32,0.04,0.0,-0.32,0.32,0.04,17803,178.03,4.0294,0.4313,4.2100
1096.371392,1788180692.240898,1205344,38,1,1,60773771,801907563,33740,4266,6.077377100,80.190756300,33.740,4.266,4,0,-29,0.04,0.0,-0.29,0.29,0.04,17807,178.07,4.0294,0.4313,4.2600
1096.886354,1788180692.755860,1205844,67,1,1,60773771,801907561,33780,4303,6.077377100,80.190756100,33.780,4.303,3,-1,-26,0.03,-0.01,-0.26,0.26,0.0316227766016838,17809,178.09,4.0073,0.4313,4.3000
1097.372091,1788180693.241597,1206344,95,1,1,60773771,801907560,33790,4311,6.077377100,80.190756000,33.790,4.311,3,-1,-23,0.03,-0.01,-0.23,0.23,0.0316227766016838,17811,178.11,3.9962,0.4313,4.3100
1097.871603,1788180693.741109,1206846,124,1,1,60773770,801907560,33780,4302,6.077377000,80.190756000,33.780,4.3020000000000005,1,-1,-20,0.01,-0.01,-0.2,0.2,0.014142135623730952,17818,178.18,3.9962,0.4202,4.3000
1098.371202,1788180694.240708,1207344,152,1,1,60773768,801907560,33740,4264,6.077376800,80.190756000,33.740,4.264,0,0,-17,0.0,0.0,-0.17,0.17,0.0,17822,178.22,3.9962,0.3981,4.2600
1098.899544,1788180694.769050,1207844,181,1,1,60773767,801907560,33690,4219,6.077376700,80.190756000,33.690,4.219,-1,0,-14,-0.01,0.0,-0.14,0.14,0.01,17823,178.23,3.9962,0.3871,4.2100
1099.415334,1788180695.284840,1208344,209,1,1,60773765,801907560,33640,4166,6.077376500,80.190756000,33.640,4.166,-2,0,-11,-0.02,0.0,-0.11,0.11,0.02,17831,178.31,3.9962,0.3649,4.1600
1099.930735,1788180695.800241,1208844,239,1,1,60773765,801907560,33590,4111,6.077376500,80.190756000,33.590,4.111,-2,0,-8,-0.02,0.0,-0.08,0.08,0.02,17833,178.33,3.9962,0.3649,4.1100
1100.350192,1788180696.219698,1209344,11,1,1,60773765,801907560,33540,4065,6.077376500,80.190756000,33.540,4.065,-1,0,-6,-0.01,0.0,-0.06,0.06,0.01,17835,178.35,3.9962,0.3649,4.0600
1100.865923,1788180696.735429,1209846,40,1,1,60773766,801907561,33490,4014,6.077376600,80.190756100,33.490,4.014,0,0,-4,0.0,0.0,-0.04,0.04,0.0,17841,178.41,4.0073,0.3760,4.0100
1101.364630,1788180697.234136,1210344,69,1,1,60773766,801907563,33460,3984,6.077376600,80.190756300,33.460,3.984,0,0,-3,0.0,0.0,-0.03,0.03,0.0,17844,178.44,4.0294,0.3760,3.9800
1101.942631,1788180697.812137,1210846,98,1,1,60773768,801907566,33430,3956,6.077376800,80.190756600,33.430,3.956,0,1,-2,0.0,0.01,-0.02,0.02,0.01,17845,178.45000000000002,4.0626,0.3981,3.9500
1102.409685,1788180698.279191,1211344,126,1,1,60773769,801907568,33410,3932,6.077376900,80.190756800,33.410,3.932,0,2,-2,0.0,0.02,-0.02,0.02,0.02,17853,178.53,4.0848,0.4092,3.9300
1102.846711,1788180698.716217,1211844,155,1,1,60773771,801907570,33390,3915,6.077377100,80.190757000,33.390,3.915,0,2,-1,0.0,0.02,-0.01,0.01,0.02,17856,178.56,4.1069,0.4313,3.9100
1103.394809,1788180699.264315,1212344,183,1,1,60773774,801907575,33370,3894,6.077377400,80.190757500,33.370,3.894,1,3,-1,0.01,0.03,-0.01,0.01,0.0316227766016838,17857,178.57,4.1623,0.4645,3.8900
1103.894294,1788180699.763800,1212846,212,1,1,60773778,801907579,33340,3865,6.077377800,80.190757900,33.340,3.865,2,4,0,0.02,0.04,0.0,-0.0,0.044721359549995794,17863,178.63,4.2065,0.5087,3.8600
1104.344980,1788180700.214486,1213344,240,1,1,60773783,801907585,33300,3823,6.077378300,80.190758500,33.300,3.823,3,5,0,0.03,0.05,0.0,-0.0,0.05830951894845301,17867,178.67000000000002,4.2730,0.5640,3.8200
1104.938101,1788180700.807607,1213844,16,1,1,60773787,801907590,33260,3781,6.077378700,80.190759000,33.260,3.781,3,6,1,0.03,0.06,0.01,-0.01,0.0670820393249937,17866,178.66,4.3283,0.6082,3.7800
1105.419830,1788180701.289336,1214343,45,1,1,60773791,801907593,32740,3267,6.077379100,80.190759300,32.740,3.267,4,5,1,0.04,0.05,0.01,-0.01,0.06403124237432849,17875,178.75,4.3615,0.6525,3.2600
1105.935195,1788180701.804701,1214846,74,1,1,60773796,801907595,32730,3254,6.077379600,80.190759500,32.730,3.254,4,4,1,0.04,0.04,0.01,-0.01,0.05656854249492381,17874,178.74,4.3837,0.7078,3.2500
1106.389223,1788180702.258729,1215344,102,1,1,60773799,801907596,32750,3270,6.077379900,80.190759600,32.750,3.27,4,3,1,0.04,0.03,0.01,-0.01,0.05,17882,178.82,4.3947,0.7409,3.2700
