elapsed_s,log_timestamp_unix_s,source_time_usec,seq,sysid,compid,fix_type,satellites_visible,lat_raw_e7,lon_raw_e7,alt_raw_mm,lat_deg,lon_deg,alt_m_msl,eph_raw,epv_raw,eph_scaled_1e_2,epv_scaled_1e_2,vel_raw_cm_s,ground_speed_mps,cog_raw_cdeg,cog_deg,alt_ellipsoid_raw_mm,alt_ellipsoid_m,h_acc_raw_mm,h_acc_m,v_acc_raw_mm,v_acc_m,vel_acc_raw_mm_s,vel_acc_mps,hdg_acc_raw_1e5_deg,hdg_acc_deg,yaw_raw_cdeg,yaw_deg
0.155896,1788179596.025402,108670000,217,1,1,4,31,60773728,801907200,23530,6.0773728,80.19072,23.53,50,79,0.5,0.79,2,0.02,3496,34.96,-74534,-74.534,181,0.181,269,0.269,86,0.08600000000000001,0,0.0,0,
0.638526,1788179596.508032,109270000,245,1,1,4,31,60773727,801907201,23550,6.0773727,80.1907201,23.55,49,75,0.49,0.75,1,0.01,3496,34.96,-74514,-74.514,181,0.181,270,0.27,61,0.061,0,0.0,0,
1.310904,1788179597.180410,109670000,18,1,1,4,30,60773725,801907202,23550,6.0773725,80.1907202,23.55,50,76,0.5,0.76,3,0.03,3496,34.96,-74514,-74.514,182,0.182,271,0.271,97,0.097,0,0.0,0,
1.764034,1788179597.633540,110270000,48,1,1,4,30,60773722,801907203,23580,6.0773722,80.1907203,23.580000000000002,49,75,0.49,0.75,2,0.02,3496,34.96,-74484,-74.484,183,0.183,272,0.272,91,0.091,0,0.0,0,
2.697171,1788179598.566677,111270000,105,1,1,4,30,60773719,801907206,23660,6.0773719,80.19072059999999,23.66,49,75,0.49,0.75,0,0.0,3496,34.96,-74404,-74.404,184,0.184,274,0.274,102,0.10200000000000001,0,0.0,0,
3.226735,1788179599.096241,111670000,134,1,1,4,30,60773717,801907208,23700,6.0773717,80.1907208,23.7,49,75,0.49,0.75,2,0.02,3496,34.96,-74364,-74.364,184,0.184,276,0.276,62,0.062,0,0.0,0,
3.634969,1788179599.504475,112270000,162,1,1,4,30,60773713,801907210,23750,6.077371299999999,80.190721,23.75,49,75,0.49,0.75,1,0.01,3496,34.96,-74314,-74.31400000000001,185,0.185,277,0.277,96,0.096,0,0.0,0,
4.101526,1788179599.971032,112670000,191,1,1,4,30,60773711,801907211,23790,6.0773711,80.19072109999999,23.79,49,75,0.49,0.75,1,0.01,3496,34.96,-74274,-74.274,185,0.185,278,0.278,98,0.098,0,0.0,0,
4.724030,1788179600.593536,113270000,225,1,1,4,30,60773708,801907211,23840,6.0773708,80.19072109999999,23.84,49,75,0.49,0.75,4,0.04,3496,34.96,-74224,-74.224,186,0.186,278,0.278,68,0.068,0,0.0,0,
6.621535,1788179602.491041,115270000,39,1,1,4,30,60773697,801907211,24000,6.077369699999999,80.19072109999999,24.0,49,75,0.49,0.75,2,0.02,3496,34.96,-74064,-74.06400000000001,188,0.188,282,0.28200000000000003,87,0.08700000000000001,0,0.0,0,
8.679512,1788179604.549018,117270000,101,1,1,4,31,60773690,801907213,24160,6.077369,80.19072129999999,24.16,49,78,0.49,0.78,1,0.01,3496,34.96,-73904,-73.904,193,0.193,289,0.289,115,0.115,0,0.0,0,
10.751623,1788179606.621129,119270000,160,1,1,4,31,60773682,801907215,24310,6.0773681999999996,80.1907215,24.310000000000002,49,78,0.49,0.78,5,0.05,3496,34.96,-73754,-73.754,199,0.199,298,0.298,96,0.096,0,0.0,0,
12.610658,1788179608.480164,121270000,217,1,1,4,31,60773680,801907211,24300,6.077368,80.19072109999999,24.3,49,78,0.49,0.78,2,0.02,3496,34.96,-73764,-73.764,203,0.203,307,0.307,111,0.111,0,0.0,0,
14.652066,1788179610.521572,123270000,12,1,1,4,31,60773680,801907206,24310,6.077368,80.19072059999999,24.310000000000002,48,75,0.48,0.75,4,0.04,3496,34.96,-73754,-73.754,205,0.20500000000000002,308,0.308,101,0.101,0,0.0,0,
15.155027,1788179611.024533,123670000,41,1,1,4,31,60773677,801907206,24290,6.0773677,80.19072059999999,24.29,49,78,0.49,0.78,3,0.03,3496,34.96,-73774,-73.774,205,0.20500000000000002,308,0.308,117,0.117,0,0.0,0,
15.682078,1788179611.551584,124270000,66,1,1,4,31,60773675,801907205,24290,6.077367499999999,80.1907205,24.29,49,78,0.49,0.78,5,0.05,3496,34.96,-73774,-73.774,205,0.20500000000000002,308,0.308,104,0.10400000000000001,0,0.0,0,
16.151900,1788179612.021406,124670000,95,1,1,4,31,60773674,801907206,24310,6.0773674,80.19072059999999,24.310000000000002,49,78,0.49,0.78,1,0.01,3496,34.96,-73754,-73.754,205,0.20500000000000002,309,0.309,99,0.099,0,0.0,0,
16.635569,1788179612.505075,125270000,123,1,1,4,30,60773673,801907206,24330,6.0773673,80.19072059999999,24.330000000000002,49,78,0.49,0.78,1,0.01,3496,34.96,-73734,-73.734,205,0.20500000000000002,309,0.309,102,0.10200000000000001,0,0.0,0,
17.177934,1788179613.047440,125670000,152,1,1,4,31,60773673,801907206,24310,6.0773673,80.19072059999999,24.310000000000002,49,78,0.49,0.78,2,0.02,3496,34.96,-73754,-73.754,205,0.20500000000000002,309,0.309,94,0.094,0,0.0,0,
17.649225,1788179613.518731,126270000,180,1,1,4,31,60773671,801907206,24330,6.0773671,80.19072059999999,24.330000000000002,49,78,0.49,0.78,3,0.03,3496,34.96,-73734,-73.734,205,0.20500000000000002,309,0.309,55,0.055,0,0.0,0,
18.100077,1788179613.969583,126670000,209,1,1,4,31,60773670,801907207,24340,6.077367,80.1907207,24.34,49,78,0.49,0.78,4,0.04,3496,34.96,-73724,-73.724,205,0.20500000000000002,309,0.309,77,0.077,0,0.0,0,
18.679541,1788179614.549047,127270000,237,1,1,4,32,60773667,801907207,24340,6.0773667,80.1907207,24.34,49,78,0.49,0.78,1,0.01,3496,34.96,-73724,-73.724,204,0.20400000000000001,308,0.308,110,0.11,0,0.0,0,
19.164272,1788179615.033778,127670000,10,1,1,4,32,60773665,801907207,24320,6.0773665,80.1907207,24.32,48,75,0.48,0.75,4,0.04,3496,34.96,-73744,-73.744,203,0.203,307,0.307,78,0.078,0,0.0,0,
19.600498,1788179615.470004,128270000,38,1,1,4,32,60773662,801907207,24320,6.0773662,80.1907207,24.32,48,75,0.48,0.75,6,0.06,3496,34.96,-73744,-73.744,202,0.202,306,0.306,84,0.084,0,0.0,0,
20.131558,1788179616.001064,128670000,67,1,1,4,32,60773659,801907209,24300,6.077365899999999,80.1907209,24.3,48,75,0.48,0.75,13,0.13,8056,80.56,-73764,-73.764,202,0.202,306,0.306,67,0.067,0,0.0,0,
20.631013,1788179616.500519,129270000,95,1,1,4,32,60773658,801907211,24280,6.0773658,80.19072109999999,24.28,48,75,0.48,0.75,1,0.01,6961,69.61,-73784,-73.784,203,0.203,306,0.306,126,0.126,0,0.0,0,
21.208271,1788179617.077777,129670000,124,1,1,4,32,60773658,801907211,24270,6.0773658,80.19072109999999,24.27,48,75,0.48,0.75,13,0.13,3519,35.19,-73795,-73.795,203,0.203,308,0.308,109,0.109,0,0.0,0,
21.628824,1788179617.498330,130270000,153,1,1,4,32,60773659,801907210,24200,6.077365899999999,80.190721,24.2,48,75,0.48,0.75,2,0.02,3519,35.19,-73864,-73.864,204,0.20400000000000001,311,0.311,142,0.14200000000000002,0,0.0,0,
22.129220,1788179617.998726,130670000,182,1,1,4,31,60773657,801907212,24190,6.0773657,80.1907212,24.19,49,75,0.49,0.75,1,0.01,3519,35.19,-73875,-73.875,204,0.20400000000000001,312,0.312,139,0.139,0,0.0,0,
22.709749,1788179618.579255,131270000,210,1,1,4,31,60773655,801907213,24200,6.0773655,80.19072129999999,24.2,49,75,0.49,0.75,2,0.02,3519,35.19,-73864,-73.864,204,0.20400000000000001,313,0.313,85,0.085,0,0.0,0,
23.164864,1788179619.034370,131676000,239,1,1,4,31,60773654,801907215,24220,6.0773654,80.1907215,24.22,49,75,0.49,0.75,3,0.03,3519,35.19,-73844,-73.84400000000001,204,0.20400000000000001,314,0.314,104,0.10400000000000001,0,0.0,0,
23.632389,1788179619.501895,132276000,11,1,1,4,30,60773651,801907217,24260,6.0773651,80.1907217,24.26,49,75,0.49,0.75,4,0.04,3519,35.19,-73804,-73.804,204,0.20400000000000001,315,0.315,111,0.111,0,0.0,0,
24.116327,1788179619.985833,132676000,40,1,1,4,31,60773650,801907218,24290,6.0773649999999995,80.19072179999999,24.29,49,75,0.49,0.75,0,0.0,3519,35.19,-73774,-73.774,204,0.20400000000000001,315,0.315,119,0.11900000000000001,0,0.0,0,
24.661700,1788179620.531206,133276000,68,1,1,4,31,60773648,801907219,24280,6.0773648,80.1907219,24.28,49,75,0.49,0.75,1,0.01,3519,35.19,-73784,-73.784,204,0.20400000000000001,315,0.315,102,0.10200000000000001,0,0.0,0,
25.145907,1788179621.015413,133676000,97,1,1,4,31,60773649,801907219,24260,6.0773649,80.1907219,24.26,49,75,0.49,0.75,4,0.04,3519,35.19,-73804,-73.804,204,0.20400000000000001,317,0.317,144,0.14400000000000002,0,0.0,0,
25.690214,1788179621.559720,134276000,125,1,1,4,31,60773649,801907222,24210,6.0773649,80.1907222,24.21,49,75,0.49,0.75,6,0.06,2616,26.16,-73854,-73.854,205,0.20500000000000002,322,0.322,91,0.091,0,0.0,0,
26.190508,1788179622.060014,134676000,154,1,1,4,30,60773648,801907226,24130,6.0773648,80.1907226,24.13,50,75,0.5,0.75,3,0.03,4485,44.85,-73934,-73.934,205,0.20500000000000002,323,0.323,124,0.124,0,0.0,0,
26.610941,1788179622.480447,135276000,182,1,1,4,31,60773650,801907234,23910,6.0773649999999995,80.1907234,23.91,49,75,0.49,0.75,4,0.04,4485,44.85,-74154,-74.154,206,0.20600000000000002,326,0.326,94,0.094,0,0.0,0,
27.110305,1788179622.979811,135676000,211,1,1,4,31,60773653,801907242,23710,6.077365299999999,80.19072419999999,23.71,49,75,0.49,0.75,3,0.03,4485,44.85,-74354,-74.354,218,0.218,344,0.34400000000000003,65,0.065,0,0.0,0,
27.656395,1788179623.525901,136276000,239,1,1,4,30,60773655,801907249,23580,6.0773655,80.19072489999999,23.580000000000002,49,75,0.49,0.75,5,0.05,4485,44.85,-74484,-74.484,201,0.201,318,0.318,105,0.105,0,0.0,0,
28.107418,1788179623.976924,136676000,12,1,1,4,30,60773656,801907254,23490,6.077365599999999,80.19072539999999,23.490000000000002,49,75,0.49,0.75,3,0.03,4485,44.85,-74574,-74.574,201,0.201,317,0.317,86,0.08600000000000001,0,0.0,0,
28.682399,1788179624.551905,137276000,40,1,1,4,32,60773660,801907261,23350,6.077366,80.19072609999999,23.35,48,75,0.48,0.75,2,0.02,4485,44.85,-74715,-74.715,200,0.2,316,0.316,62,0.062,0,0.0,0,
29.150915,1788179625.020421,137676000,69,1,1,4,32,60773660,801907266,23350,6.077366,80.19072659999999,23.35,48,75,0.48,0.75,1,0.01,4485,44.85,-74714,-74.714,200,0.2,315,0.315,103,0.10300000000000001,0,0.0,0,
29.601296,1788179625.470802,138276000,97,1,1,4,31,60773658,801907274,23380,6.0773658,80.1907274,23.38,48,75,0.48,0.75,1,0.01,4485,44.85,-74684,-74.684,200,0.2,315,0.315,90,0.09,0,0.0,0,
30.102579,1788179625.972085,138676000,126,1,1,4,32,60773657,801907281,23380,6.0773657,80.1907281,23.38,48,75,0.48,0.75,1,0.01,4485,44.85,-74684,-74.684,200,0.2,314,0.314,98,0.098,0,0.0,0,
30.648375,1788179626.517881,139276000,154,1,1,4,31,60773654,801907292,23370,6.0773654,80.19072919999999,23.37,48,75,0.48,0.75,1,0.01,4485,44.85,-74694,-74.694,199,0.199,313,0.313,89,0.089,0,0.0,0,
31.105016,1788179626.974522,139676000,183,1,1,4,31,60773654,801907299,23320,6.0773654,80.1907299,23.32,48,75,0.48,0.75,0,0.0,4485,44.85,-74744,-74.744,199,0.199,312,0.312,68,0.068,0,0.0,0,
31.682811,1788179627.552317,140276000,212,1,1,4,31,60773653,801907309,23290,6.077365299999999,80.19073089999999,23.29,48,75,0.48,0.75,3,0.03,4485,44.85,-74774,-74.774,199,0.199,311,0.311,102,0.10200000000000001,0,0.0,0,
32.135155,1788179628.004661,140676000,241,1,1,4,31,60773652,801907315,23280,6.0773652,80.1907315,23.28,48,75,0.48,0.75,3,0.03,4485,44.85,-74784,-74.784,199,0.199,311,0.311,60,0.06,0,0.0,0,
32.601336,1788179628.470842,141276000,13,1,1,4,32,60773652,801907323,23270,6.0773652,80.1907323,23.27,48,75,0.48,0.75,2,0.02,4485,44.85,-74794,-74.794,200,0.2,310,0.31,103,0.10300000000000001,0,0.0,0,
33.177053,1788179629.046559,141676000,42,1,1,4,32,60773650,801907328,23310,6.0773649999999995,80.19073279999999,23.31,48,75,0.48,0.75,3,0.03,4485,44.85,-74754,-74.754,200,0.2,310,0.31,73,0.073,0,0.0,0,
33.657882,1788179629.527388,142276000,71,1,1,4,32,60773649,801907336,23330,6.0773649,80.1907336,23.330000000000002,48,75,0.48,0.75,0,0.0,4485,44.85,-74734,-74.734,201,0.201,309,0.309,62,0.062,0,0.0,0,
34.205887,1788179630.075393,142676000,100,1,1,4,32,60773648,801907342,23350,6.0773648,80.1907342,23.35,48,75,0.48,0.75,1,0.01,4485,44.85,-74714,-74.714,201,0.201,309,0.309,94,0.094,0,0.0,0,
34.674080,1788179630.543586,143276000,128,1,1,4,32,60773647,801907349,23360,6.0773646999999995,80.1907349,23.36,48,75,0.48,0.75,2,0.02,4485,44.85,-74704,-74.70400000000001,202,0.202,308,0.308,71,0.07100000000000001,0,0.0,0,
35.127249,1788179630.996755,143676000,157,1,1,4,32,60773647,801907353,23370,6.0773646999999995,80.1907353,23.37,48,75,0.48,0.75,2,0.02,4485,44.85,-74694,-74.694,202,0.202,307,0.307,104,0.10400000000000001,0,0.0,0,
35.593180,1788179631.462686,144276000,185,1,1,4,32,60773647,801907360,23350,6.0773646999999995,80.190736,23.35,48,75,0.48,0.75,1,0.01,4485,44.85,-74715,-74.715,203,0.203,307,0.307,85,0.085,0,0.0,0,
36.183282,1788179632.052788,144676000,214,1,1,4,32,60773647,801907365,23320,6.0773646999999995,80.1907365,23.32,48,75,0.48,0.75,2,0.02,4485,44.85,-74744,-74.744,203,0.203,307,0.307,81,0.081,0,0.0,0,
36.659532,1788179632.529038,145276000,242,1,1,4,32,60773649,801907371,23260,6.0773649,80.19073709999999,23.26,48,75,0.48,0.75,3,0.03,4485,44.85,-74804,-74.804,204,0.20400000000000001,306,0.306,65,0.065,0,0.0,0,
37.205225,1788179633.074731,145676000,15,1,1,4,32,60773650,801907375,23220,6.0773649999999995,80.1907375,23.22,48,75,0.48,0.75,1,0.01,4485,44.85,-74844,-74.84400000000001,205,0.20500000000000002,305,0.305,63,0.063,0,0.0,0,
37.657541,1788179633.527047,146276000,43,1,1,4,31,60773652,801907381,23140,6.0773652,80.19073809999999,23.14,49,75,0.49,0.75,2,0.02,4485,44.85,-74924,-74.924,206,0.20600000000000002,304,0.304,111,0.111,0,0.0,0,
38.125424,1788179633.994930,146676000,72,1,1,4,31,60773653,801907385,23080,6.077365299999999,80.1907385,23.080000000000002,49,75,0.49,0.75,2,0.02,4485,44.85,-74985,-74.985,206,0.20600000000000002,303,0.303,96,0.096,0,0.0,0,
38.701684,1788179634.571190,147276000,100,1,1,4,32,60773655,801907390,23010,6.0773655,80.190739,23.01,49,75,0.49,0.75,2,0.02,4485,44.85,-75054,-75.054,207,0.20700000000000002,302,0.302,65,0.065,0,0.0,0,
39.231143,1788179635.100649,147676000,129,1,1,4,32,60773654,801907394,22970,6.0773654,80.1907394,22.97,49,75,0.49,0.75,3,0.03,4485,44.85,-75094,-75.09400000000001,207,0.20700000000000002,302,0.302,48,0.048,0,0.0,0,
39.653495,1788179635.523001,148276000,160,1,1,4,32,60773652,801907403,22930,6.0773652,80.1907403,22.93,49,75,0.49,0.75,1,0.01,4485,44.85,-75134,-75.134,208,0.20800000000000002,302,0.302,111,0.111,0,0.0,0,
40.200647,1788179636.070153,148676000,190,1,1,4,31,60773650,801907411,22910,6.0773649999999995,80.1907411,22.91,49,75,0.49,0.75,3,0.03,4485,44.85,-75154,-75.154,207,0.20700000000000002,301,0.301,113,0.113,0,0.0,0,
40.608718,1788179636.478224,149276000,218,1,1,4,31,60773646,801907420,22920,6.0773646,80.190742,22.92,49,75,0.49,0.75,3,0.03,4485,44.85,-75144,-75.144,207,0.20700000000000002,302,0.302,91,0.091,0,0.0,0,
41.120197,1788179636.989703,149676000,247,1,1,4,31,60773645,801907425,22900,6.0773645,80.1907425,22.900000000000002,48,75,0.48,0.75,3,0.03,4485,44.85,-75164,-75.164,206,0.20600000000000002,302,0.302,106,0.106,0,0.0,0,
41.602931,1788179637.472437,150276000,20,1,1,4,31,60773644,801907434,22850,6.0773643999999996,80.1907434,22.85,49,75,0.49,0.75,4,0.04,4485,44.85,-75214,-75.214,206,0.20600000000000002,301,0.301,66,0.066,0,0.0,0,
42.150964,1788179638.020470,150676000,49,1,1,4,30,60773644,801907440,22800,6.0773643999999996,80.190744,22.8,49,75,0.49,0.75,0,0.0,4485,44.85,-75264,-75.264,206,0.20600000000000002,301,0.301,94,0.094,0,0.0,0,
42.603050,1788179638.472556,151276000,77,1,1,4,30,60773643,801907448,22770,6.0773643,80.19074479999999,22.77,49,75,0.49,0.75,6,0.06,4485,44.85,-75294,-75.294,206,0.20600000000000002,301,0.301,55,0.055,0,0.0,0,
43.101145,1788179638.970651,151678000,106,1,1,4,30,60773643,801907453,22730,6.0773643,80.1907453,22.73,49,75,0.49,0.75,2,0.02,4485,44.85,-75334,-75.334,206,0.20600000000000002,300,0.3,84,0.084,0,0.0,0,
43.646216,1788179639.515722,152278000,134,1,1,4,32,60773643,801907461,22700,6.0773643,80.1907461,22.7,49,75,0.49,0.75,3,0.03,4485,44.85,-75364,-75.364,206,0.20600000000000002,300,0.3,104,0.10400000000000001,0,0.0,0,
44.118930,1788179639.988436,152678000,163,1,1,4,31,60773642,801907466,22680,6.0773642,80.1907466,22.68,49,75,0.49,0.75,2,0.02,4485,44.85,-75384,-75.384,206,0.20600000000000002,300,0.3,55,0.055,0,0.0,0,
44.687064,1788179640.556570,153278000,192,1,1,4,31,60773642,801907472,22610,6.0773642,80.19074719999999,22.61,49,75,0.49,0.75,1,0.01,4485,44.85,-75454,-75.45400000000001,207,0.20700000000000002,300,0.3,49,0.049,0,0.0,0,
45.138931,1788179641.008437,153678000,221,1,1,4,30,60773643,801907475,22570,6.0773643,80.1907475,22.57,50,75,0.5,0.75,2,0.02,4485,44.85,-75494,-75.494,207,0.20700000000000002,301,0.301,66,0.066,0,0.0,0,
45.621267,1788179641.490773,154278000,249,1,1,4,31,60773644,801907480,22520,6.0773643999999996,80.190748,22.52,50,75,0.5,0.75,3,0.03,4485,44.85,-75544,-75.544,208,0.20800000000000002,301,0.301,65,0.065,0,0.0,0,
46.089462,1788179641.958968,154678000,22,1,1,4,30,60773645,801907482,22460,6.0773645,80.1907482,22.46,50,75,0.5,0.75,1,0.01,4485,44.85,-75604,-75.604,208,0.20800000000000002,301,0.301,111,0.111,0,0.0,0,
46.636106,1788179642.505612,155278000,50,1,1,4,31,60773645,801907485,22440,6.0773645,80.1907485,22.44,49,75,0.49,0.75,2,0.02,4485,44.85,-75624,-75.624,208,0.20800000000000002,302,0.302,90,0.09,0,0.0,0,
47.232480,1788179643.101986,155678000,79,1,1,4,32,60773645,801907487,22420,6.0773645,80.1907487,22.42,49,75,0.49,0.75,2,0.02,4485,44.85,-75644,-75.644,209,0.209,302,0.302,48,0.048,0,0.0,0,
47.669499,1788179643.539005,156278000,107,1,1,4,32,60773644,801907490,22390,6.0773643999999996,80.190749,22.39,49,75,0.49,0.75,0,0.0,4485,44.85,-75674,-75.674,209,0.209,303,0.303,58,0.058,0,0.0,0,
48.121261,1788179643.990767,156678000,136,1,1,4,31,60773645,801907492,22340,6.0773645,80.1907492,22.34,49,75,0.49,0.75,3,0.03,4485,44.85,-75724,-75.724,210,0.21,304,0.304,114,0.114,0,0.0,0,
48.605523,1788179644.475029,157278000,164,1,1,4,32,60773646,801907495,22320,6.0773646,80.1907495,22.32,49,75,0.49,0.75,2,0.02,4485,44.85,-75744,-75.744,212,0.212,305,0.305,83,0.083,0,0.0,0,
49.166876,1788179645.036382,157678000,193,1,1,4,31,60773646,801907497,22300,6.0773646,80.1907497,22.3,50,75,0.5,0.75,4,0.04,4485,44.85,-75764,-75.764,213,0.213,305,0.305,109,0.109,0,0.0,0,
49.632431,1788179645.501937,158278000,221,1,1,4,31,60773647,801907499,22280,6.0773646999999995,80.1907499,22.28,50,75,0.5,0.75,5,0.05,4485,44.85,-75784,-75.784,214,0.214,305,0.305,101,0.101,0,0.0,0,
50.213191,1788179646.082697,158678000,250,1,1,4,31,60773647,801907498,22260,6.0773646999999995,80.19074979999999,22.26,49,75,0.49,0.75,9,0.09,4485,44.85,-75803,-75.803,214,0.214,305,0.305,74,0.074,0,0.0,0,
50.616868,1788179646.486374,159278000,22,1,1,4,31,60773648,801907500,22230,6.0773648,80.19075,22.23,49,75,0.49,0.75,5,0.05,4485,44.85,-75834,-75.834,215,0.215,305,0.305,71,0.07100000000000001,0,0.0,0,
51.123149,1788179646.992655,159678000,51,1,1,4,31,60773647,801907501,22220,6.0773646999999995,80.1907501,22.22,49,75,0.49,0.75,2,0.02,4485,44.85,-75844,-75.84400000000001,215,0.215,306,0.306,63,0.063,0,0.0,0,
51.696185,1788179647.565691,160278000,80,1,1,4,30,60773645,801907504,22200,6.0773645,80.1907504,22.2,51,78,0.51,0.78,2,0.02,4485,44.85,-75864,-75.864,216,0.216,308,0.308,103,0.10300000000000001,0,0.0,0,
52.162834,1788179648.032340,160678000,109,1,1,4,30,60773645,801907507,22160,6.0773645,80.1907507,22.16,49,75,0.49,0.75,2,0.02,4485,44.85,-75904,-75.904,215,0.215,309,0.309,75,0.075,0,0.0,0,
52.616605,1788179648.486111,161278000,137,1,1,4,31,60773645,801907512,22120,6.0773645,80.1907512,22.12,49,75,0.49,0.75,3,0.03,4485,44.85,-75944,-75.944,215,0.215,308,0.308,71,0.07100000000000001,0,0.0,0,
53.100401,1788179648.969907,161678000,166,1,1,4,30,60773644,801907516,22100,6.0773643999999996,80.1907516,22.1,49,75,0.49,0.75,1,0.01,4485,44.85,-75964,-75.964,214,0.214,308,0.308,76,0.076,0,0.0,0,
53.646151,1788179649.515657,162278000,194,1,1,4,31,60773644,801907519,22080,6.0773643999999996,80.1907519,22.080000000000002,49,75,0.49,0.75,3,0.03,4485,44.85,-75984,-75.984,214,0.214,307,0.307,67,0.067,0,0.0,0,
54.113621,1788179649.983127,162678000,223,1,1,4,30,60773645,801907521,22060,6.0773645,80.1907521,22.06,49,75,0.49,0.75,0,0.0,4485,44.85,-76004,-76.004,214,0.214,307,0.307,105,0.105,0,0.0,0,
54.676515,1788179650.546021,163278000,251,1,1,4,30,60773645,801907525,21990,6.0773645,80.1907525,21.990000000000002,49,75,0.49,0.75,2,0.02,4485,44.85,-76074,-76.074,213,0.213,306,0.306,60,0.06,0,0.0,0,
55.143779,1788179651.013285,163678000,24,1,1,4,31,60773647,801907527,21940,6.0773646999999995,80.19075269999999,21.94,50,75,0.5,0.75,3,0.03,4485,44.85,-76124,-76.124,213,0.213,305,0.305,64,0.064,0,0.0,0,
55.612130,1788179651.481636,164278000,52,1,1,4,30,60773648,801907531,21880,6.0773648,80.1907531,21.88,49,75,0.49,0.75,1,0.01,4485,44.85,-76184,-76.184,212,0.212,305,0.305,74,0.074,0,0.0,0,
56.186675,1788179652.056181,164678000,81,1,1,4,31,60773649,801907534,21850,6.0773649,80.19075339999999,21.85,49,75,0.49,0.75,2,0.02,4485,44.85,-76214,-76.214,211,0.211,304,0.304,63,0.063,0,0.0,0,
56.670623,1788179652.540129,165278000,109,1,1,4,30,60773651,801907537,21770,6.0773651,80.1907537,21.77,49,75,0.49,0.75,1,0.01,4485,44.85,-76294,-76.294,210,0.21,304,0.304,90,0.09,0,0.0,0,
57.109743,1788179652.979249,165678000,138,1,1,4,30,60773653,801907539,21710,6.077365299999999,80.19075389999999,21.71,49,75,0.49,0.75,5,0.05,4485,44.85,-76353,-76.35300000000001,209,0.209,303,0.303,63,0.063,0,0.0,0,
57.672745,1788179653.542251,166278000,166,1,1,4,31,60773655,801907543,21640,6.0773655,80.1907543,21.64,49,75,0.49,0.75,0,0.0,4485,44.85,-76424,-76.424,208,0.20800000000000002,302,0.302,101,0.101,0,0.0,0,
58.140077,1788179654.009583,166678000,195,1,1,4,30,60773657,801907544,21600,6.0773657,80.1907544,21.6,49,75,0.49,0.75,3,0.03,4485,44.85,-76464,-76.464,207,0.20700000000000002,302,0.302,69,0.069,0,0.0,0,
58.592326,1788179654.461832,167278000,223,1,1,4,31,60773658,801907548,21530,6.0773658,80.1907548,21.53,50,75,0.5,0.75,1,0.01,4485,44.85,-76534,-76.534,207,0.20700000000000002,302,0.302,110,0.11,0,0.0,0,
59.166735,1788179655.036241,167678000,252,1,1,4,32,60773660,801907550,21480,6.077366,80.190755,21.48,50,75,0.5,0.75,1,0.01,4485,44.85,-76584,-76.584,206,0.20600000000000002,301,0.301,106,0.106,0,0.0,0,
59.651977,1788179655.521483,168278000,24,1,1,4,32,60773662,801907553,21410,6.0773662,80.19075529999999,21.41,50,75,0.5,0.75,1,0.01,4485,44.85,-76654,-76.654,206,0.20600000000000002,301,0.301,101,0.101,0,0.0,0,
60.135658,1788179656.005164,168678000,53,1,1,4,32,60773662,801907556,21390,6.0773662,80.1907556,21.39,50,75,0.5,0.75,8,0.08,4485,44.85,-76674,-76.674,206,0.20600000000000002,300,0.3,82,0.082,0,0.0,0,
60.667313,1788179656.536819,169278000,81,1,1,4,31,60773662,801907559,21360,6.0773662,80.1907559,21.36,49,75,0.49,0.75,1,0.01,4485,44.85,-76704,-76.70400000000001,206,0.20600000000000002,300,0.3,86,0.08600000000000001,0,0.0,0,
61.137833,1788179657.007339,169678000,110,1,1,4,32,60773663,801907561,21350,6.0773662999999996,80.1907561,21.35,49,75,0.49,0.75,2,0.02,4485,44.85,-76714,-76.714,206,0.20600000000000002,300,0.3,67,0.067,0,0.0,0,
61.697426,1788179657.566932,170278000,139,1,1,4,32,60773664,801907562,21290,6.0773664,80.1907562,21.29,49,75,0.49,0.75,4,0.04,4485,44.85,-76774,-76.774,206,0.20600000000000002,301,0.301,114,0.114,0,0.0,0,
62.167160,1788179658.036666,170678000,168,1,1,4,32,60773665,801907562,21270,6.0773665,80.1907562,21.27,49,75,0.49,0.75,2,0.02,4485,44.85,-76794,-76.794,206,0.20600000000000002,302,0.302,114,0.114,0,0.0,0,
62.622096,1788179658.491602,171278000,196,1,1,4,31,60773666,801907563,21220,6.0773665999999995,80.19075629999999,21.22,49,75,0.49,0.75,0,0.0,4485,44.85,-76844,-76.84400000000001,206,0.20600000000000002,303,0.303,115,0.115,0,0.0,0,
63.229628,1788179659.099134,171678000,225,1,1,4,32,60773667,801907562,21190,6.0773667,80.1907562,21.19,49,75,0.49,0.75,2,0.02,4485,44.85,-76874,-76.874,206,0.20600000000000002,304,0.304,98,0.098,0,0.0,0,
63.619903,1788179659.489409,172278000,253,1,1,4,31,60773670,801907562,21150,6.077367,80.1907562,21.150000000000002,49,75,0.49,0.75,6,0.06,4485,44.85,-76913,-76.913,206,0.20600000000000002,304,0.304,65,0.065,0,0.0,0,
64.117456,1788179659.986962,172678000,26,1,1,4,31,60773671,801907562,21150,6.0773671,80.1907562,21.150000000000002,49,75,0.49,0.75,3,0.03,4485,44.85,-76914,-76.914,206,0.20600000000000002,305,0.305,76,0.076,0,0.0,0,
64.601939,1788179660.471445,173278000,54,1,1,4,32,60773673,801907562,21130,6.0773673,80.1907562,21.13,50,75,0.5,0.75,3,0.03,4485,44.85,-76934,-76.934,207,0.20700000000000002,307,0.307,75,0.075,0,0.0,0,
65.161301,1788179661.030807,173678000,83,1,1,4,32,60773673,801907562,21110,6.0773673,80.1907562,21.11,49,75,0.49,0.75,2,0.02,4485,44.85,-76954,-76.95400000000001,207,0.20700000000000002,308,0.308,79,0.079,0,0.0,0,
65.630978,1788179661.500484,174278000,111,1,1,4,30,60773675,801907562,21050,6.077367499999999,80.1907562,21.05,49,75,0.49,0.75,6,0.06,4485,44.85,-77014,-77.014,208,0.20800000000000002,310,0.31,77,0.077,0,0.0,0,
66.102839,1788179661.972345,174678000,140,1,1,4,31,60773676,801907562,21000,6.0773676,80.1907562,21.0,49,75,0.49,0.75,3,0.03,4485,44.85,-77064,-77.06400000000001,208,0.20800000000000002,311,0.311,121,0.121,0,0.0,0,
66.644480,1788179662.513986,175278000,168,1,1,4,32,60773679,801907561,20900,6.0773679,80.1907561,20.900000000000002,50,75,0.5,0.75,4,0.04,4485,44.85,-77164,-77.164,208,0.20800000000000002,310,0.31,110,0.11,0,0.0,0,
67.113533,1788179662.983039,175678000,197,1,1,4,32,60773680,801907560,20860,6.077368,80.190756,20.86,50,75,0.5,0.75,1,0.01,4485,44.85,-77204,-77.20400000000001,207,0.20700000000000002,309,0.309,121,0.121,0,0.0,0,
67.690257,1788179663.559763,176278000,225,1,1,4,31,60773681,801907560,20790,6.0773681,80.190756,20.79,50,75,0.5,0.75,1,0.01,4485,44.85,-77274,-77.274,207,0.20700000000000002,309,0.309,74,0.074,0,0.0,0,
68.174911,1788179664.044417,176678000,254,1,1,4,32,60773682,801907560,20750,6.0773681999999996,80.190756,20.75,49,75,0.49,0.75,2,0.02,4485,44.85,-77314,-77.31400000000001,206,0.20600000000000002,308,0.308,49,0.049,0,0.0,0,
68.611568,1788179664.481074,177278000,26,1,1,4,32,60773685,801907558,20700,6.0773684999999995,80.19075579999999,20.7,49,75,0.49,0.75,2,0.02,4485,44.85,-77364,-77.364,205,0.20500000000000002,308,0.308,90,0.09,0,0.0,0,
69.197421,1788179665.066927,177678000,55,1,1,4,32,60773686,801907557,20660,6.0773686,80.1907557,20.66,49,75,0.49,0.75,1,0.01,4485,44.85,-77404,-77.404,205,0.20500000000000002,308,0.308,86,0.08600000000000001,0,0.0,0,
69.647510,1788179665.517016,178278000,83,1,1,4,32,60773689,801907556,20590,6.0773689,80.1907556,20.59,49,75,0.49,0.75,3,0.03,4485,44.85,-77474,-77.474,204,0.20400000000000001,307,0.307,84,0.084,0,0.0,0,
70.102531,1788179665.972037,178678000,112,1,1,4,31,60773690,801907555,20540,6.077369,80.1907555,20.54,49,75,0.49,0.75,2,0.02,4485,44.85,-77524,-77.524,204,0.20400000000000001,307,0.307,93,0.093,0,0.0,0,
70.676251,1788179666.545757,179278000,140,1,1,4,31,60773692,801907555,20490,6.0773692,80.1907555,20.490000000000002,49,75,0.49,0.75,3,0.03,4485,44.85,-77574,-77.574,204,0.20400000000000001,307,0.307,79,0.079,0,0.0,0,
71.144455,1788179667.013961,179678000,169,1,1,4,31,60773694,801907553,20450,6.077369399999999,80.19075529999999,20.45,49,75,0.49,0.75,4,0.04,4485,44.85,-77614,-77.614,205,0.20500000000000002,308,0.308,114,0.114,0,0.0,0,
71.599981,1788179667.469487,180278000,198,1,1,4,32,60773697,801907551,20380,6.077369699999999,80.19075509999999,20.38,49,75,0.49,0.75,3,0.03,4485,44.85,-77684,-77.684,205,0.20500000000000002,308,0.308,76,0.076,0,0.0,0,
72.081268,1788179667.950774,180678000,227,1,1,4,32,60773698,801907550,20350,6.0773698,80.190755,20.35,49,75,0.49,0.75,1,0.01,4485,44.85,-77714,-77.714,205,0.20500000000000002,308,0.308,106,0.106,0,0.0,0,
72.629247,1788179668.498753,181278000,255,1,1,4,32,60773699,801907549,20310,6.0773699,80.1907549,20.31,49,75,0.49,0.75,5,0.05,4485,44.85,-77754,-77.754,204,0.20400000000000001,308,0.308,100,0.1,0,0.0,0,
73.111917,1788179668.981423,181678000,28,1,1,4,31,60773700,801907548,20280,6.07737,80.1907548,20.28,49,75,0.49,0.75,1,0.01,4485,44.85,-77784,-77.784,204,0.20400000000000001,308,0.308,93,0.093,0,0.0,0,
73.675825,1788179669.545331,182278000,56,1,1,4,32,60773700,801907547,20220,6.07737,80.1907547,20.22,49,75,0.49,0.75,6,0.06,4485,44.85,-77844,-77.84400000000001,203,0.203,307,0.307,98,0.098,0,0.0,0,
74.125201,1788179669.994707,182678000,85,1,1,4,32,60773701,801907546,20160,6.0773700999999996,80.19075459999999,20.16,49,75,0.49,0.75,4,0.04,4485,44.85,-77904,-77.904,203,0.203,307,0.307,103,0.10300000000000001,0,0.0,0,
74.703541,1788179670.573047,183278000,113,1,1,4,32,60773703,801907545,20100,6.0773703,80.1907545,20.1,49,75,0.49,0.75,3,0.03,4485,44.85,-77964,-77.964,202,0.202,306,0.306,71,0.07100000000000001,0,0.0,0,
75.128496,1788179670.998002,183678000,142,1,1,4,32,60773704,801907545,20080,6.0773703999999995,80.1907545,20.080000000000002,49,75,0.49,0.75,3,0.03,4485,44.85,-77984,-77.984,203,0.203,306,0.306,88,0.088,0,0.0,0,
75.626144,1788179671.495650,184278000,171,1,1,4,31,60773704,801907545,20020,6.0773703999999995,80.1907545,20.02,49,75,0.49,0.75,2,0.02,4485,44.85,-78044,-78.044,203,0.203,307,0.307,78,0.078,0,0.0,0,
76.114748,1788179671.984254,184678000,200,1,1,4,31,60773704,801907544,19990,6.0773703999999995,80.1907544,19.990000000000002,50,75,0.5,0.75,1,0.01,4485,44.85,-78074,-78.074,203,0.203,307,0.307,85,0.085,0,0.0,0,
76.663589,1788179672.533095,185278000,228,1,1,4,31,60773704,801907544,19940,6.0773703999999995,80.1907544,19.94,50,75,0.5,0.75,1,0.01,4485,44.85,-78124,-78.124,203,0.203,308,0.308,114,0.114,0,0.0,0,
77.238663,1788179673.108169,185678000,1,1,1,4,31,60773706,801907543,19890,6.0773706,80.1907543,19.89,49,75,0.49,0.75,4,0.04,4485,44.85,-78174,-78.174,203,0.203,308,0.308,111,0.111,0,0.0,0,
77.648400,1788179673.517906,186278000,32,1,1,4,32,60773707,801907542,19840,6.0773706999999995,80.1907542,19.84,49,75,0.49,0.75,2,0.02,4485,44.85,-78224,-78.224,203,0.203,308,0.308,78,0.078,0,0.0,0,
78.165414,1788179674.034920,186678000,62,1,1,4,32,60773708,801907543,19830,6.0773708,80.1907543,19.830000000000002,49,75,0.49,0.75,4,0.04,4485,44.85,-78234,-78.234,203,0.203,309,0.309,76,0.076,0,0.0,0,
78.613329,1788179674.482835,187278000,90,1,1,4,31,60773709,801907542,19810,6.0773709,80.1907542,19.81,49,75,0.49,0.75,5,0.05,4485,44.85,-78254,-78.254,203,0.203,309,0.309,100,0.1,0,0.0,0,
79.101325,1788179674.970831,187678000,119,1,1,4,32,60773710,801907542,19790,6.077370999999999,80.1907542,19.79,49,75,0.49,0.75,1,0.01,4485,44.85,-78274,-78.274,202,0.202,309,0.309,90,0.09,0,0.0,0,
79.647623,1788179675.517129,188278000,147,1,1,4,31,60773711,801907542,19760,6.0773711,80.1907542,19.76,49,75,0.49,0.75,3,0.03,4485,44.85,-78304,-78.304,203,0.203,310,0.31,104,0.10400000000000001,0,0.0,0,
80.114980,1788179675.984486,188678000,176,1,1,4,31,60773711,801907543,19750,6.0773711,80.1907543,19.75,49,75,0.49,0.75,0,0.0,4485,44.85,-78314,-78.31400000000001,203,0.203,309,0.309,65,0.065,0,0.0,0,
80.690516,1788179676.560022,189278000,204,1,1,4,31,60773711,801907544,19720,6.0773711,80.1907544,19.72,49,75,0.49,0.75,1,0.01,4485,44.85,-78344,-78.34400000000001,204,0.20400000000000001,309,0.309,116,0.116,0,0.0,0,
81.145303,1788179677.014809,189678000,233,1,1,4,31,60773712,801907545,19710,6.0773712,80.1907545,19.71,49,75,0.49,0.75,3,0.03,4485,44.85,-78354,-78.354,204,0.20400000000000001,309,0.309,97,0.097,0,0.0,0,
81.642089,1788179677.511595,190278000,6,1,1,4,31,60773713,801907545,19690,6.077371299999999,80.1907545,19.69,49,75,0.49,0.75,2,0.02,4485,44.85,-78374,-78.374,204,0.20400000000000001,309,0.309,86,0.08600000000000001,0,0.0,0,
82.188959,1788179678.058465,190678000,35,1,1,4,31,60773712,801907547,19680,6.0773712,80.1907547,19.68,49,75,0.49,0.75,3,0.03,4485,44.85,-78384,-78.384,204,0.20400000000000001,309,0.309,98,0.098,0,0.0,0,
82.641912,1788179678.511418,191278000,63,1,1,4,31,60773711,801907548,19700,6.0773711,80.1907548,19.7,50,75,0.5,0.75,1,0.01,4485,44.85,-78364,-78.364,204,0.20400000000000001,309,0.309,95,0.095,0,0.0,0,
83.122123,1788179678.991629,191683000,92,1,1,4,31,60773710,801907549,19710,6.077370999999999,80.1907549,19.71,50,75,0.5,0.75,1,0.01,4485,44.85,-78354,-78.354,204,0.20400000000000001,309,0.309,107,0.107,0,0.0,0,
83.686268,1788179679.555774,192283000,120,1,1,4,30,60773710,801907550,19720,6.077370999999999,80.190755,19.72,50,75,0.5,0.75,3,0.03,4485,44.85,-78344,-78.34400000000001,204,0.20400000000000001,309,0.309,78,0.078,0,0.0,0,
84.143257,1788179680.012763,192683000,149,1,1,4,31,60773710,801907550,19740,6.077370999999999,80.190755,19.740000000000002,49,75,0.49,0.75,2,0.02,4485,44.85,-78324,-78.324,205,0.20500000000000002,309,0.309,70,0.07,0,0.0,0,
84.722386,1788179680.591892,193283000,177,1,1,4,31,60773711,801907551,19780,6.0773711,80.19075509999999,19.78,49,75,0.49,0.75,0,0.0,4485,44.85,-78284,-78.284,205,0.20500000000000002,308,0.308,107,0.107,0,0.0,0,
85.096497,1788179680.966003,193683000,206,1,1,4,30,60773711,801907551,19810,6.0773711,80.19075509999999,19.81,50,76,0.5,0.76,2,0.02,4485,44.85,-78254,-78.254,205,0.20500000000000002,307,0.307,62,0.062,0,0.0,0,
85.629729,1788179681.499235,194283000,234,1,1,4,30,60773711,801907552,19820,6.0773711,80.1907552,19.82,50,76,0.5,0.76,3,0.03,4485,44.85,-78244,-78.244,205,0.20500000000000002,307,0.307,105,0.105,0,0.0,0,
86.127304,1788179681.996810,194683000,7,1,1,4,30,60773712,801907554,19850,6.0773712,80.1907554,19.85,49,75,0.49,0.75,3,0.03,4485,44.85,-78214,-78.214,205,0.20500000000000002,306,0.306,111,0.111,0,0.0,0,
86.675093,1788179682.544599,195283000,35,1,1,4,31,60773712,801907556,19910,6.0773712,80.1907556,19.91,50,76,0.5,0.76,3,0.03,4485,44.85,-78154,-78.154,205,0.20500000000000002,305,0.305,77,0.077,0,0.0,0,
87.127241,1788179682.996747,195683000,64,1,1,4,31,60773712,801907558,19930,6.0773712,80.19075579999999,19.93,50,76,0.5,0.76,3,0.03,4485,44.85,-78134,-78.134,205,0.20500000000000002,305,0.305,106,0.106,0,0.0,0,
87.640541,1788179683.510047,196283000,92,1,1,4,31,60773711,801907561,19970,6.0773711,80.1907561,19.97,50,76,0.5,0.76,2,0.02,4485,44.85,-78094,-78.09400000000001,205,0.20500000000000002,305,0.305,108,0.108,0,0.0,0,
88.171723,1788179684.041229,196683000,121,1,1,4,31,60773711,801907563,20010,6.0773711,80.19075629999999,20.01,50,76,0.5,0.76,0,0.0,4485,44.85,-78054,-78.054,204,0.20400000000000001,305,0.305,107,0.107,0,0.0,0,
88.701511,1788179684.571017,197283000,149,1,1,4,31,60773711,801907565,20040,6.0773711,80.19075649999999,20.04,50,76,0.5,0.76,4,0.04,4485,44.85,-78024,-78.024,204,0.20400000000000001,305,0.305,66,0.066,0,0.0,0,
89.108227,1788179684.977733,197683000,178,1,1,4,31,60773711,801907566,20060,6.0773711,80.1907566,20.06,50,76,0.5,0.76,3,0.03,4485,44.85,-78004,-78.004,204,0.20400000000000001,304,0.304,82,0.082,0,0.0,0,
89.669105,1788179685.538611,198283000,206,1,1,4,30,60773710,801907568,20100,6.077370999999999,80.1907568,20.1,49,76,0.49,0.76,1,0.01,4485,44.85,-77964,-77.964,203,0.203,304,0.304,104,0.10400000000000001,0,0.0,0,
90.122382,1788179685.991888,198683000,235,1,1,4,31,60773710,801907569,20130,6.077370999999999,80.1907569,20.13,49,76,0.49,0.76,2,0.02,4485,44.85,-77934,-77.934,203,0.203,303,0.303,94,0.094,0,0.0,0,
90.602303,1788179686.471809,199283000,7,1,1,4,31,60773708,801907572,20160,6.0773708,80.1907572,20.16,49,76,0.49,0.76,2,0.02,4485,44.85,-77904,-77.904,203,0.203,303,0.303,65,0.065,0,0.0,0,
91.164621,1788179687.034127,199683000,36,1,1,4,30,60773708,801907574,20180,6.0773708,80.1907574,20.18,49,76,0.49,0.76,2,0.02,4485,44.85,-77884,-77.884,203,0.203,303,0.303,78,0.078,0,0.0,0,
91.646856,1788179687.516362,200283000,65,1,1,4,31,60773708,801907576,20240,6.0773708,80.1907576,20.240000000000002,49,76,0.49,0.76,4,0.04,4485,44.85,-77824,-77.824,203,0.203,304,0.304,86,0.08600000000000001,0,0.0,0,
92.194469,1788179688.063975,200683000,94,1,1,4,31,60773708,801907577,20260,6.0773708,80.19075769999999,20.26,49,76,0.49,0.76,0,0.0,4485,44.85,-77804,-77.804,203,0.203,304,0.304,104,0.10400000000000001,0,0.0,0,
92.662828,1788179688.532334,201283000,122,1,1,4,31,60773707,801907579,20320,6.0773706999999995,80.1907579,20.32,49,76,0.49,0.76,0,0.0,4485,44.85,-77744,-77.744,203,0.203,305,0.305,106,0.106,0,0.0,0,
93.111636,1788179688.981142,201683000,151,1,1,4,30,60773707,801907580,20350,6.0773706999999995,80.190758,20.35,50,76,0.5,0.76,0,0.0,4485,44.85,-77714,-77.714,203,0.203,306,0.306,102,0.10200000000000001,0,0.0,0,
93.612061,1788179689.481567,202283000,179,1,1,4,31,60773706,801907582,20430,6.0773706,80.19075819999999,20.43,50,76,0.5,0.76,2,0.02,4485,44.85,-77634,-77.634,203,0.203,305,0.305,87,0.08700000000000001,0,0.0,0,
94.158469,1788179690.027975,202683000,208,1,1,4,30,60773706,801907584,20480,6.0773706,80.19075839999999,20.48,50,76,0.5,0.76,1,0.01,4485,44.85,-77584,-77.584,203,0.203,305,0.305,82,0.082,0,0.0,0,
94.643462,1788179690.512968,203283000,236,1,1,4,30,60773707,801907585,20560,6.0773706999999995,80.1907585,20.56,50,76,0.5,0.76,2,0.02,4485,44.85,-77504,-77.504,202,0.202,304,0.304,103,0.10300000000000001,0,0.0,0,
95.187144,1788179691.056650,203683000,9,1,1,4,32,60773707,801907585,20600,6.0773706999999995,80.1907585,20.6,50,76,0.5,0.76,1,0.01,4485,44.85,-77464,-77.464,203,0.203,303,0.303,73,0.073,0,0.0,0,
95.608178,1788179691.477684,204283000,37,1,1,4,31,60773709,801907587,20650,6.0773709,80.19075869999999,20.650000000000002,50,76,0.5,0.76,1,0.01,4485,44.85,-77414,-77.414,202,0.202,302,0.302,108,0.108,0,0.0,0,
96.110512,1788179691.980018,204683000,66,1,1,4,32,60773709,801907588,20680,6.0773709,80.1907588,20.68,50,76,0.5,0.76,3,0.03,4485,44.85,-77384,-77.384,202,0.202,301,0.301,77,0.077,0,0.0,0,
96.683805,1788179692.553311,205283000,94,1,1,4,30,60773710,801907589,20740,6.077370999999999,80.19075889999999,20.740000000000002,50,76,0.5,0.76,2,0.02,4485,44.85,-77324,-77.324,202,0.202,300,0.3,79,0.079,0,0.0,0,
97.137007,1788179693.006513,205683000,123,1,1,4,31,60773710,801907590,20790,6.077370999999999,80.190759,20.79,50,76,0.5,0.76,1,0.01,4485,44.85,-77274,-77.274,202,0.202,300,0.3,99,0.099,0,0.0,0,
97.603328,1788179693.472834,206283000,151,1,1,4,31,60773712,801907591,20850,6.0773712,80.1907591,20.85,50,76,0.5,0.76,3,0.03,4485,44.85,-77214,-77.214,202,0.202,300,0.3,93,0.093,0,0.0,0,
98.197135,1788179694.066641,206683000,180,1,1,4,30,60773712,801907592,20900,6.0773712,80.1907592,20.900000000000002,50,76,0.5,0.76,0,0.0,4485,44.85,-77164,-77.164,202,0.202,300,0.3,76,0.076,0,0.0,0,
98.634349,1788179694.503855,207283000,208,1,1,4,31,60773713,801907592,20940,6.077371299999999,80.1907592,20.94,50,76,0.5,0.76,2,0.02,4485,44.85,-77124,-77.124,202,0.202,301,0.301,76,0.076,0,0.0,0,
99.102277,1788179694.971783,207683000,237,1,1,4,31,60773712,801907593,20980,6.0773712,80.1907593,20.98,50,76,0.5,0.76,1,0.01,4485,44.85,-77084,-77.084,202,0.202,300,0.3,56,0.056,0,0.0,0,
99.598463,1788179695.467969,208283000,9,1,1,4,30,60773712,801907594,21050,6.0773712,80.19075939999999,21.05,50,76,0.5,0.76,1,0.01,4485,44.85,-77014,-77.014,202,0.202,300,0.3,72,0.07200000000000001,0,0.0,0,
100.128321,1788179695.997827,208683000,38,1,1,4,30,60773713,801907595,21090,6.077371299999999,80.1907595,21.09,50,76,0.5,0.76,4,0.04,4485,44.85,-76974,-76.974,202,0.202,300,0.3,80,0.08,0,0.0,0,
100.611925,1788179696.481431,209283000,66,1,1,4,30,60773714,801907595,21160,6.0773714,80.1907595,21.16,50,76,0.5,0.76,2,0.02,4485,44.85,-76904,-76.904,202,0.202,301,0.301,76,0.076,0,0.0,0,
101.128858,1788179696.998364,209683000,95,1,1,4,31,60773715,801907596,21210,6.0773715,80.19075959999999,21.21,50,76,0.5,0.76,3,0.03,4485,44.85,-76854,-76.854,202,0.202,301,0.301,102,0.10200000000000001,0,0.0,0,
101.627855,1788179697.497361,210283000,124,1,1,4,29,60773714,801907596,21300,6.0773714,80.19075959999999,21.3,50,76,0.5,0.76,3,0.03,4485,44.85,-76764,-76.764,202,0.202,300,0.3,95,0.095,0,0.0,0,
102.110953,1788179697.980459,210683000,153,1,1,4,30,60773714,801907596,21380,6.0773714,80.19075959999999,21.38,50,76,0.5,0.76,0,0.0,4485,44.85,-76684,-76.684,202,0.202,300,0.3,102,0.10200000000000001,0,0.0,0,
102.669068,1788179698.538574,211283000,181,1,1,4,30,60773713,801907598,21490,6.077371299999999,80.1907598,21.490000000000002,50,76,0.5,0.76,3,0.03,4485,44.85,-76574,-76.574,203,0.203,300,0.3,109,0.109,0,0.0,0,
103.138302,1788179699.007808,211684000,210,1,1,4,30,60773712,801907599,21550,6.0773712,80.1907599,21.55,50,76,0.5,0.76,1,0.01,4485,44.85,-76514,-76.514,203,0.203,301,0.301,101,0.101,0,0.0,0,
103.701668,1788179699.571174,212284000,238,1,1,4,30,60773712,801907599,21650,6.0773712,80.1907599,21.650000000000002,50,76,0.5,0.76,1,0.01,4485,44.85,-76414,-76.414,203,0.203,300,0.3,83,0.083,0,0.0,0,
104.123433,1788179699.992939,212684000,11,1,1,4,30,60773710,801907600,21710,6.077370999999999,80.19076,21.71,49,76,0.49,0.76,1,0.01,4485,44.85,-76354,-76.354,204,0.20400000000000001,300,0.3,109,0.109,0,0.0,0,
104.619536,1788179700.489042,213284000,39,1,1,4,29,60773708,801907602,21820,6.0773708,80.1907602,21.82,52,80,0.52,0.8,2,0.02,4485,44.85,-76244,-76.244,205,0.20500000000000002,300,0.3,93,0.093,0,0.0,0,
105.198827,1788179701.068333,213684000,68,1,1,4,31,60773708,801907603,21870,6.0773708,80.1907603,21.87,50,76,0.5,0.76,4,0.04,4485,44.85,-76194,-76.194,205,0.20500000000000002,300,0.3,87,0.08700000000000001,0,0.0,0,
105.652438,1788179701.521944,214284000,96,1,1,4,32,60773707,801907605,21950,6.0773706999999995,80.1907605,21.95,50,76,0.5,0.76,3,0.03,4485,44.85,-76114,-76.114,207,0.20700000000000002,301,0.301,105,0.105,0,0.0,0,
106.121227,1788179701.990733,214684000,125,1,1,4,32,60773707,801907605,21970,6.0773706999999995,80.1907605,21.97,49,76,0.49,0.76,2,0.02,4485,44.85,-76094,-76.09400000000001,207,0.20700000000000002,302,0.302,100,0.1,0,0.0,0,
106.697362,1788179702.566868,215284000,154,1,1,4,32,60773708,801907606,22010,6.0773708,80.19076059999999,22.01,50,76,0.5,0.76,1,0.01,4485,44.85,-76054,-76.054,208,0.20800000000000002,303,0.303,88,0.088,0,0.0,0,
107.103087,1788179702.972593,215684000,183,1,1,4,31,60773709,801907605,22030,6.0773709,80.1907605,22.03,49,76,0.49,0.76,2,0.02,4485,44.85,-76034,-76.034,209,0.209,303,0.303,99,0.099,0,0.0,0,
107.605151,1788179703.474657,216284000,211,1,1,4,31,60773709,801907604,22080,6.0773709,80.1907604,22.080000000000002,49,76,0.49,0.76,2,0.02,4485,44.85,-75984,-75.984,210,0.21,304,0.304,80,0.08,0,0.0,0,
108.187061,1788179704.056567,216684000,240,1,1,4,31,60773709,801907603,22150,6.0773709,80.1907603,22.150000000000002,49,76,0.49,0.76,0,0.0,4485,44.85,-75914,-75.914,211,0.211,304,0.304,80,0.08,0,0.0,0,
108.607297,1788179704.476803,217284000,12,1,1,4,31,60773708,801907603,22250,6.0773708,80.1907603,22.25,49,76,0.49,0.76,2,0.02,4485,44.85,-75814,-75.81400000000001,212,0.212,304,0.304,107,0.107,0,0.0,0,
109.108165,1788179704.977671,217684000,41,1,1,4,31,60773709,801907602,22300,6.0773709,80.1907602,22.3,49,76,0.49,0.76,4,0.04,4485,44.85,-75764,-75.764,212,0.212,304,0.304,57,0.057,0,0.0,0,
109.685163,1788179705.554669,218284000,69,1,1,4,31,60773709,801907602,22340,6.0773709,80.1907602,22.34,49,76,0.49,0.76,2,0.02,4485,44.85,-75724,-75.724,213,0.213,304,0.304,73,0.073,0,0.0,0,
110.137831,1788179706.007337,218684000,98,1,1,4,31,60773710,801907601,22390,6.077370999999999,80.19076009999999,22.39,49,76,0.49,0.76,0,0.0,4485,44.85,-75674,-75.674,213,0.213,304,0.304,108,0.108,0,0.0,0,
110.608305,1788179706.477811,219284000,126,1,1,4,31,60773712,801907599,22440,6.0773712,80.1907599,22.44,49,76,0.49,0.76,2,0.02,4485,44.85,-75624,-75.624,213,0.213,304,0.304,82,0.082,0,0.0,0,
111.169113,1788179707.038619,219684000,155,1,1,4,31,60773713,801907598,22490,6.077371299999999,80.1907598,22.490000000000002,49,76,0.49,0.76,1,0.01,4485,44.85,-75574,-75.574,213,0.213,304,0.304,103,0.10300000000000001,0,0.0,0,
111.638232,1788179707.507738,220284000,184,1,1,4,31,60773714,801907597,22540,6.0773714,80.1907597,22.54,49,76,0.49,0.76,1,0.01,4485,44.85,-75524,-75.524,214,0.214,305,0.305,104,0.10400000000000001,0,0.0,0,
112.109199,1788179707.978705,220684000,213,1,1,4,30,60773714,801907596,22580,6.0773714,80.19075959999999,22.580000000000002,50,76,0.5,0.76,1,0.01,4485,44.85,-75484,-75.484,214,0.214,306,0.306,113,0.113,0,0.0,0,
112.674890,1788179708.544396,221284000,241,1,1,4,30,60773714,801907594,22640,6.0773714,80.19075939999999,22.64,50,76,0.5,0.76,3,0.03,4485,44.85,-75424,-75.424,214,0.214,307,0.307,66,0.066,0,0.0,0,
113.127687,1788179708.997193,221684000,14,1,1,4,29,60773713,801907593,22670,6.077371299999999,80.1907593,22.67,53,80,0.53,0.8,6,0.06,4485,44.85,-75394,-75.394,214,0.214,306,0.306,101,0.101,0,0.0,0,
113.629117,1788179709.498623,222284000,42,1,1,4,30,60773714,801907591,22740,6.0773714,80.1907591,22.740000000000002,51,78,0.51,0.78,1,0.01,4485,44.85,-75324,-75.324,214,0.214,307,0.307,111,0.111,0,0.0,0,
114.164202,1788179710.033708,222684000,71,1,1,4,31,60773715,801907590,22780,6.0773715,80.190759,22.78,49,76,0.49,0.76,3,0.03,4485,44.85,-75284,-75.284,214,0.214,307,0.307,75,0.075,0,0.0,0,
114.657096,1788179710.526602,223284000,99,1,1,4,32,60773715,801907589,22840,6.0773715,80.19075889999999,22.84,48,75,0.48,0.75,0,0.0,4485,44.85,-75224,-75.224,215,0.215,307,0.307,81,0.081,0,0.0,0,
115.094469,1788179710.963975,223684000,128,1,1,4,32,60773715,801907589,22880,6.0773715,80.19075889999999,22.88,48,75,0.48,0.75,3,0.03,4485,44.85,-75184,-75.184,215,0.215,307,0.307,85,0.085,0,0.0,0,
115.686933,1788179711.556439,224284000,158,1,1,4,32,60773715,801907588,22900,6.0773715,80.1907588,22.900000000000002,48,75,0.48,0.75,1,0.01,4485,44.85,-75164,-75.164,216,0.216,307,0.307,74,0.074,0,0.0,0,
116.121679,1788179711.991185,224684000,189,1,1,4,31,60773715,801907588,22930,6.0773715,80.1907588,22.93,49,75,0.49,0.75,2,0.02,4485,44.85,-75134,-75.134,216,0.216,307,0.307,59,0.059000000000000004,0,0.0,0,
116.764185,1788179712.633691,225284000,217,1,1,4,31,60773715,801907588,22990,6.0773715,80.1907588,22.990000000000002,49,75,0.49,0.75,2,0.02,4485,44.85,-75074,-75.074,216,0.216,307,0.307,106,0.106,0,0.0,0,
117.151987,1788179713.021493,225684000,246,1,1,4,32,60773715,801907587,23020,6.0773715,80.19075869999999,23.02,48,75,0.48,0.75,0,0.0,4485,44.85,-75044,-75.044,216,0.216,307,0.307,108,0.108,0,0.0,0,
117.623171,1788179713.492677,226284000,18,1,1,4,32,60773715,801907587,23090,6.0773715,80.19075869999999,23.09,48,75,0.48,0.75,1,0.01,4485,44.85,-74974,-74.974,216,0.216,306,0.306,82,0.082,0,0.0,0,
118.203678,1788179714.073184,226684000,47,1,1,4,32,60773716,801907587,23140,6.077371599999999,80.19075869999999,23.14,48,75,0.48,0.75,4,0.04,4485,44.85,-74924,-74.924,215,0.215,306,0.306,72,0.07200000000000001,0,0.0,0,
118.612015,1788179714.481521,227284000,75,1,1,4,32,60773717,801907587,23190,6.0773717,80.19075869999999,23.19,48,75,0.48,0.75,1,0.01,4485,44.85,-74874,-74.874,214,0.214,306,0.306,104,0.10400000000000001,0,0.0,0,
119.112039,1788179714.981545,227684000,104,1,1,4,32,60773717,801907587,23220,6.0773717,80.19075869999999,23.22,48,75,0.48,0.75,2,0.02,4485,44.85,-74844,-74.84400000000001,213,0.213,305,0.305,89,0.089,0,0.0,0,
119.691101,1788179715.560607,228284000,132,1,1,4,32,60773718,801907588,23290,6.0773718,80.1907588,23.29,48,75,0.48,0.75,5,0.05,4485,44.85,-74773,-74.773,212,0.212,305,0.305,105,0.105,0,0.0,0,
120.145291,1788179716.014797,228684000,161,1,1,4,32,60773718,801907588,23320,6.0773718,80.1907588,23.32,48,75,0.48,0.75,1,0.01,4485,44.85,-74744,-74.744,211,0.211,305,0.305,95,0.095,0,0.0,0,
120.612055,1788179716.481561,229284000,189,1,1,4,32,60773718,801907588,23340,6.0773718,80.1907588,23.34,48,75,0.48,0.75,1,0.01,4485,44.85,-74724,-74.724,210,0.21,305,0.305,65,0.065,0,0.0,0,
121.189809,1788179717.059315,229684000,218,1,1,4,32,60773719,801907588,23350,6.0773719,80.1907588,23.35,48,75,0.48,0.75,4,0.04,4485,44.85,-74714,-74.714,210,0.21,305,0.305,59,0.059000000000000004,0,0.0,0,
121.639940,1788179717.509446,230284000,247,1,1,4,32,60773719,801907588,23370,6.0773719,80.1907588,23.37,48,75,0.48,0.75,2,0.02,4485,44.85,-74694,-74.694,209,0.209,306,0.306,51,0.051000000000000004,0,0.0,0,
122.108497,1788179717.978003,230684000,20,1,1,4,32,60773718,801907586,23390,6.0773718,80.1907586,23.39,48,75,0.48,0.75,2,0.02,4485,44.85,-74674,-74.674,209,0.209,306,0.306,78,0.078,0,0.0,0,
122.687701,1788179718.557207,231284000,48,1,1,4,32,60773718,801907586,23430,6.0773718,80.1907586,23.43,48,75,0.48,0.75,1,0.01,4485,44.85,-74634,-74.634,208,0.20800000000000002,307,0.307,84,0.084,0,0.0,0,
123.143366,1788179719.012872,231686000,77,1,1,4,32,60773718,801907585,23450,6.0773718,80.1907585,23.45,48,75,0.48,0.75,2,0.02,4485,44.85,-74614,-74.614,207,0.20700000000000002,306,0.306,115,0.115,0,0.0,0,
123.594763,1788179719.464269,232286000,105,1,1,4,31,60773718,801907586,23500,6.0773718,80.1907586,23.5,49,75,0.49,0.75,1,0.01,4485,44.85,-74564,-74.56400000000001,206,0.20600000000000002,306,0.306,69,0.069,0,0.0,0,
124.094349,1788179719.963855,232686000,134,1,1,4,31,60773716,801907586,23520,6.077371599999999,80.1907586,23.52,49,75,0.49,0.75,2,0.02,4485,44.85,-74543,-74.543,205,0.20500000000000002,306,0.306,79,0.079,0,0.0,0,
124.638324,1788179720.507830,233286000,162,1,1,4,31,60773715,801907587,23550,6.0773715,80.19075869999999,23.55,50,76,0.5,0.76,3,0.03,4485,44.85,-74514,-74.514,205,0.20500000000000002,307,0.307,88,0.088,0,0.0,0,
125.094490,1788179720.963996,233686000,191,1,1,4,31,60773713,801907587,23570,6.077371299999999,80.19075869999999,23.57,49,75,0.49,0.75,1,0.01,4485,44.85,-74494,-74.494,204,0.20400000000000001,307,0.307,62,0.062,0,0.0,0,
125.674946,1788179721.544452,234286000,219,1,1,4,32,60773712,801907588,23610,6.0773712,80.1907588,23.61,49,75,0.49,0.75,1,0.01,4485,44.85,-74454,-74.45400000000001,204,0.20400000000000001,307,0.307,99,0.099,0,0.0,0,
126.125218,1788179721.994724,234686000,248,1,1,4,32,60773711,801907589,23630,6.0773711,80.19075889999999,23.63,49,75,0.49,0.75,2,0.02,4485,44.85,-74434,-74.434,204,0.20400000000000001,307,0.307,84,0.084,0,0.0,0,
126.592205,1788179722.461711,235286000,20,1,1,4,32,60773709,801907589,23650,6.0773709,80.19075889999999,23.650000000000002,49,75,0.49,0.75,1,0.01,4485,44.85,-74414,-74.414,204,0.20400000000000001,308,0.308,109,0.109,0,0.0,0,
127.079324,1788179722.948830,235686000,49,1,1,4,31,60773709,801907589,23670,6.0773709,80.19075889999999,23.67,49,75,0.49,0.75,2,0.02,4485,44.85,-74394,-74.394,204,0.20400000000000001,308,0.308,94,0.094,0,0.0,0,
127.622093,1788179723.491599,236286000,77,1,1,4,31,60773708,801907590,23710,6.0773708,80.190759,23.71,49,75,0.49,0.75,4,0.04,4485,44.85,-74354,-74.354,205,0.20500000000000002,308,0.308,64,0.064,0,0.0,0,
128.200066,1788179724.069572,236686000,106,1,1,4,31,60773708,801907591,23730,6.0773708,80.1907591,23.73,49,75,0.49,0.75,4,0.04,4485,44.85,-74334,-74.334,205,0.20500000000000002,308,0.308,98,0.098,0,0.0,0,
128.656582,1788179724.526088,237286000,134,1,1,4,31,60773707,801907592,23740,6.0773706999999995,80.1907592,23.740000000000002,49,75,0.49,0.75,2,0.02,4485,44.85,-74324,-74.324,205,0.20500000000000002,308,0.308,114,0.114,0,0.0,0,
129.123471,1788179724.992977,237686000,163,1,1,4,30,60773705,801907593,23740,6.0773705,80.1907593,23.740000000000002,52,79,0.52,0.79,2,0.02,4485,44.85,-74324,-74.324,205,0.20500000000000002,308,0.308,78,0.078,0,0.0,0,
129.703351,1788179725.572857,238286000,191,1,1,4,30,60773705,801907594,23740,6.0773705,80.19075939999999,23.740000000000002,52,79,0.52,0.79,1,0.01,4485,44.85,-74324,-74.324,205,0.20500000000000002,309,0.309,90,0.09,0,0.0,0,
130.160192,1788179726.029698,238686000,220,1,1,4,30,60773704,801907595,23720,6.0773703999999995,80.1907595,23.72,52,79,0.52,0.79,4,0.04,4485,44.85,-74344,-74.34400000000001,205,0.20500000000000002,310,0.31,97,0.097,0,0.0,0,
130.625545,1788179726.495051,239286000,248,1,1,4,30,60773704,801907597,23730,6.0773703999999995,80.1907597,23.73,52,79,0.52,0.79,1,0.01,4485,44.85,-74334,-74.334,205,0.20500000000000002,311,0.311,105,0.105,0,0.0,0,
131.107796,1788179726.977302,239686000,21,1,1,4,30,60773704,801907597,23740,6.0773703999999995,80.1907597,23.740000000000002,52,79,0.52,0.79,4,0.04,4485,44.85,-74324,-74.324,205,0.20500000000000002,312,0.312,76,0.076,0,0.0,0,
131.655846,1788179727.525352,240286000,50,1,1,4,30,60773704,801907598,23750,6.0773703999999995,80.1907598,23.75,52,79,0.52,0.79,1,0.01,4485,44.85,-74314,-74.31400000000001,206,0.20600000000000002,312,0.312,116,0.116,0,0.0,0,
132.108304,1788179727.977810,240686000,79,1,1,4,30,60773704,801907599,23770,6.0773703999999995,80.1907599,23.77,52,79,0.52,0.79,1,0.01,4485,44.85,-74294,-74.294,206,0.20600000000000002,313,0.313,104,0.10400000000000001,0,0.0,0,
132.684960,1788179728.554466,241286000,107,1,1,4,30,60773704,801907599,23780,6.0773703999999995,80.1907599,23.78,52,79,0.52,0.79,5,0.05,4485,44.85,-74284,-74.284,207,0.20700000000000002,315,0.315,80,0.08,0,0.0,0,
133.153452,1788179729.022958,241686000,136,1,1,4,29,60773704,801907601,23810,6.0773703999999995,80.19076009999999,23.81,52,79,0.52,0.79,4,0.04,4485,44.85,-74254,-74.254,208,0.20800000000000002,316,0.316,105,0.105,0,0.0,0,
133.649243,1788179729.518749,242286000,164,1,1,4,29,60773702,801907601,23820,6.0773702,80.19076009999999,23.82,53,79,0.53,0.79,2,0.02,4485,44.85,-74244,-74.244,208,0.20800000000000002,318,0.318,118,0.11800000000000001,0,0.0,0,
134.196606,1788179730.066112,242686000,193,1,1,4,29,60773700,801907602,23830,6.07737,80.1907602,23.830000000000002,52,79,0.52,0.79,4,0.04,4485,44.85,-74234,-74.234,208,0.20800000000000002,319,0.319,77,0.077,0,0.0,0,
134.601982,1788179730.471488,243286000,221,1,1,4,29,60773699,801907604,23860,6.0773699,80.1907604,23.86,52,79,0.52,0.79,3,0.03,4485,44.85,-74204,-74.20400000000001,208,0.20800000000000002,319,0.319,67,0.067,0,0.0,0,
135.097670,1788179730.967176,243686000,250,1,1,4,28,60773698,801907605,23880,6.0773698,80.1907605,23.88,54,83,0.54,0.8300000000000001,1,0.01,4485,44.85,-74184,-74.184,208,0.20800000000000002,319,0.319,74,0.074,0,0.0,0,
135.706853,1788179731.576359,244286000,22,1,1,4,29,60773697,801907607,23940,6.077369699999999,80.1907607,23.94,52,79,0.52,0.79,3,0.03,4485,44.85,-74124,-74.124,208,0.20800000000000002,319,0.319,112,0.112,0,0.0,0,
136.142693,1788179732.012199,244686000,51,1,1,4,30,60773697,801907607,23950,6.077369699999999,80.1907607,23.95,52,79,0.52,0.79,2,0.02,4485,44.85,-74114,-74.114,208,0.20800000000000002,320,0.32,95,0.095,0,0.0,0,
136.596525,1788179732.466031,245286000,79,1,1,4,31,60773694,801907609,23980,6.077369399999999,80.1907609,23.98,50,77,0.5,0.77,0,0.0,4485,44.85,-74084,-74.084,208,0.20800000000000002,319,0.319,117,0.117,0,0.0,0,
137.171304,1788179733.040810,245686000,108,1,1,4,31,60773694,801907610,24000,6.077369399999999,80.190761,24.0,50,77,0.5,0.77,2,0.02,4485,44.85,-74064,-74.06400000000001,208,0.20800000000000002,319,0.319,96,0.096,0,0.0,0,
137.656104,1788179733.525610,246286000,137,1,1,4,30,60773693,801907611,24030,6.0773693,80.1907611,24.03,51,82,0.51,0.8200000000000001,2,0.02,4485,44.85,-74034,-74.034,209,0.209,318,0.318,102,0.10200000000000001,0,0.0,0,
138.094507,1788179733.964013,246686000,166,1,1,4,30,60773692,801907611,24040,6.0773692,80.1907611,24.04,51,82,0.51,0.8200000000000001,5,0.05,4485,44.85,-74024,-74.024,209,0.209,318,0.318,70,0.07,0,0.0,0,
138.671549,1788179734.541055,247286000,194,1,1,4,30,60773688,801907613,24050,6.0773687999999995,80.19076129999999,24.05,51,82,0.51,0.8200000000000001,4,0.04,4485,44.85,-74014,-74.014,208,0.20800000000000002,318,0.318,60,0.06,0,0.0,0,
139.122382,1788179734.991888,247686000,223,1,1,4,30,60773687,801907614,24060,6.0773687,80.1907614,24.060000000000002,51,82,0.51,0.8200000000000001,4,0.04,4485,44.85,-74004,-74.004,208,0.20800000000000002,318,0.318,95,0.095,0,0.0,0,
139.590625,1788179735.460131,248286000,251,1,1,4,30,60773686,801907615,24090,6.0773686,80.1907615,24.09,51,82,0.51,0.8200000000000001,2,0.02,4485,44.85,-73974,-73.974,208,0.20800000000000002,319,0.319,85,0.085,0,0.0,0,
140.167823,1788179736.037329,248686000,24,1,1,4,30,60773685,801907616,24100,6.0773684999999995,80.1907616,24.1,51,82,0.51,0.8200000000000001,2,0.02,4485,44.85,-73963,-73.96300000000001,208,0.20800000000000002,320,0.32,73,0.073,0,0.0,0,
140.619057,1788179736.488563,249286000,52,1,1,4,30,60773683,801907617,24130,6.0773683,80.1907617,24.13,51,82,0.51,0.8200000000000001,2,0.02,4485,44.85,-73934,-73.934,208,0.20800000000000002,320,0.32,94,0.094,0,0.0,0,
141.105178,1788179736.974684,249686000,81,1,1,4,30,60773682,801907618,24130,6.0773681999999996,80.19076179999999,24.13,53,82,0.53,0.8200000000000001,0,0.0,4485,44.85,-73934,-73.934,208,0.20800000000000002,319,0.319,113,0.113,0,0.0,0,
141.682423,1788179737.551929,250286000,110,1,1,4,30,60773679,801907620,24180,6.0773679,80.19076199999999,24.18,53,82,0.53,0.8200000000000001,2,0.02,4485,44.85,-73884,-73.884,207,0.20700000000000002,318,0.318,80,0.08,0,0.0,0,
142.119082,1788179737.988588,250686000,139,1,1,4,30,60773677,801907621,24190,6.0773677,80.1907621,24.19,53,82,0.53,0.8200000000000001,1,0.01,4485,44.85,-73874,-73.874,207,0.20700000000000002,318,0.318,74,0.074,0,0.0,0,
142.697342,1788179738.566848,251286000,167,1,1,4,30,60773675,801907623,24210,6.077367499999999,80.1907623,24.21,53,82,0.53,0.8200000000000001,1,0.01,4485,44.85,-73854,-73.854,206,0.20600000000000002,319,0.319,111,0.111,0,0.0,0,
143.169622,1788179739.039128,251689000,196,1,1,4,30,60773673,801907624,24210,6.0773673,80.1907624,24.21,53,82,0.53,0.8200000000000001,5,0.05,4485,44.85,-73854,-73.854,206,0.20600000000000002,319,0.319,70,0.07,0,0.0,0,
143.621084,1788179739.490590,252289000,224,1,1,4,30,60773671,801907626,24220,6.0773671,80.1907626,24.22,53,82,0.53,0.8200000000000001,4,0.04,4485,44.85,-73844,-73.84400000000001,206,0.20600000000000002,320,0.32,79,0.079,0,0.0,0,
144.185304,1788179740.054810,252689000,253,1,1,4,30,60773669,801907628,24220,6.0773668999999995,80.1907628,24.22,53,82,0.53,0.8200000000000001,1,0.01,4485,44.85,-73844,-73.84400000000001,206,0.20600000000000002,321,0.321,75,0.075,0,0.0,0,
144.656006,1788179740.525512,253289000,25,1,1,4,30,60773668,801907628,24220,6.0773668,80.1907628,24.22,53,82,0.53,0.8200000000000001,2,0.02,4485,44.85,-73844,-73.84400000000001,206,0.20600000000000002,321,0.321,111,0.111,0,0.0,0,
145.107598,1788179740.977104,253689000,54,1,1,4,31,60773667,801907628,24210,6.0773667,80.1907628,24.21,53,82,0.53,0.8200000000000001,2,0.02,4485,44.85,-73854,-73.854,206,0.20600000000000002,321,0.321,110,0.11,0,0.0,0,
145.685828,1788179741.555334,254289000,82,1,1,4,31,60773665,801907630,24190,6.0773665,80.19076299999999,24.19,53,82,0.53,0.8200000000000001,2,0.02,4485,44.85,-73874,-73.874,207,0.20700000000000002,322,0.322,117,0.117,0,0.0,0,
146.156662,1788179742.026168,254689000,111,1,1,4,31,60773662,801907630,24200,6.0773662,80.19076299999999,24.2,53,82,0.53,0.8200000000000001,4,0.04,4485,44.85,-73864,-73.864,207,0.20700000000000002,322,0.322,114,0.114,0,0.0,0,
146.619928,1788179742.489434,255289000,139,1,1,4,30,60773660,801907631,24200,6.077366,80.1907631,24.2,53,82,0.53,0.8200000000000001,2,0.02,4485,44.85,-73864,-73.864,207,0.20700000000000002,323,0.323,117,0.117,0,0.0,0,
147.103577,1788179742.973083,255689000,168,1,1,4,30,60773659,801907631,24200,6.077365899999999,80.1907631,24.2,53,82,0.53,0.8200000000000001,1,0.01,4485,44.85,-73864,-73.864,207,0.20700000000000002,323,0.323,118,0.11800000000000001,0,0.0,0,
147.635734,1788179743.505240,256289000,196,1,1,4,30,60773658,801907632,24180,6.0773658,80.19076319999999,24.18,53,82,0.53,0.8200000000000001,1,0.01,4485,44.85,-73884,-73.884,207,0.20700000000000002,324,0.324,65,0.065,0,0.0,0,
148.102260,1788179743.971766,256689000,225,1,1,4,31,60773657,801907633,24150,6.0773657,80.1907633,24.150000000000002,51,77,0.51,0.77,5,0.05,4485,44.85,-73914,-73.914,207,0.20700000000000002,324,0.324,79,0.079,0,0.0,0,
148.647716,1788179744.517222,257289000,253,1,1,4,31,60773657,801907634,24110,6.0773657,80.1907634,24.11,51,77,0.51,0.77,0,0.0,4485,44.85,-73954,-73.95400000000001,207,0.20700000000000002,325,0.325,77,0.077,0,0.0,0,
149.182925,1788179745.052431,257689000,26,1,1,4,31,60773655,801907635,24070,6.0773655,80.1907635,24.07,51,77,0.51,0.77,2,0.02,4485,44.85,-73994,-73.994,207,0.20700000000000002,325,0.325,67,0.067,0,0.0,0,
149.620720,1788179745.490226,258289000,54,1,1,4,31,60773654,801907637,24050,6.0773654,80.19076369999999,24.05,51,77,0.51,0.77,4,0.04,4485,44.85,-74014,-74.014,208,0.20800000000000002,327,0.327,96,0.096,0,0.0,0,
150.166708,1788179746.036214,258689000,83,1,1,4,31,60773654,801907638,24030,6.0773654,80.1907638,24.03,51,77,0.51,0.77,3,0.03,4485,44.85,-74034,-74.034,209,0.209,328,0.328,97,0.097,0,0.0,0,
150.649332,1788179746.518838,259289000,111,1,1,4,31,60773654,801907639,23970,6.0773654,80.1907639,23.97,51,77,0.51,0.77,2,0.02,4485,44.85,-74094,-74.09400000000001,209,0.209,329,0.329,74,0.074,0,0.0,0,
151.085200,1788179746.954706,259689000,140,1,1,4,31,60773654,801907641,23920,6.0773654,80.1907641,23.92,51,77,0.51,0.77,0,0.0,4485,44.85,-74144,-74.144,210,0.21,329,0.329,97,0.097,0,0.0,0,
151.664282,1788179747.533788,260289000,169,1,1,4,31,60773653,801907643,23900,6.077365299999999,80.1907643,23.900000000000002,51,77,0.51,0.77,5,0.05,4485,44.85,-74164,-74.164,211,0.211,329,0.329,73,0.073,0,0.0,0,
152.129741,1788179747.999247,260689000,198,1,1,4,30,60773652,801907645,23880,6.0773652,80.1907645,23.88,51,77,0.51,0.77,4,0.04,4485,44.85,-74184,-74.184,211,0.211,329,0.329,65,0.065,0,0.0,0,
152.694264,1788179748.563770,261289000,226,1,1,4,30,60773652,801907647,23860,6.0773652,80.1907647,23.86,51,77,0.51,0.77,3,0.03,4485,44.85,-74204,-74.20400000000001,212,0.212,329,0.329,79,0.079,0,0.0,0,
153.160737,1788179749.030243,261689000,255,1,1,4,30,60773652,801907650,23850,6.0773652,80.190765,23.85,51,77,0.51,0.77,4,0.04,4485,44.85,-74214,-74.214,213,0.213,329,0.329,78,0.078,0,0.0,0,
153.737655,1788179749.607161,262289000,27,1,1,4,31,60773654,801907653,23820,6.0773654,80.1907653,23.82,52,78,0.52,0.78,3,0.03,4485,44.85,-74244,-74.244,214,0.214,330,0.33,86,0.08600000000000001,0,0.0,0,
154.113634,1788179749.983140,262689000,59,1,1,4,31,60773654,801907654,23780,6.0773654,80.19076539999999,23.78,52,78,0.52,0.78,1,0.01,4485,44.85,-74284,-74.284,215,0.215,331,0.331,120,0.12,0,0.0,0,
154.659973,1788179750.529479,263289000,88,1,1,4,31,60773654,801907657,23750,6.0773654,80.1907657,23.75,51,77,0.51,0.77,2,0.02,4485,44.85,-74314,-74.31400000000001,216,0.216,332,0.332,70,0.07,0,0.0,0,
155.189841,1788179751.059347,263689000,117,1,1,4,31,60773655,801907659,23740,6.0773655,80.1907659,23.740000000000002,51,77,0.51,0.77,2,0.02,4485,44.85,-74324,-74.324,216,0.216,333,0.333,77,0.077,0,0.0,0,
155.610246,1788179751.479752,264289000,145,1,1,4,31,60773655,801907661,23710,6.0773655,80.19076609999999,23.71,51,77,0.51,0.77,0,0.0,4485,44.85,-74354,-74.354,218,0.218,333,0.333,104,0.10400000000000001,0,0.0,0,
156.108921,1788179751.978427,264689000,174,1,1,4,31,60773655,801907663,23700,6.0773655,80.19076629999999,23.7,51,77,0.51,0.77,2,0.02,4485,44.85,-74364,-74.364,218,0.218,333,0.333,117,0.117,0,0.0,0,
156.610128,1788179752.479634,265289000,202,1,1,4,31,60773656,801907665,23690,6.077365599999999,80.1907665,23.69,51,77,0.51,0.77,2,0.02,4485,44.85,-74374,-74.374,220,0.22,335,0.335,112,0.112,0,0.0,0,
157.266086,1788179753.135592,265689000,231,1,1,4,31,60773656,801907667,23690,6.077365599999999,80.1907667,23.69,51,77,0.51,0.77,1,0.01,4485,44.85,-74374,-74.374,220,0.22,336,0.336,85,0.085,0,0.0,0,
157.671010,1788179753.540516,266289000,3,1,1,4,31,60773657,801907668,23620,6.0773657,80.19076679999999,23.62,51,77,0.51,0.77,3,0.03,4485,44.85,-74444,-74.444,221,0.221,337,0.337,110,0.11,0,0.0,0,
158.104644,1788179753.974150,266689000,32,1,1,4,30,60773657,801907668,23550,6.0773657,80.19076679999999,23.55,51,77,0.51,0.77,1,0.01,4485,44.85,-74514,-74.514,221,0.221,337,0.337,78,0.078,0,0.0,0,
158.683771,1788179754.553277,267289000,60,1,1,4,31,60773658,801907668,23410,6.0773658,80.19076679999999,23.41,51,77,0.51,0.77,1,0.01,4485,44.85,-74654,-74.654,221,0.221,335,0.335,105,0.105,0,0.0,0,
159.137836,1788179755.007342,267689000,89,1,1,4,30,60773658,801907669,23350,6.0773658,80.1907669,23.35,51,77,0.51,0.77,1,0.01,4485,44.85,-74714,-74.714,221,0.221,335,0.335,111,0.111,0,0.0,0,
159.733578,1788179755.603084,268289000,117,1,1,4,31,60773659,801907672,23270,6.077365899999999,80.1907672,23.27,51,77,0.51,0.77,2,0.02,4485,44.85,-74793,-74.793,221,0.221,334,0.334,60,0.06,0,0.0,0,
160.094158,1788179755.963664,268689000,146,1,1,4,31,60773658,801907675,23260,6.0773658,80.19076749999999,23.26,51,77,0.51,0.77,1,0.01,4485,44.85,-74804,-74.804,221,0.221,334,0.334,113,0.113,0,0.0,0,
160.655452,1788179756.524958,269289000,174,1,1,4,31,60773658,801907680,23270,6.0773658,80.19076799999999,23.27,51,77,0.51,0.77,7,0.07,4485,44.85,-74794,-74.794,220,0.22,334,0.334,106,0.106,0,0.0,0,
161.089851,1788179756.959357,269689000,203,1,1,4,31,60773659,801907684,23250,6.077365899999999,80.1907684,23.25,51,77,0.51,0.77,2,0.02,4485,44.85,-74813,-74.813,220,0.22,334,0.334,78,0.078,0,0.0,0,
161.699331,1788179757.568837,270289000,232,1,1,4,30,60773660,801907689,23170,6.077366,80.1907689,23.17,51,77,0.51,0.77,2,0.02,4485,44.85,-74894,-74.894,220,0.22,333,0.333,65,0.065,0,0.0,0,
162.135880,1788179758.005386,270689000,5,1,1,4,30,60773660,801907692,23110,6.077366,80.19076919999999,23.11,51,77,0.51,0.77,2,0.02,4485,44.85,-74954,-74.95400000000001,220,0.22,332,0.332,76,0.076,0,0.0,0,
162.585957,1788179758.455463,271289000,33,1,1,4,30,60773661,801907696,23020,6.0773661,80.1907696,23.02,51,77,0.51,0.77,3,0.03,4485,44.85,-75044,-75.044,220,0.22,332,0.332,75,0.075,0,0.0,0,
163.087299,1788179758.956805,271692000,62,1,1,4,31,60773662,801907698,22960,6.0773662,80.1907698,22.96,51,77,0.51,0.77,4,0.04,4485,44.85,-75104,-75.104,220,0.22,332,0.332,72,0.07200000000000001,0,0.0,0,
163.633061,1788179759.502567,272292000,90,1,1,4,30,60773663,801907701,22880,6.0773662999999996,80.1907701,22.88,52,78,0.52,0.78,1,0.01,4485,44.85,-75184,-75.184,220,0.22,333,0.333,119,0.11900000000000001,0,0.0,0,
164.098977,1788179759.968483,272692000,119,1,1,4,31,60773662,801907704,22850,6.0773662,80.19077039999999,22.85,52,78,0.52,0.78,2,0.02,4485,44.85,-75214,-75.214,220,0.22,332,0.332,113,0.113,0,0.0,0,
164.658567,1788179760.528073,273292000,147,1,1,4,31,60773664,801907706,22750,6.0773664,80.1907706,22.75,52,78,0.52,0.78,2,0.02,4485,44.85,-75314,-75.31400000000001,220,0.22,332,0.332,94,0.094,0,0.0,0,
165.128750,1788179760.998256,273692000,176,1,1,4,31,60773665,801907708,22720,6.0773665,80.1907708,22.72,52,78,0.52,0.78,6,0.06,4485,44.85,-75344,-75.34400000000001,219,0.219,332,0.332,99,0.099,0,0.0,0,
165.613451,1788179761.482957,274292000,204,1,1,4,31,60773665,801907712,22690,6.0773665,80.1907712,22.69,51,77,0.51,0.77,3,0.03,4485,44.85,-75374,-75.374,219,0.219,333,0.333,73,0.073,0,0.0,0,
166.161148,1788179762.030654,274692000,233,1,1,4,31,60773666,801907714,22670,6.0773665999999995,80.1907714,22.67,51,77,0.51,0.77,0,0.0,4485,44.85,-75394,-75.394,219,0.219,333,0.333,114,0.114,0,0.0,0,
166.633041,1788179762.502547,275292000,5,1,1,4,31,60773666,801907717,22630,6.0773665999999995,80.1907717,22.63,51,77,0.51,0.77,2,0.02,4485,44.85,-75434,-75.434,219,0.219,333,0.333,104,0.10400000000000001,0,0.0,0,
167.192960,1788179763.062466,275692000,34,1,1,4,31,60773667,801907720,22610,6.0773667,80.190772,22.61,51,77,0.51,0.77,1,0.01,4485,44.85,-75453,-75.453,219,0.219,333,0.333,117,0.117,0,0.0,0,
167.615180,1788179763.484686,276292000,63,1,1,4,32,60773667,801907723,22540,6.0773667,80.19077229999999,22.54,51,77,0.51,0.77,3,0.03,4485,44.85,-75524,-75.524,220,0.22,334,0.334,123,0.123,0,0.0,0,
168.113185,1788179763.982691,276692000,92,1,1,4,32,60773666,801907725,22560,6.0773665999999995,80.1907725,22.56,49,75,0.49,0.75,2,0.02,4485,44.85,-75504,-75.504,221,0.221,335,0.335,124,0.124,0,0.0,0,
168.599026,1788179764.468532,277292000,120,1,1,4,31,60773666,801907728,22490,6.0773665999999995,80.19077279999999,22.490000000000002,51,77,0.51,0.77,4,0.04,4485,44.85,-75574,-75.574,222,0.222,336,0.336,109,0.109,0,0.0,0,
169.222207,1788179765.091713,277692000,149,1,1,4,31,60773667,801907729,22430,6.0773667,80.1907729,22.43,51,77,0.51,0.77,3,0.03,4485,44.85,-75634,-75.634,223,0.223,337,0.337,79,0.079,0,0.0,0,
169.677428,1788179765.546934,278292000,177,1,1,4,31,60773669,801907730,22400,6.0773668999999995,80.190773,22.400000000000002,51,77,0.51,0.77,1,0.01,4485,44.85,-75664,-75.664,223,0.223,338,0.338,85,0.085,0,0.0,0,
170.098303,1788179765.967809,278692000,206,1,1,4,30,60773671,801907731,22370,6.0773671,80.1907731,22.37,51,77,0.51,0.77,4,0.04,4485,44.85,-75694,-75.694,224,0.224,339,0.339,76,0.076,0,0.0,0,
170.640481,1788179766.509987,279292000,234,1,1,4,32,60773674,801907732,22290,6.0773674,80.1907732,22.29,51,77,0.51,0.77,2,0.02,4485,44.85,-75774,-75.774,224,0.224,338,0.338,113,0.113,0,0.0,0,
171.109456,1788179766.978962,279692000,7,1,1,4,31,60773675,801907734,22230,6.077367499999999,80.1907734,22.23,53,78,0.53,0.78,1,0.01,4485,44.85,-75834,-75.834,224,0.224,338,0.338,95,0.095,0,0.0,0,
171.686138,1788179767.555644,280292000,36,1,1,4,31,60773677,801907737,22220,6.0773677,80.1907737,22.22,53,78,0.53,0.78,3,0.03,4485,44.85,-75843,-75.843,224,0.224,338,0.338,97,0.097,0,0.0,0,
172.138292,1788179768.007798,280692000,65,1,1,4,30,60773677,801907738,22180,6.0773677,80.1907738,22.18,53,78,0.53,0.78,1,0.01,4485,44.85,-75884,-75.884,224,0.224,338,0.338,121,0.121,0,0.0,0,
172.635370,1788179768.504876,281292000,93,1,1,4,32,60773677,801907739,22140,6.0773677,80.1907739,22.14,54,78,0.54,0.78,2,0.02,4485,44.85,-75924,-75.924,225,0.225,338,0.338,124,0.124,0,0.0,0,
173.184857,1788179769.054363,281692000,122,1,1,4,32,60773679,801907740,22120,6.0773679,80.19077399999999,22.12,54,78,0.54,0.78,4,0.04,4485,44.85,-75944,-75.944,225,0.225,338,0.338,83,0.083,0,0.0,0,
173.637253,1788179769.506759,282292000,150,1,1,4,32,60773682,801907740,22070,6.0773681999999996,80.19077399999999,22.07,53,78,0.53,0.78,2,0.02,4485,44.85,-75994,-75.994,225,0.225,339,0.339,70,0.07,0,0.0,0,
174.140071,1788179770.009577,282692000,179,1,1,4,30,60773682,801907741,22030,6.0773681999999996,80.1907741,22.03,54,78,0.54,0.78,2,0.02,4485,44.85,-76034,-76.034,225,0.225,339,0.339,85,0.085,0,0.0,0,
174.588316,1788179770.457822,283292000,207,1,1,4,30,60773685,801907741,21970,6.0773684999999995,80.1907741,21.97,54,78,0.54,0.78,4,0.04,4485,44.85,-76094,-76.09400000000001,226,0.226,339,0.339,111,0.111,0,0.0,0,
175.210205,1788179771.079711,283692000,236,1,1,4,30,60773686,801907742,21960,6.0773686,80.19077419999999,21.96,53,78,0.53,0.78,3,0.03,4485,44.85,-76104,-76.104,226,0.226,340,0.34,74,0.074,0,0.0,0,
175.614941,1788179771.484447,284292000,8,1,1,4,31,60773688,801907743,21940,6.0773687999999995,80.1907743,21.94,53,78,0.53,0.78,2,0.02,4485,44.85,-76124,-76.124,227,0.227,340,0.34,76,0.076,0,0.0,0,
176.160701,1788179772.030207,284692000,37,1,1,4,30,60773690,801907743,21900,6.077369,80.1907743,21.900000000000002,53,78,0.53,0.78,3,0.03,4485,44.85,-76164,-76.164,227,0.227,340,0.34,114,0.114,0,0.0,0,
176.629769,1788179772.499275,285292000,65,1,1,4,30,60773694,801907742,21800,6.077369399999999,80.19077419999999,21.8,53,78,0.53,0.78,4,0.04,4485,44.85,-76264,-76.264,228,0.228,341,0.341,116,0.116,0,0.0,0,
177.114169,1788179772.983675,285692000,94,1,1,4,31,60773695,801907742,21740,6.0773695,80.19077419999999,21.740000000000002,51,77,0.51,0.77,2,0.02,4485,44.85,-76324,-76.324,228,0.228,341,0.341,103,0.10300000000000001,0,0.0,0,
177.659649,1788179773.529155,286292000,122,1,1,4,31,60773700,801907741,21670,6.07737,80.1907741,21.67,51,77,0.51,0.77,0,0.0,4485,44.85,-76394,-76.394,228,0.228,341,0.341,121,0.121,0,0.0,0,
178.130505,1788179774.000011,286692000,151,1,1,4,32,60773704,801907740,21610,6.0773703999999995,80.19077399999999,21.61,51,77,0.51,0.77,0,0.0,4485,44.85,-76454,-76.45400000000001,228,0.228,341,0.341,112,0.112,0,0.0,0,
178.595693,1788179774.465199,287292000,179,1,1,4,31,60773707,801907740,21510,6.0773706999999995,80.19077399999999,21.51,51,77,0.51,0.77,2,0.02,4485,44.85,-76554,-76.554,229,0.229,342,0.342,89,0.089,0,0.0,0,
179.109741,1788179774.979247,287692000,208,1,1,4,31,60773710,801907740,21430,6.077370999999999,80.19077399999999,21.43,51,77,0.51,0.77,5,0.05,4485,44.85,-76633,-76.633,229,0.229,342,0.342,79,0.079,0,0.0,0,
179.626383,1788179775.495889,288292000,236,1,1,4,31,60773714,801907737,21320,6.0773714,80.1907737,21.32,51,78,0.51,0.78,0,0.0,4485,44.85,-76744,-76.744,230,0.23,343,0.343,125,0.125,0,0.0,0,
180.079646,1788179775.949152,288692000,9,1,1,4,31,60773718,801907736,21250,6.0773718,80.1907736,21.25,51,78,0.51,0.78,4,0.04,4485,44.85,-76814,-76.81400000000001,230,0.23,343,0.343,87,0.08700000000000001,0,0.0,0,
180.658070,1788179776.527576,289292000,37,1,1,4,31,60773724,801907734,21170,6.0773724,80.1907734,21.17,51,78,0.51,0.78,2,0.02,4485,44.85,-76894,-76.894,230,0.23,343,0.343,88,0.088,0,0.0,0,
181.119976,1788179776.989482,289692000,66,1,1,4,31,60773727,801907733,21110,6.0773727,80.19077329999999,21.11,51,78,0.51,0.78,2,0.02,4485,44.85,-76953,-76.953,230,0.23,343,0.343,121,0.121,0,0.0,0,
181.711073,1788179777.580579,290292000,95,1,1,4,30,60773734,801907731,21040,6.0773734,80.1907731,21.04,51,78,0.51,0.78,2,0.02,4485,44.85,-77024,-77.024,230,0.23,343,0.343,100,0.1,0,0.0,0,
182.087667,1788179777.957173,290692000,124,1,1,4,30,60773738,801907729,20990,6.0773738,80.1907729,20.990000000000002,51,78,0.51,0.78,0,0.0,4485,44.85,-77074,-77.074,229,0.229,343,0.343,75,0.075,0,0.0,0,
182.604203,1788179778.473709,291292000,152,1,1,4,31,60773744,801907726,20890,6.0773744,80.1907726,20.89,51,78,0.51,0.78,3,0.03,4485,44.85,-77174,-77.174,229,0.229,342,0.342,100,0.1,0,0.0,0,
183.167825,1788179779.037331,291694000,181,1,1,4,30,60773749,801907724,20840,6.0773749,80.1907724,20.84,51,78,0.51,0.78,0,0.0,4485,44.85,-77224,-77.224,228,0.228,342,0.342,110,0.11,0,0.0,0,
183.669385,1788179779.538891,292294000,209,1,1,4,29,60773755,801907720,20780,6.0773755,80.190772,20.78,52,78,0.52,0.78,2,0.02,4485,44.85,-77284,-77.284,228,0.228,341,0.341,122,0.122,0,0.0,0,
184.105008,1788179779.974514,292694000,238,1,1,4,30,60773759,801907718,20700,6.0773759,80.1907718,20.7,51,78,0.51,0.78,1,0.01,4485,44.85,-77364,-77.364,227,0.227,341,0.341,127,0.127,0,0.0,0,
184.680818,1788179780.550324,293294000,10,1,1,4,29,60773765,801907713,20640,6.0773765,80.1907713,20.64,52,78,0.52,0.78,5,0.05,4485,44.85,-77424,-77.424,228,0.228,341,0.341,79,0.079,0,0.0,0,
185.135315,1788179781.004821,293694000,39,1,1,4,30,60773769,801907711,20600,6.0773769,80.19077109999999,20.6,51,78,0.51,0.78,4,0.04,4485,44.85,-77464,-77.464,228,0.228,341,0.341,83,0.083,0,0.0,0,
185.593892,1788179781.463398,294294000,67,1,1,4,29,60773774,801907707,20540,6.0773774,80.1907707,20.54,51,78,0.51,0.78,3,0.03,4485,44.85,-77524,-77.524,227,0.227,341,0.341,109,0.109,0,0.0,0,
186.171117,1788179782.040623,294694000,96,1,1,4,30,60773776,801907705,20530,6.0773776,80.1907705,20.53,51,78,0.51,0.78,1,0.01,4485,44.85,-77533,-77.533,228,0.228,341,0.341,110,0.11,0,0.0,0,
186.637232,1788179782.506738,295294000,124,1,1,4,31,60773782,801907700,20460,6.0773782,80.19077,20.46,49,75,0.49,0.75,1,0.01,4485,44.85,-77604,-77.604,228,0.228,342,0.342,115,0.115,0,0.0,0,
187.089400,1788179782.958906,295694000,153,1,1,4,31,60773785,801907697,20400,6.0773785,80.19076969999999,20.400000000000002,49,75,0.49,0.75,3,0.03,4485,44.85,-77664,-77.664,227,0.227,342,0.342,94,0.094,0,0.0,0,
187.662528,1788179783.532034,296294000,181,1,1,4,31,60773790,801907693,20350,6.077379,80.1907693,20.35,49,75,0.49,0.75,2,0.02,4485,44.85,-77714,-77.714,227,0.227,341,0.341,92,0.092,0,0.0,0,
188.131836,1788179784.001342,296694000,210,1,1,4,31,60773793,801907691,20290,6.0773793,80.1907691,20.29,49,75,0.49,0.75,3,0.03,4485,44.85,-77774,-77.774,227,0.227,341,0.341,120,0.12,0,0.0,0,
188.597795,1788179784.467301,297294000,238,1,1,4,31,60773800,801907686,20230,6.07738,80.1907686,20.23,48,74,0.48,0.74,1,0.01,4485,44.85,-77834,-77.834,227,0.227,342,0.342,86,0.08600000000000001,0,0.0,0,
189.080307,1788179784.949813,297694000,11,1,1,4,31,60773805,801907683,20200,6.077380499999999,80.1907683,20.2,48,74,0.48,0.74,3,0.03,4485,44.85,-77864,-77.864,227,0.227,342,0.342,66,0.066,0,0.0,0,
189.627815,1788179785.497321,298294000,39,1,1,4,31,60773811,801907679,20170,6.077381099999999,80.1907679,20.17,48,74,0.48,0.74,0,0.0,4485,44.85,-77894,-77.894,227,0.227,341,0.341,120,0.12,0,0.0,0,
190.192982,1788179786.062488,298694000,68,1,1,4,31,60773816,801907676,20130,6.0773816,80.1907676,20.13,48,74,0.48,0.74,2,0.02,4485,44.85,-77934,-77.934,226,0.226,342,0.342,129,0.129,0,0.0,0,
190.615861,1788179786.485367,299294000,96,1,1,4,31,60773822,801907670,20060,6.0773822,80.190767,20.06,48,74,0.48,0.74,2,0.02,4485,44.85,-78004,-78.004,226,0.226,342,0.342,75,0.075,0,0.0,0,
191.114914,1788179786.984420,299694000,125,1,1,4,31,60773826,801907668,20050,6.0773826,80.19076679999999,20.05,49,75,0.49,0.75,4,0.04,4485,44.85,-78014,-78.014,226,0.226,342,0.342,106,0.106,0,0.0,0,
191.693970,1788179787.563476,300294000,154,1,1,4,31,60773831,801907664,20020,6.0773831,80.1907664,20.02,48,74,0.48,0.74,4,0.04,4485,44.85,-78044,-78.044,227,0.227,343,0.343,106,0.106,0,0.0,0,
192.099000,1788179787.968506,300694000,186,1,1,4,31,60773834,801907662,20030,6.0773833999999995,80.1907662,20.03,48,74,0.48,0.74,4,0.04,4485,44.85,-78033,-78.033,227,0.227,343,0.343,79,0.079,0,0.0,0,
192.613544,1788179788.483050,301294000,215,1,1,4,31,60773839,801907658,20030,6.0773839,80.1907658,20.03,50,77,0.5,0.77,2,0.02,4485,44.85,-78034,-78.034,227,0.227,343,0.343,89,0.089,0,0.0,0,
193.113301,1788179788.982807,301694000,244,1,1,4,31,60773842,801907656,20050,6.0773842,80.19076559999999,20.05,50,77,0.5,0.77,4,0.04,4485,44.85,-78014,-78.014,227,0.227,343,0.343,110,0.11,0,0.0,0,
193.659492,1788179789.528998,302294000,16,1,1,4,31,60773845,801907651,20050,6.0773845,80.1907651,20.05,50,77,0.5,0.77,2,0.02,4485,44.85,-78014,-78.014,227,0.227,343,0.343,73,0.073,0,0.0,0,
194.111704,1788179789.981210,302694000,45,1,1,4,31,60773848,801907649,20050,6.0773848,80.19076489999999,20.05,48,74,0.48,0.74,0,0.0,4485,44.85,-78014,-78.014,227,0.227,343,0.343,117,0.117,0,0.0,0,
194.593652,1788179790.463158,303294000,73,1,1,4,31,60773850,801907644,20040,6.077385,80.19076439999999,20.04,48,74,0.48,0.74,1,0.01,4485,44.85,-78024,-78.024,227,0.227,343,0.343,117,0.117,0,0.0,0,
195.218464,1788179791.087970,303694000,102,1,1,4,31,60773853,801907642,20060,6.0773852999999995,80.19076419999999,20.06,48,74,0.48,0.74,1,0.01,4485,44.85,-78004,-78.004,226,0.226,342,0.342,126,0.126,0,0.0,0,
195.640015,1788179791.509521,304294000,130,1,1,4,31,60773856,801907638,20070,6.0773855999999995,80.1907638,20.07,48,74,0.48,0.74,1,0.01,4485,44.85,-77994,-77.994,226,0.226,340,0.34,77,0.077,0,0.0,0,
196.185271,1788179792.054777,304694000,159,1,1,4,31,60773858,801907636,20080,6.0773858,80.1907636,20.080000000000002,48,74,0.48,0.74,3,0.03,4485,44.85,-77984,-77.984,225,0.225,340,0.34,70,0.07,0,0.0,0,
196.641374,1788179792.510880,305294000,187,1,1,4,31,60773860,801907632,20070,6.077386,80.19076319999999,20.07,48,74,0.48,0.74,5,0.05,4485,44.85,-77994,-77.994,224,0.224,338,0.338,82,0.082,0,0.0,0,
197.109582,1788179792.979088,305694000,216,1,1,4,31,60773861,801907628,20050,6.0773861,80.1907628,20.05,48,74,0.48,0.74,2,0.02,4485,44.85,-78013,-78.013,224,0.224,336,0.336,87,0.08700000000000001,0,0.0,0,
197.672893,1788179793.542399,306294000,244,1,1,4,31,60773863,801907623,20030,6.0773863,80.1907623,20.03,48,74,0.48,0.74,0,0.0,4485,44.85,-78034,-78.034,223,0.223,334,0.334,121,0.121,0,0.0,0,
198.139191,1788179794.008697,306694000,17,1,1,4,30,60773864,801907620,20020,6.0773864,80.19076199999999,20.02,49,75,0.49,0.75,3,0.03,4485,44.85,-78044,-78.044,222,0.222,332,0.332,105,0.105,0,0.0,0,
198.594946,1788179794.464452,307294000,46,1,1,4,30,60773865,801907616,20030,6.077386499999999,80.1907616,20.03,50,77,0.5,0.77,4,0.04,4485,44.85,-78033,-78.033,221,0.221,330,0.33,103,0.10300000000000001,0,0.0,0,
199.187278,1788179795.056784,307694000,75,1,1,4,30,60773864,801907613,20060,6.0773864,80.19076129999999,20.06,50,77,0.5,0.77,0,0.0,4485,44.85,-78004,-78.004,221,0.221,328,0.328,116,0.116,0,0.0,0,
199.640588,1788179795.510094,308294000,103,1,1,4,30,60773864,801907608,20020,6.0773864,80.19076079999999,20.02,50,77,0.5,0.77,2,0.02,4485,44.85,-78044,-78.044,220,0.22,326,0.326,84,0.084,0,0.0,0,
200.093708,1788179795.963214,308694000,132,1,1,4,30,60773865,801907604,19990,6.077386499999999,80.1907604,19.990000000000002,50,77,0.5,0.77,3,0.03,4485,44.85,-78074,-78.074,220,0.22,325,0.325,118,0.11800000000000001,0,0.0,0,
200.672322,1788179796.541828,309294000,160,1,1,4,29,60773866,801907598,19950,6.0773866,80.1907598,19.95,51,78,0.51,0.78,3,0.03,4485,44.85,-78114,-78.114,219,0.219,324,0.324,76,0.076,0,0.0,0,
201.156011,1788179797.025517,309694000,189,1,1,4,29,60773867,801907595,19920,6.0773867,80.1907595,19.92,51,78,0.51,0.78,4,0.04,4485,44.85,-78144,-78.144,219,0.219,323,0.323,71,0.07100000000000001,0,0.0,0,
201.625451,1788179797.494957,310294000,218,1,1,4,29,60773868,801907590,19900,6.077386799999999,80.190759,19.900000000000002,52,78,0.52,0.78,3,0.03,4485,44.85,-78164,-78.164,218,0.218,322,0.322,89,0.089,0,0.0,0,
202.169744,1788179798.039250,310694000,247,1,1,4,29,60773869,801907586,19880,6.0773869,80.1907586,19.88,52,78,0.52,0.78,5,0.05,4485,44.85,-78184,-78.184,218,0.218,322,0.322,115,0.115,0,0.0,0,
202.651992,1788179798.521498,311294000,19,1,1,4,29,60773871,801907581,19820,6.0773871,80.1907581,19.82,51,78,0.51,0.78,5,0.05,4485,44.85,-78244,-78.244,218,0.218,322,0.322,76,0.076,0,0.0,0,
203.196933,1788179799.066439,311694000,48,1,1,4,29,60773872,801907578,19790,6.0773871999999995,80.1907578,19.79,51,78,0.51,0.78,7,0.07,4485,44.85,-78274,-78.274,217,0.217,321,0.321,79,0.079,0,0.0,0,
203.664998,1788179799.534504,312294000,76,1,1,4,29,60773874,801907575,19750,6.0773874,80.19075749999999,19.75,51,78,0.51,0.78,3,0.03,4485,44.85,-78314,-78.31400000000001,217,0.217,321,0.321,93,0.093,0,0.0,0,
204.136098,1788179800.005604,312694000,105,1,1,4,29,60773875,801907572,19730,6.0773874999999995,80.1907572,19.73,51,78,0.51,0.78,2,0.02,4485,44.85,-78334,-78.334,217,0.217,321,0.321,102,0.10200000000000001,0,0.0,0,
204.604017,1788179800.473523,313294000,133,1,1,4,29,60773876,801907567,19690,6.0773876,80.1907567,19.69,51,77,0.51,0.77,4,0.04,4485,44.85,-78374,-78.374,217,0.217,321,0.321,61,0.061,0,0.0,0,
205.163152,1788179801.032658,313694000,162,1,1,4,29,60773876,801907564,19680,6.0773876,80.1907564,19.68,51,77,0.51,0.77,3,0.03,4485,44.85,-78384,-78.384,216,0.216,320,0.32,107,0.107,0,0.0,0,
205.600598,1788179801.470104,314294000,190,1,1,4,29,60773878,801907561,19680,6.0773877999999995,80.1907561,19.68,51,77,0.51,0.77,4,0.04,4485,44.85,-78384,-78.384,216,0.216,320,0.32,92,0.092,0,0.0,0,
206.192437,1788179802.061943,314694000,219,1,1,4,29,60773879,801907559,19650,6.0773879,80.1907559,19.650000000000002,51,77,0.51,0.77,2,0.02,4485,44.85,-78414,-78.414,216,0.216,320,0.32,110,0.11,0,0.0,0,
206.689324,1788179802.558830,315294000,247,1,1,4,28,60773880,801907557,19620,6.077388,80.1907557,19.62,53,83,0.53,0.8300000000000001,1,0.01,4485,44.85,-78444,-78.444,216,0.216,321,0.321,123,0.123,0,0.0,0,
207.111758,1788179802.981264,315694000,20,1,1,4,29,60773881,801907556,19610,6.077388099999999,80.1907556,19.61,51,77,0.51,0.77,1,0.01,4485,44.85,-78454,-78.45400000000001,216,0.216,322,0.322,113,0.113,0,0.0,0,
207.691794,1788179803.561300,316294000,48,1,1,4,28,60773881,801907555,19610,6.077388099999999,80.1907555,19.61,53,82,0.53,0.8200000000000001,1,0.01,4485,44.85,-78454,-78.45400000000001,215,0.215,322,0.322,122,0.122,0,0.0,0,
208.145526,1788179804.015032,316694000,77,1,1,4,28,60773881,801907554,19610,6.077388099999999,80.1907554,19.61,53,82,0.53,0.8200000000000001,0,0.0,4485,44.85,-78454,-78.45400000000001,215,0.215,322,0.322,121,0.121,0,0.0,0,
208.611692,1788179804.481198,317294000,105,1,1,4,29,60773881,801907553,19600,6.077388099999999,80.19075529999999,19.6,53,82,0.53,0.8200000000000001,2,0.02,4485,44.85,-78464,-78.464,215,0.215,323,0.323,85,0.085,0,0.0,0,
209.253487,1788179805.122993,317694000,134,1,1,4,28,60773881,801907552,19590,6.077388099999999,80.1907552,19.59,53,82,0.53,0.8200000000000001,0,0.0,4485,44.85,-78474,-78.474,215,0.215,323,0.323,110,0.11,0,0.0,0,
209.643818,1788179805.513324,318294000,162,1,1,4,28,60773882,801907552,19610,6.0773882,80.1907552,19.61,53,82,0.53,0.8200000000000001,5,0.05,4485,44.85,-78454,-78.45400000000001,215,0.215,322,0.322,61,0.061,0,0.0,0,
210.125251,1788179805.994757,318694000,191,1,1,4,28,60773881,801907552,19600,6.077388099999999,80.1907552,19.6,53,82,0.53,0.8200000000000001,2,0.02,4485,44.85,-78464,-78.464,215,0.215,322,0.322,108,0.108,0,0.0,0,
210.691041,1788179806.560547,319294000,219,1,1,4,28,60773880,801907552,19650,6.077388,80.1907552,19.650000000000002,53,82,0.53,0.8200000000000001,3,0.03,4485,44.85,-78414,-78.414,215,0.215,322,0.322,77,0.077,0,0.0,0,
211.094754,1788179806.964260,319694000,248,1,1,4,28,60773880,801907551,19670,6.077388,80.19075509999999,19.67,53,82,0.53,0.8200000000000001,3,0.03,4485,44.85,-78394,-78.394,215,0.215,322,0.322,74,0.074,0,0.0,0,
211.596495,1788179807.466001,320294000,21,1,1,4,29,60773879,801907552,19680,6.0773879,80.1907552,19.68,50,78,0.5,0.78,2,0.02,4485,44.85,-78384,-78.384,215,0.215,321,0.321,75,0.075,0,0.0,0,
212.082870,1788179807.952376,320694000,50,1,1,4,30,60773879,801907553,19690,6.0773879,80.19075529999999,19.69,50,78,0.5,0.78,2,0.02,4485,44.85,-78373,-78.373,216,0.216,320,0.32,125,0.125,0,0.0,0,
212.707314,1788179808.576820,321294000,78,1,1,4,28,60773880,801907554,19700,6.077388,80.1907554,19.7,53,82,0.53,0.8200000000000001,0,0.0,4485,44.85,-78364,-78.364,215,0.215,320,0.32,77,0.077,0,0.0,0,
213.163621,1788179809.033127,321694000,107,1,1,4,28,60773880,801907554,19710,6.077388,80.1907554,19.71,53,82,0.53,0.8200000000000001,2,0.02,4485,44.85,-78354,-78.354,215,0.215,319,0.319,110,0.11,0,0.0,0,
213.617022,1788179809.486528,322294000,135,1,1,4,28,60773880,801907556,19710,6.077388,80.1907556,19.71,53,82,0.53,0.8200000000000001,4,0.04,4485,44.85,-78354,-78.354,215,0.215,319,0.319,124,0.124,0,0.0,0,
214.149727,1788179810.019233,322694000,164,1,1,4,28,60773881,801907557,19700,6.077388099999999,80.1907557,19.7,53,82,0.53,0.8200000000000001,4,0.04,4485,44.85,-78364,-78.364,215,0.215,319,0.319,122,0.122,0,0.0,0,
214.586459,1788179810.455965,323294000,192,1,1,4,28,60773880,801907558,19750,6.077388,80.19075579999999,19.75,53,82,0.53,0.8200000000000001,2,0.02,4485,44.85,-78314,-78.31400000000001,215,0.215,319,0.319,99,0.099,0,0.0,0,
215.083028,1788179810.952534,323694000,221,1,1,4,29,60773880,801907559,19780,6.077388,80.1907559,19.78,50,78,0.5,0.78,4,0.04,4485,44.85,-78284,-78.284,214,0.214,319,0.319,111,0.111,0,0.0,0,
215.629178,1788179811.498684,324294000,249,1,1,4,29,60773880,801907562,19840,6.077388,80.1907562,19.84,50,78,0.5,0.78,0,0.0,4485,44.85,-78224,-78.224,214,0.214,318,0.318,115,0.115,0,0.0,0,
216.084207,1788179811.953713,324694000,22,1,1,4,30,60773879,801907564,19880,6.0773879,80.1907564,19.88,51,80,0.51,0.8,3,0.03,4485,44.85,-78184,-78.184,214,0.214,317,0.317,116,0.116,0,0.0,0,
216.660986,1788179812.530492,325294000,50,1,1,4,29,60773876,801907567,19930,6.0773876,80.1907567,19.93,51,80,0.51,0.8,3,0.03,4485,44.85,-78134,-78.134,213,0.213,316,0.316,107,0.107,0,0.0,0,
217.131352,1788179813.000858,325694000,79,1,1,4,30,60773874,801907570,19980,6.0773874,80.19075699999999,19.98,49,75,0.49,0.75,0,0.0,4485,44.85,-78084,-78.084,213,0.213,316,0.316,127,0.127,0,0.0,0,
217.613628,1788179813.483134,326294000,108,1,1,4,29,60773872,801907571,20040,6.0773871999999995,80.1907571,20.04,50,78,0.5,0.78,3,0.03,4485,44.85,-78024,-78.024,213,0.213,316,0.316,83,0.083,0,0.0,0,
218.162219,1788179814.031725,326694000,137,1,1,4,29,60773870,801907572,20090,6.077387,80.1907572,20.09,50,78,0.5,0.78,4,0.04,4485,44.85,-77974,-77.974,213,0.213,316,0.316,79,0.079,0,0.0,0,
218.642529,1788179814.512035,327294000,165,1,1,4,30,60773868,801907575,20160,6.077386799999999,80.19075749999999,20.16,49,75,0.49,0.75,3,0.03,4485,44.85,-77904,-77.904,213,0.213,316,0.316,88,0.088,0,0.0,0,
219.113999,1788179814.983505,327694000,194,1,1,4,30,60773865,801907578,20240,6.077386499999999,80.1907578,20.240000000000002,49,75,0.49,0.75,3,0.03,4485,44.85,-77824,-77.824,213,0.213,316,0.316,127,0.127,0,0.0,0,
219.662028,1788179815.531534,328294000,222,1,1,4,30,60773863,801907581,20340,6.0773863,80.1907581,20.34,49,75,0.49,0.75,0,0.0,4485,44.85,-77724,-77.724,213,0.213,315,0.315,116,0.116,0,0.0,0,
220.114201,1788179815.983707,328694000,251,1,1,4,30,60773861,801907585,20400,6.0773861,80.1907585,20.400000000000002,49,75,0.49,0.75,1,0.01,4485,44.85,-77664,-77.664,213,0.213,315,0.315,103,0.10300000000000001,0,0.0,0,
220.583493,1788179816.452999,329294000,23,1,1,4,30,60773858,801907588,20500,6.0773858,80.1907588,20.5,49,75,0.49,0.75,1,0.01,4485,44.85,-77564,-77.56400000000001,213,0.213,315,0.315,126,0.126,0,0.0,0,
221.147312,1788179817.016818,329694000,52,1,1,4,30,60773857,801907591,20570,6.0773857,80.1907591,20.57,49,75,0.49,0.75,2,0.02,4485,44.85,-77493,-77.493,213,0.213,315,0.315,126,0.126,0,0.0,0,
221.644309,1788179817.513815,330294000,81,1,1,4,30,60773855,801907593,20660,6.0773855,80.1907593,20.66,49,75,0.49,0.75,1,0.01,4485,44.85,-77404,-77.404,213,0.213,315,0.315,100,0.1,0,0.0,0,
222.191539,1788179818.061045,330694000,110,1,1,4,30,60773854,801907594,20710,6.0773854,80.19075939999999,20.71,49,75,0.49,0.75,3,0.03,4485,44.85,-77354,-77.354,213,0.213,316,0.316,103,0.10300000000000001,0,0.0,0,
222.644045,1788179818.513551,331294000,138,1,1,4,30,60773850,801907599,20810,6.077385,80.1907599,20.81,49,75,0.49,0.75,0,0.0,4485,44.85,-77254,-77.254,213,0.213,316,0.316,95,0.095,0,0.0,0,
223.111303,1788179818.980809,331696000,167,1,1,4,30,60773849,801907601,20870,6.077384899999999,80.19076009999999,20.87,50,75,0.5,0.75,2,0.02,4485,44.85,-77194,-77.194,213,0.213,316,0.316,105,0.105,0,0.0,0,
223.689025,1788179819.558531,332296000,195,1,1,4,30,60773847,801907604,20980,6.0773847,80.1907604,20.98,50,75,0.5,0.75,0,0.0,4485,44.85,-77084,-77.084,214,0.214,316,0.316,60,0.06,0,0.0,0,
224.157616,1788179820.027122,332696000,224,1,1,4,30,60773846,801907607,21060,6.077384599999999,80.1907607,21.06,50,75,0.5,0.75,2,0.02,4485,44.85,-77004,-77.004,214,0.214,316,0.316,128,0.128,0,0.0,0,
224.592061,1788179820.461567,333296000,252,1,1,4,30,60773845,801907610,21180,6.0773845,80.190761,21.18,50,75,0.5,0.75,1,0.01,4485,44.85,-76884,-76.884,214,0.214,316,0.316,114,0.114,0,0.0,0,
225.092634,1788179820.962140,333696000,25,1,1,4,30,60773844,801907611,21250,6.0773844,80.1907611,21.25,50,75,0.5,0.75,5,0.05,4485,44.85,-76814,-76.81400000000001,214,0.214,316,0.316,82,0.082,0,0.0,0,
225.641498,1788179821.511004,334296000,53,1,1,4,30,60773843,801907614,21350,6.077384299999999,80.1907614,21.35,50,75,0.5,0.75,3,0.03,4485,44.85,-76714,-76.714,214,0.214,316,0.316,84,0.084,0,0.0,0,
226.094165,1788179821.963671,334696000,82,1,1,4,30,60773841,801907615,21420,6.0773841,80.1907615,21.42,49,75,0.49,0.75,4,0.04,4485,44.85,-76644,-76.644,214,0.214,317,0.317,102,0.10200000000000001,0,0.0,0,
226.675722,1788179822.545228,335296000,110,1,1,4,31,60773840,801907617,21500,6.0773839999999995,80.1907617,21.5,49,75,0.49,0.75,3,0.03,4485,44.85,-76564,-76.56400000000001,215,0.215,318,0.318,134,0.134,0,0.0,0,
227.127037,1788179822.996543,335696000,139,1,1,4,31,60773840,801907618,21560,6.0773839999999995,80.19076179999999,21.56,49,75,0.49,0.75,2,0.02,4485,44.85,-76504,-76.504,215,0.215,319,0.319,110,0.11,0,0.0,0,
227.593955,1788179823.463461,336296000,167,1,1,4,31,60773837,801907621,21660,6.0773836999999995,80.1907621,21.66,49,75,0.49,0.75,0,0.0,4485,44.85,-76404,-76.404,216,0.216,320,0.32,80,0.08,0,0.0,0,
228.081328,1788179823.950834,336696000,196,1,1,4,30,60773836,801907623,21720,6.0773836,80.1907623,21.72,50,78,0.5,0.78,2,0.02,4485,44.85,-76344,-76.34400000000001,216,0.216,321,0.321,136,0.136,0,0.0,0,
228.628061,1788179824.497567,337296000,225,1,1,4,30,60773836,801907624,21760,6.0773836,80.1907624,21.76,50,78,0.5,0.78,1,0.01,4485,44.85,-76304,-76.304,217,0.217,322,0.322,119,0.11900000000000001,0,0.0,0,
229.204999,1788179825.074505,337696000,254,1,1,4,30,60773836,801907623,21810,6.0773836,80.1907623,21.81,50,78,0.5,0.78,0,0.0,4485,44.85,-76254,-76.254,218,0.218,324,0.324,124,0.124,0,0.0,0,
229.581551,1788179825.451057,338296000,26,1,1,4,30,60773835,801907625,21870,6.0773835,80.19076249999999,21.87,50,78,0.5,0.78,0,0.0,4485,44.85,-76194,-76.194,218,0.218,325,0.325,130,0.13,0,0.0,0,
230.145035,1788179826.014541,338696000,58,1,1,4,31,60773833,801907626,21920,6.0773833,80.1907626,21.92,49,75,0.49,0.75,1,0.01,4485,44.85,-76144,-76.144,219,0.219,326,0.326,136,0.136,0,0.0,0,
230.612335,1788179826.481841,339296000,90,1,1,4,31,60773832,801907626,21990,6.0773832,80.1907626,21.990000000000002,49,75,0.49,0.75,1,0.01,4485,44.85,-76074,-76.074,219,0.219,327,0.327,134,0.134,0,0.0,0,
231.171207,1788179827.040713,339696000,120,1,1,4,31,60773832,801907624,21990,6.0773832,80.1907624,21.990000000000002,49,75,0.49,0.75,11,0.11,4485,44.85,-76074,-76.074,228,0.228,337,0.337,300,0.3,0,0.0,0,
231.642835,1788179827.512341,340296000,149,1,1,4,31,60773831,801907625,22050,6.0773831,80.19076249999999,22.05,49,75,0.49,0.75,2,0.02,4485,44.85,-76014,-76.014,237,0.23700000000000002,336,0.336,98,0.098,0,0.0,0,
232.076708,1788179827.946214,340696000,178,1,1,4,30,60773830,801907625,22070,6.077382999999999,80.19076249999999,22.07,49,78,0.49,0.78,2,0.02,4485,44.85,-75994,-75.994,234,0.234,332,0.332,70,0.07,0,0.0,0,
232.654342,1788179828.523848,341296000,206,1,1,4,29,60773830,801907624,22110,6.077382999999999,80.1907624,22.11,50,78,0.5,0.78,2,0.02,4485,44.85,-75954,-75.95400000000001,229,0.229,326,0.326,75,0.075,0,0.0,0,
233.123948,1788179828.993454,341696000,235,1,1,4,30,60773830,801907625,22140,6.077382999999999,80.19076249999999,22.14,49,78,0.49,0.78,2,0.02,4485,44.85,-75924,-75.924,226,0.226,323,0.323,47,0.047,0,0.0,0,
233.603716,1788179829.473222,342296000,7,1,1,4,29,60773830,801907625,22180,6.077382999999999,80.19076249999999,22.18,50,78,0.5,0.78,1,0.01,4485,44.85,-75884,-75.884,223,0.223,318,0.318,46,0.046,0,0.0,0,
234.150922,1788179830.020428,342696000,39,1,1,4,29,60773829,801907624,22210,6.0773829,80.1907624,22.21,50,78,0.5,0.78,3,0.03,4485,44.85,-75854,-75.854,221,0.221,316,0.316,63,0.063,0,0.0,0,
234.618628,1788179830.488134,343296000,67,1,1,4,29,60773828,801907622,22240,6.0773828,80.1907622,22.240000000000002,50,78,0.5,0.78,4,0.04,4485,44.85,-75824,-75.824,218,0.218,314,0.314,88,0.088,0,0.0,0,
235.102914,1788179830.972420,343696000,96,1,1,4,29,60773827,801907623,22250,6.077382699999999,80.1907623,22.25,50,78,0.5,0.78,0,0.0,4485,44.85,-75814,-75.81400000000001,216,0.216,312,0.312,80,0.08,0,0.0,0,
235.727126,1788179831.596632,344296000,124,1,1,4,29,60773827,801907621,22260,6.077382699999999,80.1907621,22.26,50,78,0.5,0.78,0,0.0,4485,44.85,-75804,-75.804,214,0.214,310,0.31,93,0.093,0,0.0,0,
236.103809,1788179831.973315,344696000,153,1,1,4,29,60773827,801907621,22260,6.077382699999999,80.1907621,22.26,50,78,0.5,0.78,3,0.03,4485,44.85,-75804,-75.804,213,0.213,308,0.308,38,0.038,0,0.0,0,
236.679310,1788179832.548816,345296000,181,1,1,4,29,60773827,801907620,22250,6.077382699999999,80.19076199999999,22.25,50,78,0.5,0.78,4,0.04,4485,44.85,-75814,-75.81400000000001,211,0.211,306,0.306,63,0.063,0,0.0,0,
237.147079,1788179833.016585,345696000,211,1,1,4,30,60773827,801907619,22230,6.077382699999999,80.1907619,22.23,49,78,0.49,0.78,1,0.01,4485,44.85,-75834,-75.834,210,0.21,305,0.305,90,0.09,0,0.0,0,
237.633884,1788179833.503390,346296000,239,1,1,4,30,60773826,801907618,22190,6.0773826,80.19076179999999,22.19,49,78,0.49,0.78,1,0.01,4485,44.85,-75874,-75.874,208,0.20800000000000002,303,0.303,92,0.092,0,0.0,0,
238.180749,1788179834.050255,346696000,12,1,1,4,30,60773825,801907616,22170,6.0773825,80.1907616,22.17,49,78,0.49,0.78,3,0.03,4485,44.85,-75894,-75.894,207,0.20700000000000002,302,0.302,39,0.039,0,0.0,0,
238.631290,1788179834.500796,347296000,40,1,1,4,30,60773827,801907618,22240,6.077382699999999,80.19076179999999,22.240000000000002,49,78,0.49,0.78,10,0.1,6811,68.11,-75824,-75.824,205,0.20500000000000002,300,0.3,87,0.08700000000000001,0,0.0,0,
239.100823,1788179834.970329,347696000,69,1,1,4,30,60773825,801907621,22610,6.0773825,80.1907621,22.61,50,79,0.5,0.79,25,0.25,10309,103.09,-75454,-75.45400000000001,204,0.20400000000000001,298,0.298,98,0.098,0,0.0,0,
239.677108,1788179835.546614,348296000,97,1,1,4,31,60773819,801907630,23470,6.0773819,80.19076299999999,23.47,49,75,0.49,0.75,16,0.16,11296,112.96000000000001,-74594,-74.59400000000001,204,0.20400000000000001,297,0.297,116,0.116,0,0.0,0,
240.129890,1788179835.999396,348696000,126,1,1,4,30,60773819,801907630,24230,6.0773819,80.19076299999999,24.23,50,75,0.5,0.75,7,0.07,11296,112.96000000000001,-73834,-73.834,204,0.20400000000000001,297,0.297,116,0.116,0,0.0,0,
240.706166,1788179836.575672,349296000,155,1,1,4,30,60773820,801907626,25140,6.077382,80.1907626,25.14,50,75,0.5,0.75,5,0.05,11296,112.96000000000001,-72924,-72.924,204,0.20400000000000001,296,0.296,115,0.115,0,0.0,0,
241.079314,1788179836.948820,349696000,184,1,1,4,30,60773819,801907624,25420,6.0773819,80.1907624,25.42,50,75,0.5,0.75,12,0.12,13992,139.92000000000002,-72644,-72.644,203,0.203,296,0.296,117,0.117,0,0.0,0,
241.656224,1788179837.525730,350296000,215,1,1,4,31,60773817,801907619,25370,6.0773817,80.1907619,25.37,49,75,0.49,0.75,6,0.06,13992,139.92000000000002,-72694,-72.694,203,0.203,295,0.295,97,0.097,0,0.0,0,
242.077123,1788179837.946629,350696000,245,1,1,4,31,60773813,801907615,25080,6.0773813,80.1907615,25.080000000000002,49,75,0.49,0.75,16,0.16,18742,187.42000000000002,-72984,-72.984,202,0.202,294,0.294,96,0.096,0,0.0,0,
242.669391,1788179838.538897,351296000,18,1,1,4,31,60773795,801907614,24830,6.0773795,80.1907614,24.830000000000002,49,75,0.49,0.75,37,0.37,18000,180.0,-73234,-73.234,200,0.2,293,0.293,50,0.05,0,0.0,0,
243.125109,1788179838.994615,351697000,48,1,1,4,31,60773780,801907611,24800,6.0773779999999995,80.1907611,24.8,49,75,0.49,0.75,32,0.32,18076,180.76,-73264,-73.264,199,0.199,290,0.29,62,0.062,0,0.0,0,
243.594084,1788179839.463590,352297000,77,1,1,4,30,60773759,801907608,24900,6.0773759,80.19076079999999,24.900000000000002,49,75,0.49,0.75,36,0.36,19067,190.67000000000002,-73164,-73.164,196,0.196,287,0.28700000000000003,55,0.055,0,0.0,0,
244.144234,1788179840.013740,352697000,107,1,1,4,30,60773742,801907605,24930,6.0773741999999995,80.1907605,24.93,49,75,0.49,0.75,46,0.46,18868,188.68,-73134,-73.134,194,0.194,284,0.28400000000000003,47,0.047,0,0.0,0,
244.688372,1788179840.557878,353297000,136,1,1,4,31,60773710,801907605,24880,6.077370999999999,80.1907605,24.88,49,75,0.49,0.75,54,0.54,18076,180.76,-73184,-73.184,192,0.192,280,0.28,52,0.052000000000000005,0,0.0,0,
245.079405,1788179840.948911,353697000,166,1,1,4,31,60773691,801907604,24800,6.077369099999999,80.1907604,24.8,49,75,0.49,0.75,55,0.55,17641,176.41,-73264,-73.264,191,0.191,279,0.279,50,0.05,0,0.0,0,
245.766207,1788179841.635713,354297000,195,1,1,4,31,60773662,801907604,24740,6.0773662,80.1907604,24.740000000000002,49,75,0.49,0.75,48,0.48,17871,178.71,-73324,-73.324,190,0.19,278,0.278,51,0.051000000000000004,0,0.0,0,
246.140290,1788179842.009796,354697000,225,1,1,4,31,60773646,801907600,24710,6.0773646,80.19076,24.71,49,75,0.49,0.75,45,0.45,18985,189.85,-73353,-73.353,189,0.189,278,0.278,48,0.048,0,0.0,0,
246.592159,1788179842.461665,355297000,254,1,1,4,31,60773620,801907595,24650,6.077362,80.1907595,24.650000000000002,49,75,0.49,0.75,43,0.43,18775,187.75,-73414,-73.414,188,0.188,276,0.276,54,0.054,0,0.0,0,
247.138153,1788179843.007659,355697000,28,1,1,4,30,60773600,801907595,24580,6.07736,80.1907595,24.580000000000002,49,75,0.49,0.75,56,0.56,18010,180.1,-73484,-73.484,188,0.188,275,0.275,51,0.051000000000000004,0,0.0,0,
247.641271,1788179843.510777,356297000,57,1,1,4,31,60773568,801907594,24560,6.0773568,80.19075939999999,24.560000000000002,49,75,0.49,0.75,52,0.52,18122,181.22,-73504,-73.504,186,0.186,274,0.274,57,0.057,0,0.0,0,
248.187418,1788179844.056924,356697000,87,1,1,4,31,60773549,801907593,24550,6.0773549,80.1907593,24.55,49,75,0.49,0.75,47,0.47000000000000003,17974,179.74,-73514,-73.514,186,0.186,273,0.273,52,0.052000000000000005,0,0.0,0,
248.763655,1788179844.633161,357297000,116,1,1,4,31,60773520,801907596,24530,6.077351999999999,80.19075959999999,24.53,49,75,0.49,0.75,55,0.55,17181,171.81,-73534,-73.534,185,0.185,272,0.272,50,0.05,0,0.0,0,
249.090790,1788179844.960296,357697000,146,1,1,4,31,60773498,801907598,24490,6.0773497999999995,80.1907598,24.490000000000002,49,75,0.49,0.75,57,0.5700000000000001,17172,171.72,-73574,-73.574,184,0.184,271,0.271,50,0.05,0,0.0,0,
249.587293,1788179845.456799,358297000,175,1,1,4,31,60773464,801907595,24390,6.0773464,80.1907595,24.39,49,75,0.49,0.75,61,0.61,18292,182.92000000000002,-73674,-73.674,181,0.181,268,0.268,48,0.048,0,0.0,0,
250.215593,1788179846.085099,358697000,205,1,1,4,31,60773444,801907593,24340,6.077344399999999,80.1907593,24.34,49,75,0.49,0.75,54,0.54,18441,184.41,-73724,-73.724,180,0.18,266,0.266,51,0.051000000000000004,0,0.0,0,
250.621771,1788179846.491277,359297000,234,1,1,4,31,60773413,801907593,24280,6.0773413,80.1907593,24.28,49,75,0.49,0.75,62,0.62,17872,178.72,-73784,-73.784,180,0.18,265,0.265,59,0.059000000000000004,0,0.0,0,
251.168117,1788179847.037623,359697000,8,1,1,4,31,60773391,801907593,24260,6.0773391,80.1907593,24.26,49,75,0.49,0.75,64,0.64,18242,182.42000000000002,-73804,-73.804,180,0.18,265,0.265,54,0.054,0,0.0,0,
251.634020,1788179847.503526,360297000,38,1,1,4,30,60773356,801907591,24210,6.0773356,80.1907591,24.21,49,75,0.49,0.75,61,0.61,18123,181.23,-73854,-73.854,179,0.179,263,0.263,55,0.055,0,0.0,0,
252.089044,1788179847.958550,360697000,68,1,1,4,31,60773334,801907590,24170,6.0773334,80.190759,24.17,49,75,0.49,0.75,58,0.58,18235,182.35,-73894,-73.894,178,0.178,262,0.262,50,0.05,0,0.0,0,
252.744654,1788179848.614160,361297000,97,1,1,4,31,60773301,801907589,24140,6.077330099999999,80.19075889999999,24.14,49,75,0.49,0.75,59,0.59,17710,177.1,-73924,-73.924,177,0.177,260,0.26,53,0.053,0,0.0,0,
253.151023,1788179849.020529,361697000,127,1,1,4,31,60773280,801907589,24120,6.077328,80.19075889999999,24.12,49,75,0.49,0.75,58,0.58,17850,178.5,-73944,-73.944,177,0.177,258,0.258,57,0.057,0,0.0,0,
253.588437,1788179849.457943,362297000,156,1,1,4,31,60773246,801907590,24100,6.0773246,80.190759,24.1,49,75,0.49,0.75,66,0.66,17711,177.11,-73964,-73.964,176,0.176,257,0.257,58,0.058,0,0.0,0,
254.168290,1788179850.037796,362697000,186,1,1,4,31,60773224,801907588,24100,6.0773224,80.1907588,24.1,49,75,0.49,0.75,58,0.58,18651,186.51,-73964,-73.964,176,0.176,257,0.257,64,0.064,0,0.0,0,
254.616930,1788179850.486436,363297000,215,1,1,4,31,60773194,801907583,24120,6.0773193999999995,80.1907583,24.12,49,75,0.49,0.75,54,0.54,18909,189.09,-73944,-73.944,178,0.178,259,0.259,59,0.059000000000000004,0,0.0,0,
255.072295,1788179850.941801,363697000,245,1,1,4,31,60773175,801907580,24140,6.0773174999999995,80.190758,24.14,49,75,0.49,0.75,60,0.6,18438,184.38,-73924,-73.924,178,0.178,259,0.259,53,0.053,0,0.0,0,
255.724827,1788179851.594333,364297000,18,1,1,4,31,60773142,801907579,24150,6.0773142,80.1907579,24.150000000000002,49,75,0.49,0.75,59,0.59,18463,184.63,-73914,-73.914,178,0.178,259,0.259,50,0.05,0,0.0,0,
256.145895,1788179852.015401,364697000,48,1,1,4,31,60773119,801907580,24170,6.0773119,80.190758,24.17,49,75,0.49,0.75,58,0.58,18120,181.20000000000002,-73894,-73.894,177,0.177,259,0.259,47,0.047,0,0.0,0,
256.600951,1788179852.470457,365297000,80,1,1,4,29,60773087,801907582,24180,6.0773087,80.19075819999999,24.18,50,75,0.5,0.75,63,0.63,17290,172.9,-73884,-73.884,177,0.177,258,0.258,51,0.051000000000000004,0,0.0,0,
257.162064,1788179853.031570,365697000,110,1,1,4,30,60773065,801907586,24210,6.0773065,80.1907586,24.21,50,75,0.5,0.75,61,0.61,17154,171.54,-73854,-73.854,176,0.176,258,0.258,51,0.051000000000000004,0,0.0,0,
257.613300,1788179853.482806,366297000,139,1,1,4,30,60773034,801907586,24210,6.0773034,80.1907586,24.21,53,75,0.53,0.75,53,0.53,17881,178.81,-73854,-73.854,175,0.17500000000000002,257,0.257,48,0.048,0,0.0,0,
258.080520,1788179853.950026,366697000,169,1,1,4,30,60773014,801907584,24270,6.0773014,80.19075839999999,24.27,51,75,0.51,0.75,48,0.48,18251,182.51,-73794,-73.794,175,0.17500000000000002,257,0.257,65,0.065,0,0.0,0,
258.658357,1788179854.527863,367297000,200,1,1,4,30,60772983,801907584,24310,6.0772983,80.19075839999999,24.310000000000002,51,75,0.51,0.75,57,0.5700000000000001,17679,176.79,-73754,-73.754,176,0.176,259,0.259,54,0.054,0,0.0,0,
259.113389,1788179854.982895,367697000,230,1,1,4,30,60772962,801907587,24300,6.0772962,80.19075869999999,24.3,51,75,0.51,0.75,60,0.6,17090,170.9,-73764,-73.764,176,0.176,261,0.261,49,0.049,0,0.0,0,
259.595167,1788179855.464673,368297000,3,1,1,4,30,60772930,801907594,24290,6.077293,80.19075939999999,24.29,50,74,0.5,0.74,59,0.59,16787,167.87,-73774,-73.774,177,0.177,262,0.262,53,0.053,0,0.0,0,
260.142533,1788179856.012039,368697000,33,1,1,4,28,60772909,801907600,24310,6.0772908999999995,80.19076,24.310000000000002,51,75,0.51,0.75,70,0.7000000000000001,15948,159.48,-73754,-73.754,177,0.177,263,0.263,49,0.049,0,0.0,0,
260.609964,1788179856.479470,369297000,62,1,1,4,29,60772878,801907609,24350,6.0772878,80.1907609,24.35,51,75,0.51,0.75,52,0.52,16668,166.68,-73714,-73.714,177,0.177,264,0.264,50,0.05,0,0.0,0,
261.188842,1788179857.058348,369697000,92,1,1,4,28,60772857,801907611,24340,6.0772857,80.1907611,24.34,51,75,0.51,0.75,58,0.58,17342,173.42000000000002,-73724,-73.724,177,0.177,265,0.265,48,0.048,0,0.0,0,
261.639972,1788179857.509478,370297000,122,1,1,4,30,60772823,801907613,24350,6.077282299999999,80.19076129999999,24.35,51,75,0.51,0.75,59,0.59,17743,177.43,-73714,-73.714,178,0.178,267,0.267,46,0.046,0,0.0,0,
262.123628,1788179857.993134,370697000,152,1,1,4,29,60772800,801907614,24340,6.07728,80.1907614,24.34,51,75,0.51,0.75,60,0.6,17886,178.86,-73724,-73.724,178,0.178,267,0.267,48,0.048,0,0.0,0,
262.667322,1788179858.536828,371297000,181,1,1,4,30,60772766,801907614,24380,6.077276599999999,80.1907614,24.38,51,76,0.51,0.76,58,0.58,17668,176.68,-73684,-73.684,178,0.178,269,0.269,53,0.053,0,0.0,0,
263.089316,1788179858.958822,371704000,211,1,1,4,30,60772745,801907615,24390,6.0772745,80.1907615,24.39,50,75,0.5,0.75,59,0.59,17345,173.45000000000002,-73674,-73.674,179,0.179,270,0.27,49,0.049,0,0.0,0,
263.782051,1788179859.651557,372304000,240,1,1,4,30,60772711,801907617,24370,6.0772711,80.1907617,24.37,50,75,0.5,0.75,58,0.58,17572,175.72,-73694,-73.694,180,0.18,273,0.273,53,0.053,0,0.0,0,
264.203562,1788179860.073068,372702000,14,1,1,4,28,60772691,801907619,24340,6.0772691,80.1907619,24.34,51,76,0.51,0.76,56,0.56,17794,177.94,-73724,-73.724,184,0.184,280,0.28,85,0.085,0,0.0,0,
264.636749,1788179860.506255,373302000,46,1,1,4,29,60772661,801907620,24300,6.0772661,80.19076199999999,24.3,50,75,0.5,0.75,55,0.55,17638,176.38,-73764,-73.764,191,0.191,292,0.292,81,0.081,0,0.0,0,
265.090957,1788179860.960463,373702000,76,1,1,4,30,60772638,801907623,24300,6.0772638,80.1907623,24.3,50,75,0.5,0.75,57,0.5700000000000001,16997,169.97,-73764,-73.764,194,0.194,299,0.299,79,0.079,0,0.0,0,
265.668496,1788179861.538002,374302000,105,1,1,4,30,60772605,801907630,24320,6.0772604999999995,80.19076299999999,24.32,50,75,0.5,0.75,53,0.53,16803,168.03,-73744,-73.744,199,0.199,309,0.309,76,0.076,0,0.0,0,
266.089605,1788179861.959111,374702000,135,1,1,4,29,60772584,801907635,24290,6.0772584,80.1907635,24.29,50,75,0.5,0.75,54,0.54,16925,169.25,-73774,-73.774,203,0.203,317,0.317,74,0.074,0,0.0,0,
266.585485,1788179862.454991,375302000,164,1,1,4,30,60772553,801907640,24290,6.0772553,80.190764,24.29,50,75,0.5,0.75,61,0.61,17093,170.93,-73774,-73.774,207,0.20700000000000002,327,0.327,77,0.077,0,0.0,0,
267.181260,1788179863.050766,375702000,194,1,1,4,30,60772532,801907642,24320,6.0772531999999995,80.19076419999999,24.32,50,75,0.5,0.75,54,0.54,17436,174.36,-73744,-73.744,210,0.21,333,0.333,74,0.074,0,0.0,0,
267.698587,1788179863.568093,376302000,223,1,1,4,30,60772502,801907643,24370,6.0772502,80.1907643,24.37,50,75,0.5,0.75,59,0.59,17680,176.8,-73694,-73.694,213,0.213,342,0.342,76,0.076,0,0.0,0,
268.105642,1788179863.975148,376702000,0,1,1,4,29,60772480,801907646,24350,6.077248,80.1907646,24.35,50,75,0.5,0.75,56,0.56,17190,171.9,-73714,-73.714,216,0.216,347,0.34700000000000003,75,0.075,0,0.0,0,
268.620930,1788179864.490436,377302000,30,1,1,4,30,60772447,801907652,24370,6.0772447,80.1907652,24.37,50,75,0.5,0.75,58,0.58,16878,168.78,-73694,-73.694,220,0.22,355,0.355,74,0.074,0,0.0,0,
269.118928,1788179864.988434,377702000,60,1,1,4,30,60772425,801907660,24340,6.0772425,80.190766,24.34,50,75,0.5,0.75,57,0.5700000000000001,16337,163.37,-73724,-73.724,223,0.223,360,0.36,77,0.077,0,0.0,0,
269.617774,1788179865.487280,378302000,89,1,1,4,29,60772395,801907666,24340,6.0772395,80.1907666,24.34,50,75,0.5,0.75,59,0.59,16726,167.26,-73724,-73.724,226,0.226,368,0.368,75,0.075,0,0.0,0,
270.147718,1788179866.017224,378702000,119,1,1,4,30,60772373,801907668,24370,6.077237299999999,80.19076679999999,24.37,50,75,0.5,0.75,62,0.62,17131,171.31,-73694,-73.694,228,0.228,373,0.373,75,0.075,0,0.0,0,
270.617760,1788179866.487266,379302000,148,1,1,4,30,60772342,801907670,24370,6.0772341999999995,80.190767,24.37,50,75,0.5,0.75,60,0.6,17608,176.08,-73694,-73.694,231,0.231,380,0.38,72,0.07200000000000001,0,0.0,0,
271.100673,1788179866.970179,379702000,181,1,1,4,29,60772322,801907672,24360,6.0772322,80.1907672,24.36,50,75,0.5,0.75,51,0.51,17355,173.55,-73704,-73.70400000000001,234,0.234,385,0.385,78,0.078,0,0.0,0,
271.630853,1788179867.500359,380302000,211,1,1,4,29,60772293,801907674,24370,6.0772293,80.1907674,24.37,50,75,0.5,0.75,47,0.47000000000000003,17452,174.52,-73694,-73.694,238,0.23800000000000002,394,0.394,83,0.083,0,0.0,0,
272.113450,1788179867.982956,380702000,241,1,1,4,29,60772274,801907674,24390,6.0772274,80.1907674,24.39,51,76,0.51,0.76,58,0.58,17762,177.62,-73674,-73.674,241,0.241,400,0.4,92,0.092,0,0.0,0,
272.565470,1788179868.434976,381302000,14,1,1,4,30,60772245,801907673,24400,6.0772245,80.19076729999999,24.400000000000002,50,75,0.5,0.75,53,0.53,18059,180.59,-73664,-73.664,245,0.245,409,0.40900000000000003,84,0.084,0,0.0,0,
273.143069,1788179869.012575,381702000,44,1,1,4,30,60772222,801907673,24390,6.0772222,80.19076729999999,24.39,50,75,0.5,0.75,65,0.65,17784,177.84,-73674,-73.674,247,0.247,415,0.41500000000000004,85,0.085,0,0.0,0,
273.609859,1788179869.479365,382302000,73,1,1,4,30,60772185,801907675,24370,6.0772185,80.19076749999999,24.37,50,75,0.5,0.75,69,0.6900000000000001,17486,174.86,-73694,-73.694,250,0.25,422,0.422,83,0.083,0,0.0,0,
274.094422,1788179869.963928,382702000,103,1,1,4,29,60772161,801907680,24350,6.077216099999999,80.19076799999999,24.35,50,75,0.5,0.75,62,0.62,16937,169.37,-73714,-73.714,252,0.252,427,0.427,83,0.083,0,0.0,0,
274.673695,1788179870.543201,383302000,132,1,1,4,29,60772123,801907688,24350,6.077212299999999,80.1907688,24.35,50,75,0.5,0.75,63,0.63,16319,163.19,-73714,-73.714,254,0.254,431,0.431,72,0.07200000000000001,0,0.0,0,
275.141339,1788179871.010845,383702000,162,1,1,4,29,60772102,801907694,24310,6.0772102,80.1907694,24.310000000000002,50,75,0.5,0.75,54,0.54,16392,163.92000000000002,-73754,-73.754,254,0.254,434,0.434,74,0.074,0,0.0,0,
275.577374,1788179871.446880,384302000,191,1,1,4,30,60772074,801907703,24310,6.0772074,80.1907703,24.310000000000002,50,75,0.5,0.75,47,0.47000000000000003,15953,159.53,-73754,-73.754,256,0.256,439,0.439,82,0.082,0,0.0,0,
276.138283,1788179872.007789,384702000,221,1,1,4,30,60772056,801907705,24340,6.0772056,80.1907705,24.34,50,75,0.5,0.75,56,0.56,16128,161.28,-73724,-73.724,257,0.257,443,0.443,85,0.085,0,0.0,0,
276.604815,1788179872.474321,385302000,250,1,1,4,30,60772027,801907711,24400,6.0772027,80.19077109999999,24.400000000000002,50,75,0.5,0.75,54,0.54,16313,163.13,-73664,-73.664,260,0.26,450,0.45,85,0.085,0,0.0,0,
277.181277,1788179873.050783,385702000,24,1,1,4,29,60772008,801907716,24420,6.0772008,80.19077159999999,24.42,50,75,0.5,0.75,55,0.55,15881,158.81,-73644,-73.644,261,0.261,453,0.453,86,0.08600000000000001,0,0.0,0,
277.590647,1788179873.460153,386302000,53,1,1,4,30,60771982,801907723,24450,6.0771982,80.19077229999999,24.45,50,75,0.5,0.75,48,0.48,16374,163.74,-73614,-73.614,263,0.263,459,0.459,78,0.078,0,0.0,0,
278.119844,1788179873.989350,386702000,83,1,1,4,30,60771961,801907728,24450,6.0771961,80.19077279999999,24.45,50,75,0.5,0.75,56,0.56,16378,163.78,-73614,-73.614,264,0.264,461,0.461,74,0.074,0,0.0,0,
278.589502,1788179874.459008,387302000,112,1,1,4,29,60771932,801907732,24520,6.0771932,80.1907732,24.52,50,75,0.5,0.75,52,0.52,16984,169.84,-73544,-73.544,264,0.264,465,0.465,66,0.066,0,0.0,0,
279.137026,1788179875.006532,387702000,142,1,1,4,30,60771912,801907733,24560,6.0771912,80.19077329999999,24.560000000000002,50,75,0.5,0.75,55,0.55,17450,174.5,-73504,-73.504,265,0.265,467,0.467,77,0.077,0,0.0,0,
279.621844,1788179875.491350,388302000,171,1,1,4,30,60771882,801907736,24580,6.0771882,80.1907736,24.580000000000002,50,75,0.5,0.75,64,0.64,17567,175.67000000000002,-73484,-73.484,266,0.266,472,0.47200000000000003,73,0.073,0,0.0,0,
280.151025,1788179876.020531,388702000,204,1,1,4,30,60771862,801907736,24600,6.0771862,80.1907736,24.6,50,75,0.5,0.75,45,0.45,17529,175.29,-73464,-73.464,266,0.266,475,0.47500000000000003,73,0.073,0,0.0,0,
280.621887,1788179876.491393,389302000,233,1,1,4,29,60771833,801907743,24630,6.0771833,80.1907743,24.63,50,75,0.5,0.75,55,0.55,16544,165.44,-73434,-73.434,268,0.268,481,0.481,79,0.079,0,0.0,0,
281.119155,1788179876.988661,389702000,7,1,1,4,30,60771813,801907748,24670,6.0771812999999995,80.1907748,24.67,50,75,0.5,0.75,62,0.62,16364,163.64000000000001,-73394,-73.394,268,0.268,484,0.484,77,0.077,0,0.0,0,
281.571645,1788179877.441151,390302000,38,1,1,4,30,60771783,801907756,24690,6.0771783,80.1907756,24.69,50,75,0.5,0.75,61,0.61,16893,168.93,-73374,-73.374,269,0.269,490,0.49,78,0.078,0,0.0,0,
282.148705,1788179878.018211,390702000,67,1,1,4,30,60771765,801907758,24720,6.077176499999999,80.1907758,24.72,50,75,0.5,0.75,37,0.37,17062,170.62,-73344,-73.34400000000001,270,0.27,493,0.493,75,0.075,0,0.0,0,
282.587218,1788179878.456724,391302000,95,1,1,4,31,60771756,801907766,24640,6.0771755999999995,80.19077659999999,24.64,50,72,0.5,0.72,20,0.2,12830,128.3,-73424,-73.424,271,0.271,492,0.492,95,0.095,0,0.0,0,
283.163769,1788179879.033275,391702000,124,1,1,4,31,60771753,801907770,24670,6.0771752999999995,80.190777,24.67,49,72,0.49,0.72,14,0.14,13456,134.56,-73394,-73.394,272,0.272,493,0.493,77,0.077,0,0.0,0,
283.556449,1788179879.425955,392302000,152,1,1,4,31,60771753,801907775,24510,6.0771752999999995,80.1907775,24.51,49,72,0.49,0.72,5,0.05,13378,133.78,-73554,-73.554,271,0.271,486,0.486,63,0.063,0,0.0,0,
284.070386,1788179879.939892,392702000,181,1,1,4,31,60771754,801907776,24410,6.0771754,80.19077759999999,24.41,49,72,0.49,0.72,3,0.03,13378,133.78,-73654,-73.654,270,0.27,481,0.481,119,0.11900000000000001,0,0.0,0,
284.678103,1788179880.547609,393302000,209,1,1,4,31,60771759,801907775,24300,6.077175899999999,80.1907775,24.3,49,72,0.49,0.72,10,0.1,6723,67.23,-73764,-73.764,271,0.271,479,0.47900000000000004,96,0.096,0,0.0,0,
285.111405,1788179880.980911,393702000,238,1,1,4,30,60771761,801907771,24280,6.0771761,80.19077709999999,24.28,49,72,0.49,0.72,16,0.16,30917,309.17,-73784,-73.784,272,0.272,480,0.48,70,0.07,0,0.0,0,
285.592696,1788179881.462202,394302000,10,1,1,4,30,60771763,801907767,24280,6.0771763,80.1907767,24.28,50,72,0.5,0.72,16,0.16,30437,304.37,-73784,-73.784,273,0.273,482,0.482,86,0.08600000000000001,0,0.0,0,
286.047899,1788179881.917405,394702000,39,1,1,4,29,60771763,801907764,24280,6.0771763,80.19077639999999,24.28,50,72,0.5,0.72,14,0.14,27673,276.73,-73784,-73.784,274,0.274,483,0.483,119,0.11900000000000001,0,0.0,0,
286.610982,1788179882.480488,395302000,67,1,1,4,30,60771762,801907762,24160,6.077176199999999,80.1907762,24.16,50,72,0.5,0.72,9,0.09,25812,258.12,-73904,-73.904,273,0.273,474,0.47400000000000003,83,0.083,0,0.0,0,
287.095298,1788179882.964804,395702000,96,1,1,4,31,60771761,801907761,24060,6.0771761,80.1907761,24.060000000000002,50,72,0.5,0.72,13,0.13,25220,252.20000000000002,-74004,-74.004,272,0.272,468,0.468,89,0.089,0,0.0,0,
287.703699,1788179883.573205,396302000,124,1,1,4,29,60771760,801907756,23940,6.077176,80.1907756,23.94,50,72,0.5,0.72,9,0.09,25195,251.95000000000002,-74124,-74.124,272,0.272,462,0.462,69,0.069,0,0.0,0,
288.111226,1788179883.980732,396702000,153,1,1,4,30,60771758,801907753,23940,6.0771758,80.1907753,23.94,50,72,0.5,0.72,8,0.08,25195,251.95000000000002,-74124,-74.124,273,0.273,463,0.463,66,0.066,0,0.0,0,
288.596266,1788179884.465772,397302000,183,1,1,4,30,60771756,801907753,23890,6.0771755999999995,80.1907753,23.89,49,72,0.49,0.72,5,0.05,25195,251.95000000000002,-74174,-74.174,274,0.274,463,0.463,134,0.134,0,0.0,0,
289.143873,1788179885.013379,397702000,212,1,1,4,31,60771756,801907755,23820,6.0771755999999995,80.1907755,23.82,49,72,0.49,0.72,0,0.0,25195,251.95000000000002,-74244,-74.244,274,0.274,460,0.46,122,0.122,0,0.0,0,
289.595529,1788179885.465035,398302000,240,1,1,4,31,60771754,801907755,23810,6.0771754,80.1907755,23.81,49,72,0.49,0.72,2,0.02,25195,251.95000000000002,-74254,-74.254,274,0.274,458,0.458,123,0.123,0,0.0,0,
290.175523,1788179886.045029,398702000,13,1,1,4,31,60771754,801907754,23780,6.0771754,80.19077539999999,23.78,49,72,0.49,0.72,3,0.03,25195,251.95000000000002,-74284,-74.284,274,0.274,456,0.456,128,0.128,0,0.0,0,
290.581842,1788179886.451348,399302000,41,1,1,4,30,60771757,801907755,23720,6.0771757,80.1907755,23.72,50,72,0.5,0.72,2,0.02,25195,251.95000000000002,-74344,-74.34400000000001,273,0.273,453,0.453,142,0.14200000000000002,0,0.0,0,
291.095772,1788179886.965278,399702000,70,1,1,4,30,60771757,801907757,23710,6.0771757,80.1907757,23.71,50,72,0.5,0.72,5,0.05,25195,251.95000000000002,-74354,-74.354,273,0.273,450,0.45,106,0.106,0,0.0,0,
291.562791,1788179887.432297,400302000,99,1,1,4,30,60771758,801907760,23710,6.0771758,80.190776,23.71,50,72,0.5,0.72,2,0.02,25195,251.95000000000002,-74354,-74.354,273,0.273,447,0.447,85,0.085,0,0.0,0,
292.125861,1788179887.995367,400702000,128,1,1,4,30,60771759,801907761,23700,6.077175899999999,80.1907761,23.7,50,72,0.5,0.72,7,0.07,25195,251.95000000000002,-74364,-74.364,273,0.273,444,0.444,107,0.107,0,0.0,0,
292.593633,1788179888.463139,401302000,156,1,1,4,30,60771760,801907761,23700,6.077176,80.1907761,23.7,50,72,0.5,0.72,3,0.03,25195,251.95000000000002,-74364,-74.364,274,0.274,442,0.442,129,0.129,0,0.0,0,
293.166469,1788179889.035975,401702000,185,1,1,4,29,60771759,801907763,23680,6.077175899999999,80.1907763,23.68,50,72,0.5,0.72,5,0.05,25195,251.95000000000002,-74384,-74.384,275,0.275,445,0.445,79,0.079,0,0.0,0,
293.574240,1788179889.443746,402302000,213,1,1,4,29,60771758,801907766,23710,6.0771758,80.19077659999999,23.71,50,72,0.5,0.72,4,0.04,25195,251.95000000000002,-74354,-74.354,276,0.276,448,0.448,88,0.088,0,0.0,0,
294.089567,1788179889.959073,402702000,243,1,1,4,29,60771759,801907768,23650,6.077175899999999,80.1907768,23.650000000000002,50,72,0.5,0.72,5,0.05,25195,251.95000000000002,-74414,-74.414,276,0.276,446,0.446,138,0.138,0,0.0,0,
294.667866,1788179890.537372,403302000,16,1,1,4,29,60771757,801907767,23270,6.0771757,80.1907767,23.27,50,72,0.5,0.72,9,0.09,27041,270.41,-74794,-74.794,276,0.276,443,0.443,140,0.14,0,0.0,0,
295.119332,1788179890.988838,403702000,46,1,1,4,29,60771755,801907766,22970,6.0771755,80.19077659999999,22.97,52,72,0.52,0.72,12,0.12,25905,259.05,-75094,-75.09400000000001,276,0.276,446,0.446,146,0.146,0,0.0,0,
295.589023,1788179891.458529,404302000,75,1,1,4,29,60771753,801907762,22570,6.0771752999999995,80.1907762,22.57,50,72,0.5,0.72,12,0.12,26863,268.63,-75494,-75.494,278,0.278,452,0.452,155,0.155,0,0.0,0,
296.151503,1788179892.021009,404702000,105,1,1,4,30,60771750,801907760,22400,6.0771749999999995,80.190776,22.400000000000002,49,71,0.49,0.71,5,0.05,26863,268.63,-75664,-75.664,279,0.279,457,0.457,168,0.168,0,0.0,0,
296.616955,1788179892.486461,405302000,134,1,1,4,30,60771748,801907759,22130,6.0771748,80.19077589999999,22.13,49,71,0.49,0.71,3,0.03,26863,268.63,-75934,-75.934,282,0.28200000000000003,464,0.464,162,0.162,0,0.0,0,
297.068009,1788179892.937515,405702000,164,1,1,4,29,60771749,801907759,21900,6.0771749,80.19077589999999,21.900000000000002,50,72,0.5,0.72,0,0.0,26863,268.63,-76164,-76.164,283,0.28300000000000003,468,0.468,161,0.161,0,0.0,0,
297.629673,1788179893.499179,406302000,193,1,1,4,31,60771749,801907759,21690,6.0771749,80.19077589999999,21.69,49,71,0.49,0.71,9,0.09,26863,268.63,-76374,-76.374,285,0.28500000000000003,474,0.47400000000000003,141,0.14100000000000001,0,0.0,0,
298.113327,1788179893.982833,406702000,223,1,1,4,31,60771750,801907761,21730,6.0771749999999995,80.1907761,21.73,49,71,0.49,0.71,10,0.1,34202,342.02,-76334,-76.334,286,0.28600000000000003,477,0.47700000000000004,114,0.114,0,0.0,0,
298.644038,1788179894.513544,407302000,252,1,1,4,31,60771752,801907761,21870,6.0771752,80.1907761,21.87,49,71,0.49,0.71,10,0.1,2989,29.89,-76194,-76.194,287,0.28700000000000003,480,0.48,93,0.093,0,0.0,0,
299.144037,1788179895.013543,407702000,26,1,1,4,31,60771751,801907761,21930,6.0771751,80.1907761,21.93,49,71,0.49,0.71,3,0.03,2989,29.89,-76134,-76.134,286,0.28600000000000003,481,0.481,144,0.14400000000000002,0,0.0,0,
299.610369,1788179895.479875,408302000,55,1,1,4,30,60771749,801907760,21890,6.0771749,80.190776,21.89,51,73,0.51,0.73,5,0.05,2989,29.89,-76174,-76.174,286,0.28600000000000003,481,0.481,132,0.132,0,0.0,0,
300.181348,1788179896.050854,408702000,85,1,1,4,30,60771750,801907760,21870,6.0771749999999995,80.190776,21.87,51,73,0.51,0.73,8,0.08,2989,29.89,-76194,-76.194,285,0.28500000000000003,482,0.482,90,0.09,0,0.0,0,
300.605415,1788179896.474921,409302000,114,1,1,4,30,60771749,801907762,21940,6.0771749,80.1907762,21.94,51,73,0.51,0.73,9,0.09,2989,29.89,-76124,-76.124,285,0.28500000000000003,483,0.483,83,0.083,0,0.0,0,
301.105704,1788179896.975210,409702000,144,1,1,4,30,60771750,801907762,21970,6.0771749999999995,80.1907762,21.97,50,73,0.5,0.73,3,0.03,2989,29.89,-76094,-76.09400000000001,285,0.28500000000000003,484,0.484,83,0.083,0,0.0,0,
301.591738,1788179897.461244,410302000,174,1,1,4,30,60771747,801907761,22030,6.0771747,80.1907761,22.03,50,73,0.5,0.73,3,0.03,2989,29.89,-76034,-76.034,286,0.28600000000000003,486,0.486,129,0.129,0,0.0,0,
302.139542,1788179898.009048,410702000,204,1,1,4,30,60771747,801907760,22040,6.0771747,80.190776,22.04,50,73,0.5,0.73,2,0.02,2989,29.89,-76024,-76.024,287,0.28700000000000003,488,0.488,70,0.07,0,0.0,0,
302.591092,1788179898.460598,411302000,233,1,1,4,30,60771748,801907761,22030,6.0771748,80.1907761,22.03,50,73,0.5,0.73,6,0.06,2989,29.89,-76034,-76.034,289,0.289,491,0.491,134,0.134,0,0.0,0,
303.089198,1788179898.958704,411704000,7,1,1,4,30,60771748,801907759,22040,6.0771748,80.19077589999999,22.04,50,73,0.5,0.73,6,0.06,2989,29.89,-76024,-76.024,291,0.291,493,0.493,84,0.084,0,0.0,0,
303.637070,1788179899.506576,412304000,36,1,1,4,30,60771747,801907758,22040,6.0771747,80.1907758,22.04,51,74,0.51,0.74,4,0.04,2989,29.89,-76024,-76.024,293,0.293,497,0.497,107,0.107,0,0.0,0,
304.093378,1788179899.962884,412704000,66,1,1,4,30,60771748,801907758,22050,6.0771748,80.1907758,22.05,53,74,0.53,0.74,6,0.06,2989,29.89,-76014,-76.014,294,0.294,498,0.498,139,0.139,0,0.0,0,
304.676642,1788179900.546148,413304000,95,1,1,4,30,60771749,801907755,22260,6.0771749,80.1907755,22.26,51,74,0.51,0.74,2,0.02,31898,318.98,-75805,-75.805,295,0.295,502,0.502,148,0.148,0,0.0,0,
305.085402,1788179900.954908,413704000,125,1,1,4,31,60771747,801907757,22680,6.0771747,80.1907757,22.68,51,74,0.51,0.74,2,0.02,26936,269.36,-75384,-75.384,296,0.296,504,0.504,150,0.15,0,0.0,0,
305.705922,1788179901.575428,414304000,154,1,1,4,29,60771743,801907757,23520,6.077174299999999,80.1907757,23.52,55,77,0.55,0.77,10,0.1,26936,269.36,-74544,-74.544,297,0.297,509,0.509,156,0.156,0,0.0,0,
306.158721,1788179902.028227,414704000,187,1,1,4,30,60771740,801907755,24000,6.077173999999999,80.1907755,24.0,54,76,0.54,0.76,14,0.14,24214,242.14000000000001,-74064,-74.06400000000001,298,0.298,512,0.512,163,0.163,0,0.0,0,
306.625089,1788179902.494595,415304000,217,1,1,4,30,60771740,801907753,24300,6.077173999999999,80.1907753,24.3,54,76,0.54,0.76,5,0.05,26592,265.92,-73764,-73.764,300,0.3,516,0.516,122,0.122,0,0.0,0,
307.091800,1788179902.961306,415704000,249,1,1,4,30,60771741,801907754,24310,6.0771741,80.19077539999999,24.310000000000002,57,79,0.5700000000000001,0.79,8,0.08,26592,265.92,-73754,-73.754,300,0.3,518,0.518,138,0.138,0,0.0,0,
307.654639,1788179903.524145,416304000,22,1,1,4,30,60771744,801907758,24240,6.0771744,80.1907758,24.240000000000002,54,76,0.54,0.76,3,0.03,26592,265.92,-73824,-73.824,300,0.3,520,0.52,102,0.10200000000000001,0,0.0,0,
308.140040,1788179904.009546,416704000,52,1,1,4,30,60771741,801907758,24260,6.0771741,80.1907758,24.26,54,76,0.54,0.76,12,0.12,23683,236.83,-73804,-73.804,299,0.299,516,0.516,97,0.097,0,0.0,0,
308.578805,1788179904.448311,417304000,81,1,1,4,31,60771726,801907757,24340,6.0771726,80.1907757,24.34,53,76,0.53,0.76,32,0.32,18121,181.21,-73724,-73.724,298,0.298,509,0.509,68,0.068,0,0.0,0,
309.146616,1788179905.016122,417704000,111,1,1,4,30,60771712,801907758,24310,6.0771711999999996,80.1907758,24.310000000000002,53,76,0.53,0.76,43,0.43,17725,177.25,-73754,-73.754,297,0.297,505,0.505,77,0.077,0,0.0,0,
309.614384,1788179905.483890,418304000,140,1,1,4,31,60771693,801907760,24220,6.0771692999999996,80.190776,24.22,53,76,0.53,0.76,45,0.45,17348,173.48,-73844,-73.84400000000001,297,0.297,503,0.503,83,0.083,0,0.0,0,
310.101186,1788179905.970692,418704000,170,1,1,4,30,60771677,801907761,24200,6.0771676999999995,80.1907761,24.2,53,76,0.53,0.76,51,0.51,17288,172.88,-73864,-73.864,298,0.298,503,0.503,83,0.083,0,0.0,0,
310.677692,1788179906.547198,419304000,199,1,1,4,31,60771651,801907764,24170,6.077165099999999,80.19077639999999,24.17,53,76,0.53,0.76,46,0.46,16965,169.65,-73894,-73.894,297,0.297,498,0.498,79,0.079,0,0.0,0,
311.176164,1788179907.045670,419704000,229,1,1,4,29,60771635,801907767,24160,6.0771635,80.1907767,24.16,53,76,0.53,0.76,44,0.44,16763,167.63,-73904,-73.904,297,0.297,495,0.495,77,0.077,0,0.0,0,
311.721899,1788179907.591405,420304000,3,1,1,4,30,60771606,801907776,24200,6.0771606,80.19077759999999,24.2,53,76,0.53,0.76,50,0.5,16521,165.21,-73864,-73.864,295,0.295,489,0.489,71,0.07100000000000001,0,0.0,0,
312.098698,1788179907.968204,420704000,33,1,1,4,31,60771587,801907779,24210,6.0771587,80.1907779,24.21,53,76,0.53,0.76,54,0.54,16901,169.01,-73854,-73.854,294,0.294,485,0.485,70,0.07,0,0.0,0,
312.601161,1788179908.470667,421304000,62,1,1,4,29,60771557,801907782,24230,6.0771557,80.1907782,24.23,53,76,0.53,0.76,57,0.5700000000000001,17560,175.6,-73834,-73.834,293,0.293,480,0.48,77,0.077,0,0.0,0,
313.069243,1788179908.938749,421704000,92,1,1,4,30,60771533,801907785,24230,6.0771533,80.1907785,24.23,53,76,0.53,0.76,71,0.71,17572,175.72,-73834,-73.834,293,0.293,476,0.47600000000000003,78,0.078,0,0.0,0,
313.646871,1788179909.516377,422304000,121,1,1,4,30,60771496,801907787,24220,6.077149599999999,80.1907787,24.22,53,76,0.53,0.76,65,0.65,17881,178.81,-73844,-73.84400000000001,291,0.291,473,0.47300000000000003,76,0.076,0,0.0,0,
314.100185,1788179909.969691,422704000,151,1,1,4,31,60771476,801907788,24220,6.0771476,80.19077879999999,24.22,53,76,0.53,0.76,42,0.42,17686,176.86,-73844,-73.84400000000001,291,0.291,472,0.47200000000000003,78,0.078,0,0.0,0,
314.566186,1788179910.435692,423304000,180,1,1,4,28,60771449,801907790,24210,6.0771448999999995,80.19077899999999,24.21,56,78,0.56,0.78,47,0.47000000000000003,17351,173.51,-73854,-73.854,290,0.29,471,0.47100000000000003,82,0.082,0,0.0,0,
315.143560,1788179911.013066,423704000,210,1,1,4,30,60771429,801907794,24190,6.0771429,80.1907794,24.19,56,78,0.56,0.78,55,0.55,16913,169.13,-73874,-73.874,290,0.29,470,0.47000000000000003,87,0.08700000000000001,0,0.0,0,
315.595311,1788179911.464817,424304000,239,1,1,4,30,60771401,801907795,24250,6.077140099999999,80.19077949999999,24.25,53,76,0.53,0.76,53,0.53,17466,174.66,-73814,-73.81400000000001,291,0.291,469,0.46900000000000003,93,0.093,0,0.0,0,
316.174161,1788179912.043667,424704000,13,1,1,4,32,60771381,801907796,24290,6.0771381,80.1907796,24.29,51,76,0.51,0.76,55,0.55,17753,177.53,-73774,-73.774,292,0.292,467,0.467,85,0.085,0,0.0,0,
316.628733,1788179912.498239,425304000,42,1,1,4,31,60771350,801907795,24370,6.077134999999999,80.19077949999999,24.37,50,74,0.5,0.74,61,0.61,17235,172.35,-73694,-73.694,290,0.29,461,0.461,79,0.079,0,0.0,0,
317.082380,1788179912.951886,425704000,72,1,1,4,32,60771329,801907800,24400,6.0771329,80.19077999999999,24.400000000000002,49,73,0.49,0.73,60,0.6,16404,164.04,-73664,-73.664,290,0.29,459,0.459,85,0.085,0,0.0,0,
317.659817,1788179913.529323,426304000,101,1,1,4,31,60771298,801907807,24400,6.0771298,80.19078069999999,24.400000000000002,49,73,0.49,0.73,54,0.54,16614,166.14000000000001,-73664,-73.664,290,0.29,458,0.458,86,0.08600000000000001,0,0.0,0,
318.080802,1788179913.950308,426704000,131,1,1,4,30,60771277,801907811,24430,6.0771277,80.1907811,24.43,50,73,0.5,0.73,63,0.63,16759,167.59,-73634,-73.634,290,0.29,457,0.457,79,0.079,0,0.0,0,
318.580586,1788179914.450092,427304000,160,1,1,4,31,60771248,801907816,24410,6.0771248,80.1907816,24.41,50,73,0.5,0.73,41,0.41000000000000003,17027,170.27,-73654,-73.654,290,0.29,458,0.458,84,0.084,0,0.0,0,
319.079371,1788179914.948877,427704000,192,1,1,4,31,60771238,801907817,24440,6.0771238,80.1907817,24.44,50,73,0.5,0.73,17,0.17,16898,168.98,-73624,-73.624,291,0.291,459,0.459,91,0.091,0,0.0,0,
319.629143,1788179915.498649,428304000,224,1,1,4,31,60771234,801907821,24450,6.0771234,80.19078209999999,24.45,53,76,0.53,0.76,13,0.13,13094,130.94,-73614,-73.614,291,0.291,458,0.458,83,0.083,0,0.0,0,
320.191135,1788179916.060641,428704000,254,1,1,4,30,60771232,801907825,24460,6.0771232,80.1907825,24.46,53,76,0.53,0.76,8,0.08,12758,127.58,-73604,-73.604,292,0.292,459,0.459,81,0.081,0,0.0,0,
320.692714,1788179916.562220,429304000,27,1,1,4,30,60771230,801907829,24460,6.077122999999999,80.1907829,24.46,53,76,0.53,0.76,8,0.08,13609,136.09,-73604,-73.604,291,0.291,458,0.458,81,0.081,0,0.0,0,
321.115834,1788179916.985340,429704000,57,1,1,4,31,60771233,801907832,24420,6.077123299999999,80.1907832,24.42,53,76,0.53,0.76,12,0.12,10309,103.09,-73644,-73.644,290,0.29,457,0.457,131,0.131,0,0.0,0,
321.599859,1788179917.469365,430304000,87,1,1,4,30,60771243,801907831,24410,6.0771242999999995,80.19078309999999,24.41,53,76,0.53,0.76,7,0.07,1574,15.74,-73654,-73.654,289,0.289,454,0.454,89,0.089,0,0.0,0,
322.159978,1788179918.029484,430704000,116,1,1,4,29,60771246,801907830,24380,6.077124599999999,80.190783,24.38,53,76,0.53,0.76,12,0.12,33279,332.79,-73684,-73.684,289,0.289,453,0.453,104,0.10400000000000001,0,0.0,0,
322.611057,1788179918.480563,431304000,144,1,1,4,29,60771248,801907828,24100,6.0771248,80.1907828,24.1,53,76,0.53,0.76,4,0.04,31312,313.12,-73964,-73.964,287,0.28700000000000003,450,0.45,140,0.14,0,0.0,0,
323.076924,1788179918.946430,431707000,173,1,1,4,30,60771247,801907827,23860,6.0771247,80.1907827,23.86,53,76,0.53,0.76,15,0.15,26074,260.74,-74204,-74.20400000000001,286,0.28600000000000003,448,0.448,135,0.135,0,0.0,0,
323.638571,1788179919.508077,432307000,201,1,1,4,30,60771241,801907832,23390,6.0771241,80.1907832,23.39,53,76,0.53,0.76,20,0.2,17564,175.64000000000001,-74674,-74.674,286,0.28600000000000003,446,0.446,150,0.15,0,0.0,0,
324.108355,1788179919.977861,432707000,230,1,1,4,29,60771239,801907835,23050,6.0771239,80.1907835,23.05,53,76,0.53,0.76,4,0.04,14999,149.99,-75014,-75.014,287,0.28700000000000003,447,0.447,170,0.17,0,0.0,0,
324.561942,1788179920.431448,433307000,2,1,1,4,30,60771236,801907829,22530,6.077123599999999,80.1907829,22.53,53,76,0.53,0.76,18,0.18,24822,248.22,-75534,-75.534,290,0.29,451,0.451,163,0.163,0,0.0,0,
325.143960,1788179921.013466,433707000,31,1,1,4,30,60771235,801907823,22120,6.0771235,80.1907823,22.12,53,76,0.53,0.76,19,0.19,25637,256.37,-75944,-75.944,291,0.291,454,0.454,168,0.168,0,0.0,0,
325.724018,1788179921.593524,434307000,59,1,1,4,31,60771238,801907809,21430,6.0771238,80.1907809,21.43,53,76,0.53,0.76,32,0.32,28198,281.98,-76634,-76.634,296,0.296,462,0.462,187,0.187,0,0.0,0,
326.180053,1788179922.049559,434707000,88,1,1,4,31,60771244,801907809,21490,6.0771244,80.1907809,21.490000000000002,53,76,0.53,0.76,65,0.65,32280,322.8,-76574,-76.574,303,0.303,478,0.47800000000000004,198,0.198,0,0.0,0,
326.602055,1788179922.471561,435307000,116,1,1,4,31,60771242,801907806,21490,6.0771242,80.1907806,21.490000000000002,54,76,0.54,0.76,3,0.03,33719,337.19,-76574,-76.574,318,0.318,503,0.503,222,0.222,0,0.0,0,
327.104389,1788179922.973895,435707000,145,1,1,4,30,60771242,801907805,21500,6.0771242,80.1907805,21.5,54,76,0.54,0.76,3,0.03,33719,337.19,-76564,-76.56400000000001,322,0.322,511,0.511,196,0.196,0,0.0,0,
327.560757,1788179923.430263,436307000,175,1,1,4,30,60771243,801907805,21520,6.0771242999999995,80.1907805,21.52,52,73,0.52,0.73,4,0.04,33719,337.19,-76544,-76.544,324,0.324,520,0.52,128,0.128,0,0.0,0,
328.248159,1788179924.117665,436707000,206,1,1,4,30,60771242,801907807,21460,6.0771242,80.19078069999999,21.46,52,73,0.52,0.73,8,0.08,33719,337.19,-76604,-76.604,325,0.325,525,0.525,182,0.182,0,0.0,0,
328.623770,1788179924.493276,437307000,234,1,1,4,30,60771242,801907807,21500,6.0771242,80.19078069999999,21.5,52,73,0.52,0.73,3,0.03,33719,337.19,-76564,-76.56400000000001,326,0.326,533,0.533,131,0.131,0,0.0,0,
329.170368,1788179925.039874,437707000,7,1,1,4,30,60771242,801907806,21540,6.0771242,80.1907806,21.54,52,73,0.52,0.73,2,0.02,33719,337.19,-76524,-76.524,327,0.327,538,0.538,182,0.182,0,0.0,0,
329.636935,1788179925.506441,438307000,35,1,1,4,28,60771242,801907805,21560,6.0771242,80.1907805,21.56,54,74,0.54,0.74,6,0.06,33719,337.19,-76504,-76.504,329,0.329,546,0.546,181,0.181,0,0.0,0,
330.197527,1788179926.067033,438707000,64,1,1,4,29,60771242,801907803,21600,6.0771242,80.1907803,21.6,55,76,0.55,0.76,4,0.04,33719,337.19,-76464,-76.464,330,0.33,551,0.551,181,0.181,0,0.0,0,
330.572626,1788179926.442132,439307000,92,1,1,4,29,60771241,801907804,21540,6.0771241,80.1907804,21.54,53,73,0.53,0.73,5,0.05,33719,337.19,-76524,-76.524,331,0.331,559,0.559,172,0.17200000000000001,0,0.0,0,
331.119341,1788179926.988847,439707000,121,1,1,4,28,60771242,801907806,21550,6.0771242,80.1907806,21.55,53,73,0.53,0.73,4,0.04,33719,337.19,-76514,-76.514,332,0.332,563,0.5630000000000001,78,0.078,0,0.0,0,
331.619865,1788179927.489371,440307000,150,1,1,4,29,60771240,801907808,21550,6.0771239999999995,80.1907808,21.55,53,73,0.53,0.73,1,0.01,33719,337.19,-76514,-76.514,333,0.333,570,0.5700000000000001,190,0.19,0,0.0,0,
332.166998,1788179928.036504,440707000,179,1,1,4,29,60771241,801907807,21570,6.0771241,80.19078069999999,21.57,53,73,0.53,0.73,2,0.02,33719,337.19,-76494,-76.494,334,0.334,574,0.5740000000000001,185,0.185,0,0.0,0,
332.572358,1788179928.441864,441307000,207,1,1,4,29,60771242,801907807,21570,6.0771242,80.19078069999999,21.57,53,73,0.53,0.73,0,0.0,33719,337.19,-76494,-76.494,335,0.335,580,0.58,172,0.17200000000000001,0,0.0,0,
333.087158,1788179928.956664,441707000,236,1,1,4,29,60771242,801907808,21570,6.0771242,80.1907808,21.57,53,73,0.53,0.73,2,0.02,33719,337.19,-76494,-76.494,336,0.336,583,0.583,171,0.171,0,0.0,0,
333.654120,1788179929.523626,442307000,8,1,1,4,29,60771241,801907809,21570,6.0771241,80.1907809,21.57,53,73,0.53,0.73,6,0.06,33719,337.19,-76494,-76.494,337,0.337,588,0.588,149,0.149,0,0.0,0,
334.074287,1788179929.943793,442707000,37,1,1,4,29,60771241,801907811,21550,6.0771241,80.1907811,21.55,53,73,0.53,0.73,4,0.04,33719,337.19,-76514,-76.514,338,0.338,592,0.592,172,0.17200000000000001,0,0.0,0,
334.602134,1788179930.471640,443307000,65,1,1,4,28,60771241,801907814,21500,6.0771241,80.19078139999999,21.5,53,73,0.53,0.73,1,0.01,33719,337.19,-76564,-76.56400000000001,339,0.339,597,0.597,165,0.165,0,0.0,0,
335.150329,1788179931.019835,443707000,94,1,1,4,29,60771240,801907815,21490,6.0771239999999995,80.1907815,21.490000000000002,53,73,0.53,0.73,1,0.01,33719,337.19,-76574,-76.574,340,0.34,601,0.601,170,0.17,0,0.0,0,
335.601933,1788179931.471439,444307000,122,1,1,4,29,60771240,801907817,21460,6.0771239999999995,80.1907817,21.46,55,75,0.55,0.75,1,0.01,33719,337.19,-76604,-76.604,341,0.341,606,0.606,171,0.171,0,0.0,0,
336.068108,1788179931.937614,444707000,151,1,1,4,28,60771238,801907818,21440,6.0771238,80.1907818,21.44,55,75,0.55,0.75,6,0.06,33719,337.19,-76624,-76.624,342,0.342,610,0.61,175,0.17500000000000002,0,0.0,0,
336.647219,1788179932.516725,445307000,179,1,1,4,28,60771236,801907821,21420,6.077123599999999,80.19078209999999,21.42,60,80,0.6,0.8,5,0.05,33719,337.19,-76644,-76.644,344,0.34400000000000003,615,0.615,146,0.146,0,0.0,0,
337.099940,1788179932.969446,445704000,208,1,1,4,27,60771235,801907824,21380,6.0771235,80.1907824,21.38,60,80,0.6,0.8,4,0.04,33719,337.19,-76684,-76.684,345,0.34500000000000003,618,0.618,173,0.17300000000000001,0,0.0,0,
337.597699,1788179933.467205,446304000,236,1,1,4,28,60771233,801907828,21330,6.077123299999999,80.1907828,21.330000000000002,60,80,0.6,0.8,1,0.01,33719,337.19,-76734,-76.734,346,0.34600000000000003,623,0.623,178,0.178,0,0.0,0,
338.132388,1788179934.001894,446704000,9,1,1,4,27,60771231,801907831,21270,6.0771231,80.19078309999999,21.27,60,80,0.6,0.8,4,0.04,33719,337.19,-76794,-76.794,347,0.34700000000000003,627,0.627,172,0.17200000000000001,0,0.0,0,
338.600628,1788179934.470134,447304000,37,1,1,4,28,60771229,801907836,21190,6.0771229,80.1907836,21.19,60,80,0.6,0.8,5,0.05,33719,337.19,-76874,-76.874,347,0.34700000000000003,631,0.631,168,0.168,0,0.0,0,
339.082995,1788179934.952501,447704000,66,1,1,4,27,60771227,801907840,21140,6.077122699999999,80.190784,21.14,60,80,0.6,0.8,0,0.0,33719,337.19,-76924,-76.924,348,0.34800000000000003,634,0.634,171,0.171,0,0.0,0,
339.644963,1788179935.514469,448304000,94,1,1,4,27,60771225,801907845,21060,6.0771225,80.19078449999999,21.06,60,80,0.6,0.8,4,0.04,33719,337.19,-77004,-77.004,348,0.34800000000000003,638,0.638,172,0.17200000000000001,0,0.0,0,
340.099993,1788179935.969499,448704000,123,1,1,4,27,60771224,801907847,21010,6.0771223999999995,80.1907847,21.01,60,80,0.6,0.8,4,0.04,33719,337.19,-77054,-77.054,348,0.34800000000000003,640,0.64,122,0.122,0,0.0,0,
340.596445,1788179936.465951,449304000,151,1,1,4,27,60771223,801907849,21020,6.0771223,80.1907849,21.02,60,80,0.6,0.8,5,0.05,33719,337.19,-77044,-77.044,349,0.34900000000000003,644,0.644,162,0.162,0,0.0,0,
341.128530,1788179936.998036,449704000,180,1,1,4,27,60771223,801907851,20990,6.0771223,80.1907851,20.990000000000002,60,80,0.6,0.8,4,0.04,33719,337.19,-77075,-77.075,350,0.35000000000000003,646,0.646,81,0.081,0,0.0,0,
341.596544,1788179937.466050,450304000,209,1,1,4,26,60771224,801907855,20960,6.0771223999999995,80.19078549999999,20.96,60,80,0.6,0.8,7,0.07,33719,337.19,-77104,-77.104,351,0.35100000000000003,649,0.649,160,0.16,0,0.0,0,
342.175199,1788179938.044705,450704000,238,1,1,4,27,60771225,801907858,20910,6.0771225,80.1907858,20.91,60,80,0.6,0.8,0,0.0,33719,337.19,-77154,-77.154,352,0.352,652,0.652,176,0.176,0,0.0,0,
342.656293,1788179938.525799,451304000,10,1,1,4,27,60771224,801907863,20840,6.0771223999999995,80.1907863,20.84,60,80,0.6,0.8,0,0.0,33719,337.19,-77224,-77.224,352,0.352,654,0.654,175,0.17500000000000002,0,0.0,0,
343.094959,1788179938.964465,451704000,39,1,1,4,28,60771226,801907866,20790,6.0771226,80.1907866,20.79,60,80,0.6,0.8,1,0.01,33719,337.19,-77274,-77.274,353,0.353,655,0.655,167,0.167,0,0.0,0,
343.693935,1788179939.563441,452304000,67,1,1,4,28,60771228,801907870,20750,6.0771228,80.190787,20.75,60,80,0.6,0.8,4,0.04,33719,337.19,-77314,-77.31400000000001,353,0.353,659,0.659,134,0.134,0,0.0,0,
344.131366,1788179940.000872,452704000,99,1,1,4,28,60771229,801907870,20700,6.0771229,80.190787,20.7,60,80,0.6,0.8,4,0.04,33719,337.19,-77364,-77.364,355,0.355,663,0.663,173,0.17300000000000001,0,0.0,0,
344.611865,1788179940.481371,453304000,128,1,1,4,27,60771229,801907876,20610,6.0771229,80.1907876,20.61,61,81,0.61,0.81,16,0.16,4398,43.980000000000004,-77454,-77.45400000000001,359,0.359,671,0.671,173,0.17300000000000001,0,0.0,0,
345.155465,1788179941.024971,453704000,157,1,1,4,25,60771229,801907880,20530,6.0771229,80.190788,20.53,74,106,0.74,1.06,5,0.05,4398,43.980000000000004,-77535,-77.535,360,0.36,671,0.671,145,0.145,0,0.0,0,
345.625844,1788179941.495350,454304000,185,1,1,4,23,60771234,801907882,20440,6.0771234,80.1907882,20.44,78,100,0.78,1.0,3,0.03,4398,43.980000000000004,-77624,-77.624,358,0.358,667,0.667,75,0.075,0,0.0,0,
346.108744,1788179941.978250,454704000,214,1,1,4,22,60771237,801907884,20410,6.0771237,80.1907884,20.41,78,100,0.78,1.0,3,0.03,4398,43.980000000000004,-77654,-77.654,355,0.355,660,0.66,143,0.14300000000000002,0,0.0,0,
346.653163,1788179942.522669,455304000,242,1,1,4,22,60771244,801907887,20690,6.0771244,80.1907887,20.69,78,100,0.78,1.0,48,0.48,143,1.43,-77374,-77.374,352,0.352,654,0.654,122,0.122,0,0.0,0,
347.107280,1788179942.976786,455704000,15,1,1,4,23,60771270,801907886,20990,6.077127,80.19078859999999,20.990000000000002,78,100,0.78,1.0,81,0.81,35816,358.16,-77074,-77.074,350,0.35000000000000003,647,0.647,112,0.112,0,0.0,0,
347.579363,1788179943.448869,456304000,43,1,1,4,23,60771320,801907889,21290,6.077132,80.1907889,21.29,76,99,0.76,0.99,113,1.1300000000000001,912,9.120000000000001,-76774,-76.774,347,0.34700000000000003,633,0.633,81,0.081,0,0.0,0,
348.159198,1788179944.028704,456704000,72,1,1,4,24,60771357,801907889,21380,6.0771356999999995,80.1907889,21.38,76,99,0.76,0.99,99,0.99,89,0.89,-76684,-76.684,347,0.34700000000000003,623,0.623,54,0.054,0,0.0,0,
348.641711,1788179944.511217,457304000,100,1,1,4,24,60771403,801907874,21590,6.0771403,80.19078739999999,21.59,76,99,0.76,0.99,79,0.79,35051,350.51,-76474,-76.474,347,0.34700000000000003,607,0.607,67,0.067,0,0.0,0,
349.093374,1788179944.962880,457704000,129,1,1,4,24,60771426,801907864,21760,6.077142599999999,80.1907864,21.76,76,99,0.76,0.99,75,0.75,34551,345.51,-76304,-76.304,346,0.34600000000000003,598,0.598,62,0.062,0,0.0,0,
349.650789,1788179945.520295,458304000,157,1,1,4,25,60771469,801907860,21780,6.0771469,80.190786,21.78,76,99,0.76,0.99,93,0.93,35873,358.73,-76284,-76.284,344,0.34400000000000003,585,0.585,71,0.07100000000000001,0,0.0,0,
350.103796,1788179945.973302,458704000,186,1,1,4,25,60771502,801907854,21910,6.0771502,80.1907854,21.91,73,96,0.73,0.96,92,0.92,35382,353.82,-76155,-76.155,343,0.343,577,0.577,61,0.061,0,0.0,0,
350.603895,1788179946.473401,459304000,214,1,1,4,26,60771540,801907843,22090,6.077154,80.19078429999999,22.09,73,96,0.73,0.96,62,0.62,34728,347.28000000000003,-75974,-75.974,340,0.34,565,0.5650000000000001,69,0.069,0,0.0,0,
351.147617,1788179947.017123,459704000,243,1,1,4,25,60771565,801907837,22110,6.0771565,80.1907837,22.11,73,96,0.73,0.96,57,0.5700000000000001,35215,352.15000000000003,-75954,-75.95400000000001,337,0.337,558,0.558,64,0.064,0,0.0,0,
351.631317,1788179947.500823,460304000,16,1,1,4,26,60771598,801907825,22110,6.0771598,80.1907825,22.11,74,98,0.74,0.98,59,0.59,34200,342.0,-75954,-75.95400000000001,334,0.334,551,0.551,66,0.066,0,0.0,0,
352.068231,1788179947.937737,460704000,45,1,1,4,27,60771621,801907817,22140,6.0771621,80.1907817,22.14,73,96,0.73,0.96,79,0.79,35368,353.68,-75924,-75.924,332,0.332,546,0.546,84,0.084,0,0.0,0,
352.645937,1788179948.515443,461304000,73,1,1,4,27,60771666,801907811,22190,6.0771666,80.1907811,22.19,73,96,0.73,0.96,80,0.8,35704,357.04,-75874,-75.874,329,0.329,540,0.54,71,0.07100000000000001,0,0.0,0,
353.097340,1788179948.966846,461704000,103,1,1,4,27,60771696,801907804,22130,6.0771695999999995,80.1907804,22.13,73,96,0.73,0.96,79,0.79,35560,355.6,-75934,-75.934,327,0.327,537,0.537,103,0.10300000000000001,0,0.0,0,
353.580507,1788179949.450013,462304000,131,1,1,4,27,60771725,801907799,22130,6.0771725,80.1907799,22.13,73,96,0.73,0.96,28,0.28,375,3.75,-75934,-75.934,325,0.325,533,0.533,77,0.077,0,0.0,0,
354.129619,1788179949.999125,462704000,160,1,1,4,28,60771730,801907799,22170,6.077173,80.1907799,22.17,73,96,0.73,0.96,4,0.04,411,4.11,-75894,-75.894,322,0.322,529,0.529,112,0.112,0,0.0,0,
354.613321,1788179950.482827,463304000,188,1,1,4,27,60771729,801907801,22200,6.0771729,80.1907801,22.2,73,96,0.73,0.96,3,0.03,411,4.11,-75864,-75.864,318,0.318,524,0.524,60,0.06,0,0.0,0,
355.177828,1788179951.047334,463704000,218,1,1,4,27,60771729,801907803,22240,6.0771729,80.1907803,22.240000000000002,69,92,0.6900000000000001,0.92,3,0.03,411,4.11,-75824,-75.824,316,0.316,522,0.522,149,0.149,0,0.0,0,
355.626550,1788179951.496056,464304000,247,1,1,4,28,60771730,801907804,22230,6.077173,80.1907804,22.23,69,92,0.6900000000000001,0.92,2,0.02,411,4.11,-75834,-75.834,315,0.315,524,0.524,156,0.156,0,0.0,0,
356.107564,1788179951.977070,464704000,21,1,1,4,27,60771731,801907804,22230,6.0771730999999996,80.1907804,22.23,69,92,0.6900000000000001,0.92,8,0.08,411,4.11,-75834,-75.834,315,0.315,526,0.526,85,0.085,0,0.0,0,
356.560873,1788179952.430379,465304000,50,1,1,4,27,60771727,801907807,22250,6.077172699999999,80.19078069999999,22.25,65,90,0.65,0.9,7,0.07,411,4.11,-75814,-75.81400000000001,314,0.314,529,0.529,86,0.08600000000000001,0,0.0,0,
357.124809,1788179952.994315,465704000,80,1,1,4,28,60771722,801907812,22320,6.0771722,80.19078119999999,22.32,68,93,0.68,0.93,31,0.31,12729,127.29,-75744,-75.744,313,0.313,529,0.529,112,0.112,0,0.0,0,
357.591181,1788179953.460687,466304000,109,1,1,4,27,60771698,801907818,22420,6.0771698,80.1907818,22.42,68,93,0.68,0.93,70,0.7000000000000001,17263,172.63,-75644,-75.644,314,0.314,530,0.53,102,0.10200000000000001,0,0.0,0,
358.276500,1788179954.146006,466704000,140,1,1,4,27,60771676,801907822,22470,6.0771676,80.1907822,22.47,68,93,0.68,0.93,57,0.5700000000000001,16620,166.20000000000002,-75594,-75.59400000000001,314,0.314,530,0.53,78,0.078,0,0.0,0,
358.651540,1788179954.521046,467304000,169,1,1,4,27,60771644,801907826,22380,6.0771644,80.19078259999999,22.38,65,90,0.65,0.9,42,0.42,17324,173.24,-75684,-75.684,315,0.315,530,0.53,88,0.088,0,0.0,0,
359.192616,1788179955.062122,467704000,199,1,1,4,28,60771629,801907822,22360,6.077162899999999,80.1907822,22.36,68,93,0.68,0.93,64,0.64,22255,222.55,-75704,-75.70400000000001,316,0.316,530,0.53,135,0.135,0,0.0,0,
359.568158,1788179955.437664,468304000,228,1,1,4,28,60771613,801907801,22360,6.077161299999999,80.1907801,22.36,68,93,0.68,0.93,49,0.49,25813,258.13,-75704,-75.70400000000001,317,0.317,528,0.528,113,0.113,0,0.0,0,
360.145021,1788179956.014527,468704000,2,1,1,4,28,60771615,801907782,22350,6.0771615,80.1907782,22.35,65,90,0.65,0.9,68,0.68,26720,267.2,-75714,-75.714,318,0.318,528,0.528,108,0.108,0,0.0,0,
360.582645,1788179956.452151,469304000,31,1,1,4,27,60771615,801907752,22290,6.0771615,80.19077519999999,22.29,65,90,0.65,0.9,64,0.64,26476,264.76,-75774,-75.774,323,0.323,533,0.533,125,0.125,0,0.0,0,
361.158549,1788179957.028055,469704000,61,1,1,4,27,60771611,801907728,22330,6.0771611,80.19077279999999,22.330000000000002,65,90,0.65,0.9,76,0.76,26762,267.62,-75734,-75.734,329,0.329,540,0.54,136,0.136,0,0.0,0,
361.610725,1788179957.480231,470304000,91,1,1,4,29,60771612,801907698,22250,6.0771612,80.1907698,22.25,57,78,0.5700000000000001,0.78,64,0.64,27428,274.28000000000003,-75814,-75.81400000000001,338,0.338,549,0.549,126,0.126,0,0.0,0,
362.065403,1788179957.934909,470704000,121,1,1,4,27,60771618,801907680,22190,6.0771618,80.19076799999999,22.19,65,90,0.65,0.9,42,0.42,28338,283.38,-75875,-75.875,343,0.343,554,0.554,107,0.107,0,0.0,0,
362.641238,1788179958.510744,471304000,150,1,1,4,27,60771623,801907659,22230,6.0771622999999995,80.1907659,22.23,57,78,0.5700000000000001,0.78,29,0.29,29086,290.86,-75834,-75.834,346,0.34600000000000003,558,0.558,105,0.105,0,0.0,0,
363.110343,1788179958.979849,471705000,180,1,1,4,26,60771633,801907651,22260,6.0771633,80.1907651,22.26,57,78,0.5700000000000001,0.78,34,0.34,32708,327.08,-75804,-75.804,346,0.34600000000000003,557,0.557,95,0.095,0,0.0,0,
363.687952,1788179959.557458,472305000,209,1,1,4,28,60771651,801907641,22260,6.077165099999999,80.1907641,22.26,58,79,0.58,0.79,16,0.16,33747,337.47,-75805,-75.805,344,0.34400000000000003,553,0.553,98,0.098,0,0.0,0,
364.107745,1788179959.977251,472705000,239,1,1,4,28,60771658,801907634,22300,6.0771657999999995,80.1907634,22.3,59,82,0.59,0.8200000000000001,25,0.25,33073,330.73,-75764,-75.764,342,0.342,551,0.551,90,0.09,0,0.0,0,
364.621620,1788179960.491126,473305000,12,1,1,4,28,60771671,801907625,22360,6.0771671,80.19076249999999,22.36,58,79,0.58,0.79,18,0.18,33569,335.69,-75704,-75.70400000000001,340,0.34,546,0.546,86,0.08600000000000001,0,0.0,0,
365.058960,1788179960.928466,473705000,42,1,1,4,28,60771679,801907622,22410,6.0771679,80.1907622,22.41,55,76,0.55,0.76,21,0.21,35166,351.66,-75654,-75.654,340,0.34,544,0.544,91,0.091,0,0.0,0,
365.636040,1788179961.505546,474305000,71,1,1,4,27,60771691,801907621,22420,6.0771691,80.1907621,22.42,55,76,0.55,0.76,16,0.16,874,8.74,-75644,-75.644,339,0.339,541,0.541,66,0.066,0,0.0,0,
366.103936,1788179961.973442,474705000,101,1,1,4,30,60771698,801907623,22400,6.0771698,80.1907623,22.400000000000002,52,76,0.52,0.76,7,0.07,1277,12.77,-75664,-75.664,339,0.339,543,0.543,114,0.114,0,0.0,0,
366.558671,1788179962.428177,475305000,130,1,1,4,30,60771704,801907623,22440,6.0771704,80.1907623,22.44,51,75,0.51,0.75,7,0.07,2143,21.43,-75624,-75.624,340,0.34,546,0.546,71,0.07100000000000001,0,0.0,0,
367.133711,1788179963.003217,475705000,160,1,1,4,29,60771707,801907620,22450,6.0771707,80.19076199999999,22.45,52,75,0.52,0.75,1,0.01,34740,347.40000000000003,-75615,-75.615,340,0.34,548,0.548,142,0.14200000000000002,0,0.0,0,
367.601211,1788179963.470717,476305000,189,1,1,4,28,60771707,801907619,22430,6.0771707,80.1907619,22.43,57,80,0.5700000000000001,0.8,5,0.05,34740,347.40000000000003,-75634,-75.634,342,0.342,552,0.552,135,0.135,0,0.0,0,
368.054529,1788179963.924035,476705000,219,1,1,4,28,60771706,801907618,22420,6.0771706,80.19076179999999,22.42,57,80,0.5700000000000001,0.8,1,0.01,34740,347.40000000000003,-75644,-75.644,344,0.34400000000000003,553,0.553,133,0.133,0,0.0,0,
368.648616,1788179964.518122,477305000,248,1,1,4,28,60771706,801907618,22460,6.0771706,80.19076179999999,22.46,55,79,0.55,0.79,5,0.05,34740,347.40000000000003,-75604,-75.604,346,0.34600000000000003,554,0.554,114,0.114,0,0.0,0,
369.085263,1788179964.954769,477705000,22,1,1,4,28,60771707,801907618,22460,6.0771707,80.19076179999999,22.46,54,79,0.54,0.79,1,0.01,34740,347.40000000000003,-75604,-75.604,347,0.34700000000000003,554,0.554,99,0.099,0,0.0,0,
369.662815,1788179965.532321,478305000,51,1,1,4,28,60771706,801907618,22500,6.0771706,80.19076179999999,22.5,55,79,0.55,0.79,5,0.05,34740,347.40000000000003,-75565,-75.565,349,0.34900000000000003,555,0.555,124,0.124,0,0.0,0,
370.083328,1788179965.952834,478705000,81,1,1,4,28,60771706,801907618,22500,6.0771706,80.19076179999999,22.5,55,79,0.55,0.79,3,0.03,34740,347.40000000000003,-75564,-75.56400000000001,350,0.35000000000000003,555,0.555,128,0.128,0,0.0,0,
370.583514,1788179966.453020,479305000,110,1,1,4,26,60771703,801907618,22550,6.0771703,80.19076179999999,22.55,59,80,0.59,0.8,10,0.1,26964,269.64,-75514,-75.514,351,0.35100000000000003,555,0.555,114,0.114,0,0.0,0,
371.269790,1788179967.139296,479705000,140,1,1,4,27,60771699,801907615,22630,6.0771698999999995,80.1907615,22.63,59,80,0.59,0.8,25,0.25,19611,196.11,-75434,-75.434,350,0.35000000000000003,552,0.552,91,0.091,0,0.0,0,
371.691020,1788179967.560526,480305000,170,1,1,4,26,60771685,801907618,22720,6.0771685,80.19076179999999,22.72,58,78,0.58,0.78,69,0.6900000000000001,16950,169.5,-75344,-75.34400000000001,348,0.34800000000000003,550,0.55,79,0.079,0,0.0,0,
372.192183,1788179968.061689,480705000,200,1,1,4,28,60771660,801907621,22750,6.077166,80.1907621,22.75,54,76,0.54,0.76,71,0.71,17278,172.78,-75314,-75.31400000000001,348,0.34800000000000003,549,0.549,81,0.081,0,0.0,0,
372.663492,1788179968.532998,481305000,229,1,1,4,29,60771637,801907634,22740,6.0771637,80.1907634,22.740000000000002,54,76,0.54,0.76,49,0.49,13841,138.41,-75324,-75.324,349,0.34900000000000003,550,0.55,103,0.10300000000000001,0,0.0,0,
373.116964,1788179968.986470,481705000,3,1,1,4,29,60771634,801907648,22710,6.0771634,80.1907648,22.71,54,76,0.54,0.76,37,0.37,9943,99.43,-75354,-75.354,348,0.34800000000000003,551,0.551,152,0.152,0,0.0,0,
373.572569,1788179969.442075,482305000,32,1,1,4,27,60771636,801907667,22710,6.0771635999999996,80.1907667,22.71,56,79,0.56,0.79,35,0.35000000000000003,8479,84.79,-75354,-75.354,350,0.35000000000000003,549,0.549,193,0.193,0,0.0,0,
374.151325,1788179970.020831,482705000,62,1,1,4,27,60771633,801907675,22750,6.0771633,80.19076749999999,22.75,54,76,0.54,0.76,14,0.14,8761,87.61,-75314,-75.31400000000001,352,0.352,547,0.547,115,0.115,0,0.0,0,
374.569893,1788179970.439399,483105000,91,1,1,4,27,60771624,801907680,22810,6.0771624,80.19076799999999,22.81,54,76,0.54,0.76,28,0.28,11285,112.85000000000001,-75254,-75.254,355,0.355,544,0.544,90,0.09,0,0.0,0,
375.074153,1788179970.943659,483705000,121,1,1,4,29,60771616,801907694,22890,6.0771616,80.1907694,22.89,50,73,0.5,0.73,40,0.4,9175,91.75,-75174,-75.174,357,0.357,538,0.538,189,0.189,0,0.0,0,
375.652171,1788179971.521677,484305000,150,1,1,4,30,60771620,801907714,23030,6.0771619999999995,80.1907714,23.03,50,72,0.5,0.72,28,0.28,7658,76.58,-75034,-75.034,361,0.361,533,0.533,142,0.14200000000000002,0,0.0,0,
376.106296,1788179971.975802,484705000,180,1,1,4,30,60771630,801907724,23060,6.077163,80.1907724,23.06,50,72,0.5,0.72,22,0.22,4972,49.72,-75004,-75.004,365,0.365,529,0.529,75,0.075,0,0.0,0,
376.603154,1788179972.472660,485305000,209,1,1,4,29,60771645,801907714,23130,6.077164499999999,80.1907714,23.13,52,75,0.52,0.75,74,0.74,30699,306.99,-74934,-74.934,372,0.372,531,0.531,165,0.165,0,0.0,0,
377.136035,1788179973.005541,485705000,239,1,1,4,28,60771647,801907692,23180,6.0771647,80.19076919999999,23.18,55,79,0.55,0.79,51,0.51,28245,282.45,-74884,-74.884,379,0.379,542,0.542,169,0.169,0,0.0,0,
377.601293,1788179973.470799,486305000,12,1,1,4,29,60771651,801907665,23210,6.077165099999999,80.1907665,23.21,57,84,0.5700000000000001,0.84,33,0.33,29698,296.98,-74854,-74.854,392,0.392,559,0.559,164,0.164,0,0.0,0,
378.090629,1788179973.960135,486705000,42,1,1,4,29,60771664,801907650,23060,6.077166399999999,80.190765,23.06,57,84,0.5700000000000001,0.84,56,0.56,31260,312.6,-75004,-75.004,395,0.395,568,0.5680000000000001,190,0.19,0,0.0,0,
378.650654,1788179974.520160,487305000,71,1,1,4,29,60771686,801907628,23080,6.077168599999999,80.1907628,23.080000000000002,57,84,0.5700000000000001,0.84,47,0.47000000000000003,31922,319.22,-74984,-74.984,400,0.4,579,0.579,179,0.179,0,0.0,0,
379.101271,1788179974.970777,487705000,101,1,1,4,29,60771703,801907621,23100,6.0771703,80.1907621,23.1,57,84,0.5700000000000001,0.84,48,0.48,34399,343.99,-74964,-74.964,407,0.40700000000000003,588,0.588,251,0.251,0,0.0,0,
379.678511,1788179975.548017,488305000,130,1,1,4,29,60771734,801907621,23190,6.0771733999999995,80.1907621,23.19,57,84,0.5700000000000001,0.84,56,0.56,34953,349.53000000000003,-74874,-74.874,416,0.41600000000000004,596,0.596,260,0.26,0,0.0,0,
380.084604,1788179975.954110,488705000,160,1,1,4,29,60771759,801907618,23170,6.077175899999999,80.19076179999999,23.17,52,75,0.52,0.75,89,0.89,34754,347.54,-74894,-74.894,425,0.425,606,0.606,249,0.249,0,0.0,0,
380.598277,1788179976.467783,489305000,189,1,1,4,29,60771787,801907615,23270,6.0771787,80.1907615,23.27,57,84,0.5700000000000001,0.84,71,0.71,34586,345.86,-74794,-74.794,433,0.433,614,0.614,190,0.19,0,0.0,0,
381.163961,1788179977.033467,489705000,219,1,1,4,29,60771803,801907613,23340,6.077180299999999,80.19076129999999,23.34,60,90,0.6,0.9,58,0.58,34541,345.41,-74724,-74.724,434,0.434,620,0.62,168,0.168,0,0.0,0,
381.632125,1788179977.501631,490305000,249,1,1,4,29,60771830,801907606,23470,6.077183,80.19076059999999,23.47,60,90,0.6,0.9,60,0.6,34186,341.86,-74594,-74.59400000000001,433,0.433,625,0.625,157,0.157,0,0.0,0,
382.207470,1788179978.076976,490705000,25,1,1,4,29,60771854,801907602,23370,6.077185399999999,80.1907602,23.37,57,84,0.5700000000000001,0.84,86,0.86,35749,357.49,-74694,-74.694,433,0.433,629,0.629,142,0.14200000000000002,0,0.0,0,
382.659641,1788179978.529147,491305000,56,1,1,4,28,60771890,801907602,23330,6.077189,80.1907602,23.330000000000002,58,84,0.58,0.84,47,0.47000000000000003,170,1.7,-74734,-74.734,434,0.434,631,0.631,159,0.159,0,0.0,0,
383.155796,1788179979.025302,491710000,86,1,1,4,28,60771909,801907606,23340,6.0771909,80.19076059999999,23.34,53,75,0.53,0.75,63,0.63,1133,11.33,-74724,-74.724,433,0.433,631,0.631,142,0.14200000000000002,0,0.0,0,
383.598916,1788179979.468422,492310000,115,1,1,4,29,60771934,801907608,23260,6.0771934,80.19076079999999,23.26,60,89,0.6,0.89,46,0.46,35605,356.05,-74805,-74.805,432,0.432,632,0.632,149,0.149,0,0.0,0,
384.164119,1788179980.033625,492710000,145,1,1,4,28,60771950,801907600,23240,6.077195,80.19076,23.240000000000002,63,90,0.63,0.9,53,0.53,34175,341.75,-74824,-74.824,432,0.432,632,0.632,135,0.135,0,0.0,0,
384.630478,1788179980.499984,493310000,174,1,1,4,28,60771966,801907593,23270,6.0771966,80.1907593,23.27,63,90,0.63,0.9,17,0.17,35148,351.48,-74794,-74.794,432,0.432,631,0.631,132,0.132,0,0.0,0,
385.081195,1788179980.950701,493710000,204,1,1,4,28,60771978,801907598,23300,6.0771977999999995,80.1907598,23.3,63,90,0.63,0.9,49,0.49,2859,28.59,-74764,-74.764,430,0.43,629,0.629,119,0.11900000000000001,0,0.0,0,
385.644895,1788179981.514401,494310000,233,1,1,4,27,60771999,801907607,23230,6.0771999,80.1907607,23.23,65,91,0.65,0.91,17,0.17,3148,31.48,-74834,-74.834,429,0.429,628,0.628,182,0.182,0,0.0,0,
386.113296,1788179981.982802,494710000,7,1,1,4,27,60772015,801907609,22960,6.0772015,80.1907609,22.96,58,79,0.58,0.79,27,0.27,1301,13.01,-75104,-75.104,429,0.429,629,0.629,233,0.233,0,0.0,0,
386.570400,1788179982.439906,495310000,36,1,1,4,29,60772029,801907608,22710,6.0772029,80.19076079999999,22.71,67,94,0.67,0.9400000000000001,17,0.17,35810,358.1,-75355,-75.355,430,0.43,632,0.632,144,0.14400000000000002,0,0.0,0,
387.150676,1788179983.020182,495710000,66,1,1,4,29,60772035,801907606,22720,6.0772034999999995,80.19076059999999,22.72,65,93,0.65,0.93,12,0.12,2170,21.7,-75344,-75.34400000000001,426,0.426,624,0.624,201,0.201,0,0.0,0,
387.604606,1788179983.474112,496310000,95,1,1,4,29,60772032,801907608,22870,6.0772032,80.19076079999999,22.87,63,90,0.63,0.9,8,0.08,2170,21.7,-75194,-75.194,418,0.418,611,0.611,138,0.138,0,0.0,0,
388.099719,1788179983.969225,496710000,125,1,1,4,29,60772039,801907611,22800,6.0772039,80.1907611,22.8,63,90,0.63,0.9,13,0.13,5732,57.32,-75264,-75.264,413,0.41300000000000003,602,0.602,173,0.17300000000000001,0,0.0,0,
388.635791,1788179984.505297,497310000,154,1,1,4,29,60772037,801907610,23030,6.0772037,80.190761,23.03,63,90,0.63,0.9,12,0.12,9405,94.05,-75034,-75.034,405,0.405,591,0.591,130,0.13,0,0.0,0,
389.057875,1788179984.927381,497710000,185,1,1,4,29,60772039,801907610,23090,6.0772039,80.190761,23.09,55,78,0.55,0.78,5,0.05,9405,94.05,-74974,-74.974,402,0.402,591,0.591,162,0.162,0,0.0,0,
389.791648,1788179985.661154,498310000,214,1,1,4,29,60772044,801907610,23170,6.077204399999999,80.190761,23.17,63,90,0.63,0.9,3,0.03,9405,94.05,-74894,-74.894,397,0.397,593,0.593,54,0.054,0,0.0,0,
390.136444,1788179986.005950,498710000,244,1,1,4,29,60772048,801907611,23210,6.0772048,80.1907611,23.21,63,90,0.63,0.9,6,0.06,9405,94.05,-74854,-74.854,393,0.393,593,0.593,81,0.081,0,0.0,0,
390.600039,1788179986.469545,499310000,17,1,1,4,29,60772051,801907613,23280,6.0772051,80.19076129999999,23.28,65,93,0.65,0.93,5,0.05,9405,94.05,-74784,-74.784,386,0.386,593,0.593,113,0.113,0,0.0,0,
391.051289,1788179986.920795,499710000,47,1,1,4,29,60772053,801907614,23320,6.0772053,80.1907614,23.32,63,90,0.63,0.9,2,0.02,9405,94.05,-74744,-74.744,382,0.382,595,0.595,172,0.17200000000000001,0,0.0,0,
391.630613,1788179987.500119,500310000,77,1,1,4,28,60772056,801907617,23340,6.0772056,80.1907617,23.34,63,90,0.63,0.9,3,0.03,9405,94.05,-74724,-74.724,377,0.377,597,0.597,183,0.183,0,0.0,0,
392.082994,1788179987.952500,500710000,107,1,1,4,29,60772058,801907619,23360,6.0772058,80.1907619,23.36,55,78,0.55,0.78,4,0.04,9405,94.05,-74704,-74.70400000000001,375,0.375,599,0.599,81,0.081,0,0.0,0,
392.660178,1788179988.529684,501310000,136,1,1,4,29,60772062,801907623,23370,6.0772062,80.1907623,23.37,63,90,0.63,0.9,3,0.03,9405,94.05,-74694,-74.694,371,0.371,602,0.602,147,0.147,0,0.0,0,
393.082260,1788179988.951766,501710000,166,1,1,4,29,60772065,801907623,23400,6.0772065,80.1907623,23.400000000000002,63,90,0.63,0.9,2,0.02,9405,94.05,-74664,-74.664,369,0.369,602,0.602,101,0.101,0,0.0,0,
393.704180,1788179989.573686,502310000,195,1,1,4,29,60772070,801907625,23410,6.077207,80.19076249999999,23.41,63,90,0.63,0.9,3,0.03,9405,94.05,-74654,-74.654,365,0.365,603,0.603,92,0.092,0,0.0,0,
394.075925,1788179989.945431,502710000,225,1,1,4,29,60772073,801907627,23420,6.0772072999999995,80.1907627,23.42,63,90,0.63,0.9,0,0.0,9405,94.05,-74644,-74.644,363,0.363,603,0.603,148,0.148,0,0.0,0,
394.642117,1788179990.511623,503310000,254,1,1,4,29,60772076,801907628,23440,6.0772075999999995,80.1907628,23.44,63,90,0.63,0.9,2,0.02,9405,94.05,-74624,-74.624,359,0.359,603,0.603,136,0.136,0,0.0,0,
395.082007,1788179990.951513,503710000,28,1,1,4,28,60772078,801907629,23420,6.0772078,80.1907629,23.42,63,90,0.63,0.9,2,0.02,9405,94.05,-74644,-74.644,357,0.357,603,0.603,94,0.094,0,0.0,0,
395.613861,1788179991.483367,504310000,57,1,1,4,29,60772083,801907631,23390,6.0772083,80.1907631,23.39,63,90,0.63,0.9,4,0.04,9405,94.05,-74674,-74.674,352,0.352,603,0.603,91,0.091,0,0.0,0,
396.112853,1788179991.982359,504710000,87,1,1,4,29,60772085,801907632,23350,6.077208499999999,80.19076319999999,23.35,63,90,0.63,0.9,3,0.03,9405,94.05,-74714,-74.714,350,0.35000000000000003,604,0.604,120,0.12,0,0.0,0,
396.586992,1788179992.456498,505310000,116,1,1,4,28,60772089,801907633,23320,6.0772089,80.1907633,23.32,64,92,0.64,0.92,2,0.02,9405,94.05,-74744,-74.744,347,0.34700000000000003,605,0.605,142,0.14200000000000002,0,0.0,0,
397.148735,1788179993.018241,505710000,146,1,1,4,28,60772091,801907633,23330,6.0772091,80.1907633,23.330000000000002,64,92,0.64,0.92,3,0.03,9405,94.05,-74734,-74.734,346,0.34600000000000003,605,0.605,115,0.115,0,0.0,0,
397.564588,1788179993.434094,506310000,175,1,1,4,28,60772093,801907633,23340,6.0772093,80.1907633,23.34,64,92,0.64,0.92,7,0.07,9405,94.05,-74725,-74.72500000000001,345,0.34500000000000003,606,0.606,81,0.081,0,0.0,0,
398.067834,1788179993.937340,506710000,205,1,1,4,28,60772094,801907635,23320,6.0772094,80.1907635,23.32,64,92,0.64,0.92,4,0.04,9405,94.05,-74744,-74.744,344,0.34400000000000003,607,0.607,144,0.14400000000000002,0,0.0,0,
398.645639,1788179994.515145,507310000,234,1,1,4,28,60772094,801907638,23300,6.0772094,80.1907638,23.3,58,86,0.58,0.86,3,0.03,9405,94.05,-74764,-74.764,342,0.342,608,0.608,135,0.135,0,0.0,0,
399.115988,1788179994.985494,507710000,8,1,1,4,28,60772094,801907639,23310,6.0772094,80.1907639,23.31,58,87,0.58,0.87,1,0.01,9405,94.05,-74754,-74.754,340,0.34,609,0.609,91,0.091,0,0.0,0,
399.585853,1788179995.455359,508310000,37,1,1,4,28,60772093,801907640,23290,6.0772093,80.190764,23.29,58,87,0.58,0.87,1,0.01,9405,94.05,-74774,-74.774,339,0.339,609,0.609,137,0.137,0,0.0,0,
400.165936,1788179996.035442,508710000,67,1,1,4,28,60772092,801907639,23290,6.0772091999999995,80.1907639,23.29,58,87,0.58,0.87,3,0.03,9405,94.05,-74774,-74.774,337,0.337,608,0.608,101,0.101,0,0.0,0,
400.602930,1788179996.472436,509310000,96,1,1,4,29,60772090,801907638,23300,6.077209,80.1907638,23.3,58,87,0.58,0.87,4,0.04,9405,94.05,-74764,-74.764,335,0.335,606,0.606,142,0.14200000000000002,0,0.0,0,
401.088100,1788179996.957606,509710000,126,1,1,4,29,60772088,801907637,23290,6.077208799999999,80.19076369999999,23.29,53,76,0.53,0.76,2,0.02,9405,94.05,-74774,-74.774,334,0.334,606,0.606,147,0.147,0,0.0,0,
401.650689,1788179997.520195,510310000,156,1,1,4,29,60772081,801907636,23350,6.0772081,80.1907636,23.35,58,86,0.58,0.86,2,0.02,9405,94.05,-74714,-74.714,332,0.332,600,0.6,143,0.14300000000000002,0,0.0,0,
402.100533,1788179997.970039,510710000,186,1,1,4,30,60772077,801907636,23390,6.0772077,80.1907636,23.39,58,86,0.58,0.86,4,0.04,9405,94.05,-74674,-74.674,330,0.33,596,0.596,139,0.139,0,0.0,0,
402.567853,1788179998.437359,511310000,215,1,1,4,30,60772072,801907637,23380,6.0772072,80.19076369999999,23.38,58,86,0.58,0.86,5,0.05,9405,94.05,-74684,-74.684,329,0.329,595,0.595,100,0.1,0,0.0,0,
403.132999,1788179999.002505,511712000,245,1,1,4,30,60772070,801907637,23440,6.077207,80.19076369999999,23.44,53,80,0.53,0.8,0,0.0,9405,94.05,-74624,-74.624,328,0.328,591,0.591,122,0.122,0,0.0,0,
403.596256,1788179999.465762,512312000,18,1,1,4,30,60772062,801907637,23530,6.0772062,80.19076369999999,23.53,53,80,0.53,0.8,1,0.01,9405,94.05,-74534,-74.534,327,0.327,587,0.587,104,0.10400000000000001,0,0.0,0,
404.060622,1788179999.930128,512712000,48,1,1,4,29,60772057,801907638,23590,6.0772056999999995,80.1907638,23.59,51,74,0.51,0.74,2,0.02,9405,94.05,-74474,-74.474,326,0.326,584,0.584,118,0.11800000000000001,0,0.0,0,
404.635628,1788180000.505134,513312000,77,1,1,4,28,60772052,801907639,23640,6.0772052,80.1907639,23.64,55,81,0.55,0.81,1,0.01,9405,94.05,-74424,-74.424,324,0.324,580,0.58,84,0.084,0,0.0,0,
405.085613,1788180000.955119,513712000,107,1,1,4,28,60772050,801907639,23690,6.077204999999999,80.1907639,23.69,55,81,0.55,0.81,4,0.04,9405,94.05,-74374,-74.374,323,0.323,577,0.577,84,0.084,0,0.0,0,
405.665127,1788180001.534633,514312000,136,1,1,4,29,60772042,801907636,23890,6.0772042,80.1907636,23.89,55,81,0.55,0.81,2,0.02,9405,94.05,-74174,-74.174,319,0.319,567,0.5670000000000001,114,0.114,0,0.0,0,
406.038808,1788180001.908314,514712000,166,1,1,4,29,60772040,801907635,23920,6.077204,80.1907635,23.92,55,81,0.55,0.81,1,0.01,9405,94.05,-74144,-74.144,318,0.318,565,0.5650000000000001,106,0.106,0,0.0,0,
406.584090,1788180002.453596,515312000,195,1,1,4,29,60772037,801907632,23990,6.0772037,80.19076319999999,23.990000000000002,59,87,0.59,0.87,9,0.09,9405,94.05,-74074,-74.074,317,0.317,562,0.562,86,0.08600000000000001,0,0.0,0,
407.082522,1788180002.952028,515712000,225,1,1,4,28,60772035,801907632,24030,6.0772034999999995,80.19076319999999,24.03,54,78,0.54,0.78,4,0.04,9405,94.05,-74034,-74.034,316,0.316,561,0.561,90,0.09,0,0.0,0,
407.627967,1788180003.497473,516312000,254,1,1,4,27,60772035,801907634,24000,6.0772034999999995,80.1907634,24.0,59,87,0.59,0.87,3,0.03,9405,94.05,-74064,-74.06400000000001,316,0.316,563,0.5630000000000001,105,0.105,0,0.0,0,
408.082298,1788180003.951804,516712000,28,1,1,4,29,60772034,801907635,24000,6.0772034,80.1907635,24.0,59,87,0.59,0.87,6,0.06,9405,94.05,-74064,-74.06400000000001,317,0.317,563,0.5630000000000001,119,0.11900000000000001,0,0.0,0,
408.657447,1788180004.526953,517312000,57,1,1,4,29,60772030,801907636,24030,6.077203,80.1907636,24.03,59,87,0.59,0.87,1,0.01,9405,94.05,-74034,-74.034,317,0.317,562,0.562,84,0.084,0,0.0,0,
409.111604,1788180004.981110,517712000,87,1,1,4,28,60772028,801907636,24010,6.077202799999999,80.1907636,24.01,59,87,0.59,0.87,2,0.02,9405,94.05,-74054,-74.054,318,0.318,564,0.5640000000000001,94,0.094,0,0.0,0,
409.601149,1788180005.470655,518312000,116,1,1,4,28,60772027,801907638,23930,6.0772027,80.1907638,23.93,59,87,0.59,0.87,2,0.02,9405,94.05,-74134,-74.134,319,0.319,567,0.5670000000000001,144,0.14400000000000002,0,0.0,0,
410.153734,1788180006.023240,518712000,146,1,1,4,27,60772027,801907639,23910,6.0772027,80.1907639,23.91,66,95,0.66,0.9500000000000001,2,0.02,9405,94.05,-74154,-74.154,319,0.319,570,0.5700000000000001,90,0.09,0,0.0,0,
410.637304,1788180006.506810,519312000,175,1,1,4,27,60772024,801907642,23840,6.0772024,80.19076419999999,23.84,66,95,0.66,0.9500000000000001,2,0.02,9405,94.05,-74224,-74.224,320,0.32,574,0.5740000000000001,81,0.081,0,0.0,0,
411.076640,1788180006.946146,519712000,205,1,1,4,27,60772022,801907644,23790,6.077202199999999,80.19076439999999,23.79,59,87,0.59,0.87,2,0.02,9405,94.05,-74274,-74.274,321,0.321,576,0.5760000000000001,114,0.114,0,0.0,0,
411.559671,1788180007.429177,520312000,235,1,1,4,27,60772017,801907646,23730,6.0772017,80.1907646,23.73,59,87,0.59,0.87,5,0.05,9405,94.05,-74334,-74.334,322,0.322,579,0.579,130,0.13,0,0.0,0,
412.108569,1788180007.978075,520712000,9,1,1,4,27,60772015,801907648,23660,6.0772015,80.1907648,23.66,59,87,0.59,0.87,1,0.01,9405,94.05,-74404,-74.404,323,0.323,581,0.581,142,0.14200000000000002,0,0.0,0,
412.560366,1788180008.429872,521312000,38,1,1,4,27,60772013,801907651,23600,6.0772013,80.1907651,23.6,59,87,0.59,0.87,6,0.06,9405,94.05,-74464,-74.464,323,0.323,583,0.583,114,0.114,0,0.0,0,
413.146321,1788180009.015827,521712000,68,1,1,4,27,60772012,801907653,23520,6.077201199999999,80.1907653,23.52,54,78,0.54,0.78,5,0.05,9405,94.05,-74544,-74.544,324,0.324,586,0.586,147,0.147,0,0.0,0,
413.605685,1788180009.475191,522312000,97,1,1,4,27,60772010,801907656,23450,6.077201,80.19076559999999,23.45,59,87,0.59,0.87,3,0.03,9405,94.05,-74614,-74.614,325,0.325,590,0.59,154,0.154,0,0.0,0,
414.071146,1788180009.940652,522712000,127,1,1,4,28,60772009,801907657,23410,6.077200899999999,80.1907657,23.41,59,87,0.59,0.87,3,0.03,9405,94.05,-74654,-74.654,325,0.325,592,0.592,146,0.146,0,0.0,0,
414.554848,1788180010.424354,523312000,156,1,1,4,28,60772007,801907660,23300,6.0772007,80.190766,23.3,66,95,0.66,0.9500000000000001,3,0.03,9405,94.05,-74764,-74.764,325,0.325,595,0.595,75,0.075,0,0.0,0,
415.115337,1788180010.984843,523712000,186,1,1,4,28,60772005,801907661,23280,6.0772005,80.19076609999999,23.28,66,95,0.66,0.9500000000000001,2,0.02,9405,94.05,-74784,-74.784,326,0.326,597,0.597,129,0.129,0,0.0,0,
415.596191,1788180011.465697,524312000,215,1,1,4,27,60772002,801907664,23220,6.0772002,80.1907664,23.22,66,95,0.66,0.9500000000000001,2,0.02,9405,94.05,-74844,-74.84400000000001,327,0.327,601,0.601,115,0.115,0,0.0,0,
416.141882,1788180012.011388,524712000,245,1,1,4,27,60772000,801907666,23160,6.0771999999999995,80.1907666,23.16,57,79,0.5700000000000001,0.79,2,0.02,9405,94.05,-74904,-74.904,328,0.328,603,0.603,128,0.128,0,0.0,0,
416.593548,1788180012.463054,525312000,18,1,1,4,28,60771997,801907669,23070,6.0771996999999995,80.1907669,23.07,59,87,0.59,0.87,3,0.03,9405,94.05,-74994,-74.994,329,0.329,606,0.606,131,0.131,0,0.0,0,
417.065608,1788180012.935114,525712000,48,1,1,4,28,60771995,801907671,23010,6.0771995,80.1907671,23.01,66,95,0.66,0.9500000000000001,4,0.04,9405,94.05,-75054,-75.054,330,0.33,608,0.608,96,0.096,0,0.0,0,
417.638509,1788180013.508015,526312000,77,1,1,4,28,60771993,801907674,22930,6.077199299999999,80.1907674,22.93,66,95,0.66,0.9500000000000001,2,0.02,9405,94.05,-75135,-75.135,331,0.331,611,0.611,145,0.145,0,0.0,0,
418.123187,1788180013.992693,526712000,107,1,1,4,28,60771992,801907675,22890,6.0771992,80.19076749999999,22.89,66,95,0.66,0.9500000000000001,3,0.03,9405,94.05,-75174,-75.174,332,0.332,613,0.613,99,0.099,0,0.0,0,
418.588600,1788180014.458106,527312000,136,1,1,4,28,60771990,801907676,22850,6.077198999999999,80.1907676,22.85,66,95,0.66,0.9500000000000001,4,0.04,9405,94.05,-75214,-75.214,333,0.333,617,0.617,139,0.139,0,0.0,0,
419.136862,1788180015.006368,527712000,167,1,1,4,28,60771989,801907677,22800,6.0771989,80.1907677,22.8,58,81,0.58,0.81,3,0.03,9405,94.05,-75264,-75.264,333,0.333,619,0.619,118,0.11800000000000001,0,0.0,0,
419.588225,1788180015.457731,528312000,196,1,1,4,28,60771987,801907677,22710,6.077198699999999,80.1907677,22.71,66,95,0.66,0.9500000000000001,2,0.02,9405,94.05,-75354,-75.354,334,0.334,621,0.621,80,0.08,0,0.0,0,
420.180324,1788180016.049830,528712000,229,1,1,4,28,60771985,801907678,22670,6.0771985,80.1907678,22.67,66,95,0.66,0.9500000000000001,3,0.03,9405,94.05,-75394,-75.394,335,0.335,622,0.622,119,0.11900000000000001,0,0.0,0,
420.617255,1788180016.486761,529312000,5,1,1,4,28,60771984,801907679,22590,6.0771983999999994,80.1907679,22.59,66,95,0.66,0.9500000000000001,3,0.03,9405,94.05,-75474,-75.474,337,0.337,624,0.624,140,0.14,0,0.0,0,
421.086130,1788180016.955636,529712000,34,1,1,4,28,60771983,801907679,22550,6.0771983,80.1907679,22.55,66,95,0.66,0.9500000000000001,5,0.05,9405,94.05,-75514,-75.514,338,0.338,625,0.625,131,0.131,0,0.0,0,
421.693594,1788180017.563100,530312000,63,1,1,4,28,60771980,801907680,22490,6.077198,80.19076799999999,22.490000000000002,66,95,0.66,0.9500000000000001,4,0.04,9405,94.05,-75574,-75.574,338,0.338,626,0.626,98,0.098,0,0.0,0,
422.081580,1788180017.951086,530712000,92,1,1,4,27,60771980,801907681,22430,6.077198,80.1907681,22.43,66,95,0.66,0.9500000000000001,2,0.02,9405,94.05,-75634,-75.634,337,0.337,626,0.626,150,0.15,0,0.0,0,
422.577198,1788180018.446704,531312000,120,1,1,4,28,60771978,801907684,22360,6.0771977999999995,80.1907684,22.36,66,95,0.66,0.9500000000000001,3,0.03,9405,94.05,-75704,-75.70400000000001,336,0.336,627,0.627,75,0.075,0,0.0,0,
423.156343,1788180019.025849,531714000,149,1,1,4,28,60771978,801907684,22330,6.0771977999999995,80.1907684,22.330000000000002,66,95,0.66,0.9500000000000001,1,0.01,9405,94.05,-75734,-75.734,336,0.336,628,0.628,133,0.133,0,0.0,0,
423.607296,1788180019.476802,532314000,177,1,1,4,27,60771976,801907687,22260,6.0771976,80.19076869999999,22.26,66,95,0.66,0.9500000000000001,5,0.05,9405,94.05,-75804,-75.804,336,0.336,629,0.629,96,0.096,0,0.0,0,
424.077053,1788180019.946559,532714000,206,1,1,4,28,60771973,801907688,22230,6.0771973,80.1907688,22.23,66,95,0.66,0.9500000000000001,3,0.03,9405,94.05,-75834,-75.834,336,0.336,630,0.63,132,0.132,0,0.0,0,
424.643260,1788180020.512766,533314000,234,1,1,4,28,60771971,801907689,22180,6.077197099999999,80.1907689,22.18,66,95,0.66,0.9500000000000001,1,0.01,9405,94.05,-75884,-75.884,335,0.335,631,0.631,103,0.10300000000000001,0,0.0,0,
425.109633,1788180020.979139,533714000,7,1,1,4,27,60771970,801907691,22130,6.077197,80.1907691,22.13,66,95,0.66,0.9500000000000001,2,0.02,9405,94.05,-75934,-75.934,335,0.335,631,0.631,134,0.134,0,0.0,0,
425.562124,1788180021.431630,534314000,35,1,1,4,27,60771968,801907692,22070,6.077196799999999,80.19076919999999,22.07,66,95,0.66,0.9500000000000001,1,0.01,9405,94.05,-75994,-75.994,334,0.334,632,0.632,144,0.14400000000000002,0,0.0,0,
426.141290,1788180022.010796,534714000,64,1,1,4,28,60771967,801907693,22010,6.0771967,80.1907693,22.01,67,97,0.67,0.97,2,0.02,9405,94.05,-76054,-76.054,334,0.334,633,0.633,128,0.128,0,0.0,0,
426.605665,1788180022.475171,535314000,92,1,1,4,27,60771964,801907692,21970,6.0771964,80.19076919999999,21.97,67,97,0.67,0.97,2,0.02,9405,94.05,-76094,-76.09400000000001,334,0.334,635,0.635,93,0.093,0,0.0,0,
427.057736,1788180022.927242,535714000,121,1,1,4,27,60771962,801907692,21960,6.0771961999999995,80.19076919999999,21.96,66,95,0.66,0.9500000000000001,6,0.06,9405,94.05,-76104,-76.104,334,0.334,635,0.635,76,0.076,0,0.0,0,
427.639608,1788180023.509114,536314000,149,1,1,4,26,60771961,801907692,21930,6.0771961,80.19076919999999,21.93,66,95,0.66,0.9500000000000001,6,0.06,9405,94.05,-76134,-76.134,333,0.333,637,0.637,103,0.10300000000000001,0,0.0,0,
428.095096,1788180023.964602,536714000,178,1,1,4,28,60771960,801907692,21930,6.077196,80.19076919999999,21.93,58,81,0.58,0.81,4,0.04,9405,94.05,-76134,-76.134,333,0.333,638,0.638,115,0.115,0,0.0,0,
428.565381,1788180024.434887,537114000,206,1,1,4,27,60771958,801907692,21930,6.0771958,80.19076919999999,21.93,66,95,0.66,0.9500000000000001,3,0.03,9405,94.05,-76134,-76.134,333,0.333,639,0.639,123,0.123,0,0.0,0,
429.143148,1788180025.012654,537714000,235,1,1,4,28,60771953,801907689,21990,6.0771953,80.1907689,21.990000000000002,66,95,0.66,0.9500000000000001,1,0.01,9405,94.05,-76074,-76.074,333,0.333,640,0.64,158,0.158,0,0.0,0,
429.591356,1788180025.460862,538314000,7,1,1,4,28,60771949,801907686,22060,6.077194899999999,80.1907686,22.06,66,95,0.66,0.9500000000000001,2,0.02,9405,94.05,-76004,-76.004,333,0.333,641,0.641,154,0.154,0,0.0,0,
430.058054,1788180025.927560,538714000,36,1,1,4,27,60771947,801907684,22090,6.0771947,80.1907684,22.09,66,95,0.66,0.9500000000000001,0,0.0,9405,94.05,-75974,-75.974,333,0.333,643,0.643,111,0.111,0,0.0,0,
430.655641,1788180026.525147,539314000,64,1,1,4,28,60771943,801907681,22130,6.0771942999999995,80.1907681,22.13,66,95,0.66,0.9500000000000001,4,0.04,9405,94.05,-75934,-75.934,333,0.333,644,0.644,83,0.083,0,0.0,0,
431.085663,1788180026.955169,539714000,93,1,1,4,27,60771941,801907679,22170,6.0771941,80.1907679,22.17,58,81,0.58,0.81,3,0.03,9405,94.05,-75894,-75.894,333,0.333,645,0.645,155,0.155,0,0.0,0,
431.552713,1788180027.422219,540314000,122,1,1,4,27,60771938,801907678,22240,6.0771938,80.1907678,22.240000000000002,66,95,0.66,0.9500000000000001,4,0.04,9405,94.05,-75824,-75.824,333,0.333,646,0.646,94,0.094,0,0.0,0,
432.051199,1788180027.920705,540714000,151,1,1,4,28,60771936,801907676,22260,6.077193599999999,80.1907676,22.26,66,95,0.66,0.9500000000000001,2,0.02,9405,94.05,-75804,-75.804,333,0.333,647,0.647,127,0.127,0,0.0,0,
432.583346,1788180028.452852,541314000,179,1,1,4,27,60771934,801907674,22290,6.0771934,80.1907674,22.29,66,95,0.66,0.9500000000000001,2,0.02,9405,94.05,-75774,-75.774,334,0.334,649,0.649,151,0.151,0,0.0,0,
433.160446,1788180029.029952,541714000,208,1,1,4,29,60771934,801907672,22330,6.0771934,80.1907672,22.330000000000002,66,95,0.66,0.9500000000000001,5,0.05,9405,94.05,-75734,-75.734,334,0.334,651,0.651,127,0.127,0,0.0,0,
433.577211,1788180029.446717,542314000,236,1,1,4,28,60771933,801907670,22360,6.077193299999999,80.190767,22.36,67,97,0.67,0.97,4,0.04,9405,94.05,-75704,-75.70400000000001,336,0.336,653,0.653,91,0.091,0,0.0,0,
434.078938,1788180029.948444,542714000,9,1,1,4,28,60771932,801907669,22390,6.0771932,80.1907669,22.39,67,97,0.67,0.97,4,0.04,9405,94.05,-75674,-75.674,336,0.336,653,0.653,84,0.084,0,0.0,0,
434.657020,1788180030.526526,543314000,37,1,1,4,30,60771931,801907666,22450,6.0771931,80.1907666,22.45,67,97,0.67,0.97,3,0.03,9405,94.05,-75614,-75.614,337,0.337,655,0.655,114,0.114,0,0.0,0,
435.155427,1788180031.024933,543714000,66,1,1,4,29,60771930,801907665,22500,6.077192999999999,80.1907665,22.5,67,97,0.67,0.97,5,0.05,9405,94.05,-75564,-75.56400000000001,338,0.338,655,0.655,128,0.128,0,0.0,0,
435.607210,1788180031.476716,544314000,94,1,1,4,30,60771930,801907662,22550,6.077192999999999,80.1907662,22.55,66,95,0.66,0.9500000000000001,3,0.03,9405,94.05,-75514,-75.514,340,0.34,657,0.657,138,0.138,0,0.0,0,
436.079226,1788180031.948732,544714000,123,1,1,4,30,60771929,801907660,22580,6.0771929,80.190766,22.580000000000002,66,95,0.66,0.9500000000000001,3,0.03,9405,94.05,-75484,-75.484,340,0.34,658,0.658,128,0.128,0,0.0,0,
436.610304,1788180032.479810,545314000,151,1,1,4,30,60771929,801907655,22640,6.0771929,80.1907655,22.64,66,95,0.66,0.9500000000000001,3,0.03,9405,94.05,-75424,-75.424,342,0.342,660,0.66,115,0.115,0,0.0,0,
437.080925,1788180032.950431,545714000,180,1,1,4,30,60771929,801907652,22660,6.0771929,80.1907652,22.66,66,95,0.66,0.9500000000000001,3,0.03,9405,94.05,-75405,-75.405,342,0.342,661,0.661,161,0.161,0,0.0,0,
437.656592,1788180033.526098,546314000,208,1,1,4,30,60771929,801907649,22700,6.0771929,80.19076489999999,22.7,66,95,0.66,0.9500000000000001,4,0.04,9405,94.05,-75364,-75.364,344,0.34400000000000003,662,0.662,86,0.08600000000000001,0,0.0,0,
438.107107,1788180033.976613,546714000,237,1,1,4,29,60771927,801907647,22760,6.0771926999999994,80.1907647,22.76,66,95,0.66,0.9500000000000001,2,0.02,9405,94.05,-75304,-75.304,344,0.34400000000000003,662,0.662,119,0.11900000000000001,0,0.0,0,
438.575120,1788180034.444626,547314000,9,1,1,4,28,60771926,801907643,22820,6.0771926,80.1907643,22.82,66,95,0.66,0.9500000000000001,3,0.03,9405,94.05,-75244,-75.244,345,0.34500000000000003,663,0.663,138,0.138,0,0.0,0,
439.057974,1788180034.927480,547714000,38,1,1,4,30,60771924,801907641,22870,6.0771923999999995,80.1907641,22.87,66,95,0.66,0.9500000000000001,5,0.05,9405,94.05,-75194,-75.194,346,0.34600000000000003,664,0.664,89,0.089,0,0.0,0,
439.605657,1788180035.475163,548314000,66,1,1,4,28,60771923,801907637,22910,6.0771923,80.19076369999999,22.91,66,95,0.66,0.9500000000000001,0,0.0,9405,94.05,-75154,-75.154,347,0.34700000000000003,665,0.665,88,0.088,0,0.0,0,
440.059930,1788180035.929436,548714000,95,1,1,4,28,60771922,801907635,22950,6.0771922,80.1907635,22.95,58,80,0.58,0.8,2,0.02,9405,94.05,-75114,-75.114,348,0.34800000000000003,667,0.667,163,0.163,0,0.0,0,
441.008020,1788180036.877526,549314000,123,1,1,4,28,60771922,801907632,22970,6.0771922,80.19076319999999,22.97,66,95,0.66,0.9500000000000001,3,0.03,9405,94.05,-75094,-75.09400000000001,349,0.34900000000000003,669,0.669,124,0.124,0,0.0,0,
441.094488,1788180036.963994,549714000,152,1,1,4,29,60771921,801907630,22970,6.0771920999999995,80.19076299999999,22.97,66,95,0.66,0.9500000000000001,1,0.01,9405,94.05,-75094,-75.09400000000001,350,0.35000000000000003,671,0.671,148,0.148,0,0.0,0,
441.591357,1788180037.460863,550314000,181,1,1,4,28,60771920,801907628,23000,6.077192,80.1907628,23.0,66,95,0.66,0.9500000000000001,2,0.02,9405,94.05,-75064,-75.06400000000001,352,0.352,674,0.674,142,0.14200000000000002,0,0.0,0,
442.140166,1788180038.009672,550714000,210,1,1,4,29,60771921,801907626,22980,6.0771920999999995,80.1907626,22.98,66,95,0.66,0.9500000000000001,1,0.01,9405,94.05,-75084,-75.084,353,0.353,676,0.676,148,0.148,0,0.0,0,
442.589379,1788180038.458885,551314000,238,1,1,4,28,60771920,801907622,23010,6.077192,80.1907622,23.01,66,95,0.66,0.9500000000000001,3,0.03,9405,94.05,-75054,-75.054,355,0.355,679,0.679,153,0.153,0,0.0,0,
443.057592,1788180038.927098,551717000,11,1,1,4,27,60771918,801907620,23050,6.0771918,80.19076199999999,23.05,58,80,0.58,0.8,6,0.06,9405,94.05,-75014,-75.014,356,0.356,680,0.68,162,0.162,0,0.0,0,
443.635831,1788180039.505337,552317000,39,1,1,4,28,60771918,801907618,23040,6.0771918,80.19076179999999,23.04,71,106,0.71,1.06,1,0.01,9405,94.05,-75024,-75.024,357,0.357,683,0.683,124,0.124,0,0.0,0,
444.115513,1788180039.985019,552717000,68,1,1,4,26,60771917,801907616,23060,6.077191699999999,80.1907616,23.06,71,106,0.71,1.06,1,0.01,9405,94.05,-75004,-75.004,358,0.358,684,0.684,153,0.153,0,0.0,0,
444.664176,1788180040.533682,553317000,96,1,1,4,27,60771917,801907613,23060,6.077191699999999,80.19076129999999,23.06,71,106,0.71,1.06,7,0.07,9405,94.05,-75004,-75.004,360,0.36,685,0.685,121,0.121,0,0.0,0,
445.129090,1788180040.998596,553717000,125,1,1,4,27,60771918,801907612,23070,6.0771918,80.1907612,23.07,71,106,0.71,1.06,4,0.04,9405,94.05,-74994,-74.994,360,0.36,686,0.686,155,0.155,0,0.0,0,
445.582469,1788180041.451975,554317000,153,1,1,4,27,60771916,801907610,23100,6.0771916,80.190761,23.1,71,106,0.71,1.06,3,0.03,9405,94.05,-74964,-74.964,362,0.362,687,0.687,159,0.159,0,0.0,0,
446.050064,1788180041.919570,554717000,182,1,1,4,27,60771915,801907610,23100,6.0771915,80.190761,23.1,58,80,0.58,0.8,2,0.02,9405,94.05,-74964,-74.964,363,0.363,688,0.6880000000000001,106,0.106,0,0.0,0,
446.626092,1788180042.495598,555317000,210,1,1,4,28,60771913,801907608,23090,6.0771913,80.19076079999999,23.09,65,93,0.65,0.93,2,0.02,9405,94.05,-74974,-74.974,364,0.364,691,0.6910000000000001,82,0.082,0,0.0,0,
447.079779,1788180042.949285,555717000,239,1,1,4,28,60771913,801907607,23110,6.0771913,80.1907607,23.11,65,93,0.65,0.93,1,0.01,9405,94.05,-74954,-74.95400000000001,366,0.366,693,0.6930000000000001,172,0.17200000000000001,0,0.0,0,
447.657820,1788180043.527326,556317000,11,1,1,4,28,60771912,801907607,23110,6.0771912,80.1907607,23.11,66,95,0.66,0.9500000000000001,1,0.01,9405,94.05,-74954,-74.95400000000001,367,0.367,695,0.6950000000000001,152,0.152,0,0.0,0,
448.111266,1788180043.980772,556717000,40,1,1,4,27,60771911,801907607,23090,6.077191099999999,80.1907607,23.09,66,95,0.66,0.9500000000000001,2,0.02,9405,94.05,-74974,-74.974,369,0.369,696,0.6960000000000001,98,0.098,0,0.0,0,
448.609477,1788180044.478983,557317000,68,1,1,4,28,60771913,801907609,23030,6.0771913,80.1907609,23.03,66,95,0.66,0.9500000000000001,5,0.05,9405,94.05,-75034,-75.034,371,0.371,699,0.6990000000000001,166,0.166,0,0.0,0,
449.158946,1788180045.028452,557717000,97,1,1,4,28,60771912,801907610,23010,6.0771912,80.190761,23.01,58,80,0.58,0.8,2,0.02,9405,94.05,-75054,-75.054,372,0.372,700,0.7000000000000001,150,0.15,0,0.0,0,
449.567407,1788180045.436913,558317000,125,1,1,4,28,60771912,801907612,22930,6.0771912,80.1907612,22.93,66,95,0.66,0.9500000000000001,4,0.04,9405,94.05,-75134,-75.134,374,0.374,701,0.7010000000000001,153,0.153,0,0.0,0,
450.076898,1788180045.946404,558717000,155,1,1,4,27,60771912,801907614,22880,6.0771912,80.1907614,22.88,66,95,0.66,0.9500000000000001,4,0.04,9405,94.05,-75184,-75.184,375,0.375,702,0.7020000000000001,157,0.157,0,0.0,0,
450.656639,1788180046.526145,559317000,183,1,1,4,28,60771914,801907615,22850,6.077191399999999,80.1907615,22.85,66,95,0.66,0.9500000000000001,4,0.04,9405,94.05,-75215,-75.215,376,0.376,703,0.7030000000000001,122,0.122,0,0.0,0,
451.109846,1788180046.979352,559717000,212,1,1,4,27,60771915,801907615,22830,6.0771915,80.1907615,22.830000000000002,66,95,0.66,0.9500000000000001,5,0.05,9405,94.05,-75234,-75.234,377,0.377,704,0.704,140,0.14,0,0.0,0,
451.561996,1788180047.431502,560317000,241,1,1,4,28,60771915,801907615,22810,6.0771915,80.1907615,22.81,66,95,0.66,0.9500000000000001,3,0.03,9405,94.05,-75254,-75.254,379,0.379,706,0.706,158,0.158,0,0.0,0,
452.062221,1788180047.931727,560717000,14,1,1,4,28,60771913,801907616,22810,6.0771913,80.1907616,22.81,58,80,0.58,0.8,0,0.0,9405,94.05,-75254,-75.254,380,0.38,707,0.707,168,0.168,0,0.0,0,
452.606018,1788180048.475524,561317000,42,1,1,4,28,60771913,801907615,22800,6.0771913,80.1907615,22.8,65,93,0.65,0.93,4,0.04,9405,94.05,-75264,-75.264,381,0.381,708,0.708,100,0.1,0,0.0,0,
453.063528,1788180048.933034,561717000,71,1,1,4,28,60771914,801907615,22760,6.077191399999999,80.1907615,22.76,65,93,0.65,0.93,5,0.05,9405,94.05,-75304,-75.304,381,0.381,709,0.709,92,0.092,0,0.0,0,
453.641007,1788180049.510513,562317000,99,1,1,4,28,60771912,801907615,22760,6.0771912,80.1907615,22.76,70,104,0.7000000000000001,1.04,4,0.04,9405,94.05,-75304,-75.304,382,0.382,709,0.709,163,0.163,0,0.0,0,
454.114846,1788180049.984352,562717000,128,1,1,4,27,60771910,801907614,22770,6.077191,80.1907614,22.77,70,104,0.7000000000000001,1.04,8,0.08,9405,94.05,-75294,-75.294,383,0.383,710,0.71,141,0.14100000000000001,0,0.0,0,
454.560114,1788180050.429620,563317000,156,1,1,4,28,60771909,801907614,22760,6.0771909,80.1907614,22.76,70,104,0.7000000000000001,1.04,4,0.04,9405,94.05,-75304,-75.304,385,0.385,712,0.712,101,0.101,0,0.0,0,
455.060013,1788180050.929519,563717000,185,1,1,4,28,60771908,801907613,22770,6.0771907999999994,80.19076129999999,22.77,59,83,0.59,0.8300000000000001,4,0.04,9405,94.05,-75295,-75.295,386,0.386,714,0.714,99,0.099,0,0.0,0,
455.605858,1788180051.475364,564317000,213,1,1,4,27,60771908,801907616,22750,6.0771907999999994,80.1907616,22.75,70,104,0.7000000000000001,1.04,3,0.03,9405,94.05,-75314,-75.31400000000001,388,0.388,717,0.717,108,0.108,0,0.0,0,
456.057360,1788180051.926866,564717000,242,1,1,4,27,60771908,801907617,22740,6.0771907999999994,80.1907617,22.740000000000002,70,104,0.7000000000000001,1.04,1,0.01,9405,94.05,-75324,-75.324,390,0.39,719,0.719,166,0.166,0,0.0,0,
456.633236,1788180052.502742,565317000,14,1,1,4,27,60771908,801907618,22760,6.0771907999999994,80.19076179999999,22.76,71,106,0.71,1.06,1,0.01,9405,94.05,-75304,-75.304,392,0.392,722,0.722,130,0.13,0,0.0,0,
457.103754,1788180052.973260,565717000,43,1,1,4,27,60771907,801907619,22780,6.0771907,80.1907619,22.78,71,106,0.71,1.06,2,0.02,9405,94.05,-75284,-75.284,393,0.393,724,0.724,129,0.129,0,0.0,0,
457.557079,1788180053.426585,566317000,71,1,1,4,28,60771907,801907621,22810,6.0771907,80.1907621,22.81,70,104,0.7000000000000001,1.04,3,0.03,9405,94.05,-75254,-75.254,395,0.395,727,0.727,115,0.115,0,0.0,0,
458.131999,1788180054.001505,566717000,100,1,1,4,29,60771906,801907623,22840,6.0771906,80.1907623,22.84,57,79,0.5700000000000001,0.79,1,0.01,9405,94.05,-75224,-75.224,396,0.396,728,0.728,152,0.152,0,0.0,0,
458.598722,1788180054.468228,567317000,132,1,1,4,29,60771907,801907626,22840,6.0771907,80.1907626,22.84,65,93,0.65,0.93,1,0.01,9405,94.05,-75224,-75.224,397,0.397,729,0.729,101,0.101,0,0.0,0,
459.066906,1788180054.936412,567717000,161,1,1,4,29,60771907,801907628,22830,6.0771907,80.1907628,22.830000000000002,70,104,0.7000000000000001,1.04,4,0.04,9405,94.05,-75234,-75.234,398,0.398,731,0.731,144,0.14400000000000002,0,0.0,0,
459.628728,1788180055.498234,568317000,189,1,1,4,29,60771908,801907632,22850,6.0771907999999994,80.19076319999999,22.85,66,95,0.66,0.9500000000000001,0,0.0,9405,94.05,-75214,-75.214,399,0.399,733,0.733,133,0.133,0,0.0,0,
460.093594,1788180055.963100,568717000,218,1,1,4,29,60771908,801907635,22840,6.0771907999999994,80.1907635,22.84,66,95,0.66,0.9500000000000001,5,0.05,9405,94.05,-75224,-75.224,400,0.4,734,0.734,110,0.11,0,0.0,0,
460.672091,1788180056.541597,569317000,246,1,1,4,26,60771909,801907639,22840,6.0771909,80.1907639,22.84,66,95,0.66,0.9500000000000001,3,0.03,9405,94.05,-75224,-75.224,400,0.4,735,0.735,133,0.133,0,0.0,0,
461.049214,1788180056.918720,569717000,19,1,1,4,27,60771912,801907644,22780,6.0771912,80.19076439999999,22.78,58,80,0.58,0.8,2,0.02,9405,94.05,-75284,-75.284,399,0.399,734,0.734,88,0.088,0,0.0,0,
461.621447,1788180057.490953,570317000,48,1,1,4,28,60771917,801907651,22710,6.077191699999999,80.1907651,22.71,66,95,0.66,0.9500000000000001,6,0.06,9405,94.05,-75355,-75.355,398,0.398,734,0.734,121,0.121,0,0.0,0,
462.044688,1788180057.914194,570717000,77,1,1,4,27,60771920,801907655,22660,6.077192,80.1907655,22.66,66,95,0.66,0.9500000000000001,3,0.03,9405,94.05,-75404,-75.404,398,0.398,734,0.734,142,0.14200000000000002,0,0.0,0,
462.620713,1788180058.490219,571317000,105,1,1,4,27,60771923,801907661,22610,6.0771923,80.19076609999999,22.61,66,95,0.66,0.9500000000000001,3,0.03,9405,94.05,-75454,-75.45400000000001,398,0.398,735,0.735,80,0.08,0,0.0,0,
463.074544,1788180058.944050,571719000,134,1,1,4,28,60771926,801907666,22560,6.0771926,80.1907666,22.56,66,95,0.66,0.9500000000000001,2,0.02,9405,94.05,-75504,-75.504,398,0.398,735,0.735,155,0.155,0,0.0,0,
463.650563,1788180059.520069,572319000,162,1,1,4,29,60771929,801907673,22480,6.0771929,80.19076729999999,22.48,66,95,0.66,0.9500000000000001,4,0.04,9405,94.05,-75584,-75.584,397,0.397,734,0.734,125,0.125,0,0.0,0,
464.117719,1788180059.987225,572719000,191,1,1,4,28,60771930,801907674,22450,6.077192999999999,80.1907674,22.45,58,80,0.58,0.8,2,0.02,9405,94.05,-75614,-75.614,397,0.397,734,0.734,88,0.088,0,0.0,0,
464.570117,1788180060.439623,573319000,219,1,1,4,29,60771933,801907678,22420,6.077193299999999,80.1907678,22.42,65,93,0.65,0.93,2,0.02,9405,94.05,-75644,-75.644,396,0.396,734,0.734,160,0.16,0,0.0,0,
465.068177,1788180060.937683,573719000,248,1,1,4,28,60771935,801907681,22370,6.0771935,80.1907681,22.37,65,93,0.65,0.93,5,0.05,9405,94.05,-75694,-75.694,396,0.396,734,0.734,107,0.107,0,0.0,0,
465.616315,1788180061.485821,574319000,20,1,1,4,28,60771936,801907682,22340,6.077193599999999,80.1907682,22.34,65,93,0.65,0.93,6,0.06,9405,94.05,-75724,-75.724,396,0.396,734,0.734,128,0.128,0,0.0,0,
466.064324,1788180061.933830,574719000,49,1,1,4,28,60771938,801907683,22320,6.0771938,80.1907683,22.32,65,93,0.65,0.93,1,0.01,9405,94.05,-75744,-75.744,395,0.395,733,0.733,164,0.164,0,0.0,0,
466.641552,1788180062.511058,575319000,77,1,1,4,28,60771941,801907685,22270,6.0771941,80.19076849999999,22.27,65,93,0.65,0.93,3,0.03,9405,94.05,-75794,-75.794,395,0.395,732,0.732,150,0.15,0,0.0,0,
467.108347,1788180062.977853,575719000,106,1,1,4,28,60771943,801907685,22220,6.0771942999999995,80.19076849999999,22.22,65,93,0.65,0.93,5,0.05,9405,94.05,-75844,-75.84400000000001,394,0.394,732,0.732,151,0.151,0,0.0,0,
467.559854,1788180063.429360,576319000,134,1,1,4,28,60771946,801907683,22160,6.0771945999999994,80.1907683,22.16,65,93,0.65,0.93,5,0.05,9405,94.05,-75904,-75.904,393,0.393,732,0.732,83,0.083,0,0.0,0,
468.149649,1788180064.019155,576719000,163,1,1,4,28,60771948,801907682,22110,6.0771948,80.1907682,22.11,65,93,0.65,0.93,4,0.04,9405,94.05,-75954,-75.95400000000001,393,0.393,731,0.731,94,0.094,0,0.0,0,
468.601798,1788180064.471304,577319000,191,1,1,4,28,60771949,801907681,22090,6.077194899999999,80.1907681,22.09,65,93,0.65,0.93,2,0.02,9405,94.05,-75974,-75.974,392,0.392,731,0.731,164,0.164,0,0.0,0,
469.068920,1788180064.938426,577719000,220,1,1,4,28,60771950,801907680,22050,6.077195,80.19076799999999,22.05,65,93,0.65,0.93,7,0.07,9405,94.05,-76014,-76.014,391,0.391,730,0.73,120,0.12,0,0.0,0,
469.551227,1788180065.420733,578319000,248,1,1,4,28,60771954,801907678,21980,6.0771954,80.1907678,21.98,65,93,0.65,0.93,4,0.04,9405,94.05,-76084,-76.084,388,0.388,727,0.727,110,0.11,0,0.0,0,
470.097062,1788180065.966568,578719000,21,1,1,4,26,60771957,801907677,21940,6.0771957,80.1907677,21.94,65,93,0.65,0.93,1,0.01,9405,94.05,-76124,-76.124,388,0.388,726,0.726,147,0.147,0,0.0,0,
470.549152,1788180066.418658,579319000,49,1,1,4,28,60771959,801907676,21890,6.0771958999999995,80.1907676,21.89,65,93,0.65,0.93,3,0.03,9405,94.05,-76174,-76.174,387,0.387,724,0.724,104,0.10400000000000001,0,0.0,0,
471.125779,1788180066.995285,579719000,78,1,1,4,28,60771962,801907677,21830,6.0771961999999995,80.1907677,21.830000000000002,65,93,0.65,0.93,4,0.04,9405,94.05,-76234,-76.234,386,0.386,723,0.723,151,0.151,0,0.0,0,
471.594311,1788180067.463817,580319000,107,1,1,4,28,60771964,801907676,21810,6.0771964,80.1907676,21.81,65,93,0.65,0.93,4,0.04,9405,94.05,-76254,-76.254,386,0.386,721,0.721,83,0.083,0,0.0,0,
472.045439,1788180067.914945,580719000,136,1,1,4,28,60771965,801907676,21790,6.0771964999999994,80.1907676,21.79,65,93,0.65,0.93,2,0.02,9405,94.05,-76274,-76.274,386,0.386,720,0.72,108,0.108,0,0.0,0,
472.622594,1788180068.492100,581319000,164,1,1,4,28,60771966,801907675,21790,6.0771966,80.19076749999999,21.79,65,93,0.65,0.93,4,0.04,9405,94.05,-76274,-76.274,386,0.386,719,0.719,132,0.132,0,0.0,0,
473.089810,1788180068.959316,581719000,193,1,1,4,28,60771967,801907674,21790,6.0771967,80.1907674,21.79,57,79,0.5700000000000001,0.79,1,0.01,9405,94.05,-76274,-76.274,385,0.385,718,0.718,137,0.137,0,0.0,0,
473.667251,1788180069.536757,582319000,221,1,1,4,27,60771969,801907671,21770,6.0771969,80.1907671,21.77,65,93,0.65,0.93,2,0.02,9405,94.05,-76294,-76.294,385,0.385,716,0.716,136,0.136,0,0.0,0,
474.089560,1788180069.959066,582719000,250,1,1,4,27,60771969,801907669,21780,6.0771969,80.1907669,21.78,65,93,0.65,0.93,4,0.04,9405,94.05,-76284,-76.284,385,0.385,716,0.716,95,0.095,0,0.0,0,
474.587604,1788180070.457110,583319000,22,1,1,4,27,60771971,801907666,21750,6.077197099999999,80.1907666,21.75,65,93,0.65,0.93,6,0.06,9405,94.05,-76314,-76.31400000000001,384,0.384,715,0.715,85,0.085,0,0.0,0,
476.403999,1788180072.273505,583719000,51,1,1,4,27,60771972,801907665,21740,6.0771972,80.1907665,21.740000000000002,65,93,0.65,0.93,3,0.03,9405,94.05,-76324,-76.324,383,0.383,714,0.714,114,0.114,0,0.0,0,
476.409147,1788180072.278653,584319000,79,1,1,4,27,60771975,801907662,21720,6.0771975,80.1907662,21.72,65,93,0.65,0.93,1,0.01,9405,94.05,-76344,-76.34400000000001,382,0.382,712,0.712,113,0.113,0,0.0,0,
476.415044,1788180072.284550,584719000,108,1,1,4,26,60771977,801907659,21690,6.0771977,80.1907659,21.69,70,104,0.7000000000000001,1.04,3,0.03,9405,94.05,-76374,-76.374,382,0.382,711,0.711,92,0.092,0,0.0,0,
476.615048,1788180072.484554,585319000,136,1,1,4,27,60771977,801907656,21680,6.0771977,80.19076559999999,21.68,70,104,0.7000000000000001,1.04,4,0.04,9405,94.05,-76384,-76.384,383,0.383,712,0.712,104,0.10400000000000001,0,0.0,0,
477.206825,1788180073.076331,585719000,165,1,1,4,27,60771978,801907654,21650,6.0771977999999995,80.19076539999999,21.650000000000002,70,104,0.7000000000000001,1.04,2,0.02,9405,94.05,-76414,-76.414,384,0.384,712,0.712,123,0.123,0,0.0,0,
477.569639,1788180073.439145,586319000,193,1,1,4,27,60771981,801907652,21590,6.0771980999999995,80.1907652,21.59,70,104,0.7000000000000001,1.04,4,0.04,9405,94.05,-76474,-76.474,385,0.385,712,0.712,147,0.147,0,0.0,0,
478.152393,1788180074.021899,586719000,222,1,1,4,27,60771986,801907651,21490,6.0771986,80.1907651,21.490000000000002,70,104,0.7000000000000001,1.04,4,0.04,9405,94.05,-76574,-76.574,383,0.383,709,0.709,121,0.121,0,0.0,0,
478.591715,1788180074.461221,587319000,250,1,1,4,28,60771996,801907648,21310,6.0771996,80.1907648,21.31,68,101,0.68,1.01,3,0.03,9405,94.05,-76754,-76.754,380,0.38,705,0.705,151,0.151,0,0.0,0,
479.076795,1788180074.946301,587719000,23,1,1,4,28,60772001,801907647,21230,6.0772001,80.1907647,21.23,54,78,0.54,0.78,3,0.03,9405,94.05,-76834,-76.834,378,0.378,702,0.7020000000000001,143,0.14300000000000002,0,0.0,0,
479.655209,1788180075.524715,588319000,51,1,1,4,28,60772010,801907643,21100,6.077201,80.1907643,21.1,60,90,0.6,0.9,6,0.06,9405,94.05,-76964,-76.964,375,0.375,699,0.6990000000000001,94,0.094,0,0.0,0,
480.110245,1788180075.979751,588719000,81,1,1,4,28,60772014,801907642,21030,6.0772014,80.19076419999999,21.03,68,101,0.68,1.01,7,0.07,9405,94.05,-77034,-77.034,374,0.374,697,0.6970000000000001,114,0.114,0,0.0,0,
480.561766,1788180076.431272,589319000,109,1,1,4,28,60772016,801907640,21000,6.0772015999999995,80.190764,21.0,60,90,0.6,0.9,5,0.05,9405,94.05,-77065,-77.065,375,0.375,696,0.6960000000000001,125,0.125,0,0.0,0,
481.061750,1788180076.931256,589719000,138,1,1,4,28,60772020,801907639,20940,6.077202,80.1907639,20.94,68,101,0.68,1.01,3,0.03,9405,94.05,-77124,-77.124,374,0.374,695,0.6950000000000001,135,0.135,0,0.0,0,
481.604781,1788180077.474287,590319000,167,1,1,4,29,60772025,801907638,20880,6.077202499999999,80.1907638,20.88,57,84,0.5700000000000001,0.84,0,0.0,9405,94.05,-77184,-77.184,373,0.373,693,0.6930000000000001,130,0.13,0,0.0,0,
482.057314,1788180077.926820,590719000,196,1,1,4,29,60772028,801907637,20820,6.077202799999999,80.19076369999999,20.82,57,84,0.5700000000000001,0.84,3,0.03,9405,94.05,-77244,-77.244,372,0.372,693,0.6930000000000001,106,0.106,0,0.0,0,
482.635054,1788180078.504560,591119000,224,1,1,4,29,60772031,801907637,20780,6.077203099999999,80.19076369999999,20.78,57,84,0.5700000000000001,0.84,2,0.02,9405,94.05,-77284,-77.284,371,0.371,692,0.6920000000000001,136,0.136,0,0.0,0,
483.072960,1788180078.942466,591721000,253,1,1,4,29,60772037,801907636,20700,6.0772037,80.1907636,20.7,57,84,0.5700000000000001,0.84,7,0.07,9405,94.05,-77364,-77.364,369,0.369,690,0.6900000000000001,143,0.14300000000000002,0,0.0,0,
483.554271,1788180079.423777,592321000,25,1,1,4,29,60772041,801907639,20650,6.077204099999999,80.1907639,20.650000000000002,57,84,0.5700000000000001,0.84,4,0.04,9405,94.05,-77414,-77.414,367,0.367,688,0.6880000000000001,124,0.124,0,0.0,0,
484.054410,1788180079.923916,592721000,54,1,1,4,29,60772042,801907639,20630,6.0772042,80.1907639,20.63,57,84,0.5700000000000001,0.84,3,0.03,9405,94.05,-77434,-77.434,366,0.366,686,0.686,99,0.099,0,0.0,0,
484.600493,1788180080.469999,593121000,82,1,1,4,28,60772045,801907640,20600,6.0772045,80.190764,20.6,57,84,0.5700000000000001,0.84,11,0.11,9405,94.05,-77464,-77.464,365,0.365,685,0.685,93,0.093,0,0.0,0,
485.052814,1788180080.922320,593721000,111,1,1,4,29,60772048,801907643,20580,6.0772048,80.1907643,20.580000000000002,52,75,0.52,0.75,5,0.05,9405,94.05,-77484,-77.484,364,0.364,683,0.683,89,0.089,0,0.0,0,
485.629855,1788180081.499361,594321000,139,1,1,4,30,60772052,801907643,20520,6.0772052,80.1907643,20.52,69,104,0.6900000000000001,1.04,3,0.03,9405,94.05,-77544,-77.544,363,0.363,681,0.681,143,0.14300000000000002,0,0.0,0,
486.098493,1788180081.967999,594721000,168,1,1,4,30,60772052,801907645,20530,6.0772052,80.1907645,20.53,69,104,0.6900000000000001,1.04,4,0.04,9405,94.05,-77534,-77.534,362,0.362,680,0.68,86,0.08600000000000001,0,0.0,0,
486.550929,1788180082.420435,595321000,196,1,1,4,30,60772053,801907646,20560,6.0772053,80.1907646,20.56,69,104,0.6900000000000001,1.04,3,0.03,9405,94.05,-77504,-77.504,361,0.361,678,0.678,133,0.133,0,0.0,0,
487.131725,1788180083.001231,595721000,225,1,1,4,30,60772055,801907646,20550,6.0772055,80.1907646,20.55,69,104,0.6900000000000001,1.04,5,0.05,9405,94.05,-77514,-77.514,361,0.361,677,0.677,93,0.093,0,0.0,0,
487.603754,1788180083.473260,596321000,253,1,1,4,29,60772057,801907647,20560,6.0772056999999995,80.1907647,20.56,69,104,0.6900000000000001,1.04,2,0.02,9405,94.05,-77504,-77.504,360,0.36,676,0.676,123,0.123,0,0.0,0,
488.040195,1788180083.909701,596721000,26,1,1,4,29,60772058,801907647,20580,6.0772058,80.1907647,20.580000000000002,64,93,0.64,0.93,5,0.05,9405,94.05,-77484,-77.484,359,0.359,676,0.676,77,0.077,0,0.0,0,
488.633292,1788180084.502798,597321000,54,1,1,4,30,60772058,801907647,20620,6.0772058,80.1907647,20.62,64,93,0.64,0.93,8,0.08,9405,94.05,-77444,-77.444,360,0.36,676,0.676,137,0.137,0,0.0,0,
489.085358,1788180084.954864,597721000,83,1,1,4,30,60772059,801907647,20640,6.0772059,80.1907647,20.64,64,93,0.64,0.93,6,0.06,9405,94.05,-77424,-77.424,360,0.36,676,0.676,112,0.112,0,0.0,0,
489.694455,1788180085.563961,598321000,111,1,1,4,30,60772060,801907648,20650,6.077205999999999,80.1907648,20.650000000000002,64,93,0.64,0.93,4,0.04,9405,94.05,-77414,-77.414,360,0.36,677,0.677,118,0.11800000000000001,0,0.0,0,
490.037739,1788180085.907245,598721000,140,1,1,4,29,60772061,801907648,20690,6.0772061,80.1907648,20.69,69,104,0.6900000000000001,1.04,2,0.02,9405,94.05,-77374,-77.374,360,0.36,676,0.676,142,0.14200000000000002,0,0.0,0,
490.537449,1788180086.406955,599321000,168,1,1,4,29,60772061,801907648,20700,6.0772061,80.1907648,20.7,69,104,0.6900000000000001,1.04,1,0.01,9405,94.05,-77365,-77.365,359,0.359,676,0.676,128,0.128,0,0.0,0,
491.152839,1788180087.022345,599721000,197,1,1,4,28,60772062,801907647,20730,6.0772062,80.1907647,20.73,69,104,0.6900000000000001,1.04,3,0.03,9405,94.05,-77334,-77.334,359,0.359,676,0.676,83,0.083,0,0.0,0,
491.603386,1788180087.472892,600321000,226,1,1,4,29,60772065,801907648,20700,6.0772065,80.1907648,20.7,71,107,0.71,1.07,3,0.03,9405,94.05,-77364,-77.364,358,0.358,678,0.678,108,0.108,0,0.0,0,
492.057016,1788180087.926522,600721000,255,1,1,4,28,60772066,801907648,20710,6.077206599999999,80.1907648,20.71,71,107,0.71,1.07,4,0.04,9405,94.05,-77354,-77.354,358,0.358,679,0.679,132,0.132,0,0.0,0,
492.556866,1788180088.426372,601321000,27,1,1,4,27,60772066,801907648,20740,6.077206599999999,80.1907648,20.740000000000002,71,107,0.71,1.07,3,0.03,9405,94.05,-77324,-77.324,358,0.358,679,0.679,85,0.085,0,0.0,0,
493.101746,1788180088.971252,601721000,56,1,1,4,28,60772066,801907647,20770,6.077206599999999,80.1907647,20.77,71,107,0.71,1.07,5,0.05,9405,94.05,-77294,-77.294,358,0.358,679,0.679,121,0.121,0,0.0,0,
493.598591,1788180089.468097,602321000,84,1,1,4,27,60772065,801907646,20810,6.0772065,80.1907646,20.81,71,107,0.71,1.07,7,0.07,9405,94.05,-77254,-77.254,358,0.358,678,0.678,95,0.095,0,0.0,0,
494.147672,1788180090.017178,602721000,113,1,1,4,28,60772066,801907646,20860,6.077206599999999,80.1907646,20.86,60,86,0.6,0.86,0,0.0,9405,94.05,-77204,-77.20400000000001,358,0.358,677,0.677,152,0.152,0,0.0,0,
494.598112,1788180090.467618,603321000,141,1,1,4,25,60772068,801907647,20920,6.0772068,80.1907647,20.92,71,107,0.71,1.07,1,0.01,9405,94.05,-77144,-77.144,357,0.357,676,0.676,154,0.154,0,0.0,0,
495.064367,1788180090.933873,603721000,170,1,1,4,27,60772069,801907648,20910,6.077206899999999,80.1907648,20.91,67,96,0.67,0.96,4,0.04,9405,94.05,-77154,-77.154,356,0.356,674,0.674,122,0.122,0,0.0,0,
495.751632,1788180091.621138,604321000,198,1,1,4,26,60772070,801907648,20960,6.077207,80.1907648,20.96,67,96,0.67,0.96,4,0.04,9405,94.05,-77104,-77.104,355,0.355,673,0.673,107,0.107,0,0.0,0,
496.220974,1788180092.090480,604721000,227,1,1,4,27,60772071,801907648,20970,6.0772071,80.1907648,20.97,67,96,0.67,0.96,6,0.06,9405,94.05,-77094,-77.09400000000001,355,0.355,672,0.672,114,0.114,0,0.0,0,
496.671900,1788180092.541406,605321000,2,1,1,4,28,60772071,801907648,21020,6.0772071,80.1907648,21.02,67,96,0.67,0.96,0,0.0,9405,94.05,-77044,-77.044,354,0.354,672,0.672,140,0.14,0,0.0,0,
497.092262,1788180092.961768,605721000,32,1,1,4,27,60772072,801907648,21020,6.0772072,80.1907648,21.02,58,81,0.58,0.81,4,0.04,9405,94.05,-77044,-77.044,354,0.354,672,0.672,106,0.106,0,0.0,0,
497.592335,1788180093.461841,606321000,60,1,1,4,28,60772072,801907646,21030,6.0772072,80.1907646,21.03,67,95,0.67,0.9500000000000001,5,0.05,9405,94.05,-77034,-77.034,354,0.354,671,0.671,106,0.106,0,0.0,0,
498.057819,1788180093.927325,606721000,89,1,1,4,29,60772072,801907647,21030,6.0772072,80.1907647,21.03,64,93,0.64,0.93,6,0.06,9405,94.05,-77034,-77.034,354,0.354,670,0.67,116,0.116,0,0.0,0,
498.634007,1788180094.503513,607321000,117,1,1,4,29,60772073,801907646,20990,6.0772072999999995,80.1907646,20.990000000000002,64,93,0.64,0.93,2,0.02,9405,94.05,-77074,-77.074,354,0.354,670,0.67,91,0.091,0,0.0,0,
499.089106,1788180094.958612,607721000,146,1,1,4,29,60772073,801907646,20960,6.0772072999999995,80.1907646,20.96,64,93,0.64,0.93,3,0.03,9405,94.05,-77104,-77.104,354,0.354,669,0.669,145,0.145,0,0.0,0,
499.541673,1788180095.411179,608321000,174,1,1,4,29,60772075,801907646,20910,6.0772075,80.1907646,20.91,64,93,0.64,0.93,6,0.06,9405,94.05,-77154,-77.154,353,0.353,668,0.668,120,0.12,0,0.0,0,
500.241224,1788180096.110730,608721000,203,1,1,4,29,60772074,801907645,20890,6.0772074,80.1907645,20.89,59,85,0.59,0.85,3,0.03,9405,94.05,-77174,-77.174,353,0.353,668,0.668,127,0.127,0,0.0,0,
500.584739,1788180096.454245,609321000,231,1,1,4,29,60772073,801907642,20890,6.0772072999999995,80.19076419999999,20.89,69,104,0.6900000000000001,1.04,1,0.01,9405,94.05,-77174,-77.174,352,0.352,666,0.666,133,0.133,0,0.0,0,
501.068475,1788180096.937981,609721000,4,1,1,4,29,60772073,801907640,20880,6.0772072999999995,80.190764,20.88,64,93,0.64,0.93,3,0.03,9405,94.05,-77184,-77.184,352,0.352,665,0.665,136,0.136,0,0.0,0,
501.615827,1788180097.485333,610321000,33,1,1,4,28,60772073,801907638,20830,6.0772072999999995,80.1907638,20.830000000000002,72,107,0.72,1.07,3,0.03,9405,94.05,-77234,-77.234,352,0.352,664,0.664,95,0.095,0,0.0,0,
502.102021,1788180097.971527,610721000,62,1,1,4,28,60772073,801907638,20840,6.0772072999999995,80.1907638,20.84,72,107,0.72,1.07,5,0.05,9405,94.05,-77224,-77.224,351,0.35100000000000003,663,0.663,131,0.131,0,0.0,0,
502.659702,1788180098.529208,611321000,90,1,1,4,28,60772073,801907637,20820,6.0772072999999995,80.19076369999999,20.82,67,95,0.67,0.9500000000000001,1,0.01,9405,94.05,-77244,-77.244,350,0.35000000000000003,661,0.661,149,0.149,0,0.0,0,
503.113111,1788180098.982617,611723000,119,1,1,4,27,60772075,801907637,20790,6.0772075,80.19076369999999,20.79,67,95,0.67,0.9500000000000001,6,0.06,9405,94.05,-77274,-77.274,349,0.34900000000000003,660,0.66,85,0.085,0,0.0,0,
503.580425,1788180099.449931,612323000,147,1,1,4,28,60772077,801907637,20720,6.0772077,80.19076369999999,20.72,67,95,0.67,0.9500000000000001,1,0.01,9405,94.05,-77344,-77.34400000000001,349,0.34900000000000003,659,0.659,137,0.137,0,0.0,0,
504.142227,1788180100.011733,612723000,176,1,1,4,28,60772078,801907637,20670,6.0772078,80.19076369999999,20.67,67,95,0.67,0.9500000000000001,9,0.09,9405,94.05,-77394,-77.394,348,0.34800000000000003,658,0.658,96,0.096,0,0.0,0,
504.561483,1788180100.430989,613323000,204,1,1,4,27,60772079,801907636,20630,6.077207899999999,80.1907636,20.63,67,95,0.67,0.9500000000000001,6,0.06,9405,94.05,-77434,-77.434,347,0.34700000000000003,657,0.657,121,0.121,0,0.0,0,
505.075655,1788180100.945161,613723000,233,1,1,4,28,60772082,801907635,20580,6.077208199999999,80.1907635,20.580000000000002,67,95,0.67,0.9500000000000001,1,0.01,9405,94.05,-77484,-77.484,346,0.34600000000000003,657,0.657,115,0.115,0,0.0,0,
505.637694,1788180101.507200,614323000,5,1,1,4,28,60772085,801907633,20520,6.077208499999999,80.1907633,20.52,67,95,0.67,0.9500000000000001,7,0.07,9405,94.05,-77544,-77.544,345,0.34500000000000003,656,0.656,88,0.088,0,0.0,0,
506.103846,1788180101.973352,614723000,34,1,1,4,27,60772086,801907632,20490,6.0772086,80.19076319999999,20.490000000000002,67,95,0.67,0.9500000000000001,6,0.06,9405,94.05,-77574,-77.574,345,0.34500000000000003,656,0.656,141,0.14100000000000001,0,0.0,0,
506.559988,1788180102.429494,615323000,62,1,1,4,28,60772087,801907631,20420,6.0772087,80.1907631,20.42,67,95,0.67,0.9500000000000001,1,0.01,9405,94.05,-77644,-77.644,344,0.34400000000000003,655,0.655,129,0.129,0,0.0,0,
507.135724,1788180103.005230,615723000,91,1,1,4,28,60772090,801907630,20370,6.077209,80.19076299999999,20.37,67,95,0.67,0.9500000000000001,5,0.05,9405,94.05,-77694,-77.694,343,0.343,654,0.654,103,0.10300000000000001,0,0.0,0,
507.588410,1788180103.457916,616323000,119,1,1,4,28,60772094,801907631,20280,6.0772094,80.1907631,20.28,67,95,0.67,0.9500000000000001,6,0.06,9405,94.05,-77784,-77.784,342,0.342,652,0.652,87,0.08700000000000001,0,0.0,0,
508.055876,1788180103.925382,616723000,148,1,1,4,28,60772096,801907631,20250,6.0772096,80.1907631,20.25,67,95,0.67,0.9500000000000001,1,0.01,9405,94.05,-77814,-77.81400000000001,342,0.342,650,0.65,135,0.135,0,0.0,0,
508.599828,1788180104.469334,617323000,176,1,1,4,27,60772099,801907630,20180,6.0772099,80.19076299999999,20.18,67,95,0.67,0.9500000000000001,2,0.02,9405,94.05,-77884,-77.884,341,0.341,648,0.648,97,0.097,0,0.0,0,
509.097879,1788180104.967385,617723000,205,1,1,4,28,60772101,801907629,20130,6.077210099999999,80.1907629,20.13,58,81,0.58,0.81,3,0.03,9405,94.05,-77934,-77.934,341,0.341,647,0.647,77,0.077,0,0.0,0,
509.551498,1788180105.421004,618323000,233,1,1,4,28,60772105,801907629,20040,6.0772105,80.1907629,20.04,67,95,0.67,0.9500000000000001,0,0.0,9405,94.05,-78024,-78.024,341,0.341,645,0.645,119,0.11900000000000001,0,0.0,0,
510.127911,1788180105.997417,618723000,6,1,1,4,27,60772108,801907630,19960,6.0772108,80.19076299999999,19.96,67,95,0.67,0.9500000000000001,3,0.03,9405,94.05,-78104,-78.104,341,0.341,644,0.644,105,0.105,0,0.0,0,
510.548849,1788180106.418355,619323000,34,1,1,4,27,60772111,801907630,19880,6.0772110999999995,80.19076299999999,19.88,67,95,0.67,0.9500000000000001,3,0.03,9405,94.05,-78184,-78.184,342,0.342,643,0.643,143,0.14300000000000002,0,0.0,0,
511.055581,1788180106.925087,619723000,64,1,1,4,27,60772114,801907630,19800,6.0772113999999995,80.19076299999999,19.8,67,95,0.67,0.9500000000000001,3,0.03,9405,94.05,-78264,-78.264,341,0.341,641,0.641,88,0.088,0,0.0,0,
511.627324,1788180107.496830,620323000,93,1,1,4,28,60772117,801907628,19730,6.077211699999999,80.1907628,19.73,67,95,0.67,0.9500000000000001,2,0.02,9405,94.05,-78334,-78.334,341,0.341,639,0.639,91,0.091,0,0.0,0,
512.091663,1788180107.961169,620723000,122,1,1,4,27,60772119,801907628,19670,6.0772119,80.1907628,19.67,57,79,0.5700000000000001,0.79,1,0.01,9405,94.05,-78394,-78.394,341,0.341,638,0.638,102,0.10200000000000001,0,0.0,0,
512.547207,1788180108.416713,621323000,150,1,1,4,27,60772123,801907627,19580,6.077212299999999,80.1907627,19.580000000000002,67,95,0.67,0.9500000000000001,0,0.0,9405,94.05,-78484,-78.484,341,0.341,637,0.637,124,0.124,0,0.0,0,
513.123461,1788180108.992967,621723000,179,1,1,4,28,60772124,801907627,19550,6.0772124,80.1907627,19.55,67,95,0.67,0.9500000000000001,3,0.03,9405,94.05,-78514,-78.514,341,0.341,637,0.637,119,0.11900000000000001,0,0.0,0,
513.578508,1788180109.448014,622323000,207,1,1,4,28,60772126,801907626,19480,6.077212599999999,80.1907626,19.48,67,95,0.67,0.9500000000000001,3,0.03,9405,94.05,-78584,-78.584,342,0.342,636,0.636,119,0.11900000000000001,0,0.0,0,
514.152634,1788180110.022140,622723000,236,1,1,4,27,60772128,801907625,19430,6.0772128,80.19076249999999,19.43,67,95,0.67,0.9500000000000001,2,0.02,9405,94.05,-78634,-78.634,342,0.342,636,0.636,119,0.11900000000000001,0,0.0,0,
514.622558,1788180110.492064,623323000,8,1,1,4,28,60772131,801907624,19350,6.0772131,80.1907624,19.35,67,95,0.67,0.9500000000000001,1,0.01,9405,94.05,-78714,-78.714,342,0.342,634,0.634,137,0.137,0,0.0,0,
515.074245,1788180110.943751,623723000,37,1,1,4,27,60772133,801907623,19300,6.0772132999999995,80.1907623,19.3,58,81,0.58,0.81,3,0.03,9405,94.05,-78764,-78.764,342,0.342,632,0.632,136,0.136,0,0.0,0,
515.682126,1788180111.551632,624323000,65,1,1,4,27,60772136,801907623,19240,6.077213599999999,80.1907623,19.240000000000002,67,95,0.67,0.9500000000000001,2,0.02,9405,94.05,-78824,-78.824,342,0.342,630,0.63,145,0.145,0,0.0,0,
516.027678,1788180111.897184,624723000,94,1,1,4,26,60772138,801907622,19220,6.0772138,80.1907622,19.22,67,95,0.67,0.9500000000000001,3,0.03,9405,94.05,-78845,-78.845,342,0.342,630,0.63,113,0.113,0,0.0,0,
516.694509,1788180112.564015,625323000,122,1,1,4,27,60772139,801907620,19220,6.077213899999999,80.19076199999999,19.22,67,95,0.67,0.9500000000000001,4,0.04,9405,94.05,-78844,-78.84400000000001,342,0.342,629,0.629,108,0.108,0,0.0,0,
517.056944,1788180112.926450,625723000,151,1,1,4,26,60772140,801907618,19250,6.077214,80.19076179999999,19.25,67,95,0.67,0.9500000000000001,2,0.02,9405,94.05,-78814,-78.81400000000001,342,0.342,629,0.629,116,0.116,0,0.0,0,
517.606989,1788180113.476495,626323000,179,1,1,4,27,60772144,801907617,19250,6.0772144,80.1907617,19.25,67,95,0.67,0.9500000000000001,3,0.03,9405,94.05,-78814,-78.81400000000001,341,0.341,628,0.628,90,0.09,0,0.0,0,
518.074343,1788180113.943849,626723000,208,1,1,4,27,60772147,801907616,19250,6.0772147,80.1907616,19.25,58,81,0.58,0.81,7,0.07,9405,94.05,-78814,-78.81400000000001,340,0.34,628,0.628,92,0.092,0,0.0,0,
518.681988,1788180114.551494,627323000,236,1,1,4,27,60772150,801907615,19250,6.077215,80.1907615,19.25,67,95,0.67,0.9500000000000001,4,0.04,9405,94.05,-78814,-78.81400000000001,339,0.339,627,0.627,131,0.131,0,0.0,0,
519.055965,1788180114.925471,627723000,9,1,1,4,27,60772151,801907615,19260,6.0772151,80.1907615,19.26,67,95,0.67,0.9500000000000001,6,0.06,9405,94.05,-78804,-78.804,338,0.338,627,0.627,112,0.112,0,0.0,0,
519.590876,1788180115.460382,628323000,37,1,1,4,26,60772151,801907615,19300,6.0772151,80.1907615,19.3,67,95,0.67,0.9500000000000001,2,0.02,9405,94.05,-78765,-78.765,337,0.337,625,0.625,135,0.135,0,0.0,0,
520.141032,1788180116.010538,628723000,66,1,1,4,27,60772152,801907615,19310,6.0772151999999995,80.1907615,19.31,65,93,0.65,0.93,5,0.05,9405,94.05,-78754,-78.754,336,0.336,625,0.625,118,0.11800000000000001,0,0.0,0,
520.604711,1788180116.474217,629323000,94,1,1,4,27,60772153,801907613,19350,6.0772153,80.19076129999999,19.35,67,95,0.67,0.9500000000000001,3,0.03,9405,94.05,-78714,-78.714,335,0.335,624,0.624,109,0.109,0,0.0,0,
521.060866,1788180116.930372,629723000,123,1,1,4,28,60772154,801907612,19370,6.0772154,80.1907612,19.37,57,79,0.5700000000000001,0.79,6,0.06,9405,94.05,-78694,-78.694,334,0.334,623,0.623,92,0.092,0,0.0,0,
521.637660,1788180117.507166,630323000,152,1,1,4,27,60772154,801907610,19410,6.0772154,80.190761,19.41,65,93,0.65,0.93,4,0.04,9405,94.05,-78654,-78.654,333,0.333,624,0.624,145,0.145,0,0.0,0,
522.090663,1788180117.960169,630723000,181,1,1,4,27,60772154,801907607,19450,6.0772154,80.1907607,19.45,65,93,0.65,0.93,3,0.03,9405,94.05,-78614,-78.614,333,0.333,624,0.624,95,0.095,0,0.0,0,
522.589269,1788180118.458775,631323000,209,1,1,4,28,60772155,801907604,19450,6.077215499999999,80.1907604,19.45,65,93,0.65,0.93,6,0.06,9405,94.05,-78614,-78.614,332,0.332,625,0.625,139,0.139,0,0.0,0,
523.134828,1788180119.004334,631726000,238,1,1,4,28,60772155,801907603,19450,6.077215499999999,80.1907603,19.45,65,93,0.65,0.93,4,0.04,9405,94.05,-78614,-78.614,332,0.332,626,0.626,78,0.078,0,0.0,0,
523.585411,1788180119.454917,632326000,10,1,1,4,27,60772155,801907600,19510,6.077215499999999,80.19076,19.51,65,93,0.65,0.93,5,0.05,9405,94.05,-78554,-78.554,331,0.331,626,0.626,95,0.095,0,0.0,0,
524.053773,1788180119.923279,632726000,39,1,1,4,28,60772154,801907599,19510,6.0772154,80.1907599,19.51,57,79,0.5700000000000001,0.79,1,0.01,9405,94.05,-78554,-78.554,331,0.331,627,0.627,158,0.158,0,0.0,0,
524.580862,1788180120.450368,633326000,67,1,1,4,27,60772155,801907594,19550,6.077215499999999,80.19075939999999,19.55,65,93,0.65,0.93,0,0.0,9405,94.05,-78514,-78.514,331,0.331,627,0.627,130,0.13,0,0.0,0,
525.080968,1788180120.950474,633726000,96,1,1,4,27,60772154,801907591,19590,6.0772154,80.1907591,19.59,65,93,0.65,0.93,1,0.01,9405,94.05,-78474,-78.474,330,0.33,627,0.627,81,0.081,0,0.0,0,
525.580009,1788180121.449515,634326000,124,1,1,4,27,60772154,801907586,19630,6.0772154,80.1907586,19.63,65,93,0.65,0.93,2,0.02,9405,94.05,-78434,-78.434,330,0.33,627,0.627,156,0.156,0,0.0,0,
526.238727,1788180122.108233,634726000,153,1,1,4,28,60772154,801907582,19660,6.0772154,80.19075819999999,19.66,65,93,0.65,0.93,3,0.03,9405,94.05,-78405,-78.405,330,0.33,627,0.627,109,0.109,0,0.0,0,
526.583512,1788180122.453018,635326000,181,1,1,4,27,60772152,801907577,19770,6.0772151999999995,80.19075769999999,19.77,65,93,0.65,0.93,3,0.03,9405,94.05,-78294,-78.294,329,0.329,626,0.626,86,0.08600000000000001,0,0.0,0,
527.040664,1788180122.910170,635726000,210,1,1,4,28,60772151,801907573,19810,6.0772151,80.1907573,19.81,57,79,0.5700000000000001,0.79,1,0.01,9405,94.05,-78254,-78.254,329,0.329,626,0.626,156,0.156,0,0.0,0,
527.629047,1788180123.498553,636326000,238,1,1,4,28,60772148,801907567,19900,6.0772148,80.1907567,19.900000000000002,58,85,0.58,0.85,1,0.01,9405,94.05,-78164,-78.164,328,0.328,626,0.626,141,0.14100000000000001,0,0.0,0,
528.084106,1788180123.953612,636726000,11,1,1,4,28,60772146,801907563,19970,6.0772146,80.19075629999999,19.97,65,93,0.65,0.93,2,0.02,9405,94.05,-78094,-78.09400000000001,328,0.328,625,0.625,132,0.132,0,0.0,0,
528.655977,1788180124.525483,637326000,39,1,1,4,28,60772144,801907559,20070,6.0772144,80.1907559,20.07,58,85,0.58,0.85,3,0.03,9405,94.05,-77994,-77.994,328,0.328,625,0.625,137,0.137,0,0.0,0,
529.126530,1788180124.996036,637726000,68,1,1,4,28,60772141,801907556,20140,6.0772141,80.1907556,20.14,58,85,0.58,0.85,2,0.02,9405,94.05,-77924,-77.924,328,0.328,625,0.625,128,0.128,0,0.0,0,
529.578570,1788180125.448076,638326000,96,1,1,4,28,60772139,801907553,20200,6.077213899999999,80.19075529999999,20.2,58,85,0.58,0.85,2,0.02,9405,94.05,-77864,-77.864,328,0.328,625,0.625,139,0.139,0,0.0,0,
530.046381,1788180125.915887,638726000,125,1,1,4,28,60772137,801907551,20250,6.0772137,80.19075509999999,20.25,53,76,0.53,0.76,2,0.02,9405,94.05,-77814,-77.81400000000001,328,0.328,625,0.625,119,0.11900000000000001,0,0.0,0,
530.621047,1788180126.490553,639326000,153,1,1,4,28,60772134,801907550,20280,6.0772134,80.190755,20.28,58,85,0.58,0.85,4,0.04,9405,94.05,-77784,-77.784,328,0.328,625,0.625,82,0.082,0,0.0,0,
531.074612,1788180126.944118,639726000,182,1,1,4,28,60772133,801907548,20320,6.0772132999999995,80.1907548,20.32,59,86,0.59,0.86,7,0.07,9405,94.05,-77744,-77.744,327,0.327,625,0.625,86,0.08600000000000001,0,0.0,0,
531.668291,1788180127.537797,640326000,211,1,1,4,28,60772131,801907545,20380,6.0772131,80.1907545,20.38,58,85,0.58,0.85,1,0.01,9405,94.05,-77684,-77.684,327,0.327,624,0.624,120,0.12,0,0.0,0,
532.073403,1788180127.942909,640726000,240,1,1,4,28,60772130,801907543,20410,6.0772129999999995,80.1907543,20.41,58,85,0.58,0.85,4,0.04,9405,94.05,-77654,-77.654,327,0.327,624,0.624,113,0.113,0,0.0,0,
532.575775,1788180128.445281,641326000,12,1,1,4,27,60772128,801907540,20440,6.0772128,80.190754,20.44,65,93,0.65,0.93,2,0.02,9405,94.05,-77624,-77.624,327,0.327,624,0.624,146,0.146,0,0.0,0,
533.057026,1788180128.926532,641726000,41,1,1,4,27,60772127,801907539,20450,6.0772127,80.19075389999999,20.45,57,79,0.5700000000000001,0.79,7,0.07,9405,94.05,-77614,-77.614,327,0.327,624,0.624,117,0.117,0,0.0,0,
533.605684,1788180129.475190,642326000,69,1,1,4,28,60772126,801907538,20470,6.077212599999999,80.1907538,20.47,58,85,0.58,0.85,3,0.03,9405,94.05,-77594,-77.59400000000001,327,0.327,625,0.625,145,0.145,0,0.0,0,
534.179710,1788180130.049216,642726000,98,1,1,4,28,60772125,801907538,20490,6.0772125,80.1907538,20.490000000000002,58,85,0.58,0.85,2,0.02,9405,94.05,-77574,-77.574,327,0.327,625,0.625,144,0.14400000000000002,0,0.0,0,
534.600031,1788180130.469537,643326000,129,1,1,4,28,60772122,801907540,20550,6.0772122,80.190754,20.55,58,85,0.58,0.85,4,0.04,9405,94.05,-77514,-77.514,328,0.328,626,0.626,79,0.079,0,0.0,0,
535.102744,1788180130.972250,643726000,159,1,1,4,28,60772120,801907540,20570,6.077211999999999,80.190754,20.57,58,85,0.58,0.85,3,0.03,9405,94.05,-77494,-77.494,329,0.329,627,0.627,96,0.096,0,0.0,0,
535.554938,1788180131.424444,644326000,187,1,1,4,28,60772117,801907540,20610,6.077211699999999,80.190754,20.61,59,86,0.59,0.86,2,0.02,9405,94.05,-77454,-77.45400000000001,330,0.33,627,0.627,140,0.14,0,0.0,0,
536.133871,1788180132.003377,644726000,216,1,1,4,27,60772116,801907540,20630,6.0772116,80.190754,20.63,55,78,0.55,0.78,3,0.03,9405,94.05,-77434,-77.434,330,0.33,627,0.627,140,0.14,0,0.0,0,
536.597527,1788180132.467033,645126000,244,1,1,4,27,60772114,801907541,20660,6.0772113999999995,80.19075409999999,20.66,59,88,0.59,0.88,3,0.03,9405,94.05,-77404,-77.404,331,0.331,627,0.627,76,0.076,0,0.0,0,
537.052175,1788180132.921681,645726000,17,1,1,4,27,60772109,801907541,20770,6.0772109,80.19075409999999,20.77,59,88,0.59,0.88,1,0.01,9405,94.05,-77295,-77.295,332,0.332,628,0.628,146,0.146,0,0.0,0,
537.627280,1788180133.496786,646326000,45,1,1,4,27,60772107,801907541,20820,6.077210699999999,80.19075409999999,20.82,59,88,0.59,0.88,3,0.03,9405,94.05,-77244,-77.244,333,0.333,629,0.629,143,0.14300000000000002,0,0.0,0,
538.095794,1788180133.965300,646726000,74,1,1,4,27,60772104,801907541,20850,6.077210399999999,80.19075409999999,20.85,59,88,0.59,0.88,3,0.03,9405,94.05,-77215,-77.215,333,0.333,630,0.63,98,0.098,0,0.0,0,
538.633095,1788180134.502601,647326000,102,1,1,4,27,60772102,801907542,20890,6.0772102,80.1907542,20.89,62,89,0.62,0.89,3,0.03,9405,94.05,-77174,-77.174,333,0.333,630,0.63,108,0.108,0,0.0,0,
539.124564,1788180134.994070,647726000,131,1,1,4,27,60772098,801907541,20960,6.077209799999999,80.19075409999999,20.96,59,88,0.59,0.88,5,0.05,9405,94.05,-77104,-77.104,333,0.333,630,0.63,139,0.139,0,0.0,0,
539.590162,1788180135.459668,648326000,159,1,1,4,27,60772094,801907541,21000,6.0772094,80.19075409999999,21.0,59,88,0.59,0.88,4,0.04,9405,94.05,-77064,-77.06400000000001,333,0.333,630,0.63,131,0.131,0,0.0,0,
540.166657,1788180136.036163,648726000,188,1,1,4,27,60772093,801907541,21040,6.0772093,80.19075409999999,21.04,59,88,0.59,0.88,3,0.03,9405,94.05,-77024,-77.024,334,0.334,630,0.63,114,0.114,0,0.0,0,
540.632888,1788180136.502394,649326000,216,1,1,4,27,60772090,801907540,21090,6.077209,80.190754,21.09,59,88,0.59,0.88,2,0.02,9405,94.05,-76974,-76.974,335,0.335,630,0.63,118,0.11800000000000001,0,0.0,0,
541.088605,1788180136.958111,649726000,245,1,1,4,27,60772088,801907541,21110,6.077208799999999,80.19075409999999,21.11,59,88,0.59,0.88,3,0.03,9405,94.05,-76954,-76.95400000000001,335,0.335,630,0.63,107,0.107,0,0.0,0,
541.552808,1788180137.422314,650326000,18,1,1,4,26,60772084,801907540,21170,6.0772084,80.190754,21.17,59,88,0.59,0.88,6,0.06,9405,94.05,-76894,-76.894,336,0.336,630,0.63,137,0.137,0,0.0,0,
542.128676,1788180137.998182,650726000,48,1,1,4,27,60772083,801907540,21190,6.0772083,80.190754,21.19,55,78,0.55,0.78,3,0.03,9405,94.05,-76874,-76.874,336,0.336,630,0.63,106,0.106,0,0.0,0,
542.580236,1788180138.449742,651326000,76,1,1,4,27,60772082,801907541,21200,6.077208199999999,80.19075409999999,21.2,59,88,0.59,0.88,3,0.03,9405,94.05,-76864,-76.864,336,0.336,629,0.629,93,0.093,0,0.0,0,
543.068157,1788180138.937663,651727000,105,1,1,4,27,60772080,801907541,21220,6.077208,80.19075409999999,21.22,59,88,0.59,0.88,1,0.01,9405,94.05,-76845,-76.845,336,0.336,628,0.628,126,0.126,0,0.0,0,
543.616487,1788180139.485993,652327000,133,1,1,4,27,60772077,801907541,21270,6.0772077,80.19075409999999,21.27,59,88,0.59,0.88,2,0.02,9405,94.05,-76794,-76.794,336,0.336,627,0.627,138,0.138,0,0.0,0,
544.083688,1788180139.953194,652727000,162,1,1,4,27,60772076,801907543,21270,6.0772075999999995,80.1907543,21.27,59,88,0.59,0.88,3,0.03,9405,94.05,-76794,-76.794,336,0.336,626,0.626,139,0.139,0,0.0,0,
544.772301,1788180140.641807,653327000,190,1,1,4,27,60772072,801907544,21320,6.0772072,80.1907544,21.32,59,88,0.59,0.88,5,0.05,9405,94.05,-76744,-76.744,337,0.337,626,0.626,87,0.08700000000000001,0,0.0,0,
545.114062,1788180140.983568,653727000,219,1,1,4,27,60772069,801907545,21390,6.077206899999999,80.1907545,21.39,55,78,0.55,0.78,2,0.02,9405,94.05,-76674,-76.674,338,0.338,626,0.626,123,0.123,0,0.0,0,
545.580750,1788180141.450256,654327000,247,1,1,4,27,60772065,801907548,21470,6.0772065,80.1907548,21.47,59,88,0.59,0.88,4,0.04,9405,94.05,-76594,-76.59400000000001,338,0.338,627,0.627,101,0.101,0,0.0,0,
546.143626,1788180142.013132,654727000,20,1,1,4,27,60772063,801907550,21530,6.077206299999999,80.190755,21.53,59,88,0.59,0.88,2,0.02,9405,94.05,-76534,-76.534,338,0.338,627,0.627,82,0.082,0,0.0,0,
546.560948,1788180142.430454,655127000,48,1,1,4,27,60772061,801907553,21580,6.0772061,80.19075529999999,21.580000000000002,59,88,0.59,0.88,3,0.03,9405,94.05,-76484,-76.484,339,0.339,628,0.628,101,0.101,0,0.0,0,
547.077798,1788180142.947304,655727000,77,1,1,4,27,60772059,801907556,21640,6.0772059,80.1907556,21.64,59,88,0.59,0.88,2,0.02,9405,94.05,-76424,-76.424,339,0.339,629,0.629,79,0.079,0,0.0,0,
547.531408,1788180143.400914,656327000,105,1,1,4,27,60772055,801907560,21720,6.0772055,80.190756,21.72,59,88,0.59,0.88,2,0.02,9405,94.05,-76344,-76.34400000000001,339,0.339,629,0.629,137,0.137,0,0.0,0,
548.111124,1788180143.980630,656727000,134,1,1,4,26,60772053,801907562,21810,6.0772053,80.1907562,21.81,59,88,0.59,0.88,4,0.04,9405,94.05,-76254,-76.254,339,0.339,630,0.63,145,0.145,0,0.0,0,
548.560518,1788180144.430024,657327000,162,1,1,4,27,60772050,801907564,21920,6.077204999999999,80.1907564,21.92,59,88,0.59,0.88,1,0.01,9405,94.05,-76144,-76.144,339,0.339,629,0.629,133,0.133,0,0.0,0,
549.146260,1788180145.015766,657727000,191,1,1,4,27,60772048,801907564,21990,6.0772048,80.1907564,21.990000000000002,59,88,0.59,0.88,1,0.01,9405,94.05,-76074,-76.074,338,0.338,629,0.629,140,0.14,0,0.0,0,
549.596674,1788180145.466180,658327000,219,1,1,4,26,60772046,801907566,22060,6.0772046,80.1907566,22.06,67,95,0.67,0.9500000000000001,7,0.07,9405,94.05,-76004,-76.004,338,0.338,628,0.628,89,0.089,0,0.0,0,
550.069274,1788180145.938780,658727000,248,1,1,4,27,60772044,801907567,22120,6.077204399999999,80.1907567,22.12,59,88,0.59,0.88,1,0.01,9405,94.05,-75944,-75.944,337,0.337,627,0.627,137,0.137,0,0.0,0,
550.657769,1788180146.527275,659327000,20,1,1,4,27,60772045,801907568,22180,6.0772045,80.1907568,22.18,67,95,0.67,0.9500000000000001,1,0.01,9405,94.05,-75884,-75.884,336,0.336,626,0.626,141,0.14100000000000001,0,0.0,0,
551.093165,1788180146.962671,659727000,49,1,1,4,27,60772044,801907570,22190,6.077204399999999,80.19075699999999,22.19,58,81,0.58,0.81,3,0.03,9405,94.05,-75874,-75.874,335,0.335,623,0.623,111,0.111,0,0.0,0,
551.627586,1788180147.497092,660327000,78,1,1,4,27,60772042,801907570,22270,6.0772042,80.19075699999999,22.27,67,95,0.67,0.9500000000000001,2,0.02,9405,94.05,-75794,-75.794,334,0.334,621,0.621,145,0.145,0,0.0,0,
552.049663,1788180147.919169,660727000,107,1,1,4,26,60772041,801907571,22300,6.077204099999999,80.1907571,22.3,67,95,0.67,0.9500000000000001,4,0.04,9405,94.05,-75764,-75.764,334,0.334,620,0.62,131,0.131,0,0.0,0,
552.595934,1788180148.465440,661127000,135,1,1,4,27,60772039,801907572,22360,6.0772039,80.1907572,22.36,67,95,0.67,0.9500000000000001,1,0.01,9405,94.05,-75704,-75.70400000000001,334,0.334,619,0.619,108,0.108,0,0.0,0,
553.060891,1788180148.930397,661727000,164,1,1,4,27,60772036,801907573,22480,6.0772036,80.1907573,22.48,67,95,0.67,0.9500000000000001,3,0.03,9405,94.05,-75584,-75.584,334,0.334,618,0.618,125,0.125,0,0.0,0,
553.666348,1788180149.535854,662127000,192,1,1,4,27,60772034,801907574,22550,6.0772034,80.1907574,22.55,67,95,0.67,0.9500000000000001,6,0.06,9405,94.05,-75514,-75.514,334,0.334,618,0.618,145,0.145,0,0.0,0,
554.085898,1788180149.955404,662727000,221,1,1,4,27,60772030,801907576,22660,6.077203,80.1907576,22.66,58,81,0.58,0.81,3,0.03,9405,94.05,-75405,-75.405,334,0.334,617,0.617,138,0.138,0,0.0,0,
554.570729,1788180150.440235,663127000,249,1,1,4,27,60772028,801907576,22750,6.077202799999999,80.1907576,22.75,67,95,0.67,0.9500000000000001,2,0.02,9405,94.05,-75314,-75.31400000000001,334,0.334,617,0.617,151,0.151,0,0.0,0,
555.040762,1788180150.910268,663727000,22,1,1,4,27,60772025,801907576,22880,6.077202499999999,80.1907576,22.88,67,95,0.67,0.9500000000000001,2,0.02,9405,94.05,-75184,-75.184,334,0.334,617,0.617,132,0.132,0,0.0,0,
555.579247,1788180151.448753,664127000,50,1,1,4,27,60772024,801907577,22940,6.0772024,80.19075769999999,22.94,67,95,0.67,0.9500000000000001,3,0.03,9405,94.05,-75124,-75.124,334,0.334,618,0.618,80,0.08,0,0.0,0,
556.046271,1788180151.915777,664727000,79,1,1,4,28,60772023,801907580,23030,6.0772023,80.190758,23.03,65,93,0.65,0.93,5,0.05,9405,94.05,-75034,-75.034,334,0.334,617,0.617,138,0.138,0,0.0,0,
556.622879,1788180152.492385,665127000,107,1,1,4,28,60772022,801907581,23100,6.077202199999999,80.1907581,23.1,65,93,0.65,0.93,3,0.03,9405,94.05,-74964,-74.964,334,0.334,616,0.616,108,0.108,0,0.0,0,
557.077991,1788180152.947497,665727000,136,1,1,4,27,60772018,801907581,23210,6.0772018,80.1907581,23.21,65,93,0.65,0.93,3,0.03,9405,94.05,-74854,-74.854,334,0.334,615,0.615,99,0.099,0,0.0,0,
557.650764,1788180153.520270,666127000,164,1,1,4,27,60772016,801907580,23260,6.0772015999999995,80.190758,23.26,65,93,0.65,0.93,5,0.05,9405,94.05,-74804,-74.804,333,0.333,614,0.614,138,0.138,0,0.0,0,
558.120615,1788180153.990121,666727000,193,1,1,4,28,60772015,801907580,23330,6.0772015,80.190758,23.330000000000002,65,93,0.65,0.93,6,0.06,9405,94.05,-74734,-74.734,332,0.332,614,0.614,109,0.109,0,0.0,0,
558.588789,1788180154.458295,667127000,221,1,1,4,28,60772014,801907580,23400,6.0772014,80.190758,23.400000000000002,65,93,0.65,0.93,2,0.02,9405,94.05,-74664,-74.664,332,0.332,613,0.613,143,0.14300000000000002,0,0.0,0,
559.151501,1788180155.021007,667727000,250,1,1,4,29,60772012,801907578,23500,6.077201199999999,80.1907578,23.5,58,85,0.58,0.85,0,0.0,9405,94.05,-74564,-74.56400000000001,332,0.332,613,0.613,138,0.138,0,0.0,0,
559.647831,1788180155.517337,668127000,22,1,1,4,29,60772011,801907577,23510,6.0772011,80.19075769999999,23.51,58,85,0.58,0.85,2,0.02,9405,94.05,-74554,-74.554,332,0.332,613,0.613,134,0.134,0,0.0,0,
560.068426,1788180155.937932,668727000,51,1,1,4,29,60772009,801907574,23570,6.077200899999999,80.1907574,23.57,53,76,0.53,0.76,1,0.01,9405,94.05,-74494,-74.494,332,0.332,614,0.614,146,0.146,0,0.0,0,
560.678285,1788180156.547791,669127000,79,1,1,4,29,60772011,801907573,23590,6.0772011,80.1907573,23.59,58,85,0.58,0.85,4,0.04,9405,94.05,-74474,-74.474,333,0.333,614,0.614,132,0.132,0,0.0,0,
561.099128,1788180156.968634,669727000,108,1,1,4,29,60772011,801907573,23600,6.0772011,80.1907573,23.6,58,85,0.58,0.85,4,0.04,9405,94.05,-74465,-74.465,334,0.334,614,0.614,93,0.093,0,0.0,0,
561.573313,1788180157.442819,670127000,137,1,1,4,29,60772011,801907573,23630,6.0772011,80.1907573,23.63,58,85,0.58,0.85,1,0.01,9405,94.05,-74434,-74.434,334,0.334,615,0.615,136,0.136,0,0.0,0,
562.053969,1788180157.923475,670727000,166,1,1,4,28,60772011,801907574,23680,6.0772011,80.1907574,23.68,65,93,0.65,0.93,1,0.01,9405,94.05,-74384,-74.384,335,0.335,615,0.615,148,0.148,0,0.0,0,
562.598618,1788180158.468124,671127000,194,1,1,4,28,60772012,801907573,23670,6.077201199999999,80.1907573,23.67,65,93,0.65,0.93,3,0.03,9405,94.05,-74394,-74.394,335,0.335,615,0.615,85,0.085,0,0.0,0,
563.065942,1788180158.935448,671730000,223,1,1,4,26,60772014,801907573,23660,6.0772014,80.1907573,23.66,67,95,0.67,0.9500000000000001,5,0.05,9405,94.05,-74404,-74.404,335,0.335,615,0.615,88,0.088,0,0.0,0,
563.627615,1788180159.497121,672130000,251,1,1,4,28,60772014,801907572,23670,6.0772014,80.1907572,23.67,67,95,0.67,0.9500000000000001,3,0.03,9405,94.05,-74394,-74.394,335,0.335,615,0.615,76,0.076,0,0.0,0,
564.096704,1788180159.966210,672730000,24,1,1,4,27,60772014,801907571,23690,6.0772014,80.1907571,23.69,67,95,0.67,0.9500000000000001,1,0.01,9405,94.05,-74374,-74.374,334,0.334,614,0.614,134,0.134,0,0.0,0,
564.547983,1788180160.417489,673130000,52,1,1,4,27,60772014,801907570,23690,6.0772014,80.19075699999999,23.69,67,95,0.67,0.9500000000000001,2,0.02,9405,94.05,-74374,-74.374,333,0.333,614,0.614,132,0.132,0,0.0,0,
565.126117,1788180160.995623,673730000,81,1,1,4,27,60772015,801907570,23710,6.0772015,80.19075699999999,23.71,67,95,0.67,0.9500000000000001,0,0.0,9405,94.05,-74354,-74.354,333,0.333,612,0.612,130,0.13,0,0.0,0,
565.546593,1788180161.416099,674130000,109,1,1,4,28,60772015,801907570,23670,6.0772015,80.19075699999999,23.67,67,95,0.67,0.9500000000000001,4,0.04,9405,94.05,-74395,-74.395,333,0.333,610,0.61,96,0.096,0,0.0,0,
566.059697,1788180161.929203,674730000,138,1,1,4,27,60772015,801907570,23650,6.0772015,80.19075699999999,23.650000000000002,58,81,0.58,0.81,2,0.02,9405,94.05,-74414,-74.414,333,0.333,609,0.609,142,0.14200000000000002,0,0.0,0,
566.632948,1788180162.502454,675330000,166,1,1,4,28,60772014,801907571,23620,6.0772014,80.1907571,23.62,63,91,0.63,0.91,1,0.01,9405,94.05,-74444,-74.444,332,0.332,608,0.608,141,0.14100000000000001,0,0.0,0,
567.083361,1788180162.952867,675730000,195,1,1,4,29,60772013,801907571,23620,6.0772013,80.1907571,23.62,63,91,0.63,0.91,1,0.01,9405,94.05,-74444,-74.444,332,0.332,608,0.608,105,0.105,0,0.0,0,
567.549366,1788180163.418872,676130000,223,1,1,4,29,60772012,801907569,23620,6.077201199999999,80.1907569,23.62,63,91,0.63,0.91,7,0.07,9405,94.05,-74444,-74.444,331,0.331,608,0.608,107,0.107,0,0.0,0,
568.032217,1788180163.901723,676730000,252,1,1,4,29,60772011,801907568,23600,6.0772011,80.1907568,23.6,63,91,0.63,0.91,4,0.04,9405,94.05,-74464,-74.464,331,0.331,608,0.608,87,0.08700000000000001,0,0.0,0,
568.577989,1788180164.447495,677130000,24,1,1,4,28,60772011,801907567,23580,6.0772011,80.1907567,23.580000000000002,63,91,0.63,0.91,1,0.01,9405,94.05,-74484,-74.484,331,0.331,607,0.607,135,0.135,0,0.0,0,
569.076634,1788180164.946140,677730000,53,1,1,4,28,60772011,801907569,23530,6.0772011,80.1907569,23.53,55,77,0.55,0.77,4,0.04,9405,94.05,-74534,-74.534,331,0.331,606,0.606,80,0.08,0,0.0,0,
569.620899,1788180165.490405,678130000,81,1,1,4,28,60772012,801907571,23490,6.077201199999999,80.1907571,23.490000000000002,63,91,0.63,0.91,4,0.04,9405,94.05,-74574,-74.574,331,0.331,605,0.605,115,0.115,0,0.0,0,
570.075127,1788180165.944633,678730000,110,1,1,4,29,60772012,801907571,23510,6.077201199999999,80.1907571,23.51,63,91,0.63,0.91,2,0.02,9405,94.05,-74554,-74.554,331,0.331,604,0.604,106,0.106,0,0.0,0,
570.547796,1788180166.417302,679130000,138,1,1,4,29,60772012,801907573,23480,6.077201199999999,80.1907573,23.48,63,91,0.63,0.91,0,0.0,9405,94.05,-74584,-74.584,332,0.332,605,0.605,130,0.13,0,0.0,0,
571.118892,1788180166.988398,679730000,167,1,1,4,29,60772012,801907575,23440,6.077201199999999,80.19075749999999,23.44,63,91,0.63,0.91,3,0.03,9405,94.05,-74624,-74.624,333,0.333,605,0.605,112,0.112,0,0.0,0,
571.572812,1788180167.442318,680130000,196,1,1,4,29,60772011,801907577,23430,6.0772011,80.19075769999999,23.43,63,91,0.63,0.91,5,0.05,9405,94.05,-74634,-74.634,333,0.333,605,0.605,123,0.123,0,0.0,0,
572.186049,1788180168.055555,680730000,225,1,1,4,28,60772011,801907578,23430,6.0772011,80.1907578,23.43,55,77,0.55,0.77,2,0.02,9405,94.05,-74634,-74.634,333,0.333,605,0.605,85,0.085,0,0.0,0,
572.577846,1788180168.447352,681130000,0,1,1,4,29,60772011,801907579,23410,6.0772011,80.1907579,23.41,63,91,0.63,0.91,4,0.04,9405,94.05,-74654,-74.654,333,0.333,606,0.606,95,0.095,0,0.0,0,
573.076517,1788180168.946023,681730000,30,1,1,4,29,60772010,801907581,23420,6.077201,80.1907581,23.42,57,84,0.5700000000000001,0.84,6,0.06,9405,94.05,-74644,-74.644,333,0.333,607,0.607,115,0.115,0,0.0,0,
573.559477,1788180169.428983,682130000,58,1,1,4,28,60772009,801907582,23430,6.077200899999999,80.19075819999999,23.43,63,91,0.63,0.91,1,0.01,9405,94.05,-74634,-74.634,333,0.333,608,0.608,126,0.126,0,0.0,0,
574.133985,1788180170.003491,682730000,87,1,1,4,28,60772008,801907583,23440,6.0772008,80.1907583,23.44,63,91,0.63,0.91,4,0.04,9405,94.05,-74624,-74.624,333,0.333,609,0.609,121,0.121,0,0.0,0,
574.601082,1788180170.470588,683130000,116,1,1,4,28,60772009,801907583,23450,6.077200899999999,80.1907583,23.45,63,91,0.63,0.91,4,0.04,9405,94.05,-74614,-74.614,334,0.334,608,0.608,113,0.113,0,0.0,0,
575.147590,1788180171.017096,683730000,146,1,1,4,27,60772009,801907584,23460,6.077200899999999,80.19075839999999,23.46,57,78,0.5700000000000001,0.78,1,0.01,9405,94.05,-74604,-74.604,334,0.334,606,0.606,83,0.083,0,0.0,0,
575.601204,1788180171.470710,684130000,174,1,1,4,28,60772009,801907584,23430,6.077200899999999,80.19075839999999,23.43,65,93,0.65,0.93,2,0.02,9405,94.05,-74635,-74.635,333,0.333,603,0.603,121,0.121,0,0.0,0,
576.067747,1788180171.937253,684730000,203,1,1,4,27,60772011,801907585,23350,6.0772011,80.1907585,23.35,65,93,0.65,0.93,3,0.03,9405,94.05,-74714,-74.714,331,0.331,597,0.597,120,0.12,0,0.0,0,
576.675160,1788180172.544666,685130000,231,1,1,4,27,60772012,801907585,23330,6.077201199999999,80.1907585,23.330000000000002,65,93,0.65,0.93,2,0.02,9405,94.05,-74734,-74.734,329,0.329,592,0.592,74,0.074,0,0.0,0,
577.095319,1788180172.964825,685730000,4,1,1,4,27,60772014,801907584,23300,6.0772014,80.19075839999999,23.3,65,93,0.65,0.93,2,0.02,9405,94.05,-74764,-74.764,328,0.328,587,0.587,71,0.07100000000000001,0,0.0,0,
577.595104,1788180173.464610,686130000,32,1,1,4,28,60772015,801907584,23270,6.0772015,80.19075839999999,23.27,63,91,0.63,0.91,4,0.04,9405,94.05,-74794,-74.794,327,0.327,583,0.583,133,0.133,0,0.0,0,
578.049835,1788180173.919341,686730000,61,1,1,4,28,60772018,801907585,23210,6.0772018,80.1907585,23.21,55,77,0.55,0.77,6,0.06,9405,94.05,-74854,-74.854,326,0.326,579,0.579,112,0.112,0,0.0,0,
578.597655,1788180174.467161,687130000,89,1,1,4,27,60772019,801907586,23170,6.0772018999999995,80.1907586,23.17,65,93,0.65,0.93,1,0.01,9405,94.05,-74894,-74.894,326,0.326,576,0.5760000000000001,153,0.153,0,0.0,0,
579.051840,1788180174.921346,687730000,118,1,1,4,28,60772020,801907588,23130,6.077202,80.1907588,23.13,63,90,0.63,0.9,0,0.0,9405,94.05,-74934,-74.934,326,0.326,574,0.5740000000000001,144,0.14400000000000002,0,0.0,0,
579.661704,1788180175.531210,688130000,146,1,1,4,28,60772020,801907589,23100,6.077202,80.19075889999999,23.1,63,90,0.63,0.9,1,0.01,9405,94.05,-74964,-74.964,325,0.325,572,0.5720000000000001,141,0.14100000000000001,0,0.0,0,
580.035543,1788180175.905049,688730000,175,1,1,4,28,60772021,801907590,23050,6.0772021,80.190759,23.05,63,90,0.63,0.9,3,0.03,9405,94.05,-75014,-75.014,324,0.324,567,0.5670000000000001,103,0.10300000000000001,0,0.0,0,
580.555136,1788180176.424642,689130000,203,1,1,4,28,60772022,801907591,22980,6.077202199999999,80.1907591,22.98,63,90,0.63,0.9,4,0.04,9405,94.05,-75084,-75.084,322,0.322,555,0.555,108,0.108,0,0.0,0,
581.120707,1788180176.990213,689730000,232,1,1,4,28,60772025,801907593,22880,6.077202499999999,80.1907593,22.88,63,90,0.63,0.9,2,0.02,9405,94.05,-75184,-75.184,318,0.318,539,0.539,137,0.137,0,0.0,0,
581.589652,1788180177.459158,690130000,5,1,1,4,28,60772027,801907594,22800,6.0772027,80.19075939999999,22.8,63,90,0.63,0.9,2,0.02,9405,94.05,-75264,-75.264,316,0.316,532,0.532,118,0.11800000000000001,0,0.0,0,
582.151411,1788180178.020917,690730000,34,1,1,4,28,60772029,801907597,22690,6.0772029,80.1907597,22.69,63,90,0.63,0.9,2,0.02,9405,94.05,-75374,-75.374,314,0.314,521,0.521,127,0.127,0,0.0,0,
582.619778,1788180178.489284,691130000,62,1,1,4,28,60772031,801907598,22590,6.077203099999999,80.1907598,22.59,63,90,0.63,0.9,1,0.01,9405,94.05,-75474,-75.474,313,0.313,513,0.513,127,0.127,0,0.0,0,
583.071596,1788180178.941102,691734000,91,1,1,4,28,60772032,801907600,22500,6.0772032,80.19076,22.5,63,90,0.63,0.9,3,0.03,9405,94.05,-75564,-75.56400000000001,311,0.311,503,0.503,98,0.098,0,0.0,0,
583.648788,1788180179.518294,692134000,119,1,1,4,28,60772033,801907600,22430,6.0772033,80.19076,22.43,65,93,0.65,0.93,4,0.04,9405,94.05,-75634,-75.634,310,0.31,495,0.495,111,0.111,0,0.0,0,
584.146294,1788180180.015800,692734000,148,1,1,4,27,60772034,801907602,22360,6.0772034,80.1907602,22.36,63,90,0.63,0.9,4,0.04,9405,94.05,-75704,-75.70400000000001,309,0.309,484,0.484,126,0.126,0,0.0,0,
584.581182,1788180180.450688,693134000,176,1,1,4,27,60772035,801907602,22330,6.0772034999999995,80.1907602,22.330000000000002,65,93,0.65,0.93,2,0.02,9405,94.05,-75734,-75.734,308,0.308,478,0.47800000000000004,99,0.099,0,0.0,0,
585.065004,1788180180.934510,693734000,205,1,1,4,28,60772036,801907604,22260,6.0772036,80.1907604,22.26,65,93,0.65,0.93,1,0.01,9405,94.05,-75804,-75.804,307,0.307,470,0.47000000000000003,106,0.106,0,0.0,0,
585.611324,1788180181.480830,694134000,233,1,1,4,28,60772037,801907605,22240,6.0772037,80.1907605,22.240000000000002,65,93,0.65,0.93,0,0.0,9405,94.05,-75824,-75.824,306,0.306,465,0.465,87,0.08700000000000001,0,0.0,0,
586.078197,1788180181.947703,694734000,6,1,1,4,28,60772038,801907606,22170,6.0772037999999995,80.19076059999999,22.17,65,93,0.65,0.93,3,0.03,9405,94.05,-75894,-75.894,305,0.305,459,0.459,126,0.126,0,0.0,0,
586.653119,1788180182.522625,695134000,34,1,1,4,28,60772037,801907606,22150,6.0772037,80.19076059999999,22.150000000000002,65,93,0.65,0.93,6,0.06,9405,94.05,-75914,-75.914,304,0.304,455,0.455,94,0.094,0,0.0,0,
587.133512,1788180183.003018,695734000,63,1,1,4,28,60772037,801907605,22130,6.0772037,80.1907605,22.13,57,78,0.5700000000000001,0.78,2,0.02,9405,94.05,-75934,-75.934,303,0.303,450,0.45,79,0.079,0,0.0,0,
587.572899,1788180183.442405,696134000,91,1,1,4,28,60772038,801907604,22110,6.0772037999999995,80.1907604,22.11,65,93,0.65,0.93,3,0.03,9405,94.05,-75954,-75.95400000000001,303,0.303,448,0.448,147,0.147,0,0.0,0,
588.026499,1788180183.896005,696734000,120,1,1,4,28,60772038,801907602,22110,6.0772037999999995,80.1907602,22.11,65,93,0.65,0.93,2,0.02,9405,94.05,-75954,-75.95400000000001,302,0.302,446,0.446,87,0.08700000000000001,0,0.0,0,
588.602004,1788180184.471510,697134000,148,1,1,4,28,60772038,801907602,22110,6.0772037999999995,80.1907602,22.11,65,93,0.65,0.93,3,0.03,9405,94.05,-75954,-75.95400000000001,301,0.301,444,0.444,122,0.122,0,0.0,0,
589.070773,1788180184.940279,697734000,177,1,1,4,27,60772038,801907602,22090,6.0772037999999995,80.1907602,22.09,65,93,0.65,0.93,3,0.03,9405,94.05,-75974,-75.974,301,0.301,442,0.442,88,0.088,0,0.0,0,
589.701906,1788180185.571412,698134000,205,1,1,4,27,60772039,801907601,22070,6.0772039,80.19076009999999,22.07,65,93,0.65,0.93,2,0.02,9405,94.05,-75994,-75.994,300,0.3,440,0.44,116,0.116,0,0.0,0,
590.100321,1788180185.969827,698734000,234,1,1,4,27,60772040,801907599,22050,6.077204,80.1907599,22.05,57,78,0.5700000000000001,0.78,1,0.01,9405,94.05,-76014,-76.014,299,0.299,438,0.438,102,0.10200000000000001,0,0.0,0,
590.559871,1788180186.429377,699134000,6,1,1,4,28,60772040,801907597,22040,6.077204,80.1907597,22.04,65,93,0.65,0.93,4,0.04,9405,94.05,-76024,-76.024,298,0.298,437,0.437,86,0.08600000000000001,0,0.0,0,
591.054571,1788180186.924077,699734000,35,1,1,4,28,60772041,801907596,21990,6.077204099999999,80.19075959999999,21.990000000000002,65,93,0.65,0.93,3,0.03,9405,94.05,-76074,-76.074,297,0.297,436,0.436,86,0.08600000000000001,0,0.0,0,
591.597160,1788180187.466666,700134000,64,1,1,4,28,60772041,801907595,21970,6.077204099999999,80.1907595,21.97,65,93,0.65,0.93,1,0.01,9405,94.05,-76094,-76.09400000000001,296,0.296,435,0.435,132,0.132,0,0.0,0,
592.061844,1788180187.931350,700734000,93,1,1,4,28,60772041,801907595,21970,6.077204099999999,80.1907595,21.97,65,93,0.65,0.93,3,0.03,9405,94.05,-76094,-76.09400000000001,296,0.296,435,0.435,131,0.131,0,0.0,0,
592.626021,1788180188.495527,701134000,121,1,1,4,27,60772043,801907593,21960,6.0772043,80.1907593,21.96,65,93,0.65,0.93,2,0.02,9405,94.05,-76104,-76.104,296,0.296,433,0.433,140,0.14,0,0.0,0,
593.125183,1788180188.994689,701734000,150,1,1,4,28,60772043,801907592,21920,6.0772043,80.1907592,21.92,57,78,0.5700000000000001,0.78,1,0.01,9405,94.05,-76144,-76.144,294,0.294,431,0.431,83,0.083,0,0.0,0,
593.545578,1788180189.415084,702134000,178,1,1,4,28,60772043,801907592,21890,6.0772043,80.1907592,21.89,65,93,0.65,0.93,3,0.03,9405,94.05,-76175,-76.175,293,0.293,430,0.43,123,0.123,0,0.0,0,
594.046027,1788180189.915533,702734000,207,1,1,4,29,60772044,801907590,21880,6.077204399999999,80.190759,21.88,65,93,0.65,0.93,3,0.03,9405,94.05,-76184,-76.184,293,0.293,433,0.433,84,0.084,0,0.0,0,
594.589004,1788180190.458510,703134000,235,1,1,4,29,60772045,801907589,21870,6.0772045,80.19075889999999,21.87,65,93,0.65,0.93,5,0.05,9405,94.05,-76194,-76.194,294,0.294,436,0.436,83,0.083,0,0.0,0,
595.087011,1788180190.956517,703734000,8,1,1,4,28,60772047,801907587,21850,6.077204699999999,80.19075869999999,21.85,65,93,0.65,0.93,5,0.05,9405,94.05,-76214,-76.214,294,0.294,438,0.438,89,0.089,0,0.0,0,
595.634749,1788180191.504255,704134000,36,1,1,4,29,60772049,801907586,21810,6.0772049,80.1907586,21.81,65,93,0.65,0.93,2,0.02,9405,94.05,-76254,-76.254,294,0.294,436,0.436,99,0.099,0,0.0,0,
596.083008,1788180191.952514,704734000,65,1,1,4,29,60772051,801907586,21770,6.0772051,80.1907586,21.77,57,78,0.5700000000000001,0.78,1,0.01,9405,94.05,-76294,-76.294,293,0.293,433,0.433,137,0.137,0,0.0,0,
596.537377,1788180192.406883,705134000,93,1,1,4,29,60772051,801907585,21780,6.0772051,80.1907585,21.78,65,93,0.65,0.93,2,0.02,9405,94.05,-76284,-76.284,293,0.293,432,0.432,137,0.137,0,0.0,0,
597.113437,1788180192.982943,705734000,122,1,1,4,29,60772052,801907583,21770,6.0772052,80.1907583,21.77,65,93,0.65,0.93,2,0.02,9405,94.05,-76294,-76.294,292,0.292,432,0.432,96,0.096,0,0.0,0,
597.578578,1788180193.448084,706134000,150,1,1,4,29,60772052,801907583,21770,6.0772052,80.1907583,21.77,65,93,0.65,0.93,7,0.07,9405,94.05,-76295,-76.295,292,0.292,431,0.431,82,0.082,0,0.0,0,
598.065391,1788180193.934897,706734000,179,1,1,4,29,60772052,801907581,21760,6.0772052,80.1907581,21.76,65,93,0.65,0.93,4,0.04,9405,94.05,-76304,-76.304,291,0.291,431,0.431,102,0.10200000000000001,0,0.0,0,
598.612092,1788180194.481598,707134000,207,1,1,4,29,60772053,801907579,21760,6.0772053,80.1907579,21.76,65,93,0.65,0.93,0,0.0,9405,94.05,-76304,-76.304,291,0.291,430,0.43,127,0.127,0,0.0,0,
599.066013,1788180194.935519,707734000,236,1,1,4,28,60772053,801907578,21780,6.0772053,80.1907578,21.78,57,78,0.5700000000000001,0.78,0,0.0,9405,94.05,-76284,-76.284,290,0.29,427,0.427,81,0.081,0,0.0,0,
599.642605,1788180195.512111,708134000,8,1,1,4,29,60772052,801907575,21770,6.0772052,80.19075749999999,21.77,65,93,0.65,0.93,1,0.01,9405,94.05,-76294,-76.294,289,0.289,426,0.426,127,0.127,0,0.0,0,
600.051934,1788180195.921440,708734000,37,1,1,4,29,60772050,801907571,21800,6.077204999999999,80.1907571,21.8,65,93,0.65,0.93,2,0.02,9405,94.05,-76264,-76.264,289,0.289,426,0.426,112,0.112,0,0.0,0,
600.561904,1788180196.431410,709134000,65,1,1,4,29,60772050,801907569,21820,6.077204999999999,80.1907569,21.82,65,93,0.65,0.93,2,0.02,9405,94.05,-76244,-76.244,289,0.289,429,0.429,97,0.097,0,0.0,0,
601.060628,1788180196.930134,709734000,94,1,1,4,29,60772050,801907567,21840,6.077204999999999,80.1907567,21.84,65,93,0.65,0.93,3,0.03,9405,94.05,-76224,-76.224,290,0.29,433,0.433,139,0.139,0,0.0,0,
601.606749,1788180197.476255,710134000,123,1,1,4,29,60772049,801907565,21840,6.0772049,80.19075649999999,21.84,65,93,0.65,0.93,0,0.0,9405,94.05,-76224,-76.224,290,0.29,436,0.436,128,0.128,0,0.0,0,
602.061044,1788180197.930550,710734000,152,1,1,4,28,60772050,801907562,21810,6.077204999999999,80.1907562,21.81,57,78,0.5700000000000001,0.78,6,0.06,9405,94.05,-76254,-76.254,291,0.291,441,0.441,128,0.128,0,0.0,0,
602.667986,1788180198.537492,711134000,180,1,1,4,28,60772049,801907561,21810,6.0772049,80.1907561,21.81,65,93,0.65,0.93,1,0.01,9405,94.05,-76254,-76.254,291,0.291,444,0.444,96,0.096,0,0.0,0,
603.056737,1788180198.926243,711735000,209,1,1,4,29,60772047,801907558,21780,6.077204699999999,80.19075579999999,21.78,65,93,0.65,0.93,3,0.03,9405,94.05,-76284,-76.284,292,0.292,447,0.447,113,0.113,0,0.0,0,
603.557420,1788180199.426926,712135000,237,1,1,4,28,60772045,801907557,21770,6.0772045,80.1907557,21.77,65,93,0.65,0.93,5,0.05,9405,94.05,-76294,-76.294,292,0.292,449,0.449,85,0.085,0,0.0,0,
604.056379,1788180199.925885,712735000,11,1,1,4,28,60772043,801907555,21750,6.0772043,80.1907555,21.75,65,93,0.65,0.93,0,0.0,9405,94.05,-76314,-76.31400000000001,293,0.293,453,0.453,133,0.133,0,0.0,0,
604.599807,1788180200.469313,713135000,39,1,1,4,28,60772042,801907555,21740,6.0772042,80.1907555,21.740000000000002,65,93,0.65,0.93,3,0.03,9405,94.05,-76324,-76.324,293,0.293,455,0.455,84,0.084,0,0.0,0,
605.054079,1788180200.923585,713735000,68,1,1,4,28,60772040,801907555,21710,6.077204,80.1907555,21.71,57,78,0.5700000000000001,0.78,5,0.05,9405,94.05,-76354,-76.354,293,0.293,457,0.457,112,0.112,0,0.0,0,
605.629633,1788180201.499139,714135000,96,1,1,4,28,60772038,801907555,21730,6.0772037999999995,80.1907555,21.73,65,93,0.65,0.93,3,0.03,9405,94.05,-76335,-76.33500000000001,293,0.293,459,0.459,127,0.127,0,0.0,0,
606.087532,1788180201.957038,714735000,125,1,1,4,28,60772038,801907555,21660,6.0772037999999995,80.1907555,21.66,65,93,0.65,0.93,1,0.01,9405,94.05,-76404,-76.404,292,0.292,454,0.454,135,0.135,0,0.0,0,
606.583463,1788180202.452969,715135000,153,1,1,4,28,60772040,801907557,21580,6.077204,80.1907557,21.580000000000002,65,93,0.65,0.93,2,0.02,9405,94.05,-76484,-76.484,291,0.291,449,0.449,115,0.115,0,0.0,0,
607.128248,1788180202.997754,715735000,182,1,1,4,27,60772040,801907556,21520,6.077204,80.1907556,21.52,65,93,0.65,0.93,1,0.01,9405,94.05,-76544,-76.544,289,0.289,443,0.443,112,0.112,0,0.0,0,
607.585775,1788180203.455281,716135000,210,1,1,4,27,60772040,801907559,21460,6.077204,80.1907559,21.46,65,93,0.65,0.93,1,0.01,9405,94.05,-76605,-76.605,288,0.28800000000000003,440,0.44,111,0.111,0,0.0,0,
608.047901,1788180203.917407,716735000,239,1,1,4,27,60772039,801907559,21370,6.0772039,80.1907559,21.37,57,78,0.5700000000000001,0.78,2,0.02,9405,94.05,-76694,-76.694,287,0.28700000000000003,435,0.435,140,0.14,0,0.0,0,
608.629616,1788180204.499122,717135000,11,1,1,4,27,60772039,801907558,21310,6.0772039,80.19075579999999,21.31,65,93,0.65,0.93,0,0.0,9405,94.05,-76754,-76.754,286,0.28600000000000003,433,0.433,118,0.11800000000000001,0,0.0,0,
609.083057,1788180204.952563,717735000,40,1,1,4,27,60772037,801907558,21230,6.0772037,80.19075579999999,21.23,65,93,0.65,0.93,2,0.02,9405,94.05,-76834,-76.834,284,0.28400000000000003,429,0.429,134,0.134,0,0.0,0,
609.535568,1788180205.405074,718135000,68,1,1,4,27,60772036,801907557,21180,6.0772036,80.1907557,21.18,65,93,0.65,0.93,0,0.0,9405,94.05,-76884,-76.884,283,0.28300000000000003,427,0.427,125,0.125,0,0.0,0,
610.130228,1788180205.999734,718735000,97,1,1,4,27,60772035,801907555,21120,6.0772034999999995,80.1907555,21.12,65,93,0.65,0.93,5,0.05,9405,94.05,-76944,-76.944,282,0.28200000000000003,425,0.425,117,0.117,0,0.0,0,
610.611595,1788180206.481101,719135000,128,1,1,4,27,60772032,801907555,21120,6.0772032,80.1907555,21.12,65,93,0.65,0.93,2,0.02,9405,94.05,-76944,-76.944,281,0.281,425,0.425,128,0.128,0,0.0,0,
611.033875,1788180206.903381,719735000,157,1,1,4,26,60772028,801907554,21080,6.077202799999999,80.1907554,21.080000000000002,58,80,0.58,0.8,3,0.03,9405,94.05,-76984,-76.984,280,0.28,424,0.424,121,0.121,0,0.0,0,
611.612691,1788180207.482197,720135000,186,1,1,4,27,60772025,801907553,21080,6.077202499999999,80.19075529999999,21.080000000000002,65,93,0.65,0.93,1,0.01,9405,94.05,-76984,-76.984,279,0.279,422,0.422,136,0.136,0,0.0,0,
612.099301,1788180207.968807,720735000,215,1,1,4,27,60772022,801907556,21010,6.077202199999999,80.1907556,21.01,65,93,0.65,0.93,3,0.03,9405,94.05,-77054,-77.054,278,0.278,420,0.42,136,0.136,0,0.0,0,
612.603361,1788180208.472867,721135000,244,1,1,4,27,60772019,801907557,20960,6.0772018999999995,80.1907557,20.96,65,93,0.65,0.93,3,0.03,9405,94.05,-77104,-77.104,277,0.277,418,0.418,131,0.131,0,0.0,0,
613.072510,1788180208.942016,721735000,18,1,1,4,27,60772018,801907558,20860,6.0772018,80.19075579999999,20.86,65,93,0.65,0.93,1,0.01,9405,94.05,-77204,-77.20400000000001,276,0.276,417,0.417,139,0.139,0,0.0,0,
613.571386,1788180209.440892,722135000,46,1,1,4,27,60772016,801907557,20830,6.0772015999999995,80.1907557,20.830000000000002,65,93,0.65,0.93,4,0.04,9405,94.05,-77234,-77.234,275,0.275,416,0.41600000000000004,90,0.09,0,0.0,0,
614.025955,1788180209.895461,722735000,75,1,1,4,27,60772013,801907557,20820,6.0772013,80.1907557,20.82,57,78,0.5700000000000001,0.78,3,0.03,9405,94.05,-77244,-77.244,274,0.274,414,0.41400000000000003,80,0.08,0,0.0,0,
614.619583,1788180210.489089,723135000,103,1,1,4,27,60772010,801907557,20800,6.077201,80.1907557,20.8,65,93,0.65,0.93,2,0.02,9405,94.05,-77264,-77.264,274,0.274,413,0.41300000000000003,137,0.137,0,0.0,0,
615.070344,1788180210.939850,723735000,132,1,1,4,27,60772007,801907558,20740,6.0772007,80.19075579999999,20.740000000000002,65,93,0.65,0.93,5,0.05,9405,94.05,-77324,-77.324,273,0.273,411,0.41100000000000003,90,0.09,0,0.0,0,
615.645199,1788180211.514705,724135000,160,1,1,4,27,60772004,801907558,20710,6.0772004,80.19075579999999,20.71,65,93,0.65,0.93,4,0.04,9405,94.05,-77354,-77.354,272,0.272,410,0.41000000000000003,76,0.076,0,0.0,0,
616.096843,1788180211.966349,724735000,189,1,1,4,27,60772000,801907561,20660,6.0771999999999995,80.1907561,20.66,65,93,0.65,0.93,1,0.01,9405,94.05,-77404,-77.404,272,0.272,408,0.40800000000000003,101,0.101,0,0.0,0,
616.563836,1788180212.433342,725135000,217,1,1,4,28,60771997,801907562,20630,6.0771996999999995,80.1907562,20.63,65,93,0.65,0.93,3,0.03,9405,94.05,-77434,-77.434,272,0.272,408,0.40800000000000003,85,0.085,0,0.0,0,
617.143742,1788180213.013248,725735000,246,1,1,4,28,60771993,801907564,20580,6.077199299999999,80.1907564,20.580000000000002,57,78,0.5700000000000001,0.78,1,0.01,9405,94.05,-77484,-77.484,271,0.271,407,0.40700000000000003,93,0.093,0,0.0,0,
617.597612,1788180213.467118,726135000,18,1,1,4,28,60771990,801907564,20540,6.077198999999999,80.1907564,20.54,65,93,0.65,0.93,2,0.02,9405,94.05,-77524,-77.524,271,0.271,407,0.40700000000000003,75,0.075,0,0.0,0,
618.051509,1788180213.921015,726735000,47,1,1,4,29,60771989,801907565,20480,6.0771989,80.19075649999999,20.48,58,85,0.58,0.85,6,0.06,9405,94.05,-77584,-77.584,272,0.272,408,0.40800000000000003,112,0.112,0,0.0,0,
618.627982,1788180214.497488,727135000,75,1,1,4,29,60771987,801907565,20450,6.077198699999999,80.19075649999999,20.45,58,85,0.58,0.85,2,0.02,9405,94.05,-77614,-77.614,272,0.272,408,0.40800000000000003,126,0.126,0,0.0,0,
619.097128,1788180214.966634,727735000,104,1,1,4,29,60771985,801907566,20370,6.0771985,80.1907566,20.37,58,85,0.58,0.85,4,0.04,9405,94.05,-77694,-77.694,273,0.273,407,0.40700000000000003,113,0.113,0,0.0,0,
619.548675,1788180215.418181,728135000,132,1,1,4,29,60771982,801907568,20320,6.0771982,80.1907568,20.32,65,93,0.65,0.93,3,0.03,9405,94.05,-77744,-77.744,273,0.273,407,0.40700000000000003,122,0.122,0,0.0,0,
620.123363,1788180215.992869,728735000,161,1,1,4,29,60771980,801907570,20240,6.077198,80.19075699999999,20.240000000000002,57,78,0.5700000000000001,0.78,5,0.05,9405,94.05,-77824,-77.824,274,0.274,406,0.406,126,0.126,0,0.0,0,
620.593599,1788180216.463105,729135000,189,1,1,4,29,60771979,801907572,20160,6.0771979,80.1907572,20.16,65,93,0.65,0.93,5,0.05,9405,94.05,-77904,-77.904,274,0.274,406,0.406,124,0.124,0,0.0,0,
621.050042,1788180216.919548,729735000,218,1,1,4,29,60771977,801907575,20070,6.0771977,80.19075749999999,20.07,65,93,0.65,0.93,2,0.02,9405,94.05,-77994,-77.994,273,0.273,406,0.406,107,0.107,0,0.0,0,
621.627374,1788180217.496880,730135000,247,1,1,4,29,60771976,801907577,20020,6.0771976,80.19075769999999,20.02,65,93,0.65,0.93,6,0.06,9405,94.05,-78044,-78.044,273,0.273,406,0.406,92,0.092,0,0.0,0,
622.081208,1788180217.950714,730735000,20,1,1,4,28,60771974,801907580,19950,6.077197399999999,80.190758,19.95,65,93,0.65,0.93,4,0.04,9405,94.05,-78114,-78.114,273,0.273,405,0.405,90,0.09,0,0.0,0,
622.549685,1788180218.419191,731135000,48,1,1,4,28,60771974,801907582,19910,6.077197399999999,80.19075819999999,19.91,65,93,0.65,0.93,2,0.02,9405,94.05,-78154,-78.154,274,0.274,405,0.405,121,0.121,0,0.0,0,
623.124461,1788180218.993967,731737000,77,1,1,4,28,60771973,801907583,19820,6.0771973,80.1907583,19.82,57,78,0.5700000000000001,0.78,1,0.01,9405,94.05,-78244,-78.244,274,0.274,405,0.405,122,0.122,0,0.0,0,
623.575530,1788180219.445036,732137000,105,1,1,4,28,60771972,801907585,19780,6.0771972,80.1907585,19.78,65,93,0.65,0.93,6,0.06,9405,94.05,-78284,-78.284,274,0.274,404,0.404,100,0.1,0,0.0,0,
624.046709,1788180219.916215,732737000,134,1,1,4,27,60771971,801907587,19700,6.077197099999999,80.19075869999999,19.7,66,95,0.66,0.9500000000000001,0,0.0,9405,94.05,-78364,-78.364,274,0.274,404,0.404,133,0.133,0,0.0,0,
624.620313,1788180220.489819,733137000,162,1,1,4,27,60771970,801907587,19690,6.077197,80.19075869999999,19.69,66,95,0.66,0.9500000000000001,5,0.05,9405,94.05,-78374,-78.374,274,0.274,404,0.404,75,0.075,0,0.0,0,
625.026406,1788180220.895912,733737000,191,1,1,4,27,60771968,801907589,19610,6.077196799999999,80.19075889999999,19.61,66,95,0.66,0.9500000000000001,0,0.0,9405,94.05,-78454,-78.45400000000001,273,0.273,404,0.404,141,0.14100000000000001,0,0.0,0,
625.574259,1788180221.443765,734137000,219,1,1,4,27,60771967,801907592,19530,6.0771967,80.1907592,19.53,66,95,0.66,0.9500000000000001,4,0.04,9405,94.05,-78534,-78.534,273,0.273,405,0.405,122,0.122,0,0.0,0,
626.106034,1788180221.975540,734737000,248,1,1,4,26,60771965,801907594,19460,6.0771964999999994,80.19075939999999,19.46,66,95,0.66,0.9500000000000001,3,0.03,9405,94.05,-78604,-78.604,274,0.274,409,0.40900000000000003,134,0.134,0,0.0,0,
626.573265,1788180222.442771,735137000,20,1,1,4,27,60771963,801907596,19430,6.0771963,80.19075959999999,19.43,66,95,0.66,0.9500000000000001,2,0.02,9405,94.05,-78634,-78.634,274,0.274,413,0.41300000000000003,87,0.08700000000000001,0,0.0,0,
627.068818,1788180222.938324,735737000,49,1,1,4,28,60771961,801907599,19360,6.0771961,80.1907599,19.36,65,93,0.65,0.93,4,0.04,9405,94.05,-78704,-78.70400000000001,275,0.275,417,0.417,117,0.117,0,0.0,0,
627.617162,1788180223.486668,736137000,77,1,1,4,28,60771959,801907600,19330,6.0771958999999995,80.19076,19.330000000000002,65,93,0.65,0.93,1,0.01,9405,94.05,-78734,-78.734,275,0.275,420,0.42,125,0.125,0,0.0,0,
628.070298,1788180223.939804,736737000,106,1,1,4,28,60771957,801907603,19290,6.0771957,80.1907603,19.29,65,93,0.65,0.93,6,0.06,9405,94.05,-78775,-78.775,276,0.276,422,0.422,90,0.09,0,0.0,0,
628.665776,1788180224.535282,737137000,134,1,1,4,27,60771955,801907605,19230,6.077195499999999,80.1907605,19.23,65,93,0.65,0.93,2,0.02,9405,94.05,-78834,-78.834,276,0.276,425,0.425,119,0.11900000000000001,0,0.0,0,
629.025018,1788180224.894524,737737000,163,1,1,4,26,60771952,801907610,19190,6.077195199999999,80.190761,19.19,58,79,0.58,0.79,6,0.06,9405,94.05,-78874,-78.874,277,0.277,429,0.429,95,0.095,0,0.0,0,
629.568521,1788180225.438027,738137000,191,1,1,4,26,60771950,801907612,19170,6.077195,80.1907612,19.17,66,95,0.66,0.9500000000000001,2,0.02,9405,94.05,-78894,-78.894,277,0.277,430,0.43,143,0.14300000000000002,0,0.0,0,
630.055118,1788180225.924624,738737000,220,1,1,4,26,60771948,801907616,19140,6.0771948,80.1907616,19.14,66,95,0.66,0.9500000000000001,2,0.02,9405,94.05,-78924,-78.924,277,0.277,428,0.428,134,0.134,0,0.0,0,
630.602608,1788180226.472114,739137000,248,1,1,4,26,60771948,801907617,19100,6.0771948,80.1907617,19.1,66,95,0.66,0.9500000000000001,2,0.02,9405,94.05,-78964,-78.964,277,0.277,427,0.427,140,0.14,0,0.0,0,
631.054355,1788180226.923861,739737000,21,1,1,4,29,60771947,801907617,19100,6.0771947,80.1907617,19.1,57,82,0.5700000000000001,0.8200000000000001,2,0.02,9405,94.05,-78964,-78.964,278,0.278,425,0.425,102,0.10200000000000001,0,0.0,0,
631.632038,1788180227.501544,740137000,50,1,1,4,28,60771946,801907616,19110,6.0771945999999994,80.1907616,19.11,67,95,0.67,0.9500000000000001,3,0.03,9405,94.05,-78954,-78.95400000000001,278,0.278,423,0.423,84,0.084,0,0.0,0,
632.087195,1788180227.956701,740737000,79,1,1,4,27,60771945,801907616,19080,6.0771945,80.1907616,19.080000000000002,58,85,0.58,0.85,2,0.02,9405,94.05,-78984,-78.984,278,0.278,421,0.421,94,0.094,0,0.0,0,
632.571677,1788180228.441183,741137000,107,1,1,4,26,60771944,801907616,19060,6.0771944,80.1907616,19.06,67,95,0.67,0.9500000000000001,3,0.03,9405,94.05,-79004,-79.004,279,0.279,421,0.421,85,0.085,0,0.0,0,
633.042222,1788180228.911728,741737000,136,1,1,4,27,60771942,801907619,19050,6.0771942,80.1907619,19.05,67,95,0.67,0.9500000000000001,5,0.05,9405,94.05,-79014,-79.014,279,0.279,420,0.42,96,0.096,0,0.0,0,
633.587648,1788180229.457154,742137000,164,1,1,4,27,60771941,801907622,19030,6.0771941,80.1907622,19.03,67,95,0.67,0.9500000000000001,0,0.0,9405,94.05,-79034,-79.034,279,0.279,419,0.419,120,0.12,0,0.0,0,
634.043257,1788180229.912763,742737000,193,1,1,4,27,60771939,801907627,18960,6.0771939,80.1907627,18.96,59,88,0.59,0.88,2,0.02,9405,94.05,-79104,-79.104,280,0.28,420,0.42,140,0.14,0,0.0,0,
634.630910,1788180230.500416,743137000,221,1,1,4,27,60771939,801907630,18940,6.0771939,80.19076299999999,18.94,59,88,0.59,0.88,2,0.02,9405,94.05,-79124,-79.124,280,0.28,420,0.42,117,0.117,0,0.0,0,
635.085906,1788180230.955412,743737000,251,1,1,4,27,60771937,801907634,18930,6.0771937,80.1907634,18.93,55,78,0.55,0.78,2,0.02,9405,94.05,-79134,-79.134,280,0.28,420,0.42,93,0.093,0,0.0,0,
635.538547,1788180231.408053,744137000,23,1,1,4,27,60771935,801907637,18930,6.0771935,80.19076369999999,18.93,59,88,0.59,0.88,0,0.0,9405,94.05,-79134,-79.134,281,0.281,420,0.42,135,0.135,0,0.0,0,
636.114262,1788180231.983768,744737000,52,1,1,4,27,60771934,801907640,18930,6.0771934,80.190764,18.93,59,88,0.59,0.88,1,0.01,9405,94.05,-79135,-79.135,282,0.28200000000000003,421,0.421,96,0.096,0,0.0,0,
636.586892,1788180232.456398,745137000,80,1,1,4,27,60771933,801907641,18980,6.077193299999999,80.1907641,18.98,59,88,0.59,0.88,3,0.03,9405,94.05,-79084,-79.084,282,0.28200000000000003,420,0.42,75,0.075,0,0.0,0,
637.035192,1788180232.904698,745737000,109,1,1,4,26,60771931,801907642,19020,6.0771931,80.19076419999999,19.02,59,88,0.59,0.88,1,0.01,9405,94.05,-79044,-79.044,283,0.28300000000000003,418,0.418,131,0.131,0,0.0,0,
637.613667,1788180233.483173,746137000,137,1,1,4,27,60771931,801907642,19050,6.0771931,80.19076419999999,19.05,59,88,0.59,0.88,2,0.02,9405,94.05,-79014,-79.014,283,0.28300000000000003,416,0.41600000000000004,131,0.131,0,0.0,0,
638.068308,1788180233.937814,746737000,166,1,1,4,27,60771930,801907644,19110,6.077192999999999,80.19076439999999,19.11,58,81,0.58,0.81,2,0.02,9405,94.05,-78954,-78.95400000000001,283,0.28300000000000003,415,0.41500000000000004,81,0.081,0,0.0,0,
638.565400,1788180234.434906,747137000,194,1,1,4,27,60771929,801907644,19150,6.0771929,80.19076439999999,19.150000000000002,67,95,0.67,0.9500000000000001,2,0.02,9405,94.05,-78914,-78.914,283,0.28300000000000003,414,0.41400000000000003,119,0.11900000000000001,0,0.0,0,
639.125914,1788180234.995420,747737000,223,1,1,4,28,60771927,801907643,19210,6.0771926999999994,80.1907643,19.21,67,95,0.67,0.9500000000000001,0,0.0,9405,94.05,-78854,-78.854,284,0.28400000000000003,413,0.41300000000000003,133,0.133,0,0.0,0,
639.566061,1788180235.435567,748137000,251,1,1,4,28,60771926,801907644,19240,6.0771926,80.19076439999999,19.240000000000002,67,95,0.67,0.9500000000000001,3,0.03,9405,94.05,-78824,-78.824,284,0.28400000000000003,413,0.41300000000000003,128,0.128,0,0.0,0,
640.066177,1788180235.935683,748737000,24,1,1,4,26,60771925,801907644,19310,6.0771925,80.19076439999999,19.31,67,95,0.67,0.9500000000000001,4,0.04,9405,94.05,-78754,-78.754,285,0.28500000000000003,412,0.41200000000000003,106,0.106,0,0.0,0,
640.614341,1788180236.483847,749137000,52,1,1,4,28,60771924,801907645,19360,6.0771923999999995,80.1907645,19.36,59,88,0.59,0.88,1,0.01,9405,94.05,-78704,-78.70400000000001,285,0.28500000000000003,412,0.41200000000000003,126,0.126,0,0.0,0,
641.063909,1788180236.933415,749737000,81,1,1,4,28,60771924,801907644,19460,6.0771923999999995,80.19076439999999,19.46,55,78,0.55,0.78,1,0.01,9405,94.05,-78604,-78.604,285,0.28500000000000003,411,0.41100000000000003,129,0.129,0,0.0,0,
641.643437,1788180237.512943,750137000,110,1,1,4,28,60771923,801907644,19500,6.0771923,80.19076439999999,19.5,59,88,0.59,0.88,1,0.01,9405,94.05,-78564,-78.56400000000001,286,0.28600000000000003,411,0.41100000000000003,135,0.135,0,0.0,0,
642.064722,1788180237.934228,750737000,139,1,1,4,28,60771924,801907646,19550,6.0771923999999995,80.1907646,19.55,59,88,0.59,0.88,4,0.04,9405,94.05,-78514,-78.514,286,0.28600000000000003,410,0.41000000000000003,118,0.11800000000000001,0,0.0,0,
642.560285,1788180238.429791,751137000,167,1,1,4,28,60771924,801907646,19580,6.0771923999999995,80.1907646,19.580000000000002,59,88,0.59,0.88,6,0.06,9405,94.05,-78484,-78.484,286,0.28600000000000003,410,0.41000000000000003,88,0.088,0,0.0,0,
643.029147,1788180238.898653,751740000,196,1,1,4,26,60771923,801907646,19650,6.0771923,80.1907646,19.650000000000002,59,88,0.59,0.88,1,0.01,9405,94.05,-78414,-78.414,286,0.28600000000000003,409,0.40900000000000003,118,0.11800000000000001,0,0.0,0,
643.604916,1788180239.474422,752140000,224,1,1,4,27,60771923,801907648,19700,6.0771923,80.1907648,19.7,59,88,0.59,0.88,1,0.01,9405,94.05,-78364,-78.364,286,0.28600000000000003,409,0.40900000000000003,122,0.122,0,0.0,0,
644.042382,1788180239.911888,752740000,253,1,1,4,27,60771922,801907649,19760,6.0771922,80.19076489999999,19.76,55,78,0.55,0.78,2,0.02,9405,94.05,-78304,-78.304,286,0.28600000000000003,408,0.40800000000000003,88,0.088,0,0.0,0,
644.639238,1788180240.508744,753140000,25,1,1,4,29,60771921,801907648,19860,6.0771920999999995,80.1907648,19.86,67,95,0.67,0.9500000000000001,2,0.02,9405,94.05,-78204,-78.20400000000001,286,0.28600000000000003,408,0.40800000000000003,90,0.09,0,0.0,0,
645.092030,1788180240.961536,753740000,54,1,1,4,29,60771920,801907646,19960,6.077192,80.1907646,19.96,67,95,0.67,0.9500000000000001,4,0.04,9405,94.05,-78104,-78.104,286,0.28600000000000003,406,0.406,112,0.112,0,0.0,0,
645.559481,1788180241.428987,754140000,82,1,1,4,27,60771920,801907645,20000,6.077192,80.1907645,20.0,67,95,0.67,0.9500000000000001,1,0.01,9405,94.05,-78064,-78.06400000000001,286,0.28600000000000003,406,0.406,129,0.129,0,0.0,0,
646.167580,1788180242.037086,754740000,111,1,1,4,29,60771919,801907647,20090,6.0771919,80.1907647,20.09,67,95,0.67,0.9500000000000001,1,0.01,9405,94.05,-77974,-77.974,286,0.28600000000000003,406,0.406,104,0.10400000000000001,0,0.0,0,
646.619333,1788180242.488839,755140000,139,1,1,4,27,60771919,801907647,20130,6.0771919,80.1907647,20.13,67,95,0.67,0.9500000000000001,1,0.01,9405,94.05,-77935,-77.935,286,0.28600000000000003,406,0.406,111,0.111,0,0.0,0,
647.116809,1788180242.986315,755740000,168,1,1,4,29,60771919,801907648,20180,6.0771919,80.1907648,20.18,58,81,0.58,0.81,4,0.04,9405,94.05,-77884,-77.884,286,0.28600000000000003,407,0.40700000000000003,110,0.11,0,0.0,0,
647.539224,1788180243.408730,756140000,196,1,1,4,28,60771918,801907647,20250,6.0771918,80.1907647,20.25,67,95,0.67,0.9500000000000001,3,0.03,9405,94.05,-77814,-77.81400000000001,286,0.28600000000000003,406,0.406,67,0.067,0,0.0,0,
648.198128,1788180244.067634,756740000,225,1,1,4,29,60771918,801907646,20320,6.0771918,80.1907646,20.32,67,95,0.67,0.9500000000000001,2,0.02,9405,94.05,-77744,-77.744,286,0.28600000000000003,406,0.406,117,0.117,0,0.0,0,
648.724376,1788180244.593882,757140000,0,1,1,4,28,60771918,801907643,20350,6.0771918,80.1907643,20.35,67,95,0.67,0.9500000000000001,3,0.03,9405,94.05,-77714,-77.714,286,0.28600000000000003,406,0.406,101,0.101,0,0.0,0,
649.113784,1788180244.983290,757740000,30,1,1,4,29,60771918,801907640,20430,6.0771918,80.190764,20.43,67,95,0.67,0.9500000000000001,1,0.01,9405,94.05,-77634,-77.634,286,0.28600000000000003,406,0.406,128,0.128,0,0.0,0,
649.584278,1788180245.453784,758140000,58,1,1,4,28,60771918,801907640,20460,6.0771918,80.190764,20.46,67,95,0.67,0.9500000000000001,2,0.02,9405,94.05,-77604,-77.604,287,0.28700000000000003,406,0.406,97,0.097,0,0.0,0,
650.038051,1788180245.907557,758740000,87,1,1,4,28,60771918,801907641,20540,6.0771918,80.1907641,20.54,67,95,0.67,0.9500000000000001,3,0.03,9405,94.05,-77524,-77.524,287,0.28700000000000003,407,0.40700000000000003,103,0.10300000000000001,0,0.0,0,
650.618223,1788180246.487729,759140000,115,1,1,4,29,60771918,801907643,20590,6.0771918,80.1907643,20.59,67,95,0.67,0.9500000000000001,4,0.04,9405,94.05,-77474,-77.474,287,0.28700000000000003,407,0.40700000000000003,83,0.083,0,0.0,0,
651.082993,1788180246.952499,759740000,144,1,1,4,28,60771917,801907649,20660,6.077191699999999,80.19076489999999,20.66,67,95,0.67,0.9500000000000001,3,0.03,9405,94.05,-77404,-77.404,286,0.28600000000000003,407,0.40700000000000003,101,0.101,0,0.0,0,
651.565908,1788180247.435414,760140000,173,1,1,4,28,60771918,801907652,20660,6.0771918,80.1907652,20.66,67,95,0.67,0.9500000000000001,5,0.05,9405,94.05,-77404,-77.404,285,0.28500000000000003,407,0.40700000000000003,115,0.115,0,0.0,0,
652.109760,1788180247.979266,760740000,202,1,1,4,29,60771918,801907654,20680,6.0771918,80.19076539999999,20.68,67,95,0.67,0.9500000000000001,1,0.01,9405,94.05,-77384,-77.384,285,0.28500000000000003,407,0.40700000000000003,131,0.131,0,0.0,0,
652.666326,1788180248.535832,761140000,230,1,1,4,29,60771918,801907657,20700,6.0771918,80.1907657,20.7,67,95,0.67,0.9500000000000001,1,0.01,9405,94.05,-77364,-77.364,285,0.28500000000000003,406,0.406,101,0.101,0,0.0,0,
653.060894,1788180248.930400,761740000,3,1,1,4,29,60771918,801907663,20710,6.0771918,80.19076629999999,20.71,58,81,0.58,0.81,4,0.04,9405,94.05,-77354,-77.354,285,0.28500000000000003,406,0.406,82,0.082,0,0.0,0,
653.608925,1788180249.478431,762140000,31,1,1,4,27,60771918,801907665,20720,6.0771918,80.1907665,20.72,67,95,0.67,0.9500000000000001,2,0.02,9405,94.05,-77344,-77.34400000000001,286,0.28600000000000003,406,0.406,93,0.093,0,0.0,0,
654.064252,1788180249.933758,762740000,60,1,1,4,28,60771917,801907667,20760,6.077191699999999,80.1907667,20.76,67,95,0.67,0.9500000000000001,5,0.05,9405,94.05,-77304,-77.304,287,0.28700000000000003,407,0.40700000000000003,77,0.077,0,0.0,0,
654.534019,1788180250.403525,763140000,88,1,1,4,27,60771918,801907667,20760,6.0771918,80.1907667,20.76,59,88,0.59,0.88,2,0.02,9405,94.05,-77304,-77.304,288,0.28800000000000003,407,0.40700000000000003,103,0.10300000000000001,0,0.0,0,
655.105739,1788180250.975245,763740000,117,1,1,4,27,60771918,801907669,20780,6.0771918,80.1907669,20.78,59,88,0.59,0.88,1,0.01,9405,94.05,-77284,-77.284,289,0.289,408,0.40800000000000003,135,0.135,0,0.0,0,
655.560888,1788180251.430394,764140000,145,1,1,4,28,60771918,801907669,20810,6.0771918,80.1907669,20.81,59,88,0.59,0.88,1,0.01,9405,94.05,-77254,-77.254,290,0.29,408,0.40800000000000003,116,0.116,0,0.0,0,
656.045107,1788180251.914613,764740000,174,1,1,4,27,60771918,801907671,20840,6.0771918,80.1907671,20.84,59,87,0.59,0.87,5,0.05,9405,94.05,-77224,-77.224,291,0.291,409,0.40900000000000003,90,0.09,0,0.0,0,
656.622876,1788180252.492382,765140000,202,1,1,4,27,60771919,801907673,20870,6.0771919,80.19076729999999,20.87,59,87,0.59,0.87,4,0.04,9405,94.05,-77194,-77.194,291,0.291,409,0.40900000000000003,117,0.117,0,0.0,0,
657.059550,1788180252.929056,765740000,231,1,1,4,27,60771919,801907676,20900,6.0771919,80.1907676,20.900000000000002,59,87,0.59,0.87,2,0.02,9405,94.05,-77164,-77.164,292,0.292,410,0.41000000000000003,87,0.08700000000000001,0,0.0,0,
657.670341,1788180253.539847,766140000,3,1,1,4,27,60771919,801907677,20940,6.0771919,80.1907677,20.94,59,87,0.59,0.87,4,0.04,9405,94.05,-77124,-77.124,292,0.292,411,0.41100000000000003,116,0.116,0,0.0,0,
658.046309,1788180253.915815,766740000,32,1,1,4,27,60771922,801907678,20980,6.0771922,80.1907678,20.98,59,87,0.59,0.87,6,0.06,9405,94.05,-77084,-77.084,292,0.292,413,0.41300000000000003,73,0.073,0,0.0,0,
658.539399,1788180254.408905,767140000,60,1,1,4,28,60771923,801907680,21010,6.0771923,80.19076799999999,21.01,59,87,0.59,0.87,2,0.02,9405,94.05,-77054,-77.054,292,0.292,413,0.41300000000000003,76,0.076,0,0.0,0,
659.040293,1788180254.909799,767740000,89,1,1,4,28,60771923,801907683,21100,6.0771923,80.1907683,21.1,55,78,0.55,0.78,2,0.02,9405,94.05,-76964,-76.964,291,0.291,412,0.41200000000000003,119,0.11900000000000001,0,0.0,0,
659.586539,1788180255.456045,768140000,117,1,1,4,28,60771924,801907684,21130,6.0771923999999995,80.1907684,21.13,59,87,0.59,0.87,2,0.02,9405,94.05,-76934,-76.934,292,0.292,414,0.41400000000000003,81,0.081,0,0.0,0,
660.051298,1788180255.920804,768740000,146,1,1,4,27,60771923,801907681,21210,6.0771923,80.1907681,21.21,59,87,0.59,0.87,4,0.04,9405,94.05,-76854,-76.854,292,0.292,415,0.41500000000000004,103,0.10300000000000001,0,0.0,0,
660.656422,1788180256.525928,769140000,174,1,1,4,27,60771922,801907681,21290,6.0771922,80.1907681,21.29,59,87,0.59,0.87,2,0.02,9405,94.05,-76774,-76.774,292,0.292,414,0.41400000000000003,133,0.133,0,0.0,0,
661.030260,1788180256.899766,769740000,203,1,1,4,27,60771920,801907682,21420,6.077192,80.1907682,21.42,59,87,0.59,0.87,1,0.01,9405,94.05,-76644,-76.644,292,0.292,414,0.41400000000000003,128,0.128,0,0.0,0,
661.545765,1788180257.415271,770140000,232,1,1,4,28,60771920,801907682,21510,6.077192,80.1907682,21.51,59,87,0.59,0.87,0,0.0,9405,94.05,-76554,-76.554,292,0.292,415,0.41500000000000004,140,0.14,0,0.0,0,
662.044067,1788180257.913573,770740000,5,1,1,4,28,60771920,801907682,21620,6.077192,80.1907682,21.62,55,78,0.55,0.78,1,0.01,9405,94.05,-76444,-76.444,292,0.292,415,0.41500000000000004,139,0.139,0,0.0,0,
662.573297,1788180258.442803,771140000,33,1,1,4,28,60771918,801907683,21730,6.0771918,80.1907683,21.73,59,87,0.59,0.87,6,0.06,9405,94.05,-76334,-76.334,292,0.292,416,0.41600000000000004,97,0.097,0,0.0,0,
663.040622,1788180258.910128,771742000,62,1,1,4,26,60771917,801907683,21850,6.077191699999999,80.1907683,21.85,59,87,0.59,0.87,1,0.01,9405,94.05,-76214,-76.214,292,0.292,416,0.41600000000000004,131,0.131,0,0.0,0,
663.618378,1788180259.487884,772142000,90,1,1,4,27,60771918,801907683,21890,6.0771918,80.1907683,21.89,59,87,0.59,0.87,5,0.05,9405,94.05,-76174,-76.174,293,0.293,417,0.417,108,0.108,0,0.0,0,
664.023693,1788180259.893199,772742000,119,1,1,4,27,60771916,801907676,22070,6.0771916,80.1907676,22.07,59,87,0.59,0.87,0,0.0,9405,94.05,-75994,-75.994,292,0.292,418,0.418,136,0.136,0,0.0,0,
664.567603,1788180260.437109,773142000,147,1,1,4,27,60771915,801907672,22170,6.0771915,80.1907672,22.17,59,87,0.59,0.87,5,0.05,9405,94.05,-75894,-75.894,292,0.292,419,0.419,111,0.111,0,0.0,0,
665.232763,1788180261.102269,773742000,176,1,1,4,26,60771914,801907665,22290,6.077191399999999,80.1907665,22.29,59,87,0.59,0.87,0,0.0,9405,94.05,-75774,-75.774,291,0.291,419,0.419,141,0.14100000000000001,0,0.0,0,
665.566191,1788180261.435697,774142000,204,1,1,4,28,60771912,801907658,22410,6.0771912,80.1907658,22.41,59,87,0.59,0.87,4,0.04,9405,94.05,-75654,-75.654,290,0.29,420,0.42,113,0.113,0,0.0,0,
666.157229,1788180262.026735,774742000,234,1,1,4,28,60771911,801907650,22540,6.077191099999999,80.190765,22.54,59,87,0.59,0.87,3,0.03,9405,94.05,-75524,-75.524,290,0.29,421,0.421,98,0.098,0,0.0,0,
666.640937,1788180262.510443,775142000,6,1,1,4,28,60771911,801907645,22620,6.077191099999999,80.1907645,22.62,59,87,0.59,0.87,1,0.01,9405,94.05,-75444,-75.444,290,0.29,423,0.423,104,0.10400000000000001,0,0.0,0,
667.062698,1788180262.932204,775742000,35,1,1,4,27,60771911,801907636,22750,6.077191099999999,80.1907636,22.75,59,87,0.59,0.87,1,0.01,9405,94.05,-75314,-75.31400000000001,290,0.29,425,0.425,81,0.081,0,0.0,0,
667.563991,1788180263.433497,776142000,63,1,1,4,28,60771910,801907630,22870,6.077191,80.19076299999999,22.87,59,87,0.59,0.87,2,0.02,9405,94.05,-75195,-75.19500000000001,290,0.29,425,0.425,90,0.09,0,0.0,0,
668.095917,1788180263.965423,776742000,92,1,1,4,26,60771913,801907619,23040,6.0771913,80.1907619,23.04,59,87,0.59,0.87,3,0.03,9405,94.05,-75024,-75.024,289,0.289,425,0.425,141,0.14100000000000001,0,0.0,0,
668.561861,1788180264.431367,777142000,120,1,1,4,27,60771915,801907612,23150,6.0771915,80.1907612,23.150000000000002,59,87,0.59,0.87,2,0.02,9405,94.05,-74914,-74.914,288,0.28800000000000003,425,0.425,119,0.11900000000000001,0,0.0,0,
669.060994,1788180264.930500,777742000,149,1,1,4,27,60771917,801907600,23320,6.077191699999999,80.19076,23.32,59,87,0.59,0.87,3,0.03,9405,94.05,-74744,-74.744,287,0.28700000000000003,426,0.426,89,0.089,0,0.0,0,
669.592073,1788180265.461579,778142000,177,1,1,4,27,60771916,801907593,23480,6.0771916,80.1907593,23.48,59,87,0.59,0.87,4,0.04,9405,94.05,-74584,-74.584,286,0.28600000000000003,425,0.425,72,0.07200000000000001,0,0.0,0,
670.061092,1788180265.930598,778742000,206,1,1,4,27,60771915,801907582,23740,6.0771915,80.19075819999999,23.740000000000002,59,87,0.59,0.87,4,0.04,9405,94.05,-74324,-74.324,284,0.28400000000000003,424,0.424,92,0.092,0,0.0,0,
670.640386,1788180266.509892,779142000,234,1,1,4,26,60771914,801907576,23900,6.077191399999999,80.1907576,23.900000000000002,59,87,0.59,0.87,2,0.02,9405,94.05,-74164,-74.164,283,0.28300000000000003,422,0.422,96,0.096,0,0.0,0,
671.095864,1788180266.965370,779742000,7,1,1,4,26,60771912,801907566,24160,6.0771912,80.1907566,24.16,62,90,0.62,0.9,4,0.04,9405,94.05,-73904,-73.904,282,0.28200000000000003,420,0.42,81,0.081,0,0.0,0,
671.581000,1788180267.450506,780142000,36,1,1,4,28,60771911,801907560,24290,6.077191099999999,80.190756,24.29,62,90,0.62,0.9,1,0.01,9405,94.05,-73774,-73.774,282,0.28200000000000003,419,0.419,129,0.129,0,0.0,0,
672.125657,1788180267.995163,780742000,65,1,1,4,28,60771909,801907550,24520,6.0771909,80.190755,24.52,62,90,0.62,0.9,4,0.04,9405,94.05,-73544,-73.544,282,0.28200000000000003,417,0.417,83,0.083,0,0.0,0,
672.594977,1788180268.464483,781142000,93,1,1,4,28,60771906,801907545,24670,6.0771906,80.1907545,24.67,62,90,0.62,0.9,7,0.07,9405,94.05,-73394,-73.394,282,0.28200000000000003,416,0.41600000000000004,107,0.107,0,0.0,0,
673.045859,1788180268.915365,781742000,122,1,1,4,27,60771905,801907538,24900,6.0771904999999995,80.1907538,24.900000000000002,62,90,0.62,0.9,0,0.0,9405,94.05,-73164,-73.164,281,0.281,415,0.41500000000000004,109,0.109,0,0.0,0,
673.623142,1788180269.492648,782142000,150,1,1,4,26,60771903,801907532,25050,6.0771903,80.1907532,25.05,62,90,0.62,0.9,4,0.04,9405,94.05,-73014,-73.014,280,0.28,414,0.41400000000000003,122,0.122,0,0.0,0,
674.042275,1788180269.911781,782742000,179,1,1,4,27,60771902,801907527,25260,6.0771901999999995,80.19075269999999,25.26,59,87,0.59,0.87,3,0.03,9405,94.05,-72804,-72.804,279,0.279,412,0.41200000000000003,137,0.137,0,0.0,0,
674.544045,1788180270.413551,783142000,207,1,1,4,27,60771901,801907523,25370,6.0771901,80.1907523,25.37,62,90,0.62,0.9,0,0.0,9405,94.05,-72695,-72.69500000000001,279,0.279,412,0.41200000000000003,120,0.12,0,0.0,0,
675.039347,1788180270.908853,783742000,236,1,1,4,27,60771899,801907519,25530,6.0771899,80.1907519,25.53,59,87,0.59,0.87,7,0.07,9405,94.05,-72534,-72.534,278,0.278,412,0.41200000000000003,116,0.116,0,0.0,0,
675.651282,1788180271.520788,784142000,8,1,1,4,28,60771899,801907516,25590,6.0771899,80.1907516,25.59,62,90,0.62,0.9,4,0.04,9405,94.05,-72474,-72.474,278,0.278,412,0.41200000000000003,91,0.091,0,0.0,0,
676.150633,1788180272.020139,784742000,37,1,1,4,28,60771898,801907513,25690,6.077189799999999,80.1907513,25.69,62,90,0.62,0.9,8,0.08,9405,94.05,-72374,-72.374,278,0.278,412,0.41200000000000003,89,0.089,0,0.0,0,
676.572096,1788180272.441602,785142000,65,1,1,4,28,60771897,801907510,25770,6.0771897,80.19075099999999,25.77,62,90,0.62,0.9,4,0.04,9405,94.05,-72294,-72.294,277,0.277,412,0.41200000000000003,71,0.07100000000000001,0,0.0,0,
677.071379,1788180272.940885,785742000,94,1,1,4,28,60771895,801907507,25910,6.077189499999999,80.1907507,25.91,55,78,0.55,0.78,3,0.03,9405,94.05,-72155,-72.155,277,0.277,410,0.41000000000000003,133,0.133,0,0.0,0,
677.539996,1788180273.409502,786142000,122,1,1,4,27,60771894,801907504,26000,6.0771894,80.1907504,26.0,60,88,0.6,0.88,2,0.02,9405,94.05,-72064,-72.06400000000001,277,0.277,409,0.40900000000000003,128,0.128,0,0.0,0,
678.116165,1788180273.985671,786742000,151,1,1,4,28,60771892,801907500,26130,6.077189199999999,80.19075,26.13,60,88,0.6,0.88,0,0.0,9405,94.05,-71934,-71.934,277,0.277,409,0.40900000000000003,138,0.138,0,0.0,0,
678.601611,1788180274.471117,787142000,179,1,1,4,29,60771891,801907499,26200,6.0771891,80.1907499,26.2,60,88,0.6,0.88,6,0.06,9405,94.05,-71864,-71.864,277,0.277,409,0.40900000000000003,121,0.121,0,0.0,0,
679.036382,1788180274.905888,787742000,208,1,1,4,28,60771891,801907497,26280,6.0771891,80.1907497,26.28,60,88,0.6,0.88,0,0.0,9405,94.05,-71784,-71.784,278,0.278,409,0.40900000000000003,136,0.136,0,0.0,0,
679.604357,1788180275.473863,788142000,236,1,1,4,29,60771891,801907496,26300,6.0771891,80.19074959999999,26.3,60,88,0.6,0.88,3,0.03,9405,94.05,-71764,-71.764,278,0.278,410,0.41000000000000003,136,0.136,0,0.0,0,
680.073302,1788180275.942808,788742000,9,1,1,4,29,60771890,801907494,26330,6.077189,80.1907494,26.330000000000002,56,79,0.56,0.79,2,0.02,9405,94.05,-71735,-71.735,279,0.279,410,0.41000000000000003,119,0.11900000000000001,0,0.0,0,
680.526551,1788180276.396057,789142000,37,1,1,4,28,60771889,801907494,26370,6.0771888999999994,80.1907494,26.37,60,88,0.6,0.88,5,0.05,9405,94.05,-71694,-71.694,279,0.279,410,0.41000000000000003,112,0.112,0,0.0,0,
681.107418,1788180276.976924,789742000,66,1,1,4,28,60771888,801907492,26440,6.0771888,80.1907492,26.44,60,88,0.6,0.88,3,0.03,9405,94.05,-71624,-71.624,279,0.279,410,0.41000000000000003,74,0.074,0,0.0,0,
681.574741,1788180277.444247,790142000,95,1,1,4,28,60771887,801907491,26480,6.0771887,80.19074909999999,26.48,60,88,0.6,0.88,1,0.01,9405,94.05,-71584,-71.584,279,0.279,409,0.40900000000000003,133,0.133,0,0.0,0,
682.027256,1788180277.896762,790742000,124,1,1,4,28,60771885,801907491,26570,6.0771885,80.19074909999999,26.57,60,88,0.6,0.88,2,0.02,9405,94.05,-71494,-71.494,279,0.279,409,0.40900000000000003,89,0.089,0,0.0,0,
682.605952,1788180278.475458,791142000,152,1,1,4,27,60771883,801907492,26630,6.0771882999999995,80.1907492,26.63,60,88,0.6,0.88,2,0.02,9405,94.05,-71434,-71.434,278,0.278,409,0.40900000000000003,76,0.076,0,0.0,0,
683.058194,1788180278.927700,791744000,181,1,1,4,28,60771882,801907493,26680,6.0771882,80.1907493,26.68,56,79,0.56,0.79,4,0.04,9405,94.05,-71384,-71.384,278,0.278,408,0.40800000000000003,133,0.133,0,0.0,0,
683.661609,1788180279.531115,792144000,209,1,1,4,28,60771883,801907492,26700,6.0771882999999995,80.1907492,26.7,60,88,0.6,0.88,4,0.04,9405,94.05,-71364,-71.364,278,0.278,408,0.40800000000000003,129,0.129,0,0.0,0,
684.052568,1788180279.922074,792744000,238,1,1,4,28,60771880,801907491,26770,6.077188,80.19074909999999,26.77,60,88,0.6,0.88,1,0.01,9405,94.05,-71294,-71.294,278,0.278,408,0.40800000000000003,125,0.125,0,0.0,0,
684.552504,1788180280.422010,793144000,10,1,1,4,28,60771879,801907491,26820,6.077187899999999,80.19074909999999,26.82,60,88,0.6,0.88,2,0.02,9405,94.05,-71244,-71.244,278,0.278,408,0.40800000000000003,139,0.139,0,0.0,0,
685.127260,1788180280.996766,793744000,39,1,1,4,28,60771878,801907494,26890,6.0771878,80.1907494,26.89,58,86,0.58,0.86,2,0.02,9405,94.05,-71174,-71.174,277,0.277,409,0.40900000000000003,85,0.085,0,0.0,0,
685.548158,1788180281.417664,794144000,67,1,1,4,28,60771877,801907495,26900,6.0771877,80.1907495,26.900000000000002,59,87,0.59,0.87,2,0.02,9405,94.05,-71164,-71.164,276,0.276,408,0.40800000000000003,108,0.108,0,0.0,0,
686.051728,1788180281.921234,794744000,96,1,1,4,28,60771875,801907497,26950,6.0771875,80.1907497,26.95,55,78,0.55,0.78,1,0.01,9405,94.05,-71114,-71.114,275,0.275,408,0.40800000000000003,123,0.123,0,0.0,0,
686.661779,1788180282.531285,795144000,125,1,1,4,28,60771874,801907498,26980,6.0771874,80.19074979999999,26.98,58,86,0.58,0.86,2,0.02,9405,94.05,-71084,-71.084,274,0.274,408,0.40800000000000003,90,0.09,0,0.0,0,
687.034659,1788180282.904165,795744000,157,1,1,4,28,60771873,801907501,27000,6.077187299999999,80.1907501,27.0,58,86,0.58,0.86,4,0.04,9405,94.05,-71064,-71.06400000000001,273,0.273,407,0.40700000000000003,130,0.13,0,0.0,0,
687.579264,1788180283.448770,796144000,185,1,1,4,28,60771873,801907503,27020,6.077187299999999,80.19075029999999,27.02,58,86,0.58,0.86,2,0.02,9405,94.05,-71044,-71.044,273,0.273,409,0.40900000000000003,79,0.079,0,0.0,0,
688.032508,1788180283.902014,796744000,214,1,1,4,28,60771874,801907505,27010,6.0771874,80.1907505,27.01,58,86,0.58,0.86,4,0.04,9405,94.05,-71054,-71.054,273,0.273,411,0.41100000000000003,102,0.10200000000000001,0,0.0,0,
688.577597,1788180284.447103,797144000,242,1,1,4,28,60771872,801907506,27040,6.0771872,80.1907506,27.04,58,86,0.58,0.86,3,0.03,9405,94.05,-71024,-71.024,273,0.273,410,0.41000000000000003,141,0.14100000000000001,0,0.0,0,
689.042657,1788180284.912163,797744000,15,1,1,4,28,60771872,801907507,27030,6.0771872,80.1907507,27.03,54,77,0.54,0.77,3,0.03,9405,94.05,-71034,-71.034,272,0.272,412,0.41200000000000003,139,0.139,0,0.0,0,
689.622433,1788180285.491939,798144000,43,1,1,4,28,60771873,801907508,27030,6.077187299999999,80.19075079999999,27.03,59,87,0.59,0.87,2,0.02,9405,94.05,-71034,-71.034,272,0.272,412,0.41200000000000003,81,0.081,0,0.0,0,
690.073429,1788180285.942935,798744000,72,1,1,4,28,60771874,801907511,27000,6.0771874,80.1907511,27.0,59,87,0.59,0.87,3,0.03,9405,94.05,-71064,-71.06400000000001,271,0.271,411,0.41100000000000003,136,0.136,0,0.0,0,
690.541826,1788180286.411332,799144000,100,1,1,4,28,60771875,801907511,26950,6.0771875,80.1907511,26.95,59,87,0.59,0.87,1,0.01,9405,94.05,-71114,-71.114,271,0.271,410,0.41000000000000003,130,0.13,0,0.0,0,
691.107067,1788180286.976573,799744000,129,1,1,4,28,60771875,801907512,26920,6.0771875,80.1907512,26.92,59,87,0.59,0.87,2,0.02,9405,94.05,-71144,-71.144,271,0.271,409,0.40900000000000003,131,0.131,0,0.0,0,
691.574436,1788180287.443942,800144000,158,1,1,4,28,60771875,801907513,26870,6.0771875,80.1907513,26.87,59,87,0.59,0.87,0,0.0,9405,94.05,-71194,-71.194,271,0.271,409,0.40900000000000003,138,0.138,0,0.0,0,
692.029237,1788180287.898743,800744000,187,1,1,4,28,60771874,801907514,26820,6.0771874,80.1907514,26.82,55,78,0.55,0.78,3,0.03,9405,94.05,-71244,-71.244,271,0.271,409,0.40900000000000003,85,0.085,0,0.0,0,
692.608197,1788180288.477703,801144000,215,1,1,4,28,60771874,801907516,26780,6.0771874,80.1907516,26.78,59,87,0.59,0.87,4,0.04,9405,94.05,-71284,-71.284,271,0.271,409,0.40900000000000003,94,0.094,0,0.0,0,
693.063915,1788180288.933421,801744000,244,1,1,4,28,60771874,801907519,26710,6.0771874,80.1907519,26.71,59,87,0.59,0.87,2,0.02,9405,94.05,-71354,-71.354,271,0.271,409,0.40900000000000003,127,0.127,0,0.0,0,
693.565748,1788180289.435254,802144000,16,1,1,4,28,60771873,801907520,26670,6.077187299999999,80.190752,26.67,59,87,0.59,0.87,4,0.04,9405,94.05,-71394,-71.394,271,0.271,408,0.40800000000000003,127,0.127,0,0.0,0,
694.099791,1788180289.969297,802744000,46,1,1,4,28,60771871,801907522,26640,6.0771871,80.19075219999999,26.64,59,87,0.59,0.87,5,0.05,9405,94.05,-71424,-71.424,271,0.271,407,0.40700000000000003,87,0.08700000000000001,0,0.0,0,
694.568538,1788180290.438044,803144000,74,1,1,4,28,60771869,801907523,26630,6.0771869,80.1907523,26.63,59,87,0.59,0.87,3,0.03,9405,94.05,-71434,-71.434,271,0.271,407,0.40700000000000003,78,0.078,0,0.0,0,
695.145319,1788180291.014825,803744000,103,1,1,4,28,60771868,801907524,26580,6.0771868,80.1907524,26.580000000000002,55,78,0.55,0.78,2,0.02,9405,94.05,-71484,-71.484,272,0.272,407,0.40700000000000003,124,0.124,0,0.0,0,
695.596713,1788180291.466219,804144000,131,1,1,4,28,60771868,801907525,26560,6.0771868,80.1907525,26.560000000000002,59,87,0.59,0.87,4,0.04,9405,94.05,-71505,-71.505,272,0.272,407,0.40700000000000003,117,0.117,0,0.0,0,
696.064655,1788180291.934161,804744000,160,1,1,4,28,60771867,801907525,26520,6.0771866999999995,80.1907525,26.52,59,87,0.59,0.87,7,0.07,9405,94.05,-71544,-71.544,273,0.273,407,0.40700000000000003,99,0.099,0,0.0,0,
696.630594,1788180292.500100,805144000,188,1,1,4,28,60771867,801907526,26470,6.0771866999999995,80.1907526,26.47,59,87,0.59,0.87,3,0.03,9405,94.05,-71594,-71.59400000000001,273,0.273,407,0.40700000000000003,137,0.137,0,0.0,0,
697.053030,1788180292.922536,805744000,218,1,1,4,27,60771865,801907530,26440,6.0771865,80.190753,26.44,59,87,0.59,0.87,3,0.03,9405,94.05,-71624,-71.624,273,0.273,406,0.406,127,0.127,0,0.0,0,
697.550568,1788180293.420074,806144000,246,1,1,4,28,60771865,801907531,26410,6.0771865,80.1907531,26.41,59,87,0.59,0.87,3,0.03,9405,94.05,-71654,-71.654,273,0.273,405,0.405,102,0.10200000000000001,0,0.0,0,
698.049561,1788180293.919067,806744000,19,1,1,4,28,60771863,801907531,26400,6.0771863,80.1907531,26.400000000000002,55,78,0.55,0.78,6,0.06,9405,94.05,-71664,-71.664,273,0.273,403,0.403,86,0.08600000000000001,0,0.0,0,
698.595077,1788180294.464583,807144000,47,1,1,4,28,60771862,801907532,26390,6.0771862,80.1907532,26.39,59,87,0.59,0.87,4,0.04,9405,94.05,-71674,-71.674,273,0.273,403,0.403,108,0.108,0,0.0,0,
699.048542,1788180294.918048,807744000,76,1,1,4,28,60771861,801907534,26330,6.0771861,80.19075339999999,26.330000000000002,59,87,0.59,0.87,1,0.01,9405,94.05,-71734,-71.734,273,0.273,404,0.404,90,0.09,0,0.0,0,
699.735498,1788180295.605004,808144000,104,1,1,4,28,60771861,801907536,26300,6.0771861,80.1907536,26.3,59,87,0.59,0.87,7,0.07,9405,94.05,-71764,-71.764,274,0.274,405,0.405,104,0.10400000000000001,0,0.0,0,
700.076975,1788180295.946481,808744000,133,1,1,4,28,60771859,801907539,26210,6.0771859,80.19075389999999,26.21,59,87,0.59,0.87,4,0.04,9405,94.05,-71854,-71.854,275,0.275,408,0.40800000000000003,90,0.09,0,0.0,0,
700.530137,1788180296.399643,809144000,161,1,1,4,28,60771860,801907540,26160,6.077185999999999,80.190754,26.16,59,87,0.59,0.87,2,0.02,9405,94.05,-71904,-71.904,276,0.276,409,0.40900000000000003,122,0.122,0,0.0,0,
701.123469,1788180296.992975,809744000,190,1,1,4,28,60771859,801907541,26080,6.0771859,80.19075409999999,26.080000000000002,55,78,0.55,0.78,3,0.03,9405,94.05,-71984,-71.984,277,0.277,410,0.41000000000000003,85,0.085,0,0.0,0,
701.576905,1788180297.446411,810144000,219,1,1,4,28,60771860,801907542,25980,6.077185999999999,80.1907542,25.98,59,87,0.59,0.87,4,0.04,9405,94.05,-72084,-72.084,279,0.279,412,0.41200000000000003,133,0.133,0,0.0,0,
702.044573,1788180297.914079,810744000,248,1,1,4,28,60771859,801907545,25910,6.0771859,80.1907545,25.91,59,87,0.59,0.87,2,0.02,9405,94.05,-72154,-72.154,279,0.279,412,0.41200000000000003,96,0.096,0,0.0,0,
702.621445,1788180298.490951,811144000,20,1,1,4,28,60771858,801907547,25850,6.0771858,80.1907547,25.85,59,87,0.59,0.87,2,0.02,9405,94.05,-72214,-72.214,280,0.28,414,0.41400000000000003,136,0.136,0,0.0,0,
703.074532,1788180298.944038,811746000,49,1,1,4,28,60771858,801907548,25730,6.0771858,80.1907548,25.73,59,87,0.59,0.87,3,0.03,9405,94.05,-72334,-72.334,281,0.281,415,0.41500000000000004,124,0.124,0,0.0,0,
703.526806,1788180299.396312,812146000,77,1,1,4,28,60771858,801907550,25660,6.0771858,80.190755,25.66,59,87,0.59,0.87,6,0.06,9405,94.05,-72404,-72.404,281,0.281,415,0.41500000000000004,97,0.097,0,0.0,0,
704.228354,1788180300.097860,812746000,106,1,1,4,27,60771858,801907552,25540,6.0771858,80.1907552,25.54,59,87,0.59,0.87,4,0.04,9405,94.05,-72524,-72.524,281,0.281,413,0.41300000000000003,76,0.076,0,0.0,0,
704.604398,1788180300.473904,813146000,135,1,1,4,27,60771858,801907555,25460,6.0771858,80.1907555,25.46,59,87,0.59,0.87,4,0.04,9405,94.05,-72604,-72.604,280,0.28,413,0.41300000000000003,94,0.094,0,0.0,0,
705.023225,1788180300.892731,813746000,164,1,1,4,28,60771856,801907557,25380,6.0771856,80.1907557,25.38,59,87,0.59,0.87,3,0.03,9405,94.05,-72684,-72.684,280,0.28,412,0.41200000000000003,105,0.105,0,0.0,0,
705.599553,1788180301.469059,814146000,192,1,1,4,28,60771855,801907561,25310,6.0771855,80.1907561,25.310000000000002,59,87,0.59,0.87,3,0.03,9405,94.05,-72754,-72.754,281,0.281,411,0.41100000000000003,115,0.115,0,0.0,0,
706.059607,1788180301.929113,814746000,221,1,1,4,28,60771853,801907566,25220,6.0771853,80.1907566,25.22,59,87,0.59,0.87,3,0.03,9405,94.05,-72844,-72.84400000000001,280,0.28,411,0.41100000000000003,94,0.094,0,0.0,0,
706.543577,1788180302.413083,815146000,249,1,1,4,28,60771852,801907566,25160,6.0771852,80.1907566,25.16,59,87,0.59,0.87,1,0.01,9405,94.05,-72904,-72.904,281,0.281,411,0.41100000000000003,133,0.133,0,0.0,0,
707.104345,1788180302.973851,815746000,22,1,1,4,27,60771851,801907569,25080,6.0771850999999995,80.1907569,25.080000000000002,58,86,0.58,0.86,3,0.03,9405,94.05,-72984,-72.984,282,0.28200000000000003,412,0.41200000000000003,100,0.1,0,0.0,0,
707.555366,1788180303.424872,816146000,50,1,1,4,28,60771851,801907569,25020,6.0771850999999995,80.1907569,25.02,58,86,0.58,0.86,6,0.06,9405,94.05,-73044,-73.044,283,0.28300000000000003,413,0.41300000000000003,102,0.10200000000000001,0,0.0,0,
708.101778,1788180303.971284,816746000,79,1,1,4,29,60771850,801907571,24920,6.077185,80.1907571,24.92,58,86,0.58,0.86,4,0.04,9405,94.05,-73144,-73.144,285,0.28500000000000003,414,0.41400000000000003,136,0.136,0,0.0,0,
708.602676,1788180304.472182,817146000,107,1,1,4,29,60771847,801907571,24860,6.0771847,80.1907571,24.86,59,87,0.59,0.87,2,0.02,9405,94.05,-73204,-73.20400000000001,285,0.28500000000000003,414,0.41400000000000003,91,0.091,0,0.0,0,
709.056477,1788180304.925983,817746000,136,1,1,4,29,60771844,801907571,24800,6.0771844,80.1907571,24.8,59,87,0.59,0.87,2,0.02,9405,94.05,-73265,-73.265,286,0.28600000000000003,415,0.41500000000000004,111,0.111,0,0.0,0,
709.639390,1788180305.508896,818146000,164,1,1,4,29,60771843,801907572,24770,6.0771843,80.1907572,24.77,59,87,0.59,0.87,4,0.04,9405,94.05,-73294,-73.294,286,0.28600000000000003,415,0.41500000000000004,137,0.137,0,0.0,0,
710.044974,1788180305.914480,818746000,193,1,1,4,29,60771840,801907572,24690,6.077184,80.1907572,24.69,54,78,0.54,0.78,3,0.03,9405,94.05,-73374,-73.374,286,0.28600000000000003,415,0.41500000000000004,105,0.105,0,0.0,0,
710.575371,1788180306.444877,819146000,221,1,1,4,28,60771838,801907572,24670,6.077183799999999,80.1907572,24.67,59,87,0.59,0.87,1,0.01,9405,94.05,-73394,-73.394,287,0.28700000000000003,416,0.41600000000000004,102,0.10200000000000001,0,0.0,0,
711.134901,1788180307.004407,819746000,250,1,1,4,29,60771836,801907571,24630,6.0771836,80.1907571,24.63,59,87,0.59,0.87,4,0.04,9405,94.05,-73434,-73.434,288,0.28800000000000003,417,0.417,139,0.139,0,0.0,0,
711.589604,1788180307.459110,820146000,23,1,1,4,29,60771835,801907569,24580,6.077183499999999,80.1907569,24.580000000000002,59,87,0.59,0.87,2,0.02,9405,94.05,-73484,-73.484,288,0.28800000000000003,418,0.418,98,0.098,0,0.0,0,
712.054999,1788180307.924505,820746000,52,1,1,4,29,60771833,801907569,24510,6.0771833,80.1907569,24.51,59,87,0.59,0.87,1,0.01,9405,94.05,-73554,-73.554,289,0.289,420,0.42,91,0.091,0,0.0,0,
712.539579,1788180308.409085,821146000,80,1,1,4,29,60771833,801907569,24470,6.0771833,80.1907569,24.47,59,87,0.59,0.87,6,0.06,9405,94.05,-73594,-73.59400000000001,288,0.28800000000000003,421,0.421,108,0.108,0,0.0,0,
713.085511,1788180308.955017,821746000,109,1,1,4,28,60771833,801907569,24390,6.0771833,80.1907569,24.39,59,87,0.59,0.87,1,0.01,9405,94.05,-73675,-73.675,288,0.28800000000000003,420,0.42,141,0.14100000000000001,0,0.0,0,
713.551808,1788180309.421314,822146000,137,1,1,4,29,60771833,801907569,24340,6.0771833,80.1907569,24.34,58,86,0.58,0.86,3,0.03,9405,94.05,-73724,-73.724,288,0.28800000000000003,420,0.42,86,0.08600000000000001,0,0.0,0,
714.114265,1788180309.983771,822746000,166,1,1,4,27,60771831,801907568,24320,6.0771831,80.1907568,24.32,59,87,0.59,0.87,3,0.03,9405,94.05,-73744,-73.744,288,0.28800000000000003,421,0.421,109,0.109,0,0.0,0,
714.581356,1788180310.450862,823146000,194,1,1,4,28,60771831,801907568,24280,6.0771831,80.1907568,24.28,59,87,0.59,0.87,5,0.05,9405,94.05,-73784,-73.784,287,0.28700000000000003,421,0.421,129,0.129,0,0.0,0,
715.035180,1788180310.904686,823746000,223,1,1,4,29,60771830,801907566,24190,6.077183,80.1907566,24.19,59,87,0.59,0.87,2,0.02,9405,94.05,-73875,-73.875,287,0.28700000000000003,421,0.421,139,0.139,0,0.0,0,
715.609668,1788180311.479174,824146000,251,1,1,4,27,60771829,801907567,24130,6.0771828999999995,80.1907567,24.13,59,87,0.59,0.87,4,0.04,9405,94.05,-73935,-73.935,288,0.28800000000000003,421,0.421,128,0.128,0,0.0,0,
716.073963,1788180311.943469,824746000,24,1,1,4,29,60771828,801907566,24070,6.0771828,80.1907566,24.07,54,78,0.54,0.78,3,0.03,9405,94.05,-73994,-73.994,287,0.28700000000000003,421,0.421,120,0.12,0,0.0,0,
716.540710,1788180312.410216,825146000,52,1,1,4,29,60771828,801907565,24010,6.0771828,80.19075649999999,24.01,58,86,0.58,0.86,6,0.06,9405,94.05,-74054,-74.054,287,0.28700000000000003,421,0.421,96,0.096,0,0.0,0,
717.116010,1788180312.985516,825746000,81,1,1,4,29,60771826,801907566,23970,6.0771825999999995,80.1907566,23.97,59,87,0.59,0.87,2,0.02,9405,94.05,-74094,-74.09400000000001,287,0.28700000000000003,423,0.423,101,0.101,0,0.0,0,
717.571775,1788180313.441281,826146000,109,1,1,4,29,60771825,801907566,23950,6.0771825,80.1907566,23.95,59,87,0.59,0.87,4,0.04,9405,94.05,-74115,-74.115,286,0.28600000000000003,423,0.423,79,0.079,0,0.0,0,
718.037571,1788180313.907077,826746000,138,1,1,4,29,60771826,801907566,23910,6.0771825999999995,80.1907566,23.91,58,86,0.58,0.86,3,0.03,9405,94.05,-74154,-74.154,286,0.28600000000000003,424,0.424,113,0.113,0,0.0,0,
718.518161,1788180314.387667,827146000,166,1,1,4,29,60771826,801907566,23880,6.0771825999999995,80.1907566,23.88,58,86,0.58,0.86,2,0.02,9405,94.05,-74184,-74.184,286,0.28600000000000003,424,0.424,97,0.097,0,0.0,0,
719.068757,1788180314.938263,827746000,195,1,1,4,28,60771827,801907567,23810,6.0771827,80.1907567,23.81,54,77,0.54,0.77,2,0.02,9405,94.05,-74254,-74.254,285,0.28500000000000003,423,0.423,93,0.093,0,0.0,0,
719.521878,1788180315.391384,828146000,223,1,1,4,29,60771827,801907568,23800,6.0771827,80.1907568,23.8,58,86,0.58,0.86,3,0.03,9405,94.05,-74264,-74.264,285,0.28500000000000003,424,0.424,102,0.10200000000000001,0,0.0,0,
720.018563,1788180315.888069,828746000,252,1,1,4,29,60771827,801907567,23780,6.0771827,80.1907567,23.78,59,87,0.59,0.87,3,0.03,9405,94.05,-74284,-74.284,285,0.28500000000000003,425,0.425,140,0.14,0,0.0,0,
720.563510,1788180316.433016,829146000,24,1,1,4,28,60771828,801907566,23740,6.0771828,80.1907566,23.740000000000002,59,87,0.59,0.87,6,0.06,9405,94.05,-74324,-74.324,285,0.28500000000000003,425,0.425,99,0.099,0,0.0,0,
721.029900,1788180316.899406,829746000,53,1,1,4,29,60771830,801907568,23680,6.077183,80.1907568,23.68,59,87,0.59,0.87,5,0.05,9405,94.05,-74384,-74.384,285,0.28500000000000003,425,0.425,81,0.081,0,0.0,0,
721.516040,1788180317.385546,830146000,82,1,1,4,29,60771831,801907569,23640,6.0771831,80.1907569,23.64,58,86,0.58,0.86,2,0.02,9405,94.05,-74424,-74.424,285,0.28500000000000003,425,0.425,77,0.077,0,0.0,0,
722.058159,1788180317.927665,830746000,111,1,1,4,29,60771832,801907571,23580,6.0771831999999995,80.1907571,23.580000000000002,54,77,0.54,0.77,1,0.01,9405,94.05,-74484,-74.484,286,0.28600000000000003,426,0.426,148,0.148,0,0.0,0,
722.634560,1788180318.504066,831146000,139,1,1,4,29,60771833,801907571,23560,6.0771833,80.1907571,23.56,58,86,0.58,0.86,5,0.05,9405,94.05,-74504,-74.504,286,0.28600000000000003,427,0.427,129,0.129,0,0.0,0,
723.129471,1788180318.998977,831748000,168,1,1,4,29,60771833,801907574,23500,6.0771833,80.1907574,23.5,58,86,0.58,0.86,4,0.04,9405,94.05,-74565,-74.565,287,0.28700000000000003,428,0.428,119,0.11900000000000001,0,0.0,0,
723.568737,1788180319.438243,832148000,196,1,1,4,29,60771835,801907574,23470,6.077183499999999,80.1907574,23.47,58,86,0.58,0.86,3,0.03,9405,94.05,-74594,-74.59400000000001,287,0.28700000000000003,429,0.429,100,0.1,0,0.0,0,
724.229041,1788180320.098547,832748000,225,1,1,4,29,60771838,801907574,23450,6.077183799999999,80.1907574,23.45,58,86,0.58,0.86,6,0.06,9405,94.05,-74614,-74.614,288,0.28800000000000003,430,0.43,117,0.117,0,0.0,0,
724.664763,1788180320.534269,833148000,0,1,1,4,29,60771839,801907575,23420,6.0771839,80.19075749999999,23.42,59,87,0.59,0.87,0,0.0,9405,94.05,-74644,-74.644,288,0.28800000000000003,430,0.43,83,0.083,0,0.0,0,
725.087348,1788180320.956854,833748000,30,1,1,4,28,60771841,801907575,23380,6.077184099999999,80.19075749999999,23.38,55,78,0.55,0.78,0,0.0,9405,94.05,-74684,-74.684,290,0.29,431,0.431,136,0.136,0,0.0,0,
725.627671,1788180321.497177,834148000,58,1,1,4,28,60771842,801907574,23350,6.0771842,80.1907574,23.35,59,87,0.59,0.87,1,0.01,9405,94.05,-74714,-74.714,290,0.29,432,0.432,120,0.12,0,0.0,0,
726.081185,1788180321.950691,834748000,87,1,1,4,28,60771846,801907575,23340,6.0771846,80.19075749999999,23.34,60,89,0.6,0.89,1,0.01,9405,94.05,-74724,-74.724,291,0.291,434,0.434,146,0.146,0,0.0,0,
726.548329,1788180322.417835,835148000,115,1,1,4,29,60771848,801907576,23310,6.0771847999999995,80.1907576,23.31,60,89,0.6,0.89,1,0.01,9405,94.05,-74754,-74.754,291,0.291,435,0.435,143,0.14300000000000002,0,0.0,0,
727.130228,1788180322.999734,835748000,144,1,1,4,29,60771853,801907577,23280,6.0771853,80.19075769999999,23.28,60,89,0.6,0.89,3,0.03,9405,94.05,-74784,-74.784,291,0.291,436,0.436,93,0.093,0,0.0,0,
727.578705,1788180323.448211,836148000,172,1,1,4,28,60771857,801907576,23280,6.077185699999999,80.1907576,23.28,60,89,0.6,0.89,1,0.01,9405,94.05,-74784,-74.784,291,0.291,436,0.436,139,0.139,0,0.0,0,
728.045698,1788180323.915204,836748000,202,1,1,4,28,60771862,801907577,23250,6.0771862,80.19075769999999,23.25,56,79,0.56,0.79,4,0.04,9405,94.05,-74814,-74.81400000000001,292,0.292,437,0.437,137,0.137,0,0.0,0,
728.608100,1788180324.477606,837148000,230,1,1,4,27,60771865,801907576,23240,6.0771865,80.1907576,23.240000000000002,60,89,0.6,0.89,5,0.05,9405,94.05,-74825,-74.825,292,0.292,437,0.437,111,0.111,0,0.0,0,
729.075776,1788180324.945282,837748000,3,1,1,4,28,60771871,801907576,23200,6.0771871,80.1907576,23.2,60,89,0.6,0.89,4,0.04,9405,94.05,-74864,-74.864,293,0.293,438,0.438,96,0.096,0,0.0,0,
729.543638,1788180325.413144,838148000,31,1,1,4,27,60771875,801907577,23180,6.0771875,80.19075769999999,23.18,60,89,0.6,0.89,2,0.02,9405,94.05,-74884,-74.884,294,0.294,439,0.439,141,0.14100000000000001,0,0.0,0,
730.013436,1788180325.882942,838748000,60,1,1,4,28,60771881,801907575,23140,6.0771881,80.19075749999999,23.14,60,89,0.6,0.89,2,0.02,9405,94.05,-74924,-74.924,295,0.295,440,0.44,103,0.10300000000000001,0,0.0,0,
730.573148,1788180326.442654,839148000,88,1,1,4,27,60771886,801907573,23150,6.0771885999999995,80.1907573,23.150000000000002,60,89,0.6,0.89,0,0.0,9405,94.05,-74914,-74.914,295,0.295,441,0.441,90,0.09,0,0.0,0,
731.025862,1788180326.895368,839748000,117,1,1,4,28,60771893,801907571,23170,6.0771893,80.1907571,23.17,55,78,0.55,0.78,3,0.03,9405,94.05,-74894,-74.894,296,0.296,441,0.441,122,0.122,0,0.0,0,
731.603592,1788180327.473098,840148000,146,1,1,4,28,60771896,801907573,23130,6.0771896,80.1907573,23.13,60,89,0.6,0.89,3,0.03,9405,94.05,-74934,-74.934,296,0.296,442,0.442,144,0.14400000000000002,0,0.0,0,
732.072740,1788180327.942246,840748000,175,1,1,4,28,60771902,801907574,23100,6.0771901999999995,80.1907574,23.1,59,87,0.59,0.87,6,0.06,9405,94.05,-74964,-74.964,296,0.296,444,0.444,88,0.088,0,0.0,0,
732.525936,1788180328.395442,841148000,203,1,1,4,28,60771905,801907575,23080,6.0771904999999995,80.19075749999999,23.080000000000002,59,87,0.59,0.87,2,0.02,9405,94.05,-74984,-74.984,297,0.297,445,0.445,114,0.114,0,0.0,0,
733.118126,1788180328.987632,841748000,232,1,1,4,27,60771913,801907573,23080,6.0771913,80.1907573,23.080000000000002,59,87,0.59,0.87,2,0.02,9405,94.05,-74984,-74.984,297,0.297,444,0.444,134,0.134,0,0.0,0,
733.556364,1788180329.425870,842148000,4,1,1,4,27,60771918,801907573,23080,6.0771918,80.1907573,23.080000000000002,59,87,0.59,0.87,4,0.04,9405,94.05,-74984,-74.984,296,0.296,444,0.444,139,0.139,0,0.0,0,
734.056389,1788180329.925895,842748000,33,1,1,4,27,60771924,801907573,23110,6.0771923999999995,80.1907573,23.11,55,78,0.55,0.78,4,0.04,9405,94.05,-74954,-74.95400000000001,296,0.296,444,0.444,94,0.094,0,0.0,0,
734.600088,1788180330.469594,843148000,61,1,1,4,27,60771930,801907571,23130,6.077192999999999,80.1907571,23.13,59,87,0.59,0.87,3,0.03,9405,94.05,-74934,-74.934,296,0.296,444,0.444,88,0.088,0,0.0,0,
735.050008,1788180330.919514,843748000,90,1,1,4,28,60771938,801907570,23200,6.0771938,80.19075699999999,23.2,59,87,0.59,0.87,5,0.05,9405,94.05,-74864,-74.864,294,0.294,442,0.442,89,0.089,0,0.0,0,
735.626783,1788180331.496289,844148000,118,1,1,4,28,60771943,801907569,23200,6.0771942999999995,80.1907569,23.2,59,87,0.59,0.87,1,0.01,9405,94.05,-74864,-74.864,293,0.293,440,0.44,134,0.134,0,0.0,0,
736.035503,1788180331.905009,844748000,147,1,1,4,27,60771948,801907567,23220,6.0771948,80.1907567,23.22,59,87,0.59,0.87,0,0.0,9405,94.05,-74844,-74.84400000000001,293,0.293,439,0.439,123,0.123,0,0.0,0,
736.580258,1788180332.449764,845148000,175,1,1,4,27,60771951,801907567,23200,6.0771951,80.1907567,23.2,59,87,0.59,0.87,2,0.02,9405,94.05,-74864,-74.864,294,0.294,441,0.441,108,0.108,0,0.0,0,
737.049344,1788180332.918850,845748000,204,1,1,4,28,60771956,801907566,23240,6.0771956,80.1907566,23.240000000000002,55,78,0.55,0.78,2,0.02,9405,94.05,-74824,-74.824,294,0.294,444,0.444,112,0.112,0,0.0,0,
737.579631,1788180333.449137,846148000,232,1,1,4,28,60771959,801907566,23230,6.0771958999999995,80.1907566,23.23,59,87,0.59,0.87,2,0.02,9405,94.05,-74834,-74.834,294,0.294,445,0.445,130,0.13,0,0.0,0,
738.048857,1788180333.918363,846748000,5,1,1,4,28,60771964,801907566,23250,6.0771964,80.1907566,23.25,59,87,0.59,0.87,3,0.03,9405,94.05,-74814,-74.81400000000001,293,0.293,446,0.446,78,0.078,0,0.0,0,
738.654267,1788180334.523773,847148000,33,1,1,4,28,60771967,801907566,23260,6.0771967,80.1907566,23.26,59,87,0.59,0.87,5,0.05,9405,94.05,-74804,-74.804,293,0.293,448,0.448,87,0.08700000000000001,0,0.0,0,
739.027255,1788180334.896761,847748000,62,1,1,4,27,60771971,801907566,23270,6.077197099999999,80.1907566,23.27,62,88,0.62,0.88,2,0.02,9405,94.05,-74794,-74.794,293,0.293,450,0.45,91,0.091,0,0.0,0,
739.573058,1788180335.442564,848148000,90,1,1,4,27,60771972,801907567,23280,6.0771972,80.1907567,23.28,62,88,0.62,0.88,5,0.05,9405,94.05,-74784,-74.784,293,0.293,452,0.452,112,0.112,0,0.0,0,
740.117320,1788180335.986826,848748000,119,1,1,4,28,60771976,801907569,23300,6.0771976,80.1907569,23.3,57,78,0.5700000000000001,0.78,2,0.02,9405,94.05,-74764,-74.764,293,0.293,455,0.455,135,0.135,0,0.0,0,
740.568871,1788180336.438377,849148000,147,1,1,4,27,60771980,801907571,23270,6.077198,80.1907571,23.27,62,88,0.62,0.88,2,0.02,9405,94.05,-74794,-74.794,294,0.294,457,0.457,119,0.11900000000000001,0,0.0,0,
741.040144,1788180336.909650,849748000,176,1,1,4,27,60771982,801907573,23280,6.0771982,80.1907573,23.28,62,88,0.62,0.88,3,0.03,9405,94.05,-74784,-74.784,294,0.294,461,0.461,144,0.14400000000000002,0,0.0,0,
741.521811,1788180337.391317,850148000,205,1,1,4,27,60771984,801907575,23260,6.0771983999999994,80.19075749999999,23.26,62,88,0.62,0.88,0,0.0,9405,94.05,-74804,-74.804,295,0.295,464,0.464,105,0.105,0,0.0,0,
742.068873,1788180337.938379,850748000,234,1,1,4,27,60771987,801907579,23220,6.077198699999999,80.1907579,23.22,59,87,0.59,0.87,4,0.04,9405,94.05,-74844,-74.84400000000001,296,0.296,467,0.467,126,0.126,0,0.0,0,
742.535993,1788180338.405499,851148000,6,1,1,4,27,60771990,801907581,23170,6.077198999999999,80.1907581,23.17,59,87,0.59,0.87,0,0.0,9405,94.05,-74894,-74.894,296,0.296,469,0.46900000000000003,150,0.15,0,0.0,0,
743.018345,1788180338.887851,851750000,35,1,1,4,27,60771993,801907583,23150,6.077199299999999,80.1907583,23.150000000000002,55,78,0.55,0.78,2,0.02,9405,94.05,-74914,-74.914,296,0.296,471,0.47100000000000003,116,0.116,0,0.0,0,
743.595536,1788180339.465042,852150000,63,1,1,4,27,60771996,801907585,23140,6.0771996,80.1907585,23.14,62,88,0.62,0.88,1,0.01,9405,94.05,-74924,-74.924,297,0.297,472,0.47200000000000003,116,0.116,0,0.0,0,
744.618552,1788180340.488058,852750000,92,1,1,4,27,60771999,801907588,23140,6.0771999,80.1907588,23.14,62,88,0.62,0.88,2,0.02,9405,94.05,-74924,-74.924,297,0.297,474,0.47400000000000003,128,0.128,0,0.0,0,
744.624479,1788180340.493985,853150000,120,1,1,4,27,60772002,801907588,23140,6.0772002,80.1907588,23.14,59,87,0.59,0.87,6,0.06,9405,94.05,-74924,-74.924,298,0.298,475,0.47500000000000003,95,0.095,0,0.0,0,
745.059751,1788180340.929257,853750000,149,1,1,4,27,60772006,801907589,23160,6.077200599999999,80.19075889999999,23.16,59,87,0.59,0.87,3,0.03,9405,94.05,-74904,-74.904,298,0.298,477,0.47700000000000004,117,0.117,0,0.0,0,
745.527792,1788180341.397298,854150000,177,1,1,4,27,60772010,801907591,23160,6.077201,80.1907591,23.16,59,87,0.59,0.87,3,0.03,9405,94.05,-74904,-74.904,297,0.297,473,0.47300000000000003,137,0.137,0,0.0,0,
746.104710,1788180341.974216,854750000,206,1,1,4,27,60772016,801907594,23070,6.0772015999999995,80.19075939999999,23.07,55,78,0.55,0.78,4,0.04,9405,94.05,-74994,-74.994,296,0.296,467,0.467,129,0.129,0,0.0,0,
746.555240,1788180342.424746,855150000,234,1,1,4,27,60772021,801907597,22990,6.0772021,80.1907597,22.990000000000002,59,87,0.59,0.87,7,0.07,9405,94.05,-75074,-75.074,296,0.296,462,0.462,130,0.13,0,0.0,0,
747.021869,1788180342.891375,855750000,7,1,1,4,27,60772026,801907598,22980,6.0772026,80.1907598,22.98,59,87,0.59,0.87,4,0.04,9405,94.05,-75084,-75.084,296,0.296,460,0.46,104,0.10400000000000001,0,0.0,0,
747.516621,1788180343.386127,856150000,35,1,1,4,27,60772029,801907598,23020,6.0772029,80.1907598,23.02,59,87,0.59,0.87,2,0.02,9405,94.05,-75044,-75.044,298,0.298,462,0.462,92,0.092,0,0.0,0,
748.045274,1788180343.914780,856750000,64,1,1,4,27,60772032,801907601,23030,6.0772032,80.19076009999999,23.03,59,87,0.59,0.87,4,0.04,9405,94.05,-75035,-75.035,300,0.3,466,0.466,129,0.129,0,0.0,0,
748.622648,1788180344.492154,857150000,92,1,1,4,27,60772034,801907603,23040,6.0772034,80.1907603,23.04,59,87,0.59,0.87,3,0.03,9405,94.05,-75025,-75.025,302,0.302,468,0.468,87,0.08700000000000001,0,0.0,0,
749.089803,1788180344.959309,857750000,121,1,1,4,27,60772036,801907603,23070,6.0772036,80.1907603,23.07,59,87,0.59,0.87,1,0.01,9405,94.05,-74994,-74.994,304,0.304,471,0.47100000000000003,143,0.14300000000000002,0,0.0,0,
749.574350,1788180345.443856,858150000,149,1,1,4,27,60772037,801907604,23070,6.0772037,80.1907604,23.07,59,87,0.59,0.87,2,0.02,9405,94.05,-74994,-74.994,305,0.305,473,0.47300000000000003,123,0.123,0,0.0,0,
750.120971,1788180345.990477,858750000,178,1,1,4,27,60772038,801907604,23060,6.0772037999999995,80.1907604,23.06,59,87,0.59,0.87,2,0.02,9405,94.05,-75004,-75.004,306,0.306,470,0.47000000000000003,144,0.14400000000000002,0,0.0,0,
750.618458,1788180346.487964,859150000,206,1,1,4,27,60772041,801907605,23050,6.077204099999999,80.1907605,23.05,59,87,0.59,0.87,4,0.04,9405,94.05,-75014,-75.014,306,0.306,466,0.466,114,0.114,0,0.0,0,
751.039886,1788180346.909392,859750000,235,1,1,4,27,60772043,801907607,23060,6.0772043,80.1907607,23.06,59,87,0.59,0.87,0,0.0,9405,94.05,-75004,-75.004,306,0.306,462,0.462,142,0.14200000000000002,0,0.0,0,
751.586374,1788180347.455880,860150000,8,1,1,4,28,60772045,801907608,23060,6.0772045,80.19076079999999,23.06,58,86,0.58,0.86,1,0.01,9405,94.05,-75004,-75.004,306,0.306,460,0.46,142,0.14200000000000002,0,0.0,0,
752.086201,1788180347.955707,860750000,37,1,1,4,27,60772049,801907609,23050,6.0772049,80.1907609,23.05,58,86,0.58,0.86,5,0.05,9405,94.05,-75014,-75.014,306,0.306,456,0.456,88,0.088,0,0.0,0,
752.540339,1788180348.409845,861150000,65,1,1,4,28,60772050,801907610,23080,6.077204999999999,80.190761,23.080000000000002,58,86,0.58,0.86,2,0.02,9405,94.05,-74984,-74.984,306,0.306,454,0.454,141,0.14100000000000001,0,0.0,0,
753.038278,1788180348.907784,861750000,94,1,1,4,28,60772053,801907611,23080,6.0772053,80.1907611,23.080000000000002,58,86,0.58,0.86,5,0.05,9405,94.05,-74984,-74.984,305,0.305,450,0.45,129,0.129,0,0.0,0,
753.583388,1788180349.452894,862150000,122,1,1,4,28,60772054,801907611,23100,6.0772053999999995,80.1907611,23.1,60,86,0.6,0.86,2,0.02,9405,94.05,-74964,-74.964,306,0.306,451,0.451,122,0.122,0,0.0,0,
754.034426,1788180349.903932,862750000,151,1,1,4,28,60772055,801907610,23140,6.0772055,80.190761,23.14,62,88,0.62,0.88,6,0.06,9405,94.05,-74924,-74.924,308,0.308,454,0.454,99,0.099,0,0.0,0,
754.612015,1788180350.481521,863150000,179,1,1,4,28,60772056,801907609,23170,6.0772056,80.1907609,23.17,62,88,0.62,0.88,2,0.02,9405,94.05,-74894,-74.894,310,0.31,457,0.457,128,0.128,0,0.0,0,
755.065918,1788180350.935424,863750000,208,1,1,4,27,60772057,801907609,23180,6.0772056999999995,80.1907609,23.18,62,88,0.62,0.88,4,0.04,9405,94.05,-74884,-74.884,312,0.312,462,0.462,113,0.113,0,0.0,0,
755.537772,1788180351.407278,864150000,236,1,1,4,28,60772058,801907611,23190,6.0772058,80.1907611,23.19,62,88,0.62,0.88,2,0.02,9405,94.05,-74874,-74.874,313,0.313,465,0.465,111,0.111,0,0.0,0,
756.114957,1788180351.984463,864750000,9,1,1,4,27,60772059,801907611,23220,6.0772059,80.1907611,23.22,62,88,0.62,0.88,1,0.01,9405,94.05,-74844,-74.84400000000001,314,0.314,469,0.46900000000000003,147,0.147,0,0.0,0,
756.564180,1788180352.433686,865150000,37,1,1,4,26,60772058,801907611,23260,6.0772058,80.1907611,23.26,62,88,0.62,0.88,4,0.04,9405,94.05,-74804,-74.804,315,0.315,472,0.47200000000000003,119,0.11900000000000001,0,0.0,0,
757.019745,1788180352.889251,865750000,66,1,1,4,27,60772058,801907614,23290,6.0772058,80.1907614,23.29,62,88,0.62,0.88,3,0.03,9405,94.05,-74774,-74.774,316,0.316,476,0.47600000000000003,92,0.092,0,0.0,0,
757.598374,1788180353.467880,866150000,94,1,1,4,27,60772059,801907615,23310,6.0772059,80.1907615,23.31,62,88,0.62,0.88,2,0.02,9405,94.05,-74754,-74.754,317,0.317,479,0.47900000000000004,134,0.134,0,0.0,0,
758.064374,1788180353.933880,866750000,123,1,1,4,27,60772061,801907617,23300,6.0772061,80.1907617,23.3,62,88,0.62,0.88,8,0.08,9405,94.05,-74764,-74.764,318,0.318,481,0.481,133,0.133,0,0.0,0,
758.518536,1788180354.388042,867150000,151,1,1,4,27,60772061,801907619,23290,6.0772061,80.1907619,23.29,62,88,0.62,0.88,3,0.03,9405,94.05,-74774,-74.774,319,0.319,482,0.482,143,0.14300000000000002,0,0.0,0,
759.095093,1788180354.964599,867750000,181,1,1,4,28,60772060,801907622,23280,6.077205999999999,80.1907622,23.28,62,88,0.62,0.88,4,0.04,9405,94.05,-74784,-74.784,319,0.319,484,0.484,128,0.128,0,0.0,0,
759.562104,1788180355.431610,868150000,209,1,1,4,28,60772060,801907623,23290,6.077205999999999,80.1907623,23.29,62,88,0.62,0.88,3,0.03,9405,94.05,-74774,-74.774,319,0.319,479,0.47900000000000004,140,0.14,0,0.0,0,
760.048130,1788180355.917636,868750000,238,1,1,4,28,60772059,801907626,23350,6.0772059,80.1907626,23.35,62,88,0.62,0.88,1,0.01,9405,94.05,-74714,-74.714,317,0.317,471,0.47100000000000003,89,0.089,0,0.0,0,
760.594539,1788180356.464045,869150000,10,1,1,4,27,60772057,801907626,23410,6.0772056999999995,80.1907626,23.41,62,88,0.62,0.88,1,0.01,9405,94.05,-74654,-74.654,316,0.316,466,0.466,133,0.133,0,0.0,0,
761.048661,1788180356.918167,869750000,39,1,1,4,28,60772056,801907630,23410,6.0772056,80.19076299999999,23.41,57,78,0.5700000000000001,0.78,4,0.04,9405,94.05,-74654,-74.654,315,0.315,461,0.461,145,0.145,0,0.0,0,
761.551612,1788180357.421118,870150000,68,1,1,4,27,60772056,801907633,23430,6.0772056,80.1907633,23.43,62,88,0.62,0.88,3,0.03,9405,94.05,-74634,-74.634,314,0.314,457,0.457,103,0.10300000000000001,0,0.0,0,
762.205467,1788180358.074973,870750000,97,1,1,4,27,60772055,801907636,23450,6.0772055,80.1907636,23.45,62,88,0.62,0.88,1,0.01,9405,94.05,-74614,-74.614,313,0.313,453,0.453,129,0.129,0,0.0,0,
762.580558,1788180358.450064,871150000,128,1,1,4,28,60772055,801907637,23450,6.0772055,80.19076369999999,23.45,62,88,0.62,0.88,3,0.03,9405,94.05,-74614,-74.614,313,0.313,450,0.45,121,0.121,0,0.0,0,
763.129956,1788180358.999462,871753000,157,1,1,4,27,60772055,801907640,23420,6.0772055,80.190764,23.42,62,88,0.62,0.88,4,0.04,9405,94.05,-74644,-74.644,312,0.312,447,0.447,86,0.08600000000000001,0,0.0,0,
763.581519,1788180359.451025,872153000,185,1,1,4,26,60772055,801907643,23390,6.0772055,80.1907643,23.39,62,88,0.62,0.88,4,0.04,9405,94.05,-74674,-74.674,311,0.311,445,0.445,114,0.114,0,0.0,0,
764.079342,1788180359.948848,872753000,214,1,1,4,28,60772056,801907648,23350,6.0772056,80.1907648,23.35,57,78,0.5700000000000001,0.78,3,0.03,9405,94.05,-74714,-74.714,310,0.31,443,0.443,130,0.13,0,0.0,0,
764.531394,1788180360.400900,873153000,243,1,1,4,26,60772056,801907651,23270,6.0772056,80.1907651,23.27,63,90,0.63,0.9,0,0.0,9405,94.05,-74794,-74.794,309,0.309,442,0.442,148,0.148,0,0.0,0,
765.075283,1788180360.944789,873753000,16,1,1,4,27,60772056,801907653,23200,6.0772056,80.1907653,23.2,63,90,0.63,0.9,3,0.03,9405,94.05,-74864,-74.864,308,0.308,441,0.441,98,0.098,0,0.0,0,
765.575099,1788180361.444605,874153000,44,1,1,4,27,60772056,801907655,23160,6.0772056,80.1907655,23.16,63,90,0.63,0.9,1,0.01,9405,94.05,-74904,-74.904,308,0.308,440,0.44,101,0.101,0,0.0,0,
766.261548,1788180362.131054,874753000,73,1,1,4,27,60772056,801907658,23110,6.0772056,80.1907658,23.11,63,90,0.63,0.9,2,0.02,9405,94.05,-74954,-74.95400000000001,309,0.309,445,0.445,152,0.152,0,0.0,0,
766.665028,1788180362.534534,875153000,102,1,1,4,27,60772056,801907659,23060,6.0772056,80.1907659,23.06,63,90,0.63,0.9,5,0.05,9405,94.05,-75004,-75.004,310,0.31,449,0.449,93,0.093,0,0.0,0,
767.039413,1788180362.908919,875753000,131,1,1,4,27,60772056,801907661,22990,6.0772056,80.19076609999999,22.990000000000002,58,79,0.58,0.79,2,0.02,9405,94.05,-75074,-75.074,311,0.311,456,0.456,89,0.089,0,0.0,0,
767.617447,1788180363.486953,876153000,159,1,1,4,27,60772056,801907660,22980,6.0772056,80.190766,22.98,62,88,0.62,0.88,5,0.05,9405,94.05,-75084,-75.084,312,0.312,458,0.458,110,0.11,0,0.0,0,
768.024145,1788180363.893651,876753000,188,1,1,4,26,60772054,801907656,22910,6.0772053999999995,80.19076559999999,22.91,62,88,0.62,0.88,3,0.03,9405,94.05,-75154,-75.154,312,0.312,462,0.462,130,0.13,0,0.0,0,
768.569409,1788180364.438915,877153000,217,1,1,4,26,60772053,801907652,22880,6.0772053,80.1907652,22.88,62,88,0.62,0.88,2,0.02,9405,94.05,-75184,-75.184,311,0.311,459,0.459,104,0.10400000000000001,0,0.0,0,
769.099283,1788180364.968789,877753000,247,1,1,4,26,60772050,801907647,22850,6.077204999999999,80.1907647,22.85,59,87,0.59,0.87,1,0.01,9405,94.05,-75214,-75.214,308,0.308,455,0.455,136,0.136,0,0.0,0,
769.567533,1788180365.437039,878153000,19,1,1,4,27,60772046,801907637,22820,6.0772046,80.19076369999999,22.82,59,87,0.59,0.87,2,0.02,9405,94.05,-75244,-75.244,307,0.307,454,0.454,112,0.112,0,0.0,0,
770.020435,1788180365.889941,878753000,48,1,1,4,26,60772039,801907623,22790,6.0772039,80.1907623,22.79,59,87,0.59,0.87,0,0.0,9405,94.05,-75274,-75.274,305,0.305,451,0.451,141,0.14100000000000001,0,0.0,0,
770.597467,1788180366.466973,879153000,76,1,1,4,27,60772035,801907616,22750,6.0772034999999995,80.1907616,22.75,59,87,0.59,0.87,2,0.02,9405,94.05,-75314,-75.31400000000001,303,0.303,450,0.45,147,0.147,0,0.0,0,
771.065714,1788180366.935220,879753000,105,1,1,4,28,60772028,801907607,22800,6.077202799999999,80.1907607,22.8,58,86,0.58,0.86,4,0.04,9405,94.05,-75264,-75.264,302,0.302,447,0.447,103,0.10300000000000001,0,0.0,0,
771.561973,1788180367.431479,880153000,134,1,1,4,27,60772025,801907604,22800,6.077202499999999,80.1907604,22.8,58,86,0.58,0.86,3,0.03,9405,94.05,-75264,-75.264,302,0.302,446,0.446,111,0.111,0,0.0,0,
772.092992,1788180367.962498,880753000,163,1,1,4,28,60772021,801907600,22850,6.0772021,80.19076,22.85,58,86,0.58,0.86,2,0.02,9405,94.05,-75214,-75.214,301,0.301,445,0.445,130,0.13,0,0.0,0,
772.560304,1788180368.429810,881153000,191,1,1,4,28,60772018,801907598,22890,6.0772018,80.1907598,22.89,58,86,0.58,0.86,6,0.06,9405,94.05,-75174,-75.174,301,0.301,444,0.444,119,0.11900000000000001,0,0.0,0,
773.012203,1788180368.881709,881753000,220,1,1,4,28,60772016,801907597,22940,6.0772015999999995,80.1907597,22.94,54,77,0.54,0.77,2,0.02,9405,94.05,-75124,-75.124,302,0.302,442,0.442,85,0.085,0,0.0,0,
773.605624,1788180369.475130,882153000,248,1,1,4,28,60772014,801907597,22970,6.0772014,80.1907597,22.97,58,86,0.58,0.86,4,0.04,9405,94.05,-75094,-75.09400000000001,303,0.303,442,0.442,100,0.1,0,0.0,0,
774.045884,1788180369.915390,882753000,21,1,1,4,28,60772013,801907597,23010,6.0772013,80.1907597,23.01,58,86,0.58,0.86,5,0.05,9405,94.05,-75054,-75.054,304,0.304,441,0.441,128,0.128,0,0.0,0,
774.546147,1788180370.415653,883153000,49,1,1,4,28,60772011,801907597,23060,6.0772011,80.1907597,23.06,58,86,0.58,0.86,4,0.04,9405,94.05,-75004,-75.004,305,0.305,440,0.44,90,0.09,0,0.0,0,
775.092999,1788180370.962505,883753000,78,1,1,4,28,60772009,801907594,23120,6.077200899999999,80.19075939999999,23.12,58,86,0.58,0.86,2,0.02,9405,94.05,-74944,-74.944,307,0.307,440,0.44,122,0.122,0,0.0,0,
775.545303,1788180371.414809,884153000,106,1,1,4,28,60772010,801907593,23110,6.077201,80.1907593,23.11,58,86,0.58,0.86,3,0.03,9405,94.05,-74954,-74.95400000000001,308,0.308,441,0.441,101,0.101,0,0.0,0,
776.123425,1788180371.992931,884753000,135,1,1,4,28,60772009,801907593,23090,6.077200899999999,80.1907593,23.09,54,77,0.54,0.77,3,0.03,9405,94.05,-74974,-74.974,310,0.31,445,0.445,141,0.14100000000000001,0,0.0,0,
776.589435,1788180372.458941,885153000,163,1,1,4,28,60772008,801907595,23050,6.0772008,80.1907595,23.05,58,86,0.58,0.86,0,0.0,9405,94.05,-75014,-75.014,311,0.311,448,0.448,125,0.125,0,0.0,0,
777.042706,1788180372.912212,885753000,192,1,1,4,28,60772006,801907592,23010,6.077200599999999,80.1907592,23.01,58,86,0.58,0.86,7,0.07,9405,94.05,-75054,-75.054,312,0.312,453,0.453,89,0.089,0,0.0,0,
777.620294,1788180373.489800,886153000,220,1,1,4,28,60772006,801907589,22990,6.077200599999999,80.19075889999999,22.990000000000002,58,86,0.58,0.86,3,0.03,9405,94.05,-75074,-75.074,313,0.313,457,0.457,145,0.145,0,0.0,0,
778.088335,1788180373.957841,886753000,249,1,1,4,28,60772004,801907588,22910,6.0772004,80.1907588,22.91,58,86,0.58,0.86,3,0.03,9405,94.05,-75154,-75.154,314,0.314,460,0.46,90,0.09,0,0.0,0,
778.539498,1788180374.409004,887153000,21,1,1,4,28,60772003,801907588,22860,6.0772002999999994,80.1907588,22.86,58,86,0.58,0.86,2,0.02,9405,94.05,-75204,-75.20400000000001,314,0.314,463,0.463,95,0.095,0,0.0,0,
779.037047,1788180374.906553,887753000,50,1,1,4,28,60772002,801907590,22830,6.0772002,80.190759,22.830000000000002,54,77,0.54,0.77,2,0.02,9405,94.05,-75234,-75.234,314,0.314,463,0.463,122,0.122,0,0.0,0,
779.569079,1788180375.438585,888153000,78,1,1,4,28,60772000,801907590,22840,6.0771999999999995,80.190759,22.84,58,86,0.58,0.86,4,0.04,9405,94.05,-75224,-75.224,313,0.313,460,0.46,95,0.095,0,0.0,0,
780.037447,1788180375.906953,888753000,107,1,1,4,27,60771998,801907590,22850,6.0771998,80.190759,22.85,59,87,0.59,0.87,2,0.02,9405,94.05,-75214,-75.214,311,0.311,457,0.457,85,0.085,0,0.0,0,
780.613619,1788180376.483125,889153000,135,1,1,4,27,60771996,801907592,22830,6.0771996,80.1907592,22.830000000000002,59,87,0.59,0.87,4,0.04,9405,94.05,-75234,-75.234,310,0.31,458,0.458,123,0.123,0,0.0,0,
781.066805,1788180376.936311,889753000,164,1,1,4,27,60771996,801907592,22770,6.0771996,80.1907592,22.77,59,87,0.59,0.87,6,0.06,9405,94.05,-75294,-75.294,309,0.309,459,0.459,137,0.137,0,0.0,0,
781.534492,1788180377.403998,890153000,193,1,1,4,27,60771995,801907591,22800,6.0771995,80.1907591,22.8,59,87,0.59,0.87,0,0.0,9405,94.05,-75264,-75.264,308,0.308,460,0.46,134,0.134,0,0.0,0,
782.113171,1788180377.982677,890753000,222,1,1,4,27,60771994,801907591,22780,6.0771994,80.1907591,22.78,55,78,0.55,0.78,0,0.0,9405,94.05,-75284,-75.284,306,0.306,458,0.458,139,0.139,0,0.0,0,
782.582195,1788180378.451701,891153000,250,1,1,4,27,60771993,801907590,22830,6.077199299999999,80.190759,22.830000000000002,59,87,0.59,0.87,5,0.05,9405,94.05,-75234,-75.234,304,0.304,454,0.454,138,0.138,0,0.0,0,
783.020663,1788180378.890169,891754000,23,1,1,4,27,60771991,801907590,22830,6.0771991,80.190759,22.830000000000002,59,87,0.59,0.87,1,0.01,9405,94.05,-75234,-75.234,303,0.303,450,0.45,137,0.137,0,0.0,0,
783.565660,1788180379.435166,892154000,51,1,1,4,27,60771990,801907590,22890,6.077198999999999,80.190759,22.89,59,87,0.59,0.87,4,0.04,9405,94.05,-75174,-75.174,302,0.302,448,0.448,128,0.128,0,0.0,0,
784.068748,1788180379.938254,892754000,80,1,1,4,27,60771987,801907589,22910,6.077198699999999,80.19075889999999,22.91,59,87,0.59,0.87,1,0.01,9405,94.05,-75154,-75.154,301,0.301,444,0.444,114,0.114,0,0.0,0,
784.519458,1788180380.388964,893154000,108,1,1,4,27,60771984,801907589,22950,6.0771983999999994,80.19075889999999,22.95,59,87,0.59,0.87,2,0.02,9405,94.05,-75114,-75.114,300,0.3,441,0.441,139,0.139,0,0.0,0,
785.017395,1788180380.886901,893754000,137,1,1,4,27,60771983,801907587,23000,6.0771983,80.19075869999999,23.0,55,78,0.55,0.78,2,0.02,9405,94.05,-75064,-75.06400000000001,298,0.298,437,0.437,114,0.114,0,0.0,0,
785.564628,1788180381.434134,894154000,165,1,1,4,27,60771981,801907587,23030,6.0771980999999995,80.19075869999999,23.03,59,87,0.59,0.87,2,0.02,9405,94.05,-75034,-75.034,297,0.297,435,0.435,98,0.098,0,0.0,0,
786.047873,1788180381.917379,894754000,194,1,1,4,28,60771980,801907583,23070,6.077198,80.1907583,23.07,58,86,0.58,0.86,2,0.02,9405,94.05,-74994,-74.994,296,0.296,432,0.432,130,0.13,0,0.0,0,
786.594384,1788180382.463890,895154000,222,1,1,4,28,60771977,801907581,23080,6.0771977,80.1907581,23.080000000000002,58,86,0.58,0.86,3,0.03,9405,94.05,-74984,-74.984,295,0.295,430,0.43,84,0.084,0,0.0,0,
787.060715,1788180382.930221,895754000,251,1,1,4,27,60771975,801907577,23120,6.0771975,80.19075769999999,23.12,58,86,0.58,0.86,4,0.04,9405,94.05,-74944,-74.944,293,0.293,428,0.428,81,0.081,0,0.0,0,
787.511477,1788180383.380983,896154000,23,1,1,4,28,60771974,801907574,23140,6.077197399999999,80.1907574,23.14,58,86,0.58,0.86,3,0.03,9405,94.05,-74924,-74.924,293,0.293,426,0.426,89,0.089,0,0.0,0,
788.088032,1788180383.957538,896754000,52,1,1,4,28,60771970,801907570,23150,6.077197,80.19075699999999,23.150000000000002,54,77,0.54,0.77,4,0.04,9405,94.05,-74914,-74.914,291,0.291,424,0.424,74,0.074,0,0.0,0,
788.556933,1788180384.426439,897154000,80,1,1,4,28,60771968,801907567,23190,6.077196799999999,80.1907567,23.19,58,86,0.58,0.86,4,0.04,9405,94.05,-74874,-74.874,291,0.291,422,0.422,120,0.12,0,0.0,0,
789.039586,1788180384.909092,897754000,109,1,1,4,28,60771965,801907564,23230,6.0771964999999994,80.1907564,23.23,58,86,0.58,0.86,2,0.02,9405,94.05,-74834,-74.834,289,0.289,419,0.419,101,0.101,0,0.0,0,
789.586205,1788180385.455711,898154000,137,1,1,4,28,60771963,801907561,23230,6.0771963,80.1907561,23.23,58,86,0.58,0.86,0,0.0,9405,94.05,-74834,-74.834,289,0.289,419,0.419,132,0.132,0,0.0,0,
790.038683,1788180385.908189,898754000,167,1,1,4,28,60771961,801907556,23270,6.0771961,80.1907556,23.27,58,86,0.58,0.86,2,0.02,9405,94.05,-74794,-74.794,288,0.28800000000000003,418,0.418,90,0.09,0,0.0,0,
790.537487,1788180386.406993,899154000,195,1,1,4,26,60771959,801907554,23290,6.0771958999999995,80.1907554,23.29,59,87,0.59,0.87,3,0.03,9405,94.05,-74774,-74.774,287,0.28700000000000003,417,0.417,105,0.105,0,0.0,0,
791.088023,1788180386.957529,899754000,224,1,1,4,26,60771955,801907550,23330,6.077195499999999,80.190755,23.330000000000002,59,87,0.59,0.87,4,0.04,9405,94.05,-74734,-74.734,287,0.28700000000000003,415,0.41500000000000004,91,0.091,0,0.0,0,
791.556055,1788180387.425561,900154000,253,1,1,4,27,60771954,801907549,23320,6.0771954,80.1907549,23.32,59,87,0.59,0.87,0,0.0,9405,94.05,-74744,-74.744,286,0.28600000000000003,414,0.41400000000000003,130,0.13,0,0.0,0,
792.118835,1788180387.988341,900754000,26,1,1,4,27,60771953,801907546,23360,6.0771953,80.19075459999999,23.36,59,87,0.59,0.87,1,0.01,9405,94.05,-74704,-74.70400000000001,285,0.28500000000000003,414,0.41400000000000003,84,0.084,0,0.0,0,
792.570630,1788180388.440136,901154000,54,1,1,4,27,60771950,801907544,23390,6.077195,80.1907544,23.39,59,87,0.59,0.87,1,0.01,9405,94.05,-74674,-74.674,285,0.28500000000000003,413,0.41300000000000003,104,0.10400000000000001,0,0.0,0,
793.040567,1788180388.910073,901754000,83,1,1,4,27,60771948,801907538,23410,6.0771948,80.1907538,23.41,59,87,0.59,0.87,3,0.03,9405,94.05,-74654,-74.654,284,0.28400000000000003,412,0.41200000000000003,109,0.109,0,0.0,0,
793.648344,1788180389.517850,902154000,111,1,1,4,27,60771947,801907536,23420,6.0771947,80.1907536,23.42,59,87,0.59,0.87,4,0.04,9405,94.05,-74644,-74.644,285,0.28500000000000003,414,0.41400000000000003,123,0.123,0,0.0,0,
794.022209,1788180389.891715,902754000,140,1,1,4,26,60771944,801907532,23440,6.0771944,80.1907532,23.44,59,87,0.59,0.87,1,0.01,9405,94.05,-74624,-74.624,285,0.28500000000000003,417,0.417,92,0.092,0,0.0,0,
794.569080,1788180390.438586,903154000,168,1,1,4,26,60771944,801907530,23440,6.0771944,80.190753,23.44,59,87,0.59,0.87,2,0.02,9405,94.05,-74624,-74.624,285,0.28500000000000003,419,0.419,103,0.10300000000000001,0,0.0,0,
795.101114,1788180390.970620,903754000,197,1,1,4,27,60771943,801907527,23440,6.0771942999999995,80.19075269999999,23.44,59,87,0.59,0.87,2,0.02,9405,94.05,-74624,-74.624,285,0.28500000000000003,422,0.422,120,0.12,0,0.0,0,
795.569583,1788180391.439089,904154000,225,1,1,4,27,60771943,801907526,23470,6.0771942999999995,80.1907526,23.47,59,87,0.59,0.87,1,0.01,9405,94.05,-74595,-74.595,286,0.28600000000000003,424,0.424,117,0.117,0,0.0,0,
796.056131,1788180391.925637,904754000,254,1,1,4,27,60771941,801907523,23460,6.0771941,80.1907523,23.46,59,87,0.59,0.87,3,0.03,9405,94.05,-74604,-74.604,286,0.28600000000000003,427,0.427,112,0.112,0,0.0,0,
796.603938,1788180392.473444,905154000,26,1,1,4,27,60771942,801907520,23440,6.0771942,80.190752,23.44,59,87,0.59,0.87,2,0.02,9405,94.05,-74624,-74.624,286,0.28600000000000003,429,0.429,142,0.14200000000000002,0,0.0,0,
797.181443,1788180393.050949,905754000,55,1,1,4,27,60771939,801907519,23420,6.0771939,80.1907519,23.42,59,87,0.59,0.87,3,0.03,9405,94.05,-74644,-74.644,288,0.28800000000000003,432,0.432,107,0.107,0,0.0,0,
797.556332,1788180393.425838,906154000,83,1,1,4,28,60771936,801907518,23400,6.077193599999999,80.1907518,23.400000000000002,60,89,0.6,0.89,2,0.02,9405,94.05,-74665,-74.665,288,0.28800000000000003,434,0.434,132,0.132,0,0.0,0,
798.117884,1788180393.987390,906754000,112,1,1,4,28,60771932,801907516,23400,6.0771932,80.1907516,23.400000000000002,60,89,0.6,0.89,0,0.0,9405,94.05,-74664,-74.664,290,0.29,436,0.436,131,0.131,0,0.0,0,
798.556013,1788180394.425519,907154000,140,1,1,4,28,60771929,801907515,23400,6.0771929,80.19075149999999,23.400000000000002,59,87,0.59,0.87,2,0.02,9405,94.05,-74664,-74.664,291,0.291,438,0.438,102,0.10200000000000001,0,0.0,0,
799.022337,1788180394.891843,907754000,169,1,1,4,27,60771925,801907512,23370,6.0771925,80.1907512,23.37,59,87,0.59,0.87,4,0.04,9405,94.05,-74694,-74.694,292,0.292,442,0.442,85,0.085,0,0.0,0,
799.595890,1788180395.465396,908154000,197,1,1,4,27,60771921,801907511,23420,6.0771920999999995,80.1907511,23.42,59,87,0.59,0.87,2,0.02,9405,94.05,-74644,-74.644,293,0.293,440,0.44,99,0.099,0,0.0,0,
800.052622,1788180395.922128,908754000,226,1,1,4,27,60771916,801907509,23450,6.0771916,80.1907509,23.45,55,78,0.55,0.78,0,0.0,9405,94.05,-74615,-74.615,294,0.294,440,0.44,137,0.137,0,0.0,0,
800.535997,1788180396.405503,909154000,1,1,1,4,27,60771912,801907508,23470,6.0771912,80.19075079999999,23.47,59,87,0.59,0.87,3,0.03,9405,94.05,-74594,-74.59400000000001,295,0.295,442,0.442,147,0.147,0,0.0,0,
801.093751,1788180396.963257,909754000,31,1,1,4,27,60771909,801907508,23450,6.0771909,80.19075079999999,23.45,59,87,0.59,0.87,3,0.03,9405,94.05,-74614,-74.614,297,0.297,445,0.445,105,0.105,0,0.0,0,
801.547561,1788180397.417067,910154000,60,1,1,4,27,60771906,801907508,23430,6.0771906,80.19075079999999,23.43,59,87,0.59,0.87,3,0.03,9405,94.05,-74634,-74.634,298,0.298,447,0.447,96,0.096,0,0.0,0,
802.015069,1788180397.884575,910754000,89,1,1,4,27,60771904,801907507,23420,6.0771904,80.1907507,23.42,59,87,0.59,0.87,3,0.03,9405,94.05,-74644,-74.644,300,0.3,450,0.45,144,0.14400000000000002,0,0.0,0,
802.500772,1788180398.370278,911154000,117,1,1,4,27,60771901,801907506,23430,6.0771901,80.1907506,23.43,59,87,0.59,0.87,4,0.04,9405,94.05,-74634,-74.634,302,0.302,452,0.452,149,0.149,0,0.0,0,
803.044292,1788180398.913798,911757000,146,1,1,4,26,60771898,801907507,23420,6.077189799999999,80.1907507,23.42,59,87,0.59,0.87,4,0.04,9405,94.05,-74644,-74.644,303,0.303,454,0.454,85,0.085,0,0.0,0,
803.624846,1788180399.494352,912157000,174,1,1,4,27,60771896,801907508,23400,6.0771896,80.19075079999999,23.400000000000002,59,87,0.59,0.87,2,0.02,9405,94.05,-74664,-74.664,304,0.304,456,0.456,87,0.08700000000000001,0,0.0,0,
804.089313,1788180399.958819,912757000,203,1,1,4,27,60771893,801907509,23390,6.0771893,80.1907509,23.39,59,87,0.59,0.87,2,0.02,9405,94.05,-74674,-74.674,305,0.305,458,0.458,114,0.114,0,0.0,0,
804.542463,1788180400.411969,913157000,231,1,1,4,27,60771890,801907509,23390,6.077189,80.1907509,23.39,60,89,0.6,0.89,4,0.04,9405,94.05,-74674,-74.674,305,0.305,456,0.456,133,0.133,0,0.0,0,
805.041906,1788180400.911412,913757000,4,1,1,4,27,60771886,801907509,23430,6.0771885999999995,80.1907509,23.43,60,89,0.6,0.89,5,0.05,9405,94.05,-74634,-74.634,304,0.304,450,0.45,87,0.08700000000000001,0,0.0,0,
805.572653,1788180401.442159,914157000,32,1,1,4,27,60771883,801907507,23440,6.0771882999999995,80.1907507,23.44,60,89,0.6,0.89,1,0.01,9405,94.05,-74624,-74.624,304,0.304,447,0.447,129,0.129,0,0.0,0,
806.041585,1788180401.911091,914757000,61,1,1,4,27,60771879,801907505,23470,6.077187899999999,80.1907505,23.47,56,79,0.56,0.79,1,0.01,9405,94.05,-74594,-74.59400000000001,303,0.303,445,0.445,91,0.091,0,0.0,0,
806.616423,1788180402.485929,915157000,89,1,1,4,27,60771877,801907506,23470,6.0771877,80.1907506,23.47,60,89,0.6,0.89,3,0.03,9405,94.05,-74594,-74.59400000000001,302,0.302,443,0.443,103,0.10300000000000001,0,0.0,0,
807.082922,1788180402.952428,915757000,118,1,1,4,27,60771873,801907506,23460,6.077187299999999,80.1907506,23.46,59,87,0.59,0.87,5,0.05,9405,94.05,-74604,-74.604,302,0.302,442,0.442,139,0.139,0,0.0,0,
807.536987,1788180403.406493,916157000,146,1,1,4,27,60771873,801907505,23480,6.077187299999999,80.1907505,23.48,59,87,0.59,0.87,3,0.03,9405,94.05,-74584,-74.584,302,0.302,441,0.441,101,0.101,0,0.0,0,
808.115334,1788180403.984840,916757000,175,1,1,4,27,60771871,801907504,23530,6.0771871,80.1907504,23.53,59,87,0.59,0.87,4,0.04,9405,94.05,-74534,-74.534,302,0.302,437,0.437,77,0.077,0,0.0,0,
808.567729,1788180404.437235,917157000,203,1,1,4,26,60771872,801907503,23540,6.0771872,80.19075029999999,23.54,59,87,0.59,0.87,4,0.04,9405,94.05,-74524,-74.524,302,0.302,438,0.438,92,0.092,0,0.0,0,
809.037594,1788180404.907100,917757000,232,1,1,4,27,60771871,801907501,23530,6.0771871,80.1907501,23.53,55,78,0.55,0.78,2,0.02,9405,94.05,-74534,-74.534,304,0.304,441,0.441,127,0.127,0,0.0,0,
809.604415,1788180405.473921,918157000,4,1,1,4,27,60771871,801907500,23530,6.0771871,80.19075,23.53,59,87,0.59,0.87,2,0.02,9405,94.05,-74534,-74.534,304,0.304,443,0.443,127,0.127,0,0.0,0,
810.068203,1788180405.937709,918757000,33,1,1,4,26,60771870,801907500,23520,6.0771869999999995,80.19075,23.52,59,87,0.59,0.87,0,0.0,9405,94.05,-74545,-74.545,306,0.306,447,0.447,127,0.127,0,0.0,0,
810.521651,1788180406.391157,919157000,61,1,1,4,27,60771869,801907501,23490,6.0771869,80.1907501,23.490000000000002,59,87,0.59,0.87,2,0.02,9405,94.05,-74574,-74.574,307,0.307,449,0.449,106,0.106,0,0.0,0,
811.097663,1788180406.967169,919757000,90,1,1,4,27,60771868,801907501,23430,6.0771868,80.1907501,23.43,59,87,0.59,0.87,2,0.02,9405,94.05,-74634,-74.634,308,0.308,452,0.452,141,0.14100000000000001,0,0.0,0,
811.594998,1788180407.464504,920157000,119,1,1,4,27,60771868,801907501,23390,6.0771868,80.1907501,23.39,59,87,0.59,0.87,2,0.02,9405,94.05,-74674,-74.674,309,0.309,453,0.453,79,0.079,0,0.0,0,
812.016742,1788180407.886248,920757000,148,1,1,4,27,60771867,801907502,23330,6.0771866999999995,80.1907502,23.330000000000002,55,78,0.55,0.78,1,0.01,9405,94.05,-74734,-74.734,311,0.311,455,0.455,141,0.14100000000000001,0,0.0,0,
812.592597,1788180408.462103,921157000,176,1,1,4,27,60771865,801907503,23310,6.0771865,80.19075029999999,23.31,59,87,0.59,0.87,2,0.02,9405,94.05,-74754,-74.754,312,0.312,456,0.456,122,0.122,0,0.0,0,
813.025331,1788180408.894837,921757000,205,1,1,4,27,60771865,801907503,23290,6.0771865,80.19075029999999,23.29,59,87,0.59,0.87,0,0.0,9405,94.05,-74774,-74.774,313,0.313,458,0.458,123,0.123,0,0.0,0,
813.510497,1788180409.380003,922157000,233,1,1,4,27,60771864,801907504,23260,6.0771863999999995,80.1907504,23.26,59,87,0.59,0.87,2,0.02,9405,94.05,-74804,-74.804,314,0.314,459,0.459,116,0.116,0,0.0,0,
814.011909,1788180409.881415,922757000,6,1,1,4,27,60771863,801907504,23210,6.0771863,80.1907504,23.21,59,87,0.59,0.87,0,0.0,9405,94.05,-74854,-74.854,316,0.316,463,0.463,130,0.13,0,0.0,0,
814.557121,1788180410.426627,923157000,34,1,1,4,27,60771863,801907505,23170,6.0771863,80.1907505,23.17,59,87,0.59,0.87,1,0.01,9405,94.05,-74894,-74.894,317,0.317,465,0.465,99,0.099,0,0.0,0,
815.008852,1788180410.878358,923757000,63,1,1,4,27,60771863,801907508,23110,6.0771863,80.19075079999999,23.11,55,77,0.55,0.77,4,0.04,9405,94.05,-74954,-74.95400000000001,318,0.318,469,0.46900000000000003,85,0.085,0,0.0,0,
815.600243,1788180411.469749,924157000,91,1,1,4,27,60771863,801907510,23050,6.0771863,80.19075099999999,23.05,59,87,0.59,0.87,2,0.02,9405,94.05,-75014,-75.014,319,0.319,471,0.47100000000000003,113,0.113,0,0.0,0,
816.054366,1788180411.923872,924757000,120,1,1,4,27,60771861,801907511,23010,6.0771861,80.1907511,23.01,59,87,0.59,0.87,1,0.01,9405,94.05,-75054,-75.054,321,0.321,474,0.47400000000000003,100,0.1,0,0.0,0,
816.506537,1788180412.376043,925157000,148,1,1,4,27,60771860,801907512,22960,6.077185999999999,80.1907512,22.96,60,88,0.6,0.88,1,0.01,9405,94.05,-75104,-75.104,322,0.322,476,0.47600000000000003,101,0.101,0,0.0,0,
817.081457,1788180412.950963,925757000,177,1,1,4,27,60771860,801907516,22860,6.077185999999999,80.1907516,22.86,60,88,0.6,0.88,5,0.05,9405,94.05,-75204,-75.20400000000001,323,0.323,479,0.47900000000000004,132,0.132,0,0.0,0,
817.576567,1788180413.446073,926157000,205,1,1,4,27,60771860,801907519,22810,6.077185999999999,80.1907519,22.81,60,88,0.6,0.88,6,0.06,9405,94.05,-75254,-75.254,323,0.323,481,0.481,100,0.1,0,0.0,0,
818.125184,1788180413.994690,926757000,234,1,1,4,27,60771859,801907521,22780,6.0771859,80.1907521,22.78,55,77,0.55,0.77,2,0.02,9405,94.05,-75284,-75.284,325,0.325,485,0.485,97,0.097,0,0.0,0,
818.574894,1788180414.444400,927157000,6,1,1,4,27,60771859,801907522,22760,6.0771859,80.19075219999999,22.76,59,87,0.59,0.87,3,0.03,9405,94.05,-75304,-75.304,325,0.325,487,0.487,84,0.084,0,0.0,0,
819.042630,1788180414.912136,927757000,35,1,1,4,27,60771858,801907522,22710,6.0771858,80.19075219999999,22.71,59,87,0.59,0.87,1,0.01,9405,94.05,-75354,-75.354,327,0.327,490,0.49,82,0.082,0,0.0,0,
819.682347,1788180415.551853,928157000,63,1,1,4,27,60771858,801907523,22700,6.0771858,80.1907523,22.7,59,87,0.59,0.87,1,0.01,9405,94.05,-75365,-75.365,328,0.328,493,0.493,137,0.137,0,0.0,0,
820.026722,1788180415.896228,928757000,92,1,1,4,27,60771859,801907523,22680,6.0771859,80.1907523,22.68,59,87,0.59,0.87,4,0.04,9405,94.05,-75384,-75.384,329,0.329,496,0.496,138,0.138,0,0.0,0,
820.541931,1788180416.411437,929157000,120,1,1,4,27,60771860,801907523,22650,6.077185999999999,80.1907523,22.650000000000002,59,87,0.59,0.87,5,0.05,9405,94.05,-75414,-75.414,330,0.33,498,0.498,137,0.137,0,0.0,0,
821.039987,1788180416.909493,929757000,150,1,1,4,27,60771861,801907522,22640,6.0771861,80.19075219999999,22.64,55,77,0.55,0.77,3,0.03,9405,94.05,-75425,-75.425,332,0.332,502,0.502,123,0.123,0,0.0,0,
821.571509,1788180417.441015,930157000,179,1,1,4,28,60771861,801907522,22650,6.0771861,80.19075219999999,22.650000000000002,59,87,0.59,0.87,1,0.01,9405,94.05,-75414,-75.414,333,0.333,504,0.504,146,0.146,0,0.0,0,
822.040215,1788180417.909721,930757000,208,1,1,4,28,60771862,801907521,22660,6.0771862,80.1907521,22.66,59,87,0.59,0.87,3,0.03,9405,94.05,-75404,-75.404,334,0.334,506,0.506,120,0.12,0,0.0,0,
822.526737,1788180418.396243,931157000,236,1,1,4,28,60771863,801907522,22640,6.0771863,80.19075219999999,22.64,59,87,0.59,0.87,1,0.01,9405,94.05,-75424,-75.424,335,0.335,508,0.508,86,0.08600000000000001,0,0.0,0,
823.074297,1788180418.943803,931758000,9,1,1,4,28,60771864,801907522,22610,6.0771863999999995,80.19075219999999,22.61,59,87,0.59,0.87,4,0.04,9405,94.05,-75454,-75.45400000000001,336,0.336,511,0.511,87,0.08700000000000001,0,0.0,0,
823.525891,1788180419.395397,932158000,37,1,1,4,28,60771866,801907521,22590,6.0771866,80.1907521,22.59,59,87,0.59,0.87,3,0.03,9405,94.05,-75474,-75.474,336,0.336,513,0.513,119,0.11900000000000001,0,0.0,0,
824.096534,1788180419.966040,932758000,66,1,1,4,28,60771868,801907520,22580,6.0771868,80.190752,22.580000000000002,55,77,0.55,0.77,2,0.02,9405,94.05,-75484,-75.484,337,0.337,515,0.515,122,0.122,0,0.0,0,
824.565122,1788180420.434628,933158000,94,1,1,4,28,60771869,801907519,22580,6.0771869,80.1907519,22.580000000000002,59,87,0.59,0.87,5,0.05,9405,94.05,-75484,-75.484,338,0.338,517,0.517,97,0.097,0,0.0,0,
825.018810,1788180420.888316,933758000,123,1,1,4,28,60771872,801907520,22550,6.0771872,80.190752,22.55,59,87,0.59,0.87,2,0.02,9405,94.05,-75514,-75.514,339,0.339,520,0.52,140,0.14,0,0.0,0,
825.595844,1788180421.465350,934158000,151,1,1,4,28,60771874,801907520,22550,6.0771874,80.190752,22.55,59,87,0.59,0.87,1,0.01,9405,94.05,-75514,-75.514,339,0.339,521,0.521,101,0.101,0,0.0,0,
826.141113,1788180422.010619,934758000,180,1,1,4,28,60771878,801907518,22510,6.0771878,80.1907518,22.51,59,87,0.59,0.87,1,0.01,9405,94.05,-75555,-75.555,340,0.34,524,0.524,146,0.146,0,0.0,0,
826.516286,1788180422.385792,935158000,208,1,1,4,27,60771880,801907516,22480,6.077188,80.1907516,22.48,62,88,0.62,0.88,2,0.02,9405,94.05,-75584,-75.584,340,0.34,526,0.526,118,0.11800000000000001,0,0.0,0,
827.012831,1788180422.882337,935758000,237,1,1,4,26,60771884,801907512,22420,6.0771884,80.1907512,22.42,60,86,0.6,0.86,1,0.01,9405,94.05,-75644,-75.644,340,0.34,528,0.528,126,0.126,0,0.0,0,
827.560698,1788180423.430204,936158000,9,1,1,4,26,60771889,801907503,22340,6.0771888999999994,80.19075029999999,22.34,60,86,0.6,0.86,2,0.02,9405,94.05,-75724,-75.724,339,0.339,530,0.53,145,0.145,0,0.0,0,
828.011959,1788180423.881465,936758000,38,1,1,4,28,60771896,801907495,22290,6.0771896,80.1907495,22.29,60,86,0.6,0.86,2,0.02,9405,94.05,-75774,-75.774,338,0.338,532,0.532,105,0.105,0,0.0,0,
828.588745,1788180424.458251,937158000,66,1,1,4,28,60771900,801907489,22280,6.07719,80.1907489,22.28,60,86,0.6,0.86,3,0.03,9405,94.05,-75784,-75.784,337,0.337,533,0.533,109,0.109,0,0.0,0,
829.057248,1788180424.926754,937758000,95,1,1,4,27,60771905,801907484,22290,6.0771904999999995,80.19074839999999,22.29,60,86,0.6,0.86,3,0.03,9405,94.05,-75774,-75.774,337,0.337,536,0.536,83,0.083,0,0.0,0,
829.542248,1788180425.411754,938158000,123,1,1,4,28,60771907,801907482,22310,6.0771907,80.1907482,22.31,60,86,0.6,0.86,2,0.02,9405,94.05,-75754,-75.754,338,0.338,538,0.538,106,0.106,0,0.0,0,
830.090703,1788180425.960209,938758000,152,1,1,4,28,60771911,801907481,22380,6.077191099999999,80.1907481,22.38,54,77,0.54,0.77,1,0.01,9405,94.05,-75684,-75.684,339,0.339,542,0.542,141,0.14100000000000001,0,0.0,0,
830.547319,1788180426.416825,939158000,180,1,1,4,28,60771913,801907480,22410,6.0771913,80.190748,22.41,58,85,0.58,0.85,5,0.05,9405,94.05,-75655,-75.655,340,0.34,544,0.544,104,0.10400000000000001,0,0.0,0,
831.032512,1788180426.902018,939758000,209,1,1,4,28,60771918,801907478,22450,6.0771918,80.1907478,22.45,58,85,0.58,0.85,2,0.02,9405,94.05,-75614,-75.614,341,0.341,548,0.548,103,0.10300000000000001,0,0.0,0,
831.611161,1788180427.480667,940158000,238,1,1,4,28,60771922,801907476,22480,6.0771922,80.1907476,22.48,58,85,0.58,0.85,2,0.02,9405,94.05,-75584,-75.584,341,0.341,550,0.55,135,0.135,0,0.0,0,
832.047597,1788180427.917103,940758000,11,1,1,4,28,60771927,801907475,22510,6.0771926999999994,80.1907475,22.51,58,85,0.58,0.85,3,0.03,9405,94.05,-75554,-75.554,342,0.342,554,0.554,151,0.151,0,0.0,0,
832.611914,1788180428.481420,941158000,39,1,1,4,28,60771929,801907473,22550,6.0771929,80.1907473,22.55,58,85,0.58,0.85,1,0.01,9405,94.05,-75514,-75.514,343,0.343,557,0.557,165,0.165,0,0.0,0,
833.032891,1788180428.902397,941758000,68,1,1,4,28,60771935,801907472,22530,6.0771935,80.19074719999999,22.53,54,77,0.54,0.77,1,0.01,9405,94.05,-75535,-75.535,344,0.34400000000000003,561,0.561,162,0.162,0,0.0,0,
833.531971,1788180429.401477,942158000,96,1,1,4,28,60771940,801907470,22530,6.0771939999999995,80.190747,22.53,58,85,0.58,0.85,2,0.02,9405,94.05,-75534,-75.534,345,0.34500000000000003,564,0.5640000000000001,105,0.105,0,0.0,0,
834.146403,1788180430.015909,942758000,125,1,1,4,28,60771947,801907468,22560,6.0771947,80.1907468,22.56,58,85,0.58,0.85,3,0.03,9405,94.05,-75505,-75.505,346,0.34600000000000003,567,0.5670000000000001,115,0.115,0,0.0,0,
834.590978,1788180430.460484,943158000,153,1,1,4,28,60771951,801907468,22610,6.0771951,80.1907468,22.61,58,85,0.58,0.85,2,0.02,9405,94.05,-75454,-75.45400000000001,347,0.34700000000000003,569,0.5690000000000001,91,0.091,0,0.0,0,
835.030453,1788180430.899959,943758000,182,1,1,4,28,60771956,801907468,22650,6.0771956,80.1907468,22.650000000000002,58,85,0.58,0.85,4,0.04,9405,94.05,-75414,-75.414,348,0.34800000000000003,572,0.5720000000000001,105,0.105,0,0.0,0,
835.606833,1788180431.476339,944158000,210,1,1,4,28,60771960,801907469,22690,6.077196,80.1907469,22.69,58,85,0.58,0.85,2,0.02,9405,94.05,-75374,-75.374,348,0.34800000000000003,573,0.5730000000000001,103,0.10300000000000001,0,0.0,0,
836.059624,1788180431.929130,944758000,239,1,1,4,27,60771963,801907470,22750,6.0771963,80.190747,22.75,55,77,0.55,0.77,4,0.04,9405,94.05,-75314,-75.31400000000001,349,0.34900000000000003,575,0.5750000000000001,141,0.14100000000000001,0,0.0,0,
836.528648,1788180432.398154,945158000,11,1,1,4,27,60771968,801907469,22780,6.077196799999999,80.1907469,22.78,60,86,0.6,0.86,0,0.0,9405,94.05,-75285,-75.285,350,0.35000000000000003,577,0.577,131,0.131,0,0.0,0,
837.107071,1788180432.976577,945758000,40,1,1,4,28,60771974,801907466,22850,6.077197399999999,80.1907466,22.85,58,85,0.58,0.85,6,0.06,9405,94.05,-75215,-75.215,351,0.35100000000000003,578,0.578,114,0.114,0,0.0,0,
837.559777,1788180433.429283,946158000,68,1,1,4,28,60771977,801907466,22860,6.0771977,80.1907466,22.86,58,85,0.58,0.85,1,0.01,9405,94.05,-75204,-75.20400000000001,351,0.35100000000000003,580,0.58,151,0.151,0,0.0,0,
838.028736,1788180433.898242,946758000,97,1,1,4,28,60771985,801907468,22880,6.0771985,80.1907468,22.88,58,85,0.58,0.85,5,0.05,9405,94.05,-75184,-75.184,352,0.352,583,0.583,137,0.137,0,0.0,0,
838.637967,1788180434.507473,947158000,125,1,1,4,28,60771990,801907467,22900,6.077198999999999,80.19074669999999,22.900000000000002,58,85,0.58,0.85,1,0.01,9405,94.05,-75164,-75.164,353,0.353,584,0.584,152,0.152,0,0.0,0,
839.198558,1788180435.068064,947758000,157,1,1,4,28,60771994,801907468,22970,6.0771994,80.1907468,22.97,54,77,0.54,0.77,5,0.05,9405,94.05,-75094,-75.09400000000001,354,0.354,586,0.586,141,0.14100000000000001,0,0.0,0,
839.544187,1788180435.413693,948158000,186,1,1,4,28,60771997,801907468,23010,6.0771996999999995,80.1907468,23.01,58,85,0.58,0.85,3,0.03,9405,94.05,-75054,-75.054,354,0.354,587,0.587,145,0.145,0,0.0,0,
840.088240,1788180435.957746,948758000,215,1,1,4,28,60772001,801907468,23080,6.0772001,80.1907468,23.080000000000002,58,85,0.58,0.85,1,0.01,9405,94.05,-74984,-74.984,355,0.355,590,0.59,140,0.14,0,0.0,0,
840.559582,1788180436.429088,949158000,243,1,1,4,28,60772004,801907467,23140,6.0772004,80.19074669999999,23.14,58,85,0.58,0.85,5,0.05,9405,94.05,-74924,-74.924,356,0.356,591,0.591,145,0.145,0,0.0,0,
841.008324,1788180436.877830,949758000,16,1,1,4,28,60772009,801907468,23190,6.077200899999999,80.1907468,23.19,58,85,0.58,0.85,3,0.03,9405,94.05,-74874,-74.874,357,0.357,592,0.592,85,0.085,0,0.0,0,
841.588714,1788180437.458220,950158000,45,1,1,4,28,60772013,801907468,23250,6.0772013,80.1907468,23.25,58,85,0.58,0.85,4,0.04,9405,94.05,-74814,-74.81400000000001,357,0.357,594,0.594,111,0.111,0,0.0,0,
842.041331,1788180437.910837,950758000,74,1,1,4,28,60772020,801907466,23320,6.077202,80.1907466,23.32,54,77,0.54,0.77,1,0.01,9405,94.05,-74744,-74.744,357,0.357,597,0.597,140,0.14,0,0.0,0,
842.634010,1788180438.503516,951158000,102,1,1,4,28,60772024,801907465,23380,6.0772024,80.1907465,23.38,58,85,0.58,0.85,6,0.06,9405,94.05,-74684,-74.684,358,0.358,598,0.598,96,0.096,0,0.0,0,
843.087871,1788180438.957377,951762000,131,1,1,4,28,60772035,801907460,23420,6.0772034999999995,80.19074599999999,23.42,58,85,0.58,0.85,1,0.01,9405,94.05,-74644,-74.644,357,0.357,599,0.599,89,0.089,0,0.0,0,
843.539926,1788180439.409432,952162000,159,1,1,4,28,60772048,801907453,23390,6.0772048,80.1907453,23.39,58,85,0.58,0.85,1,0.01,9405,94.05,-74674,-74.674,355,0.355,600,0.6,128,0.128,0,0.0,0,
844.027316,1788180439.896822,952762000,188,1,1,4,28,60772064,801907445,23360,6.0772064,80.1907445,23.36,58,85,0.58,0.85,0,0.0,9405,94.05,-74704,-74.70400000000001,352,0.352,602,0.602,106,0.106,0,0.0,0,
844.573360,1788180440.442866,953162000,216,1,1,4,28,60772073,801907441,23350,6.0772072999999995,80.1907441,23.35,58,85,0.58,0.85,1,0.01,9405,94.05,-74714,-74.714,351,0.35100000000000003,603,0.603,150,0.15,0,0.0,0,
845.041200,1788180440.910706,953762000,245,1,1,4,27,60772084,801907436,23310,6.0772084,80.19074359999999,23.31,58,85,0.58,0.85,3,0.03,9405,94.05,-74754,-74.754,350,0.35000000000000003,603,0.603,119,0.11900000000000001,0,0.0,0,
845.615571,1788180441.485077,954162000,17,1,1,4,28,60772091,801907433,23300,6.0772091,80.1907433,23.3,58,85,0.58,0.85,2,0.02,9405,94.05,-74765,-74.765,350,0.35000000000000003,604,0.604,143,0.14300000000000002,0,0.0,0,
846.072405,1788180441.941911,954762000,46,1,1,4,28,60772102,801907429,23280,6.0772102,80.19074289999999,23.28,58,85,0.58,0.85,2,0.02,9405,94.05,-74785,-74.785,349,0.34900000000000003,605,0.605,87,0.08700000000000001,0,0.0,0,
846.537808,1788180442.407314,955162000,74,1,1,4,28,60772109,801907428,23250,6.0772109,80.1907428,23.25,58,85,0.58,0.85,3,0.03,9405,94.05,-74814,-74.81400000000001,348,0.34800000000000003,605,0.605,129,0.129,0,0.0,0,
847.118125,1788180442.987631,955762000,103,1,1,4,28,60772119,801907426,23200,6.0772119,80.1907426,23.2,58,85,0.58,0.85,2,0.02,9405,94.05,-74864,-74.864,346,0.34600000000000003,605,0.605,132,0.132,0,0.0,0,
847.597323,1788180443.466829,956162000,131,1,1,4,28,60772124,801907425,23210,6.0772124,80.1907425,23.21,58,85,0.58,0.85,5,0.05,9405,94.05,-74854,-74.854,346,0.34600000000000003,605,0.605,152,0.152,0,0.0,0,
848.034149,1788180443.903655,956762000,160,1,1,4,28,60772132,801907422,23170,6.0772132,80.1907422,23.17,54,77,0.54,0.77,1,0.01,9405,94.05,-74894,-74.894,345,0.34500000000000003,606,0.606,118,0.11800000000000001,0,0.0,0,
848.609874,1788180444.479380,957162000,188,1,1,4,28,60772136,801907422,23140,6.077213599999999,80.1907422,23.14,58,85,0.58,0.85,4,0.04,9405,94.05,-74924,-74.924,345,0.34500000000000003,606,0.606,97,0.097,0,0.0,0,
849.064971,1788180444.934477,957762000,217,1,1,4,28,60772143,801907420,23060,6.0772143,80.190742,23.06,58,85,0.58,0.85,4,0.04,9405,94.05,-75004,-75.004,345,0.34500000000000003,607,0.607,105,0.105,0,0.0,0,
849.530357,1788180445.399863,958162000,245,1,1,4,27,60772147,801907421,23020,6.0772147,80.1907421,23.02,59,87,0.59,0.87,3,0.03,9405,94.05,-75044,-75.044,344,0.34400000000000003,607,0.607,91,0.091,0,0.0,0,
850.107060,1788180445.976566,958762000,18,1,1,4,27,60772154,801907423,22980,6.0772154,80.1907423,22.98,59,87,0.59,0.87,2,0.02,9405,94.05,-75084,-75.084,344,0.34400000000000003,607,0.607,138,0.138,0,0.0,0,
850.560266,1788180446.429772,959162000,46,1,1,4,27,60772157,801907424,22940,6.0772157,80.19074239999999,22.94,59,87,0.59,0.87,4,0.04,9405,94.05,-75124,-75.124,343,0.343,607,0.607,152,0.152,0,0.0,0,
851.080615,1788180446.950121,959762000,75,1,1,4,27,60772161,801907425,22880,6.077216099999999,80.1907425,22.88,55,77,0.55,0.77,6,0.06,9405,94.05,-75184,-75.184,343,0.343,608,0.608,97,0.097,0,0.0,0,
851.511027,1788180447.380533,960162000,104,1,1,4,27,60772163,801907427,22840,6.0772163,80.1907427,22.84,59,87,0.59,0.87,5,0.05,9405,94.05,-75224,-75.224,343,0.343,609,0.609,92,0.092,0,0.0,0,
852.057634,1788180447.927140,960762000,134,1,1,4,27,60772167,801907429,22790,6.0772167,80.19074289999999,22.79,59,87,0.59,0.87,1,0.01,9405,94.05,-75274,-75.274,344,0.34400000000000003,609,0.609,92,0.092,0,0.0,0,
852.543622,1788180448.413128,961162000,162,1,1,4,27,60772171,801907429,22800,6.0772170999999995,80.19074289999999,22.8,59,87,0.59,0.87,2,0.02,9405,94.05,-75264,-75.264,344,0.34400000000000003,609,0.609,105,0.105,0,0.0,0,
853.088371,1788180448.957877,961762000,191,1,1,4,27,60772175,801907430,22810,6.0772175,80.190743,22.81,59,87,0.59,0.87,1,0.01,9405,94.05,-75254,-75.254,344,0.34400000000000003,610,0.61,147,0.147,0,0.0,0,
853.555099,1788180449.424605,962162000,219,1,1,4,27,60772177,801907431,22810,6.077217699999999,80.19074309999999,22.81,59,87,0.59,0.87,2,0.02,9405,94.05,-75254,-75.254,344,0.34400000000000003,610,0.61,87,0.08700000000000001,0,0.0,0,
854.005101,1788180449.874607,962762000,248,1,1,4,27,60772180,801907432,22790,6.077217999999999,80.1907432,22.79,55,77,0.55,0.77,4,0.04,9405,94.05,-75274,-75.274,344,0.34400000000000003,610,0.61,137,0.137,0,0.0,0,
854.582298,1788180450.451804,963162000,20,1,1,4,27,60772183,801907433,22800,6.077218299999999,80.1907433,22.8,59,87,0.59,0.87,2,0.02,9405,94.05,-75264,-75.264,344,0.34400000000000003,611,0.611,149,0.149,0,0.0,0,
855.050081,1788180450.919587,963762000,49,1,1,4,27,60772186,801907435,22790,6.0772186,80.1907435,22.79,59,87,0.59,0.87,3,0.03,9405,94.05,-75274,-75.274,344,0.34400000000000003,611,0.611,100,0.1,0,0.0,0,
855.628011,1788180451.497517,964162000,77,1,1,4,27,60772190,801907436,22780,6.0772189999999995,80.19074359999999,22.78,59,87,0.59,0.87,0,0.0,9405,94.05,-75284,-75.284,344,0.34400000000000003,612,0.612,158,0.158,0,0.0,0,
856.048055,1788180451.917561,964762000,106,1,1,4,27,60772194,801907437,22760,6.0772194,80.1907437,22.76,59,87,0.59,0.87,2,0.02,9405,94.05,-75304,-75.304,344,0.34400000000000003,613,0.613,158,0.158,0,0.0,0,
856.552552,1788180452.422058,965162000,134,1,1,4,27,60772196,801907437,22770,6.077219599999999,80.1907437,22.77,59,87,0.59,0.87,4,0.04,9405,94.05,-75294,-75.294,344,0.34400000000000003,614,0.614,93,0.093,0,0.0,0,
857.036983,1788180452.906489,965762000,163,1,1,4,27,60772198,801907438,22750,6.0772198,80.19074379999999,22.75,55,77,0.55,0.77,4,0.04,9405,94.05,-75314,-75.31400000000001,344,0.34400000000000003,615,0.615,130,0.13,0,0.0,0,
857.583533,1788180453.453039,966162000,191,1,1,4,27,60772198,801907439,22760,6.0772198,80.1907439,22.76,59,87,0.59,0.87,2,0.02,9405,94.05,-75304,-75.304,344,0.34400000000000003,615,0.615,150,0.15,0,0.0,0,
858.039159,1788180453.908665,966762000,220,1,1,4,27,60772199,801907441,22780,6.077219899999999,80.1907441,22.78,59,87,0.59,0.87,2,0.02,9405,94.05,-75284,-75.284,344,0.34400000000000003,615,0.615,109,0.109,0,0.0,0,
858.631923,1788180454.501429,967162000,248,1,1,4,27,60772200,801907441,22800,6.07722,80.1907441,22.8,59,87,0.59,0.87,1,0.01,9405,94.05,-75264,-75.264,344,0.34400000000000003,615,0.615,96,0.096,0,0.0,0,
859.037705,1788180454.907211,967762000,21,1,1,4,27,60772200,801907441,22820,6.07722,80.1907441,22.82,59,87,0.59,0.87,1,0.01,9405,94.05,-75244,-75.244,344,0.34400000000000003,615,0.615,144,0.14400000000000002,0,0.0,0,
859.539902,1788180455.409408,968162000,49,1,1,4,27,60772200,801907442,22850,6.07722,80.1907442,22.85,59,87,0.59,0.87,3,0.03,9405,94.05,-75214,-75.214,344,0.34400000000000003,614,0.614,136,0.136,0,0.0,0,
860.118201,1788180455.987707,968762000,78,1,1,4,27,60772198,801907444,22920,6.0772198,80.1907444,22.92,55,77,0.55,0.77,1,0.01,9405,94.05,-75144,-75.144,343,0.343,614,0.614,153,0.153,0,0.0,0,
860.570458,1788180456.439964,969162000,106,1,1,4,27,60772197,801907447,22930,6.0772197,80.1907447,22.93,59,87,0.59,0.87,1,0.01,9405,94.05,-75134,-75.134,342,0.342,613,0.613,92,0.092,0,0.0,0,
861.039482,1788180456.908988,969762000,135,1,1,4,27,60772197,801907449,22930,6.0772197,80.1907449,22.93,59,87,0.59,0.87,5,0.05,9405,94.05,-75134,-75.134,342,0.342,612,0.612,87,0.08700000000000001,0,0.0,0,
861.601863,1788180457.471369,970162000,164,1,1,4,27,60772196,801907449,22930,6.077219599999999,80.1907449,22.93,59,87,0.59,0.87,4,0.04,9405,94.05,-75134,-75.134,342,0.342,612,0.612,103,0.10300000000000001,0,0.0,0,
862.068005,1788180457.937511,970762000,193,1,1,4,27,60772194,801907450,22960,6.0772194,80.19074499999999,22.96,59,87,0.59,0.87,4,0.04,9405,94.05,-75104,-75.104,342,0.342,611,0.611,140,0.14,0,0.0,0,
862.565526,1788180458.435032,971162000,221,1,1,4,27,60772192,801907451,22980,6.0772192,80.1907451,22.98,59,87,0.59,0.87,6,0.06,9405,94.05,-75084,-75.084,341,0.341,611,0.611,105,0.105,0,0.0,0,
863.065542,1788180458.935048,971763000,250,1,1,4,26,60772191,801907454,22980,6.0772191,80.1907454,22.98,59,87,0.59,0.87,0,0.0,9405,94.05,-75084,-75.084,341,0.341,612,0.612,150,0.15,0,0.0,0,
863.599160,1788180459.468666,972163000,22,1,1,4,28,60772191,801907457,22990,6.0772191,80.1907457,22.990000000000002,59,87,0.59,0.87,1,0.01,9405,94.05,-75074,-75.074,340,0.34,612,0.612,149,0.149,0,0.0,0,
864.016742,1788180459.886248,972763000,51,1,1,4,27,60772190,801907461,22970,6.0772189999999995,80.1907461,22.97,59,87,0.59,0.87,0,0.0,9405,94.05,-75094,-75.09400000000001,339,0.339,611,0.611,93,0.093,0,0.0,0,
864.561552,1788180460.431058,973163000,79,1,1,4,27,60772190,801907465,22960,6.0772189999999995,80.1907465,22.96,59,87,0.59,0.87,5,0.05,9405,94.05,-75105,-75.105,338,0.338,610,0.61,92,0.092,0,0.0,0,
865.061264,1788180460.930770,973763000,108,1,1,4,27,60772189,801907467,22960,6.0772189,80.19074669999999,22.96,59,87,0.59,0.87,4,0.04,9405,94.05,-75104,-75.104,337,0.337,609,0.609,91,0.091,0,0.0,0,
865.512921,1788180461.382427,974163000,136,1,1,4,27,60772190,801907469,22960,6.0772189999999995,80.1907469,22.96,59,87,0.59,0.87,5,0.05,9405,94.05,-75104,-75.104,336,0.336,608,0.608,134,0.134,0,0.0,0,
866.089189,1788180461.958695,974763000,165,1,1,4,28,60772189,801907471,22930,6.0772189,80.1907471,22.93,55,77,0.55,0.77,6,0.06,9405,94.05,-75134,-75.134,335,0.335,608,0.608,86,0.08600000000000001,0,0.0,0,
866.559553,1788180462.429059,975163000,193,1,1,4,28,60772189,801907470,22910,6.0772189,80.190747,22.91,60,86,0.6,0.86,4,0.04,9405,94.05,-75154,-75.154,334,0.334,607,0.607,102,0.10200000000000001,0,0.0,0,
867.012686,1788180462.882192,975763000,222,1,1,4,26,60772187,801907468,22890,6.0772186999999995,80.1907468,22.89,60,86,0.6,0.86,3,0.03,9405,94.05,-75174,-75.174,333,0.333,606,0.606,94,0.094,0,0.0,0,
867.586632,1788180463.456138,976163000,250,1,1,4,27,60772187,801907466,22860,6.0772186999999995,80.1907466,22.86,60,86,0.6,0.86,2,0.02,9405,94.05,-75204,-75.20400000000001,332,0.332,606,0.606,88,0.088,0,0.0,0,
868.082053,1788180463.951559,976763000,23,1,1,4,27,60772187,801907465,22850,6.0772186999999995,80.1907465,22.85,60,86,0.6,0.86,3,0.03,9405,94.05,-75214,-75.214,331,0.331,606,0.606,132,0.132,0,0.0,0,
868.507237,1788180464.376743,977163000,51,1,1,4,27,60772189,801907463,22820,6.0772189,80.1907463,22.82,60,86,0.6,0.86,2,0.02,9405,94.05,-75245,-75.245,331,0.331,606,0.606,149,0.149,0,0.0,0,
869.008592,1788180464.878098,977763000,80,1,1,4,28,60772188,801907463,22790,6.0772188,80.1907463,22.79,55,77,0.55,0.77,4,0.04,9405,94.05,-75274,-75.274,330,0.33,605,0.605,104,0.10400000000000001,0,0.0,0,
869.537580,1788180465.407086,978163000,108,1,1,4,28,60772188,801907462,22770,6.0772188,80.19074619999999,22.77,60,86,0.6,0.86,2,0.02,9405,94.05,-75294,-75.294,329,0.329,605,0.605,122,0.122,0,0.0,0,
870.116793,1788180465.986299,978763000,137,1,1,4,27,60772188,801907459,22730,6.0772188,80.1907459,22.73,60,86,0.6,0.86,2,0.02,9405,94.05,-75334,-75.334,329,0.329,606,0.606,123,0.123,0,0.0,0,
870.583417,1788180466.452923,979163000,165,1,1,4,27,60772188,801907458,22690,6.0772188,80.1907458,22.69,60,86,0.6,0.86,2,0.02,9405,94.05,-75374,-75.374,328,0.328,606,0.606,139,0.139,0,0.0,0,
871.035246,1788180466.904752,979763000,194,1,1,4,27,60772188,801907456,22650,6.0772188,80.1907456,22.650000000000002,60,86,0.6,0.86,7,0.07,9405,94.05,-75414,-75.414,328,0.328,605,0.605,116,0.116,0,0.0,0,
871.510002,1788180467.379508,980163000,223,1,1,4,28,60772188,801907456,22590,6.0772188,80.1907456,22.59,60,86,0.6,0.86,2,0.02,9405,94.05,-75474,-75.474,327,0.327,605,0.605,145,0.145,0,0.0,0,
872.067062,1788180467.936568,980763000,252,1,1,4,28,60772188,801907456,22530,6.0772188,80.1907456,22.53,55,77,0.55,0.77,2,0.02,9405,94.05,-75534,-75.534,327,0.327,605,0.605,88,0.088,0,0.0,0,
872.535249,1788180468.404755,981163000,24,1,1,4,28,60772187,801907453,22450,6.0772186999999995,80.1907453,22.45,60,86,0.6,0.86,2,0.02,9405,94.05,-75614,-75.614,326,0.326,604,0.604,141,0.14100000000000001,0,0.0,0,
873.109928,1788180468.979434,981763000,53,1,1,4,27,60772187,801907447,22330,6.0772186999999995,80.1907447,22.330000000000002,60,86,0.6,0.86,2,0.02,9405,94.05,-75734,-75.734,325,0.325,603,0.603,97,0.097,0,0.0,0,
873.578839,1788180469.448345,982163000,81,1,1,4,28,60772186,801907443,22280,6.0772186,80.19074429999999,22.28,60,86,0.6,0.86,2,0.02,9405,94.05,-75784,-75.784,324,0.324,603,0.603,149,0.149,0,0.0,0,
874.027178,1788180469.896684,982763000,110,1,1,4,26,60772186,801907439,22230,6.0772186,80.1907439,22.23,60,86,0.6,0.86,3,0.03,9405,94.05,-75834,-75.834,324,0.324,604,0.604,101,0.101,0,0.0,0,
874.632766,1788180470.502272,983163000,138,1,1,4,28,60772186,801907437,22180,6.0772186,80.1907437,22.18,60,86,0.6,0.86,6,0.06,9405,94.05,-75884,-75.884,324,0.324,605,0.605,137,0.137,0,0.0,0,
875.023848,1788180470.893354,983763000,167,1,1,4,26,60772188,801907435,22100,6.0772188,80.1907435,22.1,62,87,0.62,0.87,5,0.05,9405,94.05,-75964,-75.964,325,0.325,606,0.606,86,0.08600000000000001,0,0.0,0,
875.523089,1788180471.392595,984163000,195,1,1,4,26,60772187,801907433,22040,6.0772186999999995,80.1907433,22.04,62,87,0.62,0.87,4,0.04,9405,94.05,-76025,-76.025,325,0.325,607,0.607,147,0.147,0,0.0,0,
876.022402,1788180471.891908,984763000,224,1,1,4,26,60772185,801907432,21970,6.0772185,80.1907432,21.97,62,87,0.62,0.87,3,0.03,9405,94.05,-76094,-76.09400000000001,325,0.325,609,0.609,106,0.106,0,0.0,0,
876.567415,1788180472.436921,985163000,252,1,1,4,26,60772183,801907431,21940,6.077218299999999,80.19074309999999,21.94,62,87,0.62,0.87,4,0.04,9405,94.05,-76125,-76.125,325,0.325,610,0.61,106,0.106,0,0.0,0,
877.020793,1788180472.890299,985763000,28,1,1,4,26,60772182,801907430,21900,6.0772182,80.190743,21.900000000000002,62,87,0.62,0.87,3,0.03,9405,94.05,-76165,-76.165,324,0.324,610,0.61,154,0.154,0,0.0,0,
877.628656,1788180473.498162,986163000,56,1,1,4,25,60772182,801907428,21880,6.0772182,80.1907428,21.88,62,87,0.62,0.87,1,0.01,9405,94.05,-76184,-76.184,324,0.324,610,0.61,162,0.162,0,0.0,0,
878.015152,1788180473.884658,986763000,85,1,1,4,26,60772180,801907426,21880,6.077217999999999,80.1907426,21.88,62,87,0.62,0.87,2,0.02,9405,94.05,-76184,-76.184,324,0.324,611,0.611,138,0.138,0,0.0,0,
878.545084,1788180474.414590,987163000,113,1,1,4,26,60772178,801907425,21920,6.0772178,80.1907425,21.92,62,87,0.62,0.87,6,0.06,9405,94.05,-76144,-76.144,323,0.323,611,0.611,127,0.127,0,0.0,0,
879.105999,1788180474.975505,987763000,143,1,1,4,27,60772175,801907426,21920,6.0772175,80.1907426,21.92,62,87,0.62,0.87,5,0.05,9405,94.05,-76144,-76.144,323,0.323,611,0.611,151,0.151,0,0.0,0,
879.560617,1788180475.430123,988163000,172,1,1,4,27,60772174,801907425,21970,6.077217399999999,80.1907425,21.97,62,87,0.62,0.87,2,0.02,9405,94.05,-76094,-76.09400000000001,323,0.323,611,0.611,154,0.154,0,0.0,0,
880.010445,1788180475.879951,988763000,201,1,1,4,26,60772170,801907422,21980,6.077217,80.1907422,21.98,62,87,0.62,0.87,4,0.04,9405,94.05,-76084,-76.084,323,0.323,612,0.612,84,0.084,0,0.0,0,
880.540446,1788180476.409952,989163000,229,1,1,4,25,60772168,801907421,21990,6.0772167999999995,80.1907421,21.990000000000002,63,89,0.63,0.89,5,0.05,9405,94.05,-76074,-76.074,323,0.323,613,0.613,84,0.084,0,0.0,0,
881.041714,1788180476.911220,989763000,2,1,1,4,25,60772166,801907419,22020,6.0772166,80.19074189999999,22.02,58,82,0.58,0.8200000000000001,1,0.01,9405,94.05,-76044,-76.044,322,0.322,614,0.614,144,0.14400000000000002,0,0.0,0,
881.545641,1788180477.415147,990163000,31,1,1,4,26,60772164,801907417,22050,6.077216399999999,80.19074169999999,22.05,58,82,0.58,0.8200000000000001,2,0.02,9405,94.05,-76014,-76.014,322,0.322,616,0.616,91,0.091,0,0.0,0,
882.092135,1788180477.961641,990763000,60,1,1,4,26,60772161,801907414,22090,6.077216099999999,80.1907414,22.09,58,82,0.58,0.8200000000000001,3,0.03,9405,94.05,-75974,-75.974,323,0.323,619,0.619,123,0.123,0,0.0,0,
882.543479,1788180478.412985,991163000,88,1,1,4,27,60772160,801907415,22080,6.077216,80.1907415,22.080000000000002,58,82,0.58,0.8200000000000001,3,0.03,9405,94.05,-75984,-75.984,323,0.323,621,0.621,151,0.151,0,0.0,0,
883.031462,1788180478.900968,991766000,118,1,1,4,27,60772155,801907415,22140,6.077215499999999,80.1907415,22.14,58,82,0.58,0.8200000000000001,2,0.02,9405,94.05,-75924,-75.924,324,0.324,623,0.623,158,0.158,0,0.0,0,
883.587137,1788180479.456643,992166000,146,1,1,4,25,60772154,801907416,22180,6.0772154,80.1907416,22.18,58,82,0.58,0.8200000000000001,4,0.04,9405,94.05,-75884,-75.884,325,0.325,624,0.624,159,0.159,0,0.0,0,
884.038888,1788180479.908394,992766000,175,1,1,4,26,60772147,801907419,22240,6.0772147,80.19074189999999,22.240000000000002,55,76,0.55,0.76,12,0.12,12986,129.86,-75824,-75.824,327,0.327,626,0.626,126,0.126,0,0.0,0,
884.615244,1788180480.484750,993166000,203,1,1,4,26,60772143,801907423,22230,6.0772143,80.1907423,22.23,63,89,0.63,0.89,3,0.03,12986,129.86,-75834,-75.834,327,0.327,625,0.625,119,0.11900000000000001,0,0.0,0,
885.073897,1788180480.943403,993766000,232,1,1,4,28,60772138,801907429,22210,6.0772138,80.19074289999999,22.21,60,88,0.6,0.88,4,0.04,12986,129.86,-75855,-75.855,328,0.328,621,0.621,126,0.126,0,0.0,0,
885.548921,1788180481.418427,994166000,4,1,1,4,28,60772134,801907433,22200,6.0772134,80.1907433,22.2,56,83,0.56,0.8300000000000001,3,0.03,12986,129.86,-75864,-75.864,328,0.328,619,0.619,105,0.105,0,0.0,0,
886.007573,1788180481.877079,994766000,33,1,1,4,28,60772128,801907436,22260,6.0772128,80.19074359999999,22.26,56,83,0.56,0.8300000000000001,2,0.02,12986,129.86,-75804,-75.804,329,0.329,621,0.621,158,0.158,0,0.0,0,
886.533173,1788180482.402679,995166000,61,1,1,4,28,60772125,801907439,22270,6.0772125,80.1907439,22.27,56,83,0.56,0.8300000000000001,3,0.03,12986,129.86,-75794,-75.794,330,0.33,622,0.622,119,0.11900000000000001,0,0.0,0,
887.033264,1788180482.902770,995766000,90,1,1,4,28,60772119,801907444,22370,6.0772119,80.1907444,22.37,53,76,0.53,0.76,2,0.02,12986,129.86,-75694,-75.694,330,0.33,622,0.622,119,0.11900000000000001,0,0.0,0,
887.611623,1788180483.481129,996166000,118,1,1,4,28,60772116,801907445,22460,6.0772116,80.1907445,22.46,56,83,0.56,0.8300000000000001,2,0.02,12986,129.86,-75604,-75.604,329,0.329,622,0.622,159,0.159,0,0.0,0,
888.079036,1788180483.948542,996766000,147,1,1,4,28,60772111,801907447,22580,6.0772110999999995,80.1907447,22.580000000000002,56,83,0.56,0.8300000000000001,5,0.05,12986,129.86,-75484,-75.484,329,0.329,623,0.623,106,0.106,0,0.0,0,
888.562758,1788180484.432264,997166000,175,1,1,4,29,60772108,801907449,22670,6.0772108,80.1907449,22.67,56,83,0.56,0.8300000000000001,2,0.02,12986,129.86,-75394,-75.394,329,0.329,623,0.623,117,0.117,0,0.0,0,
889.110066,1788180484.979572,997766000,204,1,1,4,29,60772103,801907450,22850,6.0772103,80.19074499999999,22.85,55,82,0.55,0.8200000000000001,5,0.05,12986,129.86,-75214,-75.214,329,0.329,623,0.623,134,0.134,0,0.0,0,
889.575449,1788180485.444955,998166000,232,1,1,4,29,60772100,801907450,22910,6.07721,80.19074499999999,22.91,55,82,0.55,0.8200000000000001,2,0.02,12986,129.86,-75155,-75.155,329,0.329,624,0.624,162,0.162,0,0.0,0,
890.031761,1788180485.901267,998766000,5,1,1,4,29,60772098,801907449,23050,6.077209799999999,80.1907449,23.05,52,76,0.52,0.76,8,0.08,12986,129.86,-75014,-75.014,328,0.328,624,0.624,87,0.08700000000000001,0,0.0,0,
890.605089,1788180486.474595,999166000,33,1,1,4,28,60772097,801907448,23140,6.0772097,80.19074479999999,23.14,55,82,0.55,0.8200000000000001,3,0.03,12986,129.86,-74924,-74.924,327,0.327,622,0.622,156,0.156,0,0.0,0,
891.070178,1788180486.939684,999766000,62,1,1,4,28,60772095,801907447,23280,6.0772094999999995,80.1907447,23.28,55,82,0.55,0.8200000000000001,5,0.05,12986,129.86,-74784,-74.784,325,0.325,619,0.619,92,0.092,0,0.0,0,
891.554529,1788180487.424035,1000166000,91,1,1,4,27,60772093,801907447,23360,6.0772093,80.1907447,23.36,56,83,0.56,0.8300000000000001,4,0.04,12986,129.86,-74704,-74.70400000000001,325,0.325,618,0.618,141,0.14100000000000001,0,0.0,0,
892.118480,1788180487.987986,1000766000,120,1,1,4,27,60772091,801907447,23460,6.0772091,80.1907447,23.46,56,83,0.56,0.8300000000000001,0,0.0,12986,129.86,-74604,-74.604,326,0.326,617,0.617,150,0.15,0,0.0,0,
892.554817,1788180488.424323,1001166000,148,1,1,4,26,60772088,801907447,23520,6.077208799999999,80.1907447,23.52,56,83,0.56,0.8300000000000001,2,0.02,12986,129.86,-74544,-74.544,324,0.324,613,0.613,111,0.111,0,0.0,0,
893.040511,1788180488.910017,1001766000,177,1,1,4,27,60772086,801907448,23590,6.0772086,80.19074479999999,23.59,55,77,0.55,0.77,4,0.04,12986,129.86,-74474,-74.474,320,0.32,608,0.608,72,0.07200000000000001,0,0.0,0,
893.599309,1788180489.468815,1002166000,205,1,1,4,26,60772084,801907450,23630,6.0772084,80.19074499999999,23.63,63,89,0.63,0.89,5,0.05,12986,129.86,-74434,-74.434,319,0.319,605,0.605,90,0.09,0,0.0,0,
894.053042,1788180489.922548,1002766000,234,1,1,4,25,60772082,801907453,23700,6.077208199999999,80.1907453,23.7,63,89,0.63,0.89,5,0.05,12986,129.86,-74364,-74.364,317,0.317,600,0.6,97,0.097,0,0.0,0,
894.489066,1788180490.358572,1003166000,6,1,1,4,26,60772079,801907454,23750,6.077207899999999,80.1907454,23.75,63,89,0.63,0.89,5,0.05,12986,129.86,-74315,-74.315,315,0.315,596,0.596,86,0.08600000000000001,0,0.0,0,
895.086183,1788180490.955689,1003766000,35,1,1,4,26,60772076,801907455,23790,6.0772075999999995,80.19074549999999,23.79,60,88,0.6,0.88,0,0.0,12986,129.86,-74275,-74.275,312,0.312,591,0.591,104,0.10400000000000001,0,0.0,0,
895.587611,1788180491.457117,1004166000,63,1,1,4,26,60772075,801907456,23820,6.0772075,80.1907456,23.82,60,88,0.6,0.88,1,0.01,12986,129.86,-74245,-74.245,311,0.311,590,0.59,113,0.113,0,0.0,0,
896.025487,1788180491.894993,1004766000,92,1,1,4,26,60772073,801907458,23840,6.0772072999999995,80.1907458,23.84,56,78,0.56,0.78,3,0.03,12986,129.86,-74224,-74.224,309,0.309,587,0.587,63,0.063,0,0.0,0,
896.587576,1788180492.457082,1005166000,120,1,1,4,26,60772073,801907459,23830,6.0772072999999995,80.1907459,23.830000000000002,60,88,0.6,0.88,2,0.02,12986,129.86,-74234,-74.234,308,0.308,585,0.585,107,0.107,0,0.0,0,
897.042199,1788180492.911705,1005766000,149,1,1,4,26,60772070,801907460,23840,6.077207,80.19074599999999,23.84,60,88,0.6,0.88,4,0.04,12986,129.86,-74225,-74.22500000000001,307,0.307,583,0.583,60,0.06,0,0.0,0,
897.511627,1788180493.381133,1006166000,177,1,1,4,26,60772069,801907461,23840,6.077206899999999,80.1907461,23.84,60,88,0.6,0.88,3,0.03,12986,129.86,-74224,-74.224,305,0.305,580,0.58,115,0.115,0,0.0,0,
897.994250,1788180493.863756,1006766000,206,1,1,4,26,60772067,801907463,23800,6.0772067,80.1907463,23.8,60,88,0.6,0.88,8,0.08,12986,129.86,-74264,-74.264,302,0.302,575,0.5750000000000001,102,0.10200000000000001,0,0.0,0,
898.542480,1788180494.411986,1007166000,234,1,1,4,27,60772066,801907465,23770,6.077206599999999,80.1907465,23.77,57,86,0.5700000000000001,0.86,5,0.05,12986,129.86,-74294,-74.294,301,0.301,574,0.5740000000000001,86,0.08600000000000001,0,0.0,0,
899.119225,1788180494.988731,1007766000,7,1,1,4,26,60772062,801907467,23720,6.0772062,80.19074669999999,23.72,57,86,0.5700000000000001,0.86,3,0.03,12986,129.86,-74344,-74.34400000000001,299,0.299,571,0.5710000000000001,113,0.113,0,0.0,0,
899.570922,1788180495.440428,1008166000,35,1,1,4,25,60772060,801907467,23680,6.077205999999999,80.19074669999999,23.68,62,92,0.62,0.92,5,0.05,12986,129.86,-74384,-74.384,298,0.298,569,0.5690000000000001,64,0.064,0,0.0,0,
900.039791,1788180495.909297,1008766000,64,1,1,4,25,60772057,801907467,23600,6.0772056999999995,80.19074669999999,23.6,62,92,0.62,0.92,2,0.02,12986,129.86,-74464,-74.464,298,0.298,567,0.5670000000000001,61,0.061,0,0.0,0,
900.621289,1788180496.490795,1009166000,92,1,1,4,24,60772057,801907468,23530,6.0772056999999995,80.1907468,23.53,67,97,0.67,0.97,1,0.01,12986,129.86,-74535,-74.535,297,0.297,566,0.5660000000000001,136,0.136,0,0.0,0,
900.990040,1788180496.859546,1009765000,121,1,1,4,24,60772056,801907470,23440,6.0772056,80.190747,23.44,67,97,0.67,0.97,3,0.03,5168,51.68,-74624,-74.624,297,0.297,564,0.5640000000000001,89,0.089,0,0.0,0,
901.567525,1788180497.437031,1010165000,150,1,1,4,25,60772053,801907470,23400,6.0772053,80.190747,23.400000000000002,67,95,0.67,0.9500000000000001,4,0.04,5168,51.68,-74664,-74.664,296,0.296,564,0.5640000000000001,110,0.11,0,0.0,0,
902.102334,1788180497.971840,1010765000,179,1,1,4,25,60772053,801907471,23280,6.0772053,80.1907471,23.28,67,95,0.67,0.9500000000000001,8,0.08,5168,51.68,-74784,-74.784,296,0.296,563,0.5630000000000001,122,0.122,0,0.0,0,
902.565322,1788180498.434828,1011165000,207,1,1,4,26,60772053,801907472,23250,6.0772053,80.19074719999999,23.25,67,95,0.67,0.9500000000000001,6,0.06,5168,51.68,-74814,-74.81400000000001,298,0.298,565,0.5650000000000001,156,0.156,0,0.0,0,
903.034529,1788180498.904035,1011765000,236,1,1,4,26,60772051,801907475,23220,6.0772051,80.1907475,23.22,67,95,0.67,0.9500000000000001,1,0.01,5168,51.68,-74844,-74.84400000000001,303,0.303,571,0.5710000000000001,179,0.179,0,0.0,0,
903.517757,1788180499.387263,1012165000,8,1,1,4,26,60772049,801907477,23220,6.0772049,80.1907477,23.22,67,95,0.67,0.9500000000000001,1,0.01,5168,51.68,-74844,-74.84400000000001,305,0.305,575,0.5750000000000001,157,0.157,0,0.0,0,
904.063700,1788180499.933206,1012765000,37,1,1,4,26,60772047,801907479,23220,6.077204699999999,80.19074789999999,23.22,67,95,0.67,0.9500000000000001,7,0.07,5168,51.68,-74844,-74.84400000000001,308,0.308,581,0.581,119,0.11900000000000001,0,0.0,0,
904.726794,1788180500.596300,1013165000,65,1,1,4,27,60772046,801907481,23180,6.0772046,80.1907481,23.18,65,92,0.65,0.92,5,0.05,5168,51.68,-74884,-74.884,310,0.31,583,0.583,135,0.135,0,0.0,0,
905.100936,1788180500.970442,1013765000,94,1,1,4,27,60772045,801907484,23140,6.0772045,80.19074839999999,23.14,65,92,0.65,0.92,2,0.02,5168,51.68,-74924,-74.924,313,0.313,589,0.589,137,0.137,0,0.0,0,
905.551912,1788180501.421418,1014165000,122,1,1,4,27,60772043,801907484,23100,6.0772043,80.19074839999999,23.1,65,92,0.65,0.92,2,0.02,5168,51.68,-74964,-74.964,317,0.317,594,0.594,188,0.188,0,0.0,0,
906.019427,1788180501.888933,1014765000,151,1,1,4,26,60772041,801907486,23100,6.077204099999999,80.19074859999999,23.1,65,92,0.65,0.92,4,0.04,5168,51.68,-74964,-74.964,322,0.322,605,0.605,148,0.148,0,0.0,0,
906.625749,1788180502.495255,1015165000,179,1,1,4,27,60772040,801907487,23100,6.077204,80.1907487,23.1,65,92,0.65,0.92,6,0.06,5168,51.68,-74964,-74.964,325,0.325,613,0.613,161,0.161,0,0.0,0,
907.014567,1788180502.884073,1015765000,208,1,1,4,26,60772033,801907490,23120,6.0772033,80.190749,23.12,67,94,0.67,0.9400000000000001,3,0.03,9360,93.60000000000001,-74944,-74.944,329,0.329,624,0.624,134,0.134,0,0.0,0,
907.558470,1788180503.427976,1016165000,236,1,1,4,26,60772032,801907491,23160,6.0772032,80.19074909999999,23.16,67,94,0.67,0.9400000000000001,0,0.0,9360,93.60000000000001,-74904,-74.904,330,0.33,627,0.627,177,0.177,0,0.0,0,
908.091711,1788180503.961217,1016765000,9,1,1,4,26,60772028,801907490,23190,6.077202799999999,80.190749,23.19,59,79,0.59,0.79,5,0.05,9360,93.60000000000001,-74874,-74.874,329,0.329,628,0.628,162,0.162,0,0.0,0,
908.545582,1788180504.415088,1017165000,37,1,1,4,26,60772026,801907489,23260,6.0772026,80.1907489,23.26,67,94,0.67,0.9400000000000001,2,0.02,9360,93.60000000000001,-74804,-74.804,329,0.329,629,0.629,181,0.181,0,0.0,0,
909.018346,1788180504.887852,1017765000,66,1,1,4,26,60772025,801907487,23340,6.077202499999999,80.1907487,23.34,67,94,0.67,0.9400000000000001,3,0.03,9360,93.60000000000001,-74724,-74.724,331,0.331,632,0.632,163,0.163,0,0.0,0,
909.509477,1788180505.378983,1018165000,94,1,1,4,27,60772025,801907487,23360,6.077202499999999,80.1907487,23.36,65,92,0.65,0.92,2,0.02,9360,93.60000000000001,-74704,-74.70400000000001,331,0.331,634,0.634,171,0.171,0,0.0,0,
910.219035,1788180506.088541,1018765000,123,1,1,4,27,60772026,801907484,23410,6.0772026,80.19074839999999,23.41,65,92,0.65,0.92,4,0.04,9360,93.60000000000001,-74654,-74.654,332,0.332,636,0.636,115,0.115,0,0.0,0,
910.635343,1788180506.504849,1019165000,151,1,1,4,27,60772026,801907481,23440,6.0772026,80.1907481,23.44,65,92,0.65,0.92,9,0.09,9360,93.60000000000001,-74624,-74.624,332,0.332,636,0.636,123,0.123,0,0.0,0,
911.082574,1788180506.952080,1019765000,180,1,1,4,27,60772026,801907475,23480,6.0772026,80.1907475,23.48,57,79,0.5700000000000001,0.79,5,0.05,9360,93.60000000000001,-74584,-74.584,332,0.332,637,0.637,162,0.162,0,0.0,0,
911.547858,1788180507.417364,1020165000,209,1,1,4,27,60772026,801907470,23530,6.0772026,80.190747,23.53,65,92,0.65,0.92,5,0.05,9360,93.60000000000001,-74534,-74.534,332,0.332,637,0.637,119,0.11900000000000001,0,0.0,0,
912.111835,1788180507.981341,1020765000,238,1,1,4,26,60772028,801907464,23570,6.077202799999999,80.1907464,23.57,67,94,0.67,0.9400000000000001,2,0.02,9360,93.60000000000001,-74494,-74.494,333,0.333,640,0.64,144,0.14400000000000002,0,0.0,0,
912.580184,1788180508.449690,1021165000,10,1,1,4,26,60772025,801907463,23530,6.077202499999999,80.1907463,23.53,67,94,0.67,0.9400000000000001,6,0.06,9360,93.60000000000001,-74534,-74.534,337,0.337,645,0.645,190,0.19,0,0.0,0,
913.035509,1788180508.905015,1021765000,39,1,1,4,26,60772022,801907461,23530,6.077202199999999,80.1907461,23.53,67,94,0.67,0.9400000000000001,5,0.05,9360,93.60000000000001,-74534,-74.534,341,0.341,654,0.654,160,0.16,0,0.0,0,
913.613127,1788180509.482633,1022165000,67,1,1,4,25,60772022,801907460,23530,6.077202199999999,80.19074599999999,23.53,67,94,0.67,0.9400000000000001,12,0.12,2842,28.42,-74534,-74.534,345,0.34500000000000003,660,0.66,154,0.154,0,0.0,0,
914.032812,1788180509.902318,1022765000,97,1,1,4,25,60772020,801907457,23440,6.077202,80.1907457,23.44,67,94,0.67,0.9400000000000001,2,0.02,2842,28.42,-74624,-74.624,349,0.34900000000000003,669,0.669,182,0.182,0,0.0,0,
914.717432,1788180510.586938,1023165000,125,1,1,4,26,60772019,801907457,23460,6.0772018999999995,80.1907457,23.46,65,94,0.65,0.9400000000000001,1,0.01,2842,28.42,-74604,-74.604,351,0.35100000000000003,676,0.676,152,0.152,0,0.0,0,
915.108625,1788180510.978131,1023765000,157,1,1,4,27,60772015,801907456,23510,6.0772015,80.1907456,23.51,65,92,0.65,0.92,2,0.02,2842,28.42,-74555,-74.555,355,0.355,688,0.6880000000000001,192,0.192,0,0.0,0,
915.545062,1788180511.414568,1024165000,185,1,1,4,27,60772015,801907454,23500,6.0772015,80.1907454,23.5,65,92,0.65,0.92,6,0.06,2842,28.42,-74564,-74.56400000000001,357,0.357,693,0.6930000000000001,161,0.161,0,0.0,0,
916.028747,1788180511.898253,1024765000,214,1,1,4,27,60772012,801907451,23450,6.077201199999999,80.1907451,23.45,65,92,0.65,0.92,1,0.01,2842,28.42,-74615,-74.615,359,0.359,695,0.6950000000000001,165,0.165,0,0.0,0,
916.636714,1788180512.506220,1025165000,242,1,1,4,27,60772016,801907446,23550,6.0772015999999995,80.1907446,23.55,65,92,0.65,0.92,3,0.03,2842,28.42,-74514,-74.514,356,0.356,691,0.6910000000000001,132,0.132,0,0.0,0,
917.026802,1788180512.896308,1025765000,16,1,1,4,27,60772023,801907439,23730,6.0772023,80.1907439,23.73,57,79,0.5700000000000001,0.79,1,0.01,2842,28.42,-74334,-74.334,352,0.352,685,0.685,173,0.17300000000000001,0,0.0,0,
917.539325,1788180513.408831,1026165000,44,1,1,4,27,60772027,801907436,23820,6.0772027,80.19074359999999,23.82,65,92,0.65,0.92,0,0.0,2842,28.42,-74244,-74.244,350,0.35000000000000003,682,0.682,170,0.17,0,0.0,0,
918.098286,1788180513.967792,1026765000,73,1,1,4,27,60772032,801907433,23980,6.0772032,80.1907433,23.98,65,92,0.65,0.92,3,0.03,2842,28.42,-74084,-74.084,349,0.34900000000000003,680,0.68,114,0.114,0,0.0,0,
918.565018,1788180514.434524,1027165000,101,1,1,4,27,60772037,801907429,23990,6.0772037,80.19074289999999,23.990000000000002,65,92,0.65,0.92,3,0.03,2842,28.42,-74074,-74.074,348,0.34800000000000003,677,0.677,148,0.148,0,0.0,0,
919.018343,1788180514.887849,1027765000,131,1,1,4,27,60772044,801907424,24060,6.077204399999999,80.19074239999999,24.060000000000002,65,92,0.65,0.92,3,0.03,2842,28.42,-74004,-74.004,346,0.34600000000000003,673,0.673,146,0.146,0,0.0,0,
919.595683,1788180515.465189,1028165000,159,1,1,4,27,60772047,801907420,24130,6.077204699999999,80.190742,24.13,65,92,0.65,0.92,3,0.03,2842,28.42,-73934,-73.934,344,0.34400000000000003,670,0.67,134,0.134,0,0.0,0,
920.062833,1788180515.932339,1028765000,188,1,1,4,27,60772052,801907415,24190,6.0772052,80.1907415,24.19,57,79,0.5700000000000001,0.79,1,0.01,2842,28.42,-73874,-73.874,343,0.343,668,0.668,176,0.176,0,0.0,0,
920.514540,1788180516.384046,1029165000,216,1,1,4,27,60772056,801907412,24290,6.0772056,80.19074119999999,24.29,65,92,0.65,0.92,1,0.01,2842,28.42,-73774,-73.774,342,0.342,666,0.666,177,0.177,0,0.0,0,
921.000179,1788180516.869685,1029765000,247,1,1,4,27,60772060,801907407,24440,6.077205999999999,80.19074069999999,24.44,65,92,0.65,0.92,4,0.04,2842,28.42,-73624,-73.624,339,0.339,659,0.659,157,0.157,0,0.0,0,
921.577478,1788180517.446984,1030165000,20,1,1,4,27,60772061,801907404,24450,6.0772061,80.1907404,24.45,65,92,0.65,0.92,3,0.03,2842,28.42,-73614,-73.614,338,0.338,655,0.655,119,0.11900000000000001,0,0.0,0,
922.017968,1788180517.887474,1030765000,49,1,1,4,27,60772060,801907401,24490,6.077205999999999,80.1907401,24.490000000000002,65,92,0.65,0.92,4,0.04,2842,28.42,-73574,-73.574,337,0.337,651,0.651,171,0.171,0,0.0,0,
922.546061,1788180518.415567,1031165000,77,1,1,4,27,60772061,801907400,24480,6.0772061,80.19073999999999,24.48,65,92,0.65,0.92,3,0.03,2842,28.42,-73584,-73.584,336,0.336,647,0.647,142,0.14200000000000002,0,0.0,0,
923.041505,1788180518.911011,1031769000,106,1,1,4,27,60772060,801907400,24470,6.077205999999999,80.19073999999999,24.47,67,95,0.67,0.9500000000000001,1,0.01,2842,28.42,-73594,-73.59400000000001,336,0.336,643,0.643,160,0.16,0,0.0,0,
923.514818,1788180519.384324,1032169000,134,1,1,4,27,60772062,801907401,24420,6.0772062,80.1907401,24.42,67,95,0.67,0.9500000000000001,1,0.01,2842,28.42,-73644,-73.644,335,0.335,640,0.64,149,0.149,0,0.0,0,
924.081380,1788180519.950886,1032769000,163,1,1,4,27,60772064,801907400,24370,6.0772064,80.19073999999999,24.37,67,95,0.67,0.9500000000000001,4,0.04,2842,28.42,-73694,-73.694,335,0.335,636,0.636,125,0.125,0,0.0,0,
924.661493,1788180520.530999,1033169000,191,1,1,4,27,60772065,801907400,24330,6.0772065,80.19073999999999,24.330000000000002,67,95,0.67,0.9500000000000001,2,0.02,2842,28.42,-73734,-73.734,335,0.335,634,0.634,172,0.17200000000000001,0,0.0,0,
925.113225,1788180520.982731,1033769000,220,1,1,4,27,60772066,801907401,24300,6.077206599999999,80.1907401,24.3,67,95,0.67,0.9500000000000001,5,0.05,2842,28.42,-73765,-73.765,335,0.335,633,0.633,162,0.162,0,0.0,0,
925.535158,1788180521.404664,1034169000,248,1,1,4,27,60772065,801907402,24300,6.0772065,80.1907402,24.3,67,95,0.67,0.9500000000000001,7,0.07,2842,28.42,-73764,-73.764,335,0.335,631,0.631,94,0.094,0,0.0,0,
926.044984,1788180521.914490,1034769000,21,1,1,4,28,60772065,801907405,24310,6.0772065,80.19074049999999,24.310000000000002,55,76,0.55,0.76,3,0.03,2842,28.42,-73755,-73.755,335,0.335,628,0.628,95,0.095,0,0.0,0,
926.545654,1788180522.415160,1035169000,49,1,1,4,27,60772064,801907407,24300,6.0772064,80.19074069999999,24.3,59,84,0.59,0.84,2,0.02,2842,28.42,-73765,-73.765,335,0.335,627,0.627,160,0.16,0,0.0,0,
927.179411,1788180523.048917,1035769000,78,1,1,4,28,60772064,801907409,24340,6.0772064,80.1907409,24.34,59,84,0.59,0.84,1,0.01,2842,28.42,-73724,-73.724,336,0.336,626,0.626,146,0.146,0,0.0,0,
927.541802,1788180523.411308,1036169000,106,1,1,4,28,60772063,801907409,24370,6.077206299999999,80.1907409,24.37,57,83,0.5700000000000001,0.8300000000000001,2,0.02,2842,28.42,-73694,-73.694,337,0.337,624,0.624,113,0.113,0,0.0,0,
928.116294,1788180523.985800,1036769000,135,1,1,4,27,60772061,801907411,24340,6.0772061,80.1907411,24.34,65,92,0.65,0.92,3,0.03,2842,28.42,-73724,-73.724,338,0.338,624,0.624,178,0.178,0,0.0,0,
928.567715,1788180524.437221,1037169000,163,1,1,4,27,60772060,801907411,24360,6.077205999999999,80.1907411,24.36,65,92,0.65,0.92,3,0.03,2842,28.42,-73704,-73.70400000000001,338,0.338,624,0.624,92,0.092,0,0.0,0,
929.035102,1788180524.904608,1037769000,192,1,1,4,28,60772059,801907412,24330,6.0772059,80.19074119999999,24.330000000000002,53,75,0.53,0.75,1,0.01,2842,28.42,-73734,-73.734,339,0.339,626,0.626,180,0.18,0,0.0,0,
929.638220,1788180525.507726,1038169000,220,1,1,4,27,60772059,801907413,24270,6.0772059,80.1907413,24.27,65,92,0.65,0.92,5,0.05,2842,28.42,-73794,-73.794,340,0.34,629,0.629,159,0.159,0,0.0,0,
930.014093,1788180525.883599,1038769000,249,1,1,4,27,60772056,801907414,24230,6.0772056,80.1907414,24.23,65,92,0.65,0.92,4,0.04,2842,28.42,-73834,-73.834,342,0.342,632,0.632,130,0.13,0,0.0,0,
930.558252,1788180526.427758,1039169000,21,1,1,4,27,60772056,801907416,24200,6.0772056,80.1907416,24.2,65,92,0.65,0.92,3,0.03,2842,28.42,-73864,-73.864,343,0.343,634,0.634,166,0.166,0,0.0,0,
931.106851,1788180526.976357,1039769000,50,1,1,4,27,60772055,801907419,24100,6.0772055,80.19074189999999,24.1,65,92,0.65,0.92,1,0.01,2842,28.42,-73964,-73.964,345,0.34500000000000003,637,0.637,176,0.176,0,0.0,0,
931.558980,1788180527.428486,1040169000,79,1,1,4,27,60772053,801907420,24070,6.0772053,80.190742,24.07,65,92,0.65,0.92,3,0.03,2842,28.42,-73994,-73.994,346,0.34600000000000003,639,0.639,102,0.10200000000000001,0,0.0,0,
932.027768,1788180527.897274,1040769000,108,1,1,4,27,60772050,801907421,24000,6.077204999999999,80.1907421,24.0,57,79,0.5700000000000001,0.79,3,0.03,2842,28.42,-74064,-74.06400000000001,348,0.34800000000000003,642,0.642,174,0.17400000000000002,0,0.0,0,
932.620043,1788180528.489549,1041169000,136,1,1,4,27,60772048,801907422,23980,6.0772048,80.1907422,23.98,65,92,0.65,0.92,6,0.06,2842,28.42,-74084,-74.084,349,0.34900000000000003,644,0.644,103,0.10300000000000001,0,0.0,0,
933.023678,1788180528.893184,1041769000,165,1,1,4,27,60772048,801907421,23950,6.0772048,80.1907421,23.95,65,92,0.65,0.92,1,0.01,2842,28.42,-74115,-74.115,351,0.35100000000000003,646,0.646,95,0.095,0,0.0,0,
933.539264,1788180529.408770,1042169000,193,1,1,4,27,60772046,801907422,23930,6.0772046,80.1907422,23.93,65,92,0.65,0.92,4,0.04,2842,28.42,-74134,-74.134,352,0.352,648,0.648,156,0.156,0,0.0,0,
934.083110,1788180529.952616,1042769000,222,1,1,4,27,60772043,801907421,23880,6.0772043,80.1907421,23.88,65,92,0.65,0.92,4,0.04,2842,28.42,-74184,-74.184,354,0.354,651,0.651,103,0.10300000000000001,0,0.0,0,
934.551743,1788180530.421249,1043169000,250,1,1,4,27,60772040,801907422,23850,6.077204,80.1907422,23.85,65,92,0.65,0.92,2,0.02,2842,28.42,-74214,-74.214,355,0.355,653,0.653,105,0.105,0,0.0,0,
935.003623,1788180530.873129,1043769000,23,1,1,4,27,60772038,801907425,23760,6.0772037999999995,80.1907425,23.76,57,79,0.5700000000000001,0.79,2,0.02,2842,28.42,-74304,-74.304,357,0.357,656,0.656,157,0.157,0,0.0,0,
935.582024,1788180531.451530,1044169000,51,1,1,4,27,60772035,801907427,23740,6.0772034999999995,80.1907427,23.740000000000002,65,92,0.65,0.92,1,0.01,2842,28.42,-74324,-74.324,358,0.358,657,0.657,127,0.127,0,0.0,0,
936.038506,1788180531.908012,1044769000,80,1,1,4,27,60772033,801907428,23700,6.0772033,80.1907428,23.7,65,92,0.65,0.92,1,0.01,2842,28.42,-74364,-74.364,359,0.359,659,0.659,160,0.16,0,0.0,0,
936.508721,1788180532.378227,1045169000,108,1,1,4,27,60772031,801907430,23680,6.077203099999999,80.190743,23.68,65,92,0.65,0.92,2,0.02,2842,28.42,-74384,-74.384,359,0.359,659,0.659,92,0.092,0,0.0,0,
937.084593,1788180532.954099,1045769000,137,1,1,4,27,60772027,801907435,23640,6.0772027,80.1907435,23.64,65,92,0.65,0.92,2,0.02,2842,28.42,-74424,-74.424,359,0.359,660,0.66,171,0.171,0,0.0,0,
937.537893,1788180533.407399,1046169000,165,1,1,4,27,60772024,801907437,23600,6.0772024,80.1907437,23.6,65,92,0.65,0.92,4,0.04,2842,28.42,-74464,-74.464,359,0.359,660,0.66,163,0.163,0,0.0,0,
938.004689,1788180533.874195,1046769000,194,1,1,4,27,60772021,801907442,23570,6.0772021,80.1907442,23.57,57,79,0.5700000000000001,0.79,4,0.04,2842,28.42,-74495,-74.495,359,0.359,660,0.66,92,0.092,0,0.0,0,
938.579302,1788180534.448808,1047169000,222,1,1,4,27,60772018,801907446,23550,6.0772018,80.1907446,23.55,65,92,0.65,0.92,4,0.04,2842,28.42,-74514,-74.514,359,0.359,660,0.66,129,0.129,0,0.0,0,
939.032132,1788180534.901638,1047769000,251,1,1,4,27,60772013,801907451,23530,6.0772013,80.1907451,23.53,65,92,0.65,0.92,5,0.05,2842,28.42,-74534,-74.534,358,0.358,660,0.66,97,0.097,0,0.0,0,
939.534186,1788180535.403692,1048169000,23,1,1,4,27,60772011,801907455,23510,6.0772011,80.19074549999999,23.51,65,92,0.65,0.92,1,0.01,2842,28.42,-74554,-74.554,358,0.358,660,0.66,160,0.16,0,0.0,0,
940.077947,1788180535.947453,1048769000,52,1,1,4,26,60772006,801907461,23430,6.077200599999999,80.1907461,23.43,67,94,0.67,0.9400000000000001,2,0.02,2842,28.42,-74634,-74.634,358,0.358,659,0.659,167,0.167,0,0.0,0,
940.532763,1788180536.402269,1049169000,80,1,1,4,26,60772004,801907466,23410,6.0772004,80.1907466,23.41,67,94,0.67,0.9400000000000001,5,0.05,2842,28.42,-74654,-74.654,357,0.357,659,0.659,91,0.091,0,0.0,0,
941.110484,1788180536.979990,1049769000,109,1,1,4,26,60772000,801907473,23390,6.0771999999999995,80.1907473,23.39,59,79,0.59,0.79,2,0.02,2842,28.42,-74674,-74.674,357,0.357,658,0.658,167,0.167,0,0.0,0,
941.563156,1788180537.432662,1050169000,138,1,1,4,26,60771996,801907476,23380,6.0771996,80.1907476,23.38,67,94,0.67,0.9400000000000001,6,0.06,2842,28.42,-74684,-74.684,356,0.356,658,0.658,152,0.152,0,0.0,0,
942.034082,1788180537.903588,1050769000,167,1,1,4,26,60771989,801907481,23390,6.0771989,80.1907481,23.39,67,94,0.67,0.9400000000000001,1,0.01,2842,28.42,-74674,-74.674,355,0.355,658,0.658,174,0.17400000000000002,0,0.0,0,
942.597514,1788180538.467020,1051169000,195,1,1,4,26,60771985,801907484,23400,6.0771985,80.19074839999999,23.400000000000002,67,94,0.67,0.9400000000000001,3,0.03,2842,28.42,-74664,-74.664,355,0.355,658,0.658,155,0.155,0,0.0,0,
943.065732,1788180538.935238,1051771000,224,1,1,4,26,60771979,801907490,23380,6.0771979,80.190749,23.38,67,94,0.67,0.9400000000000001,3,0.03,2842,28.42,-74685,-74.685,354,0.354,659,0.659,163,0.163,0,0.0,0,
943.517569,1788180539.387075,1052171000,252,1,1,4,26,60771979,801907494,23350,6.0771979,80.1907494,23.35,67,94,0.67,0.9400000000000001,3,0.03,2842,28.42,-74714,-74.714,354,0.354,659,0.659,87,0.08700000000000001,0,0.0,0,
944.017667,1788180539.887173,1052771000,25,1,1,4,26,60771974,801907498,23320,6.077197399999999,80.19074979999999,23.32,59,79,0.59,0.79,0,0.0,2842,28.42,-74744,-74.744,353,0.353,659,0.659,97,0.097,0,0.0,0,
944.562149,1788180540.431655,1053171000,53,1,1,4,27,60771972,801907502,23290,6.0771972,80.1907502,23.29,67,94,0.67,0.9400000000000001,3,0.03,2842,28.42,-74774,-74.774,353,0.353,659,0.659,108,0.108,0,0.0,0,
945.016548,1788180540.886054,1053771000,83,1,1,4,27,60771968,801907506,23290,6.077196799999999,80.1907506,23.29,67,94,0.67,0.9400000000000001,3,0.03,2842,28.42,-74774,-74.774,352,0.352,659,0.659,157,0.157,0,0.0,0,
945.518736,1788180541.388242,1054171000,111,1,1,4,27,60771964,801907509,23280,6.0771964,80.1907509,23.28,67,94,0.67,0.9400000000000001,3,0.03,2842,28.42,-74784,-74.784,352,0.352,659,0.659,135,0.135,0,0.0,0,
946.056840,1788180541.926346,1054771000,140,1,1,4,27,60771958,801907512,23320,6.0771958,80.1907512,23.32,67,94,0.67,0.9400000000000001,2,0.02,2842,28.42,-74745,-74.745,351,0.35100000000000003,659,0.659,135,0.135,0,0.0,0,
946.525314,1788180542.394820,1055171000,168,1,1,4,27,60771955,801907513,23340,6.077195499999999,80.1907513,23.34,67,94,0.67,0.9400000000000001,1,0.01,2842,28.42,-74724,-74.724,351,0.35100000000000003,659,0.659,144,0.14400000000000002,0,0.0,0,
947.087009,1788180542.956515,1055771000,197,1,1,4,26,60771949,801907516,23360,6.077194899999999,80.1907516,23.36,65,92,0.65,0.92,5,0.05,2842,28.42,-74704,-74.70400000000001,350,0.35000000000000003,659,0.659,170,0.17,0,0.0,0,
947.557693,1788180543.427199,1056171000,225,1,1,4,27,60771946,801907519,23360,6.0771945999999994,80.1907519,23.36,65,92,0.65,0.92,2,0.02,2842,28.42,-74704,-74.70400000000001,350,0.35000000000000003,660,0.66,116,0.116,0,0.0,0,
948.039289,1788180543.908795,1056771000,254,1,1,4,27,60771941,801907521,23350,6.0771941,80.1907521,23.35,65,92,0.65,0.92,2,0.02,2842,28.42,-74714,-74.714,350,0.35000000000000003,660,0.66,145,0.145,0,0.0,0,
948.585444,1788180544.454950,1057171000,26,1,1,4,27,60771937,801907522,23360,6.0771937,80.19075219999999,23.36,65,92,0.65,0.92,3,0.03,2842,28.42,-74704,-74.70400000000001,350,0.35000000000000003,660,0.66,111,0.111,0,0.0,0,
949.040537,1788180544.910043,1057771000,55,1,1,4,27,60771930,801907523,23410,6.077192999999999,80.1907523,23.41,65,92,0.65,0.92,6,0.06,2842,28.42,-74654,-74.654,350,0.35000000000000003,660,0.66,84,0.084,0,0.0,0,
949.508123,1788180545.377629,1058171000,83,1,1,4,27,60771927,801907523,23440,6.0771926999999994,80.1907523,23.44,65,92,0.65,0.92,2,0.02,2842,28.42,-74624,-74.624,349,0.34900000000000003,660,0.66,168,0.168,0,0.0,0,
950.083710,1788180545.953216,1058771000,112,1,1,4,26,60771920,801907524,23520,6.077192,80.1907524,23.52,65,92,0.65,0.92,3,0.03,2842,28.42,-74544,-74.544,349,0.34900000000000003,659,0.659,99,0.099,0,0.0,0,
950.566842,1788180546.436348,1059171000,140,1,1,4,27,60771916,801907525,23540,6.0771916,80.1907525,23.54,65,94,0.65,0.9400000000000001,6,0.06,2842,28.42,-74524,-74.524,349,0.34900000000000003,659,0.659,154,0.154,0,0.0,0,
951.033407,1788180546.902913,1059771000,169,1,1,4,27,60771912,801907524,23590,6.0771912,80.1907524,23.59,65,92,0.65,0.92,4,0.04,2842,28.42,-74474,-74.474,348,0.34800000000000003,658,0.658,142,0.14200000000000002,0,0.0,0,
951.578460,1788180547.447966,1060171000,198,1,1,4,26,60771908,801907523,23660,6.0771907999999994,80.1907523,23.66,65,92,0.65,0.92,2,0.02,2842,28.42,-74404,-74.404,347,0.34700000000000003,657,0.657,170,0.17,0,0.0,0,
952.043560,1788180547.913066,1060771000,227,1,1,4,27,60771903,801907520,23790,6.0771903,80.190752,23.79,65,92,0.65,0.92,5,0.05,2842,28.42,-74274,-74.274,347,0.34700000000000003,655,0.655,141,0.14100000000000001,0,0.0,0,
952.855866,1788180548.725372,1061171000,255,1,1,4,27,60771900,801907519,23840,6.07719,80.1907519,23.84,65,92,0.65,0.92,4,0.04,2842,28.42,-74225,-74.22500000000001,346,0.34600000000000003,654,0.654,85,0.085,0,0.0,0,
953.195691,1788180549.065197,1061771000,31,1,1,4,27,60771897,801907518,24010,6.0771897,80.1907518,24.01,57,79,0.5700000000000001,0.79,5,0.05,2842,28.42,-74054,-74.054,345,0.34500000000000003,652,0.652,126,0.126,0,0.0,0,
953.603046,1788180549.472552,1062171000,60,1,1,4,27,60771897,801907516,24100,6.0771897,80.1907516,24.1,65,92,0.65,0.92,2,0.02,2842,28.42,-73964,-73.964,344,0.34400000000000003,651,0.651,172,0.17200000000000001,0,0.0,0,
954.025483,1788180549.894989,1062771000,89,1,1,4,27,60771896,801907515,24220,6.0771896,80.19075149999999,24.22,65,92,0.65,0.92,1,0.01,2842,28.42,-73844,-73.84400000000001,343,0.343,650,0.65,159,0.159,0,0.0,0,
954.569098,1788180550.438604,1063171000,117,1,1,4,27,60771896,801907515,24270,6.0771896,80.19075149999999,24.27,65,92,0.65,0.92,4,0.04,2842,28.42,-73795,-73.795,343,0.343,651,0.651,150,0.15,0,0.0,0,
955.034346,1788180550.903852,1063771000,146,1,1,4,27,60771892,801907514,24290,6.077189199999999,80.1907514,24.29,65,92,0.65,0.92,3,0.03,2842,28.42,-73774,-73.774,343,0.343,650,0.65,163,0.163,0,0.0,0,
955.628653,1788180551.498159,1064171000,174,1,1,4,27,60771890,801907514,24360,6.077189,80.1907514,24.36,65,92,0.65,0.92,0,0.0,2842,28.42,-73704,-73.70400000000001,343,0.343,650,0.65,122,0.122,0,0.0,0,
956.017572,1788180551.887078,1064771000,203,1,1,4,27,60771886,801907514,24390,6.0771885999999995,80.1907514,24.39,57,79,0.5700000000000001,0.79,2,0.02,2842,28.42,-73674,-73.674,343,0.343,649,0.649,171,0.171,0,0.0,0,
956.548057,1788180552.417563,1065171000,231,1,1,4,26,60771884,801907515,24420,6.0771884,80.19075149999999,24.42,65,94,0.65,0.9400000000000001,3,0.03,2842,28.42,-73644,-73.644,343,0.343,649,0.649,102,0.10200000000000001,0,0.0,0,
957.095552,1788180552.965058,1065771000,4,1,1,4,26,60771880,801907516,24460,6.077188,80.1907516,24.46,65,94,0.65,0.9400000000000001,4,0.04,2842,28.42,-73604,-73.604,343,0.343,648,0.648,148,0.148,0,0.0,0,
957.563277,1788180553.432783,1066171000,32,1,1,4,26,60771879,801907517,24470,6.077187899999999,80.19075169999999,24.47,65,94,0.65,0.9400000000000001,2,0.02,2842,28.42,-73594,-73.59400000000001,343,0.343,648,0.648,166,0.166,0,0.0,0,
958.013997,1788180553.883503,1066771000,61,1,1,4,26,60771875,801907517,24480,6.0771875,80.19075169999999,24.48,65,94,0.65,0.9400000000000001,2,0.02,2842,28.42,-73584,-73.584,343,0.343,648,0.648,155,0.155,0,0.0,0,
958.625058,1788180554.494564,1067171000,89,1,1,4,26,60771873,801907518,24500,6.077187299999999,80.1907518,24.5,65,94,0.65,0.9400000000000001,5,0.05,2842,28.42,-73564,-73.56400000000001,343,0.343,648,0.648,117,0.117,0,0.0,0,
959.012075,1788180554.881581,1067771000,118,1,1,4,27,60771869,801907518,24480,6.0771869,80.1907518,24.48,57,80,0.5700000000000001,0.8,3,0.03,2842,28.42,-73584,-73.584,343,0.343,647,0.647,95,0.095,0,0.0,0,
959.510386,1788180555.379892,1068171000,146,1,1,4,27,60771866,801907519,24460,6.0771866,80.1907519,24.46,65,94,0.65,0.9400000000000001,3,0.03,2842,28.42,-73604,-73.604,343,0.343,648,0.648,89,0.089,0,0.0,0,
960.087115,1788180555.956621,1068771000,175,1,1,4,27,60771862,801907520,24450,6.0771862,80.190752,24.45,65,94,0.65,0.9400000000000001,1,0.01,2842,28.42,-73615,-73.615,343,0.343,649,0.649,172,0.17200000000000001,0,0.0,0,
960.525340,1788180556.394846,1069171000,203,1,1,4,28,60771859,801907520,24450,6.0771859,80.190752,24.45,65,94,0.65,0.9400000000000001,1,0.01,2842,28.42,-73614,-73.614,343,0.343,649,0.649,171,0.171,0,0.0,0,
961.039398,1788180556.908904,1069771000,232,1,1,4,29,60771857,801907519,24480,6.077185699999999,80.1907519,24.48,58,86,0.58,0.86,4,0.04,2842,28.42,-73584,-73.584,343,0.343,648,0.648,102,0.10200000000000001,0,0.0,0,
961.507697,1788180557.377203,1070171000,5,1,1,4,29,60771854,801907519,24520,6.077185399999999,80.1907519,24.52,58,86,0.58,0.86,3,0.03,2842,28.42,-73544,-73.544,343,0.343,648,0.648,120,0.12,0,0.0,0,
962.036971,1788180557.906477,1070771000,34,1,1,4,29,60771850,801907518,24570,6.077185,80.1907518,24.57,54,77,0.54,0.77,3,0.03,2842,28.42,-73494,-73.494,343,0.343,647,0.647,165,0.165,0,0.0,0,
962.538921,1788180558.408427,1071171000,62,1,1,4,29,60771847,801907518,24600,6.0771847,80.1907518,24.6,58,86,0.58,0.86,4,0.04,2842,28.42,-73465,-73.465,343,0.343,646,0.646,96,0.096,0,0.0,0,
963.082354,1788180558.951860,1071773000,91,1,1,4,29,60771845,801907518,24620,6.0771844999999995,80.1907518,24.62,58,86,0.58,0.86,3,0.03,2842,28.42,-73444,-73.444,343,0.343,645,0.645,129,0.129,0,0.0,0,
963.563893,1788180559.433399,1072173000,119,1,1,4,29,60771843,801907518,24640,6.0771843,80.1907518,24.64,58,86,0.58,0.86,3,0.03,2842,28.42,-73424,-73.424,343,0.343,644,0.644,85,0.085,0,0.0,0,
964.001797,1788180559.871303,1072773000,148,1,1,4,29,60771847,801907516,24690,6.0771847,80.1907516,24.69,58,86,0.58,0.86,5,0.05,2842,28.42,-73374,-73.374,342,0.342,644,0.644,92,0.092,0,0.0,0,
964.553958,1788180560.423464,1073173000,176,1,1,4,27,60771856,801907514,24820,6.0771856,80.1907514,24.82,58,86,0.58,0.86,1,0.01,2842,28.42,-73244,-73.244,339,0.339,641,0.641,106,0.106,0,0.0,0,
965.032478,1788180560.901984,1073773000,205,1,1,4,27,60771865,801907513,24920,6.0771865,80.1907513,24.92,57,80,0.5700000000000001,0.8,3,0.03,2842,28.42,-73144,-73.144,335,0.335,636,0.636,100,0.1,0,0.0,0,
965.530584,1788180561.400090,1074173000,233,1,1,4,26,60771864,801907515,24910,6.0771863999999995,80.19075149999999,24.91,65,94,0.65,0.9400000000000001,2,0.02,2842,28.42,-73154,-73.154,333,0.333,633,0.633,104,0.10400000000000001,0,0.0,0,
966.079067,1788180561.948573,1074773000,6,1,1,4,26,60771863,801907515,24900,6.0771863,80.19075149999999,24.900000000000002,65,94,0.65,0.9400000000000001,4,0.04,2842,28.42,-73164,-73.164,332,0.332,629,0.629,107,0.107,0,0.0,0,
966.528366,1788180562.397872,1075173000,34,1,1,4,26,60771863,801907518,24850,6.0771863,80.1907518,24.85,65,94,0.65,0.9400000000000001,4,0.04,2842,28.42,-73214,-73.214,331,0.331,626,0.626,119,0.11900000000000001,0,0.0,0,
967.122676,1788180562.992182,1075773000,63,1,1,4,26,60771864,801907519,24780,6.0771863999999995,80.1907519,24.78,65,94,0.65,0.9400000000000001,6,0.06,2842,28.42,-73284,-73.284,329,0.329,622,0.622,76,0.076,0,0.0,0,
967.510611,1788180563.380117,1076173000,91,1,1,4,26,60771864,801907520,24770,6.0771863999999995,80.190752,24.77,65,94,0.65,0.9400000000000001,4,0.04,2842,28.42,-73294,-73.294,327,0.327,619,0.619,97,0.097,0,0.0,0,
968.024783,1788180563.894289,1076573000,120,1,1,4,26,60771864,801907520,24780,6.0771863999999995,80.190752,24.78,65,94,0.65,0.9400000000000001,2,0.02,2842,28.42,-73284,-73.284,326,0.326,615,0.615,114,0.114,0,0.0,0,
968.602677,1788180564.472183,1077173000,148,1,1,4,26,60771863,801907521,24770,6.0771863,80.1907521,24.77,65,94,0.65,0.9400000000000001,2,0.02,2842,28.42,-73294,-73.294,324,0.324,611,0.611,90,0.09,0,0.0,0,
969.070692,1788180564.940198,1077773000,177,1,1,4,27,60771863,801907522,24730,6.0771863,80.19075219999999,24.73,58,86,0.58,0.86,1,0.01,2842,28.42,-73334,-73.334,322,0.322,607,0.607,96,0.096,0,0.0,0,
969.524338,1788180565.393844,1078173000,205,1,1,4,27,60771863,801907523,24730,6.0771863,80.1907523,24.73,58,86,0.58,0.86,2,0.02,2842,28.42,-73335,-73.33500000000001,321,0.321,605,0.605,56,0.056,0,0.0,0,
970.008761,1788180565.878267,1078573000,234,1,1,4,27,60771863,801907524,24700,6.0771863,80.1907524,24.7,58,86,0.58,0.86,3,0.03,2842,28.42,-73364,-73.364,319,0.319,601,0.601,53,0.053,0,0.0,0,
970.555741,1788180566.425247,1079173000,6,1,1,4,27,60771864,801907526,24680,6.0771863999999995,80.1907526,24.68,58,86,0.58,0.86,2,0.02,2842,28.42,-73384,-73.384,317,0.317,598,0.598,51,0.051000000000000004,0,0.0,0,
971.005176,1788180566.874682,1079773000,35,1,1,4,26,60771865,801907530,24640,6.0771865,80.190753,24.64,58,86,0.58,0.86,2,0.02,2842,28.42,-73424,-73.424,315,0.315,595,0.595,81,0.081,0,0.0,0,
971.536562,1788180567.406068,1080173000,64,1,1,4,27,60771867,801907531,24640,6.0771866999999995,80.1907531,24.64,58,86,0.58,0.86,4,0.04,2842,28.42,-73424,-73.424,314,0.314,593,0.593,87,0.08700000000000001,0,0.0,0,
972.051018,1788180567.920524,1080773000,93,1,1,4,26,60771869,801907532,24630,6.0771869,80.1907532,24.63,58,86,0.58,0.86,1,0.01,2842,28.42,-73434,-73.434,312,0.312,591,0.591,110,0.11,0,0.0,0,
972.504653,1788180568.374159,1081173000,121,1,1,4,27,60771868,801907534,24640,6.0771868,80.19075339999999,24.64,58,86,0.58,0.86,4,0.04,2842,28.42,-73424,-73.424,311,0.311,589,0.589,50,0.05,0,0.0,0,
973.079808,1788180568.949314,1081773000,150,1,1,4,27,60771869,801907535,24630,6.0771869,80.1907535,24.63,58,86,0.58,0.86,4,0.04,2842,28.42,-73434,-73.434,309,0.309,586,0.586,53,0.053,0,0.0,0,
973.578191,1788180569.447697,1082173000,178,1,1,4,27,60771869,801907536,24620,6.0771869,80.1907536,24.62,58,86,0.58,0.86,1,0.01,2842,28.42,-73444,-73.444,309,0.309,584,0.584,58,0.058,0,0.0,0,
974.030871,1788180569.900377,1082773000,207,1,1,4,26,60771872,801907538,24620,6.0771872,80.1907538,24.62,58,86,0.58,0.86,2,0.02,2842,28.42,-73444,-73.444,307,0.307,581,0.581,93,0.093,0,0.0,0,
974.686673,1788180570.556179,1083173000,235,1,1,4,26,60771873,801907541,24590,6.077187299999999,80.19075409999999,24.59,58,86,0.58,0.86,7,0.07,2842,28.42,-73474,-73.474,308,0.308,581,0.581,150,0.15,0,0.0,0,
975.055546,1788180570.925052,1083773000,8,1,1,4,26,60771875,801907546,24550,6.0771875,80.19075459999999,24.55,58,86,0.58,0.86,3,0.03,2842,28.42,-73514,-73.514,310,0.31,583,0.583,96,0.096,0,0.0,0,
975.499373,1788180571.368879,1084173000,36,1,1,4,26,60771876,801907547,24540,6.077187599999999,80.1907547,24.54,58,86,0.58,0.86,2,0.02,2842,28.42,-73525,-73.525,311,0.311,584,0.584,123,0.123,0,0.0,0,
976.034461,1788180571.903967,1084773000,66,1,1,4,26,60771877,801907551,24470,6.0771877,80.19075509999999,24.47,58,86,0.58,0.86,4,0.04,2842,28.42,-73594,-73.59400000000001,312,0.312,586,0.586,145,0.145,0,0.0,0,
976.538001,1788180572.407507,1085173000,94,1,1,4,26,60771881,801907551,24450,6.0771881,80.19075509999999,24.45,58,86,0.58,0.86,2,0.02,2842,28.42,-73614,-73.614,313,0.313,588,0.588,166,0.166,0,0.0,0,
977.019970,1788180572.889476,1085773000,123,1,1,4,27,60771883,801907553,24430,6.0771882999999995,80.19075529999999,24.43,54,77,0.54,0.77,2,0.02,2842,28.42,-73634,-73.634,315,0.315,590,0.59,99,0.099,0,0.0,0,
977.563051,1788180573.432557,1086173000,151,1,1,4,27,60771885,801907553,24440,6.0771885,80.19075529999999,24.44,58,86,0.58,0.86,1,0.01,2842,28.42,-73624,-73.624,316,0.316,592,0.592,157,0.157,0,0.0,0,
978.033313,1788180573.902819,1086773000,180,1,1,4,27,60771888,801907555,24420,6.0771888,80.1907555,24.42,58,86,0.58,0.86,2,0.02,2842,28.42,-73644,-73.644,317,0.317,593,0.593,98,0.098,0,0.0,0,
978.640488,1788180574.509994,1087173000,208,1,1,4,26,60771891,801907556,24370,6.0771891,80.1907556,24.37,60,87,0.6,0.87,4,0.04,2842,28.42,-73694,-73.694,319,0.319,594,0.594,126,0.126,0,0.0,0,
979.060293,1788180574.929799,1087773000,237,1,1,4,28,60771900,801907557,24320,6.07719,80.1907557,24.32,58,86,0.58,0.86,1,0.01,2842,28.42,-73744,-73.744,320,0.32,596,0.596,167,0.167,0,0.0,0,
979.529723,1788180575.399229,1088173000,9,1,1,4,28,60771904,801907559,24280,6.0771904,80.1907559,24.28,58,86,0.58,0.86,4,0.04,2842,28.42,-73784,-73.784,321,0.321,598,0.598,143,0.14300000000000002,0,0.0,0,
980.107044,1788180575.976550,1088773000,38,1,1,4,27,60771914,801907560,24240,6.077191399999999,80.190756,24.240000000000002,60,87,0.6,0.87,5,0.05,2842,28.42,-73824,-73.824,323,0.323,601,0.601,101,0.101,0,0.0,0,
980.558550,1788180576.428056,1089173000,66,1,1,4,27,60771921,801907561,24200,6.0771920999999995,80.1907561,24.2,58,86,0.58,0.86,7,0.07,2842,28.42,-73864,-73.864,323,0.323,602,0.602,142,0.14200000000000002,0,0.0,0,
981.024821,1788180576.894327,1089773000,95,1,1,4,28,60771928,801907562,24190,6.0771928,80.1907562,24.19,58,86,0.58,0.86,0,0.0,2842,28.42,-73874,-73.874,324,0.324,603,0.603,146,0.146,0,0.0,0,
981.587531,1788180577.457037,1090173000,124,1,1,4,28,60771932,801907562,24200,6.0771932,80.1907562,24.2,58,86,0.58,0.86,3,0.03,2842,28.42,-73864,-73.864,325,0.325,604,0.604,96,0.096,0,0.0,0,
982.055690,1788180577.925196,1090773000,153,1,1,4,28,60771939,801907564,24180,6.0771939,80.1907564,24.18,58,86,0.58,0.86,6,0.06,2842,28.42,-73884,-73.884,325,0.325,605,0.605,149,0.149,0,0.0,0,
982.554361,1788180578.423867,1091173000,181,1,1,4,28,60771941,801907566,24140,6.0771941,80.1907566,24.14,58,86,0.58,0.86,1,0.01,2842,28.42,-73924,-73.924,326,0.326,606,0.606,163,0.163,0,0.0,0,
983.087596,1788180578.957102,1091778000,210,1,1,4,27,60771942,801907568,24100,6.0771942,80.1907568,24.1,58,86,0.58,0.86,3,0.03,2842,28.42,-73964,-73.964,327,0.327,608,0.608,144,0.14400000000000002,0,0.0,0,
983.556307,1788180579.425813,1092178000,238,1,1,4,28,60771942,801907569,24090,6.0771942,80.1907569,24.09,58,86,0.58,0.86,2,0.02,2842,28.42,-73974,-73.974,327,0.327,608,0.608,164,0.164,0,0.0,0,
984.007799,1788180579.877305,1092778000,11,1,1,4,28,60771944,801907571,24030,6.0771944,80.1907571,24.03,58,86,0.58,0.86,5,0.05,2842,28.42,-74034,-74.034,328,0.328,609,0.609,94,0.094,0,0.0,0,
984.582907,1788180580.452413,1093178000,39,1,1,4,27,60771947,801907572,23980,6.0771947,80.1907572,23.98,58,86,0.58,0.86,1,0.01,2842,28.42,-74084,-74.084,328,0.328,609,0.609,143,0.14300000000000002,0,0.0,0,
985.051317,1788180580.920823,1093778000,68,1,1,4,28,60771952,801907573,23940,6.077195199999999,80.1907573,23.94,58,86,0.58,0.86,1,0.01,2842,28.42,-74124,-74.124,329,0.329,609,0.609,158,0.158,0,0.0,0,
985.534874,1788180581.404380,1094178000,96,1,1,4,28,60771956,801907573,23920,6.0771956,80.1907573,23.92,58,86,0.58,0.86,2,0.02,2842,28.42,-74144,-74.144,329,0.329,609,0.609,83,0.083,0,0.0,0,
986.080623,1788180581.950129,1094778000,125,1,1,4,28,60771964,801907572,23870,6.0771964,80.1907572,23.87,58,86,0.58,0.86,3,0.03,2842,28.42,-74194,-74.194,329,0.329,610,0.61,155,0.155,0,0.0,0,
986.547623,1788180582.417129,1095178000,153,1,1,4,28,60771970,801907571,23870,6.077197,80.1907571,23.87,58,86,0.58,0.86,3,0.03,2842,28.42,-74194,-74.194,329,0.329,610,0.61,126,0.126,0,0.0,0,
986.999506,1788180582.869012,1095778000,182,1,1,4,28,60771976,801907571,23790,6.0771976,80.1907571,23.79,58,86,0.58,0.86,1,0.01,2842,28.42,-74274,-74.274,330,0.33,610,0.61,106,0.106,0,0.0,0,
987.607402,1788180583.476908,1096178000,210,1,1,4,27,60771979,801907572,23780,6.0771979,80.1907572,23.78,58,86,0.58,0.86,1,0.01,2842,28.42,-74285,-74.285,330,0.33,610,0.61,128,0.128,0,0.0,0,
988.041808,1788180583.911314,1096778000,239,1,1,4,27,60771983,801907573,23770,6.0771983,80.1907573,23.77,58,86,0.58,0.86,1,0.01,2842,28.42,-74294,-74.294,330,0.33,610,0.61,161,0.161,0,0.0,0,
988.619642,1788180584.489148,1097178000,11,1,1,4,27,60771986,801907572,23770,6.0771986,80.1907572,23.77,58,86,0.58,0.86,1,0.01,2842,28.42,-74294,-74.294,331,0.331,609,0.609,150,0.15,0,0.0,0,
989.074460,1788180584.943966,1097778000,40,1,1,4,27,60771990,801907572,23770,6.077198999999999,80.1907572,23.77,54,77,0.54,0.77,1,0.01,2842,28.42,-74294,-74.294,331,0.331,609,0.609,159,0.159,0,0.0,0,
989.527220,1788180585.396726,1098178000,68,1,1,4,27,60771993,801907571,23760,6.077199299999999,80.1907571,23.76,58,86,0.58,0.86,1,0.01,2842,28.42,-74304,-74.304,331,0.331,609,0.609,160,0.16,0,0.0,0,
989.996086,1788180585.865592,1098778000,97,1,1,4,26,60771996,801907571,23790,6.0771996,80.1907571,23.79,60,88,0.6,0.88,3,0.03,2842,28.42,-74274,-74.274,332,0.332,610,0.61,147,0.147,0,0.0,0,
990.683915,1788180586.553421,1099178000,125,1,1,4,26,60771999,801907570,23780,6.0771999,80.19075699999999,23.78,60,88,0.6,0.88,0,0.0,2842,28.42,-74284,-74.284,332,0.332,610,0.61,161,0.161,0,0.0,0,
991.128290,1788180586.997796,1099778000,157,1,1,4,26,60772003,801907570,23770,6.0772002999999994,80.19075699999999,23.77,60,88,0.6,0.88,3,0.03,2842,28.42,-74294,-74.294,332,0.332,610,0.61,137,0.137,0,0.0,0,
991.526693,1788180587.396199,1100178000,187,1,1,4,26,60772007,801907568,23730,6.0772007,80.1907568,23.73,60,88,0.6,0.88,3,0.03,2842,28.42,-74334,-74.334,333,0.333,611,0.611,111,0.111,0,0.0,0,
992.061381,1788180587.930887,1100778000,216,1,1,4,26,60772012,801907568,23720,6.077201199999999,80.1907568,23.72,56,78,0.56,0.78,2,0.02,2842,28.42,-74344,-74.34400000000001,333,0.333,611,0.611,87,0.08700000000000001,0,0.0,0,
992.524018,1788180588.393524,1101178000,244,1,1,4,26,60772015,801907567,23700,6.0772015,80.1907567,23.7,60,88,0.6,0.88,3,0.03,2842,28.42,-74364,-74.364,333,0.333,612,0.612,134,0.134,0,0.0,0,
993.101677,1788180588.971183,1101778000,17,1,1,4,26,60772020,801907566,23720,6.077202,80.1907566,23.72,60,88,0.6,0.88,0,0.0,2842,28.42,-74344,-74.34400000000001,334,0.334,613,0.613,150,0.15,0,0.0,0,
993.567307,1788180589.436813,1102178000,45,1,1,4,27,60772023,801907564,23740,6.0772023,80.1907564,23.740000000000002,58,86,0.58,0.86,5,0.05,2842,28.42,-74324,-74.324,334,0.334,613,0.613,130,0.13,0,0.0,0,
994.019512,1788180589.889018,1102778000,74,1,1,4,27,60772027,801907564,23690,6.0772027,80.1907564,23.69,58,86,0.58,0.86,5,0.05,2842,28.42,-74374,-74.374,335,0.335,614,0.614,87,0.08700000000000001,0,0.0,0,
994.550843,1788180590.420349,1103178000,102,1,1,4,27,60772029,801907563,23670,6.0772029,80.19075629999999,23.67,58,86,0.58,0.86,6,0.06,2842,28.42,-74394,-74.394,336,0.336,614,0.614,128,0.128,0,0.0,0,
995.051012,1788180590.920518,1103778000,131,1,1,4,26,60772032,801907563,23620,6.0772032,80.19075629999999,23.62,57,80,0.5700000000000001,0.8,0,0.0,2842,28.42,-74444,-74.444,337,0.337,615,0.615,152,0.152,0,0.0,0,
995.519533,1788180591.389039,1104178000,159,1,1,4,26,60772035,801907563,23600,6.0772034999999995,80.19075629999999,23.6,65,94,0.65,0.9400000000000001,1,0.01,2842,28.42,-74464,-74.464,338,0.338,616,0.616,84,0.084,0,0.0,0,
996.095603,1788180591.965109,1104778000,188,1,1,4,26,60772040,801907562,23570,6.077204,80.1907562,23.57,65,94,0.65,0.9400000000000001,3,0.03,2842,28.42,-74494,-74.494,339,0.339,617,0.617,90,0.09,0,0.0,0,
996.549163,1788180592.418669,1105178000,216,1,1,4,26,60772041,801907561,23560,6.077204099999999,80.1907561,23.56,65,94,0.65,0.9400000000000001,4,0.04,2842,28.42,-74504,-74.504,340,0.34,617,0.617,146,0.146,0,0.0,0,
997.015300,1788180592.884806,1105778000,245,1,1,4,26,60772046,801907561,23570,6.0772046,80.1907561,23.57,65,94,0.65,0.9400000000000001,0,0.0,2842,28.42,-74494,-74.494,341,0.341,618,0.618,130,0.13,0,0.0,0,
997.590818,1788180593.460324,1106178000,17,1,1,4,26,60772051,801907559,23540,6.0772051,80.1907559,23.54,65,94,0.65,0.9400000000000001,1,0.01,2842,28.42,-74524,-74.524,342,0.342,619,0.619,159,0.159,0,0.0,0,
998.041416,1788180593.910922,1106778000,46,1,1,4,26,60772058,801907558,23480,6.0772058,80.19075579999999,23.48,65,94,0.65,0.9400000000000001,1,0.01,2842,28.42,-74584,-74.584,343,0.343,620,0.62,164,0.164,0,0.0,0,
998.683628,1788180594.553134,1107178000,74,1,1,4,26,60772062,801907557,23470,6.0772062,80.1907557,23.47,65,94,0.65,0.9400000000000001,4,0.04,2842,28.42,-74594,-74.59400000000001,343,0.343,621,0.621,154,0.154,0,0.0,0,
999.074049,1788180594.943555,1107578000,103,1,1,4,26,60772065,801907556,23490,6.0772065,80.1907556,23.490000000000002,65,94,0.65,0.9400000000000001,5,0.05,2842,28.42,-74574,-74.574,343,0.343,621,0.621,116,0.116,0,0.0,0,
999.542201,1788180595.411707,1108178000,131,1,1,4,26,60772068,801907553,23520,6.0772068,80.19075529999999,23.52,65,94,0.65,0.9400000000000001,3,0.03,2842,28.42,-74544,-74.544,345,0.34500000000000003,621,0.621,95,0.095,0,0.0,0,
999.996885,1788180595.866391,1108778000,160,1,1,4,26,60772075,801907549,23560,6.0772075,80.1907549,23.56,65,94,0.65,0.9400000000000001,4,0.04,2842,28.42,-74504,-74.504,345,0.34500000000000003,622,0.622,97,0.097,0,0.0,0,
1000.572622,1788180596.442128,1109178000,188,1,1,4,26,60772079,801907548,23580,6.077207899999999,80.1907548,23.580000000000002,65,94,0.65,0.9400000000000001,6,0.06,2842,28.42,-74484,-74.484,345,0.34500000000000003,622,0.622,90,0.09,0,0.0,0,
1001.042229,1788180596.911735,1109778000,217,1,1,4,26,60772087,801907544,23590,6.0772087,80.1907544,23.59,57,80,0.5700000000000001,0.8,1,0.01,2842,28.42,-74474,-74.474,345,0.34500000000000003,623,0.623,146,0.146,0,0.0,0,
1001.523334,1788180597.392840,1110178000,246,1,1,4,25,60772093,801907541,23620,6.0772093,80.19075409999999,23.62,67,97,0.67,0.97,3,0.03,2842,28.42,-74444,-74.444,345,0.34500000000000003,623,0.623,128,0.128,0,0.0,0,
1002.068311,1788180597.937817,1110778000,19,1,1,4,25,60772100,801907535,23670,6.07721,80.1907535,23.67,67,97,0.67,0.97,2,0.02,2842,28.42,-74394,-74.394,345,0.34500000000000003,624,0.624,160,0.16,0,0.0,0,
1002.534312,1788180598.403818,1111178000,47,1,1,4,26,60772105,801907534,23680,6.0772105,80.19075339999999,23.68,67,97,0.67,0.97,4,0.04,2842,28.42,-74384,-74.384,346,0.34600000000000003,625,0.625,93,0.093,0,0.0,0,
1003.018730,1788180598.888236,1111780000,76,1,1,4,26,60772114,801907530,23690,6.0772113999999995,80.190753,23.69,67,97,0.67,0.97,4,0.04,2842,28.42,-74374,-74.374,346,0.34600000000000003,625,0.625,103,0.10300000000000001,0,0.0,0,
1003.565625,1788180599.435131,1112180000,104,1,1,4,26,60772119,801907528,23700,6.0772119,80.1907528,23.7,67,97,0.67,0.97,1,0.01,2842,28.42,-74364,-74.364,346,0.34600000000000003,625,0.625,147,0.147,0,0.0,0,
1004.019943,1788180599.889449,1112780000,133,1,1,4,26,60772126,801907523,23700,6.077212599999999,80.1907523,23.7,59,81,0.59,0.81,2,0.02,2842,28.42,-74364,-74.364,345,0.34500000000000003,624,0.624,84,0.084,0,0.0,0,
1004.615982,1788180600.485488,1113180000,161,1,1,4,27,60772131,801907520,23700,6.0772131,80.190752,23.7,65,94,0.65,0.9400000000000001,3,0.03,2842,28.42,-74365,-74.365,345,0.34500000000000003,623,0.623,121,0.121,0,0.0,0,
1005.034844,1788180600.904350,1113780000,190,1,1,4,27,60772138,801907517,23700,6.0772138,80.19075169999999,23.7,65,94,0.65,0.9400000000000001,4,0.04,2842,28.42,-74364,-74.364,344,0.34400000000000003,621,0.621,120,0.12,0,0.0,0,
1005.549653,1788180601.419159,1114180000,218,1,1,4,27,60772143,801907515,23690,6.0772143,80.19075149999999,23.69,65,94,0.65,0.9400000000000001,3,0.03,2842,28.42,-74374,-74.374,344,0.34400000000000003,620,0.62,119,0.11900000000000001,0,0.0,0,
1006.019751,1788180601.889257,1114780000,247,1,1,4,27,60772148,801907512,23720,6.0772148,80.1907512,23.72,65,94,0.65,0.9400000000000001,1,0.01,2842,28.42,-74344,-74.34400000000001,343,0.343,619,0.619,150,0.15,0,0.0,0,
1006.549739,1788180602.419245,1115180000,19,1,1,4,27,60772151,801907511,23730,6.0772151,80.1907511,23.73,65,94,0.65,0.9400000000000001,3,0.03,2842,28.42,-74334,-74.334,343,0.343,618,0.618,150,0.15,0,0.0,0,
1007.019448,1788180602.888954,1115780000,49,1,1,4,27,60772154,801907510,23730,6.0772154,80.19075099999999,23.73,57,80,0.5700000000000001,0.8,1,0.01,2842,28.42,-74334,-74.334,342,0.342,617,0.617,152,0.152,0,0.0,0,
1007.626054,1788180603.495560,1116180000,77,1,1,4,27,60772157,801907509,23700,6.0772157,80.1907509,23.7,65,94,0.65,0.9400000000000001,4,0.04,2842,28.42,-74364,-74.364,342,0.342,617,0.617,135,0.135,0,0.0,0,
1008.001648,1788180603.871154,1116780000,106,1,1,4,27,60772161,801907509,23650,6.077216099999999,80.1907509,23.650000000000002,65,94,0.65,0.9400000000000001,3,0.03,2842,28.42,-74414,-74.414,342,0.342,617,0.617,151,0.151,0,0.0,0,
1008.517143,1788180604.386649,1117180000,134,1,1,4,26,60772164,801907509,23620,6.077216399999999,80.1907509,23.62,65,94,0.65,0.9400000000000001,1,0.01,2842,28.42,-74444,-74.444,343,0.343,617,0.617,145,0.145,0,0.0,0,
1008.997209,1788180604.866715,1117780000,163,1,1,4,26,60772168,801907509,23580,6.0772167999999995,80.1907509,23.580000000000002,65,94,0.65,0.9400000000000001,2,0.02,2842,28.42,-74484,-74.484,342,0.342,617,0.617,146,0.146,0,0.0,0,
1009.553814,1788180605.423320,1118180000,191,1,1,4,26,60772171,801907508,23550,6.0772170999999995,80.19075079999999,23.55,65,94,0.65,0.9400000000000001,2,0.02,2842,28.42,-74514,-74.514,342,0.342,617,0.617,123,0.123,0,0.0,0,
1010.006159,1788180605.875665,1118780000,220,1,1,4,26,60772175,801907507,23520,6.0772175,80.1907507,23.52,57,80,0.5700000000000001,0.8,0,0.0,2842,28.42,-74544,-74.544,342,0.342,617,0.617,140,0.14,0,0.0,0,
1010.620042,1788180606.489548,1119180000,248,1,1,4,26,60772178,801907506,23490,6.0772178,80.1907506,23.490000000000002,65,94,0.65,0.9400000000000001,6,0.06,2842,28.42,-74574,-74.574,342,0.342,617,0.617,84,0.084,0,0.0,0,
1011.040869,1788180606.910375,1119780000,21,1,1,4,26,60772180,801907505,23460,6.077217999999999,80.1907505,23.46,65,94,0.65,0.9400000000000001,1,0.01,2842,28.42,-74604,-74.604,342,0.342,617,0.617,159,0.159,0,0.0,0,
1011.541351,1788180607.410857,1120180000,50,1,1,4,26,60772181,801907505,23440,6.0772181,80.1907505,23.44,65,94,0.65,0.9400000000000001,4,0.04,2842,28.42,-74624,-74.624,342,0.342,618,0.618,89,0.089,0,0.0,0,
1012.082361,1788180607.951867,1120780000,79,1,1,4,26,60772182,801907504,23400,6.0772182,80.1907504,23.400000000000002,65,94,0.65,0.9400000000000001,3,0.03,2842,28.42,-74664,-74.664,343,0.343,618,0.618,87,0.08700000000000001,0,0.0,0,
1012.536279,1788180608.405785,1121180000,107,1,1,4,26,60772183,801907505,23380,6.077218299999999,80.1907505,23.38,65,94,0.65,0.9400000000000001,5,0.05,2842,28.42,-74685,-74.685,343,0.343,618,0.618,87,0.08700000000000001,0,0.0,0,
1013.004090,1788180608.873596,1121780000,136,1,1,4,25,60772185,801907504,23310,6.0772185,80.1907504,23.31,65,94,0.65,0.9400000000000001,1,0.01,2842,28.42,-74754,-74.754,344,0.34400000000000003,619,0.619,158,0.158,0,0.0,0,
1013.578500,1788180609.448006,1122180000,164,1,1,4,28,60772185,801907504,23280,6.0772185,80.1907504,23.28,58,84,0.58,0.84,3,0.03,2842,28.42,-74784,-74.784,343,0.343,619,0.619,135,0.135,0,0.0,0,
1014.030363,1788180609.899869,1122780000,193,1,1,4,27,60772187,801907505,23220,6.0772186999999995,80.1907505,23.22,65,94,0.65,0.9400000000000001,2,0.02,2842,28.42,-74845,-74.845,342,0.342,619,0.619,137,0.137,0,0.0,0,
1014.517208,1788180610.386714,1123180000,221,1,1,4,27,60772188,801907505,23180,6.0772188,80.1907505,23.18,58,84,0.58,0.84,2,0.02,2842,28.42,-74884,-74.884,342,0.342,620,0.62,157,0.157,0,0.0,0,
1015.060806,1788180610.930312,1123780000,250,1,1,4,27,60772190,801907505,23120,6.0772189999999995,80.1907505,23.12,58,84,0.58,0.84,4,0.04,2842,28.42,-74944,-74.944,343,0.343,620,0.62,122,0.122,0,0.0,0,
1015.527223,1788180611.396729,1124180000,22,1,1,4,28,60772191,801907507,23070,6.0772191,80.1907507,23.07,58,84,0.58,0.84,3,0.03,2842,28.42,-74994,-74.994,343,0.343,621,0.621,128,0.128,0,0.0,0,
1016.101348,1788180611.970854,1124780000,51,1,1,4,28,60772191,801907509,23020,6.0772191,80.1907509,23.02,54,76,0.54,0.76,1,0.01,2842,28.42,-75044,-75.044,344,0.34400000000000003,622,0.622,143,0.14300000000000002,0,0.0,0,
1016.566769,1788180612.436275,1125180000,79,1,1,4,28,60772192,801907511,22990,6.0772192,80.1907511,22.990000000000002,58,84,0.58,0.84,0,0.0,2842,28.42,-75074,-75.074,344,0.34400000000000003,622,0.622,135,0.135,0,0.0,0,
1017.019350,1788180612.888856,1125780000,108,1,1,4,27,60772194,801907515,22910,6.0772194,80.19075149999999,22.91,65,94,0.65,0.9400000000000001,3,0.03,2842,28.42,-75154,-75.154,344,0.34400000000000003,622,0.622,131,0.131,0,0.0,0,
1017.596527,1788180613.466033,1126180000,136,1,1,4,27,60772196,801907516,22890,6.077219599999999,80.1907516,22.89,65,94,0.65,0.9400000000000001,2,0.02,2842,28.42,-75174,-75.174,344,0.34400000000000003,623,0.623,163,0.163,0,0.0,0,
1018.019361,1788180613.888867,1126780000,165,1,1,4,28,60772198,801907519,22820,6.0772198,80.1907519,22.82,65,94,0.65,0.9400000000000001,1,0.01,2842,28.42,-75244,-75.244,345,0.34500000000000003,624,0.624,144,0.14400000000000002,0,0.0,0,
1018.521622,1788180614.391128,1127180000,193,1,1,4,27,60772199,801907520,22780,6.077219899999999,80.190752,22.78,58,86,0.58,0.86,4,0.04,2842,28.42,-75284,-75.284,346,0.34600000000000003,624,0.624,125,0.125,0,0.0,0,
1019.098719,1788180614.968225,1127780000,222,1,1,4,27,60772200,801907523,22710,6.07722,80.1907523,22.71,57,80,0.5700000000000001,0.8,2,0.02,2842,28.42,-75354,-75.354,346,0.34600000000000003,625,0.625,166,0.166,0,0.0,0,
1019.552465,1788180615.421971,1128180000,250,1,1,4,26,60772201,801907525,22660,6.0772201,80.1907525,22.66,65,94,0.65,0.9400000000000001,1,0.01,2842,28.42,-75404,-75.404,347,0.34700000000000003,625,0.625,159,0.159,0,0.0,0,
1020.019586,1788180615.889092,1128780000,23,1,1,4,27,60772201,801907529,22600,6.0772201,80.19075289999999,22.6,65,94,0.65,0.9400000000000001,1,0.01,2842,28.42,-75464,-75.464,347,0.34700000000000003,625,0.625,156,0.156,0,0.0,0,
1020.534628,1788180616.404134,1129180000,51,1,1,4,27,60772200,801907530,22570,6.07722,80.190753,22.57,65,94,0.65,0.9400000000000001,5,0.05,2842,28.42,-75494,-75.494,347,0.34700000000000003,626,0.626,130,0.13,0,0.0,0,
1021.051208,1788180616.920714,1129780000,80,1,1,4,28,60772198,801907534,22470,6.0772198,80.19075339999999,22.47,65,94,0.65,0.9400000000000001,1,0.01,2842,28.42,-75594,-75.59400000000001,344,0.34400000000000003,626,0.626,137,0.137,0,0.0,0,
1021.503868,1788180617.373374,1130180000,109,1,1,4,26,60772198,801907536,22450,6.0772198,80.1907536,22.45,65,94,0.65,0.9400000000000001,2,0.02,2842,28.42,-75614,-75.614,344,0.34400000000000003,627,0.627,132,0.132,0,0.0,0,
1022.092688,1788180617.962194,1130780000,138,1,1,4,28,60772196,801907539,22460,6.077219599999999,80.19075389999999,22.46,57,80,0.5700000000000001,0.8,1,0.01,2842,28.42,-75604,-75.604,345,0.34500000000000003,629,0.629,167,0.167,0,0.0,0,
1022.543943,1788180618.413449,1131180000,166,1,1,4,27,60772195,801907539,22510,6.0772195,80.19075389999999,22.51,65,94,0.65,0.9400000000000001,3,0.03,2842,28.42,-75554,-75.554,346,0.34600000000000003,631,0.631,170,0.17,0,0.0,0,
1022.998915,1788180618.868421,1131781000,195,1,1,4,27,60772191,801907541,22520,6.0772191,80.19075409999999,22.52,65,94,0.65,0.9400000000000001,1,0.01,2842,28.42,-75544,-75.544,346,0.34600000000000003,631,0.631,158,0.158,0,0.0,0,
1023.573163,1788180619.442669,1132181000,223,1,1,4,28,60772190,801907545,22460,6.0772189999999995,80.1907545,22.46,65,94,0.65,0.9400000000000001,6,0.06,2842,28.42,-75604,-75.604,345,0.34500000000000003,630,0.63,140,0.14,0,0.0,0,
1024.023911,1788180619.893417,1132781000,252,1,1,4,28,60772188,801907547,22490,6.0772188,80.1907547,22.490000000000002,65,94,0.65,0.9400000000000001,2,0.02,2842,28.42,-75574,-75.574,346,0.34600000000000003,631,0.631,92,0.092,0,0.0,0,
1024.506534,1788180620.376040,1133181000,24,1,1,4,27,60772187,801907548,22490,6.0772186999999995,80.1907548,22.490000000000002,65,94,0.65,0.9400000000000001,4,0.04,2842,28.42,-75574,-75.574,347,0.34700000000000003,632,0.632,149,0.149,0,0.0,0,
1025.070775,1788180620.940281,1133781000,53,1,1,4,27,60772186,801907552,22460,6.0772186,80.1907552,22.46,65,94,0.65,0.9400000000000001,0,0.0,2842,28.42,-75604,-75.604,348,0.34800000000000003,633,0.633,164,0.164,0,0.0,0,
1025.570473,1788180621.439979,1134181000,81,1,1,4,27,60772187,801907555,22410,6.0772186999999995,80.1907555,22.41,65,94,0.65,0.9400000000000001,5,0.05,2842,28.42,-75654,-75.654,348,0.34800000000000003,634,0.634,170,0.17,0,0.0,0,
1026.023567,1788180621.893073,1134781000,110,1,1,4,26,60772188,801907558,22380,6.0772188,80.19075579999999,22.38,65,94,0.65,0.9400000000000001,2,0.02,2842,28.42,-75684,-75.684,349,0.34900000000000003,635,0.635,165,0.165,0,0.0,0,
1026.568356,1788180622.437862,1135181000,138,1,1,4,27,60772187,801907561,22380,6.0772186999999995,80.1907561,22.38,65,94,0.65,0.9400000000000001,3,0.03,2842,28.42,-75684,-75.684,350,0.35000000000000003,636,0.636,124,0.124,0,0.0,0,
1027.033747,1788180622.903253,1135781000,167,1,1,4,26,60772184,801907564,22400,6.0772184,80.1907564,22.400000000000002,65,94,0.65,0.9400000000000001,2,0.02,2842,28.42,-75664,-75.664,350,0.35000000000000003,637,0.637,105,0.105,0,0.0,0,
1027.642806,1788180623.512312,1136181000,195,1,1,4,27,60772183,801907566,22370,6.077218299999999,80.1907566,22.37,65,94,0.65,0.9400000000000001,2,0.02,2842,28.42,-75694,-75.694,350,0.35000000000000003,637,0.637,151,0.151,0,0.0,0,
1027.987320,1788180623.856826,1136781000,224,1,1,4,26,60772183,801907571,22280,6.077218299999999,80.1907571,22.28,65,94,0.65,0.9400000000000001,2,0.02,2842,28.42,-75784,-75.784,350,0.35000000000000003,637,0.637,115,0.115,0,0.0,0,
1028.610902,1788180624.480408,1137181000,252,1,1,4,28,60772183,801907575,22230,6.077218299999999,80.19075749999999,22.23,58,86,0.58,0.86,2,0.02,2842,28.42,-75834,-75.834,350,0.35000000000000003,637,0.637,94,0.094,0,0.0,0,
1029.109517,1788180624.979023,1137581000,28,1,1,4,28,60772183,801907578,22180,6.077218299999999,80.1907578,22.18,58,86,0.58,0.86,3,0.03,2842,28.42,-75884,-75.884,350,0.35000000000000003,638,0.638,106,0.106,0,0.0,0,
1029.562278,1788180625.431784,1138181000,57,1,1,4,28,60772182,801907584,22060,6.0772182,80.19075839999999,22.06,58,86,0.58,0.86,3,0.03,2842,28.42,-76004,-76.004,350,0.35000000000000003,639,0.639,95,0.095,0,0.0,0,
1030.015748,1788180625.885254,1138781000,86,1,1,4,27,60772181,801907587,21990,6.0772181,80.19075869999999,21.990000000000002,58,86,0.58,0.86,2,0.02,2842,28.42,-76074,-76.074,350,0.35000000000000003,640,0.64,93,0.093,0,0.0,0,
1030.597556,1788180626.467062,1139181000,114,1,1,4,28,60772180,801907591,21920,6.077217999999999,80.1907591,21.92,58,86,0.58,0.86,3,0.03,2842,28.42,-76144,-76.144,351,0.35100000000000003,641,0.641,116,0.116,0,0.0,0,
1031.052056,1788180626.921562,1139781000,143,1,1,4,28,60772179,801907595,21870,6.0772179,80.1907595,21.87,54,77,0.54,0.77,3,0.03,2842,28.42,-76194,-76.194,351,0.35100000000000003,642,0.642,104,0.10400000000000001,0,0.0,0,
1031.553837,1788180627.423343,1140181000,172,1,1,4,28,60772179,801907599,21810,6.0772179,80.1907599,21.81,58,86,0.58,0.86,0,0.0,2842,28.42,-76254,-76.254,351,0.35100000000000003,642,0.642,150,0.15,0,0.0,0,
1032.069709,1788180627.939215,1140781000,201,1,1,4,28,60772178,801907602,21770,6.0772178,80.1907602,21.77,58,86,0.58,0.86,0,0.0,2842,28.42,-76294,-76.294,351,0.35100000000000003,643,0.643,138,0.138,0,0.0,0,
1032.556335,1788180628.425841,1141181000,229,1,1,4,28,60772177,801907605,21720,6.077217699999999,80.1907605,21.72,58,86,0.58,0.86,4,0.04,2842,28.42,-76344,-76.34400000000001,351,0.35100000000000003,644,0.644,152,0.152,0,0.0,0,
1033.019006,1788180628.888512,1141781000,2,1,1,4,28,60772179,801907608,21670,6.0772179,80.19076079999999,21.67,58,86,0.58,0.86,3,0.03,2842,28.42,-76394,-76.394,351,0.35100000000000003,643,0.643,149,0.149,0,0.0,0,
1033.505101,1788180629.374607,1142181000,30,1,1,4,28,60772179,801907610,21620,6.0772179,80.190761,21.62,58,86,0.58,0.86,5,0.05,2842,28.42,-76444,-76.444,351,0.35100000000000003,642,0.642,98,0.098,0,0.0,0,
1034.050377,1788180629.919883,1142781000,59,1,1,4,27,60772180,801907612,21550,6.077217999999999,80.1907612,21.55,54,77,0.54,0.77,0,0.0,2842,28.42,-76514,-76.514,351,0.35100000000000003,641,0.641,167,0.167,0,0.0,0,
1034.514871,1788180630.384377,1143181000,87,1,1,4,26,60772179,801907612,21560,6.0772179,80.1907612,21.56,59,91,0.59,0.91,4,0.04,2842,28.42,-76504,-76.504,352,0.352,642,0.642,153,0.153,0,0.0,0,
1035.090977,1788180630.960483,1143781000,116,1,1,4,26,60772177,801907613,21540,6.077217699999999,80.19076129999999,21.54,59,91,0.59,0.91,1,0.01,2842,28.42,-76524,-76.524,351,0.35100000000000003,643,0.643,146,0.146,0,0.0,0,
1035.540530,1788180631.410036,1144181000,144,1,1,4,26,60772175,801907613,21560,6.0772175,80.19076129999999,21.56,59,91,0.59,0.91,5,0.05,2842,28.42,-76505,-76.505,351,0.35100000000000003,644,0.644,163,0.163,0,0.0,0,
1036.008340,1788180631.877846,1144781000,173,1,1,4,27,60772172,801907612,21610,6.0772172,80.1907612,21.61,55,85,0.55,0.85,6,0.06,2842,28.42,-76454,-76.45400000000001,351,0.35100000000000003,644,0.644,113,0.113,0,0.0,0,
1036.574460,1788180632.443966,1145181000,201,1,1,4,27,60772170,801907613,21630,6.077217,80.19076129999999,21.63,55,85,0.55,0.85,2,0.02,2842,28.42,-76434,-76.434,350,0.35000000000000003,643,0.643,86,0.08600000000000001,0,0.0,0,
1037.040857,1788180632.910363,1145781000,230,1,1,4,26,60772169,801907611,21660,6.0772169,80.1907611,21.66,55,85,0.55,0.85,8,0.08,2842,28.42,-76404,-76.404,350,0.35000000000000003,642,0.642,95,0.095,0,0.0,0,
1037.525788,1788180633.395294,1146181000,2,1,1,4,25,60772167,801907609,21690,6.0772167,80.1907609,21.69,59,91,0.59,0.91,5,0.05,2842,28.42,-76374,-76.374,351,0.35100000000000003,642,0.642,160,0.16,0,0.0,0,
1038.073579,1788180633.943085,1146781000,32,1,1,4,25,60772165,801907609,21720,6.0772165,80.1907609,21.72,59,91,0.59,0.91,1,0.01,2842,28.42,-76344,-76.34400000000001,351,0.35100000000000003,642,0.642,172,0.17200000000000001,0,0.0,0,
1038.538637,1788180634.408143,1147181000,60,1,1,4,25,60772164,801907609,21730,6.077216399999999,80.1907609,21.73,59,91,0.59,0.91,4,0.04,2842,28.42,-76334,-76.334,351,0.35100000000000003,642,0.642,107,0.107,0,0.0,0,
1038.989475,1788180634.858981,1147781000,89,1,1,4,25,60772161,801907607,21770,6.077216099999999,80.1907607,21.77,59,91,0.59,0.91,3,0.03,2842,28.42,-76294,-76.294,351,0.35100000000000003,643,0.643,151,0.151,0,0.0,0,
1039.475236,1788180635.344742,1148181000,117,1,1,4,25,60772160,801907606,21760,6.077216,80.19076059999999,21.76,59,91,0.59,0.91,3,0.03,2842,28.42,-76304,-76.304,351,0.35100000000000003,643,0.643,127,0.127,0,0.0,0,
1040.034241,1788180635.903747,1148781000,146,1,1,4,26,60772161,801907606,21790,6.077216099999999,80.19076059999999,21.79,54,81,0.54,0.81,7,0.07,2842,28.42,-76274,-76.274,350,0.35000000000000003,643,0.643,88,0.088,0,0.0,0,
1040.516257,1788180636.385763,1149181000,174,1,1,4,26,60772161,801907605,21840,6.077216099999999,80.1907605,21.84,59,91,0.59,0.91,2,0.02,2842,28.42,-76224,-76.224,350,0.35000000000000003,643,0.643,169,0.169,0,0.0,0,
1041.034973,1788180636.904479,1149781000,203,1,1,4,26,60772161,801907601,21860,6.077216099999999,80.19076009999999,21.86,59,91,0.59,0.91,2,0.02,2842,28.42,-76204,-76.20400000000001,350,0.35000000000000003,643,0.643,94,0.094,0,0.0,0,
1041.564324,1788180637.433830,1150181000,232,1,1,4,25,60772161,801907598,21860,6.077216099999999,80.1907598,21.86,60,92,0.6,0.92,1,0.01,2842,28.42,-76205,-76.205,350,0.35000000000000003,643,0.643,149,0.149,0,0.0,0,
1042.018119,1788180637.887625,1150781000,5,1,1,4,24,60772162,801907595,21850,6.0772162,80.1907595,21.85,60,92,0.6,0.92,3,0.03,2842,28.42,-76214,-76.214,350,0.35000000000000003,643,0.643,148,0.148,0,0.0,0,
1042.564266,1788180638.433772,1151181000,33,1,1,4,25,60772163,801907593,21830,6.0772163,80.1907593,21.830000000000002,60,92,0.6,0.92,2,0.02,2842,28.42,-76234,-76.234,350,0.35000000000000003,643,0.643,150,0.15,0,0.0,0,
1043.022641,1788180638.892147,1151783000,62,1,1,4,25,60772165,801907589,21840,6.0772165,80.19075889999999,21.84,60,92,0.6,0.92,3,0.03,2842,28.42,-76225,-76.22500000000001,349,0.34900000000000003,642,0.642,139,0.139,0,0.0,0,
1043.626731,1788180639.496237,1152183000,90,1,1,4,25,60772167,801907586,21810,6.0772167,80.1907586,21.81,60,92,0.6,0.92,3,0.03,2842,28.42,-76254,-76.254,348,0.34800000000000003,640,0.64,114,0.114,0,0.0,0,
1044.060951,1788180639.930457,1152783000,119,1,1,4,25,60772167,801907583,21760,6.0772167,80.1907583,21.76,60,92,0.6,0.92,2,0.02,2842,28.42,-76304,-76.304,346,0.34600000000000003,637,0.637,160,0.16,0,0.0,0,
1044.526679,1788180640.396185,1153183000,147,1,1,4,24,60772165,801907580,21750,6.0772165,80.190758,21.75,60,92,0.6,0.92,3,0.03,2842,28.42,-76314,-76.31400000000001,344,0.34400000000000003,636,0.636,161,0.161,0,0.0,0,
1045.010430,1788180640.879936,1153783000,176,1,1,4,26,60772164,801907576,21710,6.077216399999999,80.1907576,21.71,59,91,0.59,0.91,4,0.04,2842,28.42,-76354,-76.354,342,0.342,636,0.636,177,0.177,0,0.0,0,
1045.558171,1788180641.427677,1154183000,204,1,1,4,26,60772162,801907576,21690,6.0772162,80.1907576,21.69,59,91,0.59,0.91,3,0.03,2842,28.42,-76374,-76.374,341,0.341,636,0.636,178,0.178,0,0.0,0,
1046.022435,1788180641.891941,1154783000,233,1,1,4,26,60772159,801907572,21750,6.0772159,80.1907572,21.75,54,81,0.54,0.81,2,0.02,2842,28.42,-76314,-76.31400000000001,339,0.339,636,0.636,151,0.151,0,0.0,0,
1046.602645,1788180642.472151,1155183000,5,1,1,4,26,60772158,801907569,21800,6.077215799999999,80.1907569,21.8,59,91,0.59,0.91,5,0.05,2842,28.42,-76264,-76.264,338,0.338,635,0.635,86,0.08600000000000001,0,0.0,0,
1047.020990,1788180642.890496,1155783000,34,1,1,4,26,60772154,801907565,21870,6.0772154,80.19075649999999,21.87,59,91,0.59,0.91,3,0.03,2842,28.42,-76194,-76.194,336,0.336,634,0.634,105,0.105,0,0.0,0,
1047.552195,1788180643.421701,1156183000,62,1,1,4,26,60772153,801907562,21900,6.0772153,80.1907562,21.900000000000002,59,91,0.59,0.91,0,0.0,2842,28.42,-76164,-76.164,335,0.335,634,0.634,166,0.166,0,0.0,0,
1048.016839,1788180643.886345,1156783000,91,1,1,4,26,60772150,801907557,21950,6.077215,80.1907557,21.95,59,91,0.59,0.91,1,0.01,2842,28.42,-76114,-76.114,333,0.333,632,0.632,83,0.083,0,0.0,0,
1048.548249,1788180644.417755,1157183000,119,1,1,4,26,60772151,801907554,21980,6.0772151,80.1907554,21.98,59,91,0.59,0.91,4,0.04,2842,28.42,-76084,-76.084,332,0.332,631,0.631,146,0.146,0,0.0,0,
1049.016007,1788180644.885513,1157783000,148,1,1,4,26,60772150,801907550,22100,6.077215,80.190755,22.1,59,91,0.59,0.91,2,0.02,2842,28.42,-75965,-75.965,331,0.331,629,0.629,111,0.111,0,0.0,0,
1049.593278,1788180645.462784,1158183000,176,1,1,4,26,60772150,801907547,22170,6.077215,80.1907547,22.17,59,91,0.59,0.91,1,0.01,2842,28.42,-75894,-75.894,330,0.33,628,0.628,159,0.159,0,0.0,0,
1050.013676,1788180645.883182,1158783000,205,1,1,4,26,60772147,801907542,22320,6.0772147,80.1907542,22.32,59,91,0.59,0.91,1,0.01,2842,28.42,-75744,-75.744,328,0.328,626,0.626,113,0.113,0,0.0,0,
1050.510932,1788180646.380438,1159183000,233,1,1,4,26,60772146,801907540,22390,6.0772146,80.190754,22.39,59,91,0.59,0.91,2,0.02,2842,28.42,-75674,-75.674,328,0.328,626,0.626,143,0.14300000000000002,0,0.0,0,
1051.090434,1788180646.959940,1159783000,6,1,1,4,26,60772143,801907538,22520,6.0772143,80.1907538,22.52,59,91,0.59,0.91,3,0.03,2842,28.42,-75544,-75.544,327,0.327,626,0.626,97,0.097,0,0.0,0,
1051.663968,1788180647.533474,1160183000,35,1,1,4,26,60772141,801907534,22600,6.0772141,80.19075339999999,22.6,59,91,0.59,0.91,2,0.02,2842,28.42,-75464,-75.464,326,0.326,625,0.625,135,0.135,0,0.0,0,
1052.054651,1788180647.924157,1160783000,64,1,1,4,26,60772139,801907531,22690,6.077213899999999,80.1907531,22.69,54,81,0.54,0.81,5,0.05,2842,28.42,-75374,-75.374,325,0.325,624,0.624,156,0.156,0,0.0,0,
1052.585107,1788180648.454613,1161183000,92,1,1,4,26,60772139,801907530,22710,6.077213899999999,80.190753,22.71,59,91,0.59,0.91,2,0.02,2842,28.42,-75354,-75.354,325,0.325,625,0.625,159,0.159,0,0.0,0,
1053.054716,1788180648.924222,1161783000,121,1,1,4,25,60772137,801907528,22800,6.0772137,80.1907528,22.8,60,91,0.6,0.91,2,0.02,2842,28.42,-75264,-75.264,324,0.324,625,0.625,135,0.135,0,0.0,0,
1053.506396,1788180649.375902,1162183000,149,1,1,4,25,60772136,801907526,22860,6.077213599999999,80.1907526,22.86,60,91,0.6,0.91,4,0.04,2842,28.42,-75204,-75.20400000000001,323,0.323,623,0.623,145,0.145,0,0.0,0,
1054.085270,1788180649.954776,1162783000,178,1,1,4,26,60772133,801907524,23020,6.0772132999999995,80.1907524,23.02,59,91,0.59,0.91,4,0.04,2842,28.42,-75044,-75.044,322,0.322,621,0.621,161,0.161,0,0.0,0,
1054.538034,1788180650.407540,1163183000,206,1,1,4,25,60772131,801907522,23080,6.0772131,80.19075219999999,23.080000000000002,59,91,0.59,0.91,2,0.02,2842,28.42,-74985,-74.985,321,0.321,621,0.621,139,0.139,0,0.0,0,
1055.005519,1788180650.875025,1163783000,235,1,1,4,24,60772128,801907519,23180,6.0772128,80.1907519,23.18,59,84,0.59,0.84,5,0.05,2842,28.42,-74884,-74.884,321,0.321,622,0.622,136,0.136,0,0.0,0,
1055.581315,1788180651.450821,1164183000,7,1,1,4,24,60772128,801907517,23230,6.0772128,80.19075169999999,23.23,68,101,0.68,1.01,1,0.01,2842,28.42,-74834,-74.834,321,0.321,623,0.623,160,0.16,0,0.0,0,
1056.036359,1788180651.905865,1164783000,36,1,1,4,23,60772127,801907513,23300,6.0772127,80.1907513,23.3,68,101,0.68,1.01,2,0.02,2842,28.42,-74764,-74.764,320,0.32,624,0.624,84,0.084,0,0.0,0,
1056.502961,1788180652.372467,1165183000,64,1,1,4,24,60772127,801907509,23400,6.0772127,80.1907509,23.400000000000002,68,101,0.68,1.01,5,0.05,2842,28.42,-74664,-74.664,320,0.32,624,0.624,76,0.076,0,0.0,0,
1057.064181,1788180652.933687,1165783000,93,1,1,4,24,60772126,801907506,23490,6.077212599999999,80.1907506,23.490000000000002,68,101,0.68,1.01,6,0.06,2842,28.42,-74574,-74.574,321,0.321,625,0.625,134,0.134,0,0.0,0,
1057.485434,1788180653.354940,1166183000,121,1,1,4,25,60772125,801907504,23570,6.0772125,80.1907504,23.57,68,101,0.68,1.01,2,0.02,2842,28.42,-74495,-74.495,321,0.321,625,0.625,126,0.126,0,0.0,0,
1058.029492,1788180653.898998,1166783000,150,1,1,4,25,60772123,801907502,23610,6.077212299999999,80.1907502,23.61,56,81,0.56,0.81,2,0.02,2842,28.42,-74454,-74.45400000000001,321,0.321,627,0.627,156,0.156,0,0.0,0,
1058.561801,1788180654.431307,1167183000,178,1,1,4,25,60772121,801907500,23680,6.0772121,80.19075,23.68,60,91,0.6,0.91,7,0.07,2842,28.42,-74384,-74.384,322,0.322,626,0.626,109,0.109,0,0.0,0,
1059.032784,1788180654.902290,1167783000,207,1,1,4,24,60772119,801907496,23810,6.0772119,80.19074959999999,23.81,63,93,0.63,0.93,5,0.05,2842,28.42,-74254,-74.254,322,0.322,624,0.624,153,0.153,0,0.0,0,
1059.519269,1788180655.388775,1168183000,235,1,1,4,25,60772118,801907494,23850,6.0772118,80.1907494,23.85,63,93,0.63,0.93,5,0.05,32030,320.3,-74214,-74.214,323,0.323,623,0.623,93,0.093,0,0.0,0,
1060.129806,1788180655.999312,1168783000,8,1,1,4,24,60772115,801907487,24080,6.0772115,80.1907487,24.080000000000002,63,93,0.63,0.93,3,0.03,32030,320.3,-73984,-73.984,323,0.323,618,0.618,99,0.099,0,0.0,0,
1060.518970,1788180656.388476,1169183000,36,1,1,4,25,60772114,801907483,24200,6.0772113999999995,80.1907483,24.2,63,93,0.63,0.93,12,0.12,32030,320.3,-73864,-73.864,323,0.323,617,0.617,116,0.116,0,0.0,0,
1061.019554,1788180656.889060,1169783000,65,1,1,4,25,60772113,801907481,24250,6.0772113,80.1907481,24.25,58,82,0.58,0.8200000000000001,8,0.08,32030,320.3,-73814,-73.81400000000001,326,0.326,624,0.624,184,0.184,0,0.0,0,
1061.554537,1788180657.424043,1170183000,94,1,1,4,23,60772115,801907477,24210,6.0772115,80.1907477,24.21,72,105,0.72,1.05,4,0.04,30418,304.18,-73854,-73.854,327,0.327,625,0.625,117,0.117,0,0.0,0,
1062.025488,1788180657.894994,1170783000,123,1,1,4,22,60772116,801907477,24320,6.0772116,80.1907477,24.32,78,120,0.78,1.2,3,0.03,30418,304.18,-73744,-73.744,328,0.328,626,0.626,174,0.17400000000000002,0,0.0,0,
1062.618802,1788180658.488308,1171183000,151,1,1,4,22,60772114,801907477,24370,6.0772113999999995,80.1907477,24.37,78,120,0.78,1.2,12,0.12,26918,269.18,-73694,-73.694,327,0.327,625,0.625,100,0.1,0,0.0,0,
1063.010795,1788180658.880301,1171783000,180,1,1,4,23,60772114,801907479,24400,6.0772113999999995,80.19074789999999,24.400000000000002,78,120,0.78,1.2,4,0.04,26918,269.18,-73664,-73.664,326,0.326,623,0.623,104,0.10400000000000001,0,0.0,0,
1063.511998,1788180659.381504,1172183000,208,1,1,4,23,60772112,801907480,24430,6.0772112,80.190748,24.43,78,120,0.78,1.2,11,0.11,34612,346.12,-73634,-73.634,325,0.325,621,0.621,94,0.094,0,0.0,0,
1064.012178,1788180659.881684,1172783000,237,1,1,4,23,60772110,801907486,24440,6.077211,80.19074859999999,24.44,64,90,0.64,0.9,5,0.05,3401,34.01,-73624,-73.624,325,0.325,620,0.62,166,0.166,0,0.0,0,
1064.544238,1788180660.413744,1173183000,9,1,1,4,22,60772110,801907491,24530,6.077211,80.19074909999999,24.53,81,121,0.81,1.21,25,0.25,7277,72.77,-73534,-73.534,324,0.324,620,0.62,128,0.128,0,0.0,0,
1065.023825,1788180660.893331,1173782000,38,1,1,4,22,60772110,801907485,24970,6.077211,80.1907485,24.97,76,117,0.76,1.17,27,0.27,33680,336.8,-73094,-73.09400000000001,325,0.325,627,0.627,231,0.231,0,0.0,0,
1065.585581,1788180661.455087,1174182000,66,1,1,4,24,60772113,801907467,25440,6.0772113,80.19074669999999,25.44,71,112,0.71,1.12,64,0.64,27880,278.8,-72624,-72.624,328,0.328,637,0.637,201,0.201,0,0.0,0,
1066.051673,1788180661.921179,1174782000,95,1,1,4,24,60772128,801907447,25590,6.0772128,80.1907447,25.59,71,112,0.71,1.12,46,0.46,32152,321.52,-72474,-72.474,329,0.329,644,0.644,121,0.121,0,0.0,0,
1066.503640,1788180662.373146,1175182000,123,1,1,4,24,60772143,801907441,25620,6.0772143,80.1907441,25.62,68,102,0.68,1.02,66,0.66,35139,351.39,-72444,-72.444,329,0.329,644,0.644,92,0.092,0,0.0,0,
1067.035214,1788180662.904720,1175582000,155,1,1,4,24,60772166,801907438,25530,6.0772166,80.19074379999999,25.53,68,100,0.68,1.0,76,0.76,35531,355.31,-72534,-72.534,327,0.327,640,0.64,66,0.066,0,0.0,0,
1067.533101,1788180663.402607,1176182000,184,1,1,4,25,60772211,801907438,25460,6.0772211,80.19074379999999,25.46,65,99,0.65,0.99,89,0.89,35697,356.97,-72604,-72.604,324,0.324,631,0.631,46,0.046,0,0.0,0,
1068.000067,1788180663.869573,1176782000,213,1,1,4,25,60772265,801907435,25280,6.0772265,80.1907435,25.28,65,99,0.65,0.99,110,1.1,35194,351.94,-72784,-72.784,321,0.321,621,0.621,42,0.042,0,0.0,0,
1068.577703,1788180664.447209,1177182000,241,1,1,4,26,60772300,801907435,25240,6.07723,80.1907435,25.240000000000002,60,90,0.6,0.9,102,1.02,357,3.5700000000000003,-72824,-72.824,320,0.32,615,0.615,57,0.057,0,0.0,0,
1068.984257,1788180664.853763,1177582000,15,1,1,4,25,60772335,801907440,25110,6.077233499999999,80.190744,25.11,60,90,0.6,0.9,96,0.96,411,4.11,-72954,-72.95400000000001,318,0.318,608,0.608,60,0.06,0,0.0,0,
1069.528887,1788180665.398393,1178182000,43,1,1,4,25,60772393,801907445,24880,6.0772393,80.1907445,24.88,60,90,0.6,0.9,98,0.98,128,1.28,-73184,-73.184,315,0.315,595,0.595,62,0.062,0,0.0,0,
1070.089013,1788180665.958519,1178782000,72,1,1,4,24,60772442,801907448,24610,6.0772442,80.19074479999999,24.61,60,90,0.6,0.9,89,0.89,35728,357.28000000000003,-73455,-73.455,310,0.31,577,0.577,39,0.039,0,0.0,0,
1070.558692,1788180666.428198,1179182000,100,1,1,4,24,60772477,801907449,24430,6.0772477,80.1907449,24.43,60,90,0.6,0.9,98,0.98,35779,357.79,-73634,-73.634,307,0.307,567,0.5670000000000001,38,0.038,0,0.0,0,
1070.997822,1788180666.867328,1179782000,129,1,1,4,26,60772523,801907451,24220,6.0772523,80.1907451,24.22,55,85,0.55,0.85,66,0.66,80,0.8,-73844,-73.84400000000001,302,0.302,547,0.547,42,0.042,0,0.0,0,
1071.482994,1788180667.352500,1180182000,158,1,1,4,26,60772551,801907449,24110,6.0772550999999995,80.1907449,24.11,56,86,0.56,0.86,88,0.88,35375,353.75,-73954,-73.95400000000001,299,0.299,534,0.534,52,0.052000000000000005,0,0.0,0,
1072.029556,1788180667.899062,1180782000,187,1,1,4,26,60772593,801907447,24080,6.0772593,80.1907447,24.080000000000002,56,86,0.56,0.86,77,0.77,35751,357.51,-73984,-73.984,295,0.295,519,0.519,43,0.043000000000000003,0,0.0,0,
1072.513464,1788180668.382970,1181182000,215,1,1,4,26,60772619,801907446,24070,6.0772619,80.1907446,24.07,56,86,0.56,0.86,87,0.87,35855,358.55,-73994,-73.994,292,0.292,506,0.506,49,0.049,0,0.0,0,
1073.062496,1788180668.932002,1181782000,244,1,1,4,25,60772667,801907442,24000,6.0772667,80.1907442,24.0,56,86,0.56,0.86,91,0.91,35800,358.0,-74064,-74.06400000000001,287,0.28700000000000003,487,0.487,49,0.049,0,0.0,0,
1073.526073,1788180669.395579,1182182000,16,1,1,4,25,60772695,801907445,23940,6.0772695,80.1907445,23.94,56,86,0.56,0.86,76,0.76,506,5.0600000000000005,-74124,-74.124,286,0.28600000000000003,481,0.481,51,0.051000000000000004,0,0.0,0,
1073.977387,1788180669.846893,1182782000,45,1,1,4,26,60772737,801907445,23890,6.0772737,80.1907445,23.89,56,86,0.56,0.86,88,0.88,35511,355.11,-74174,-74.174,284,0.28400000000000003,476,0.47600000000000003,35,0.035,0,0.0,0,
1074.555179,1788180670.424685,1183182000,73,1,1,4,26,60772769,801907446,23840,6.077276899999999,80.1907446,23.84,55,85,0.55,0.85,83,0.8300000000000001,35752,357.52,-74224,-74.224,283,0.28300000000000003,473,0.47300000000000003,62,0.062,0,0.0,0,
1075.024393,1788180670.893899,1183782000,102,1,1,4,26,60772807,801907447,23770,6.077280699999999,80.1907447,23.77,55,85,0.55,0.85,79,0.79,35724,357.24,-74294,-74.294,282,0.28200000000000003,470,0.47000000000000003,52,0.052000000000000005,0,0.0,0,
1075.600512,1788180671.470018,1184182000,130,1,1,4,26,60772837,801907444,23750,6.0772837,80.1907444,23.75,55,85,0.55,0.85,85,0.85,35381,353.81,-74314,-74.31400000000001,281,0.281,467,0.467,42,0.042,0,0.0,0,
1076.162426,1788180672.031932,1184782000,159,1,1,4,26,60772884,801907450,23630,6.0772884,80.19074499999999,23.63,55,85,0.55,0.85,84,0.84,747,7.47,-74434,-74.434,279,0.279,464,0.464,59,0.059000000000000004,0,0.0,0,
1076.506642,1788180672.376148,1185182000,187,1,1,4,26,60772917,801907452,23570,6.0772917,80.1907452,23.57,56,86,0.56,0.86,101,1.01,73,0.73,-74494,-74.494,278,0.278,462,0.462,47,0.047,0,0.0,0,
1077.083924,1788180672.953430,1185782000,216,1,1,4,25,60772964,801907456,23490,6.0772964,80.1907456,23.490000000000002,56,86,0.56,0.86,74,0.74,472,4.72,-74574,-74.574,276,0.276,456,0.456,46,0.046,0,0.0,0,
1077.553467,1788180673.422973,1186182000,244,1,1,4,26,60772995,801907464,23390,6.0772995,80.1907464,23.39,56,86,0.56,0.86,93,0.93,760,7.6000000000000005,-74674,-74.674,273,0.273,448,0.448,53,0.053,0,0.0,0,
1078.004190,1788180673.873696,1186782000,17,1,1,4,26,60773054,801907479,23060,6.077305399999999,80.19074789999999,23.06,56,86,0.56,0.86,85,0.85,645,6.45,-75004,-75.004,264,0.264,422,0.422,40,0.04,0,0.0,0,
1078.581674,1788180674.451180,1187182000,45,1,1,4,25,60773084,801907488,22950,6.0773084,80.1907488,22.95,59,87,0.59,0.87,73,0.73,1082,10.82,-75114,-75.114,259,0.259,408,0.40800000000000003,43,0.043000000000000003,0,0.0,0,
1079.002468,1788180674.871974,1187582000,74,1,1,4,25,60773115,801907495,22820,6.0773114999999995,80.1907495,22.82,59,87,0.59,0.87,91,0.91,119,1.19,-75244,-75.244,253,0.253,394,0.394,38,0.038,0,0.0,0,
1079.504201,1788180675.373707,1188182000,102,1,1,4,25,60773165,801907501,22660,6.077316499999999,80.1907501,22.66,56,86,0.56,0.86,83,0.8300000000000001,645,6.45,-75404,-75.404,245,0.245,374,0.374,42,0.042,0,0.0,0,
1080.081467,1788180675.950973,1188782000,131,1,1,4,24,60773212,801907514,22410,6.0773212,80.1907514,22.41,59,87,0.59,0.87,84,0.84,35679,356.79,-75654,-75.654,237,0.23700000000000002,356,0.356,37,0.037,0,0.0,0,
1080.550207,1788180676.419713,1189182000,159,1,1,4,25,60773243,801907518,22280,6.0773243,80.1907518,22.28,59,87,0.59,0.87,70,0.7000000000000001,35543,355.43,-75784,-75.784,234,0.234,347,0.34700000000000003,35,0.035,0,0.0,0,
1081.001325,1788180676.870831,1189782000,188,1,1,4,25,60773282,801907527,22130,6.077328199999999,80.19075269999999,22.13,59,87,0.59,0.87,62,0.62,265,2.65,-75934,-75.934,228,0.228,334,0.334,37,0.037,0,0.0,0,
1081.611252,1788180677.480758,1190182000,217,1,1,4,26,60773308,801907527,22020,6.0773307999999995,80.19075269999999,22.02,56,80,0.56,0.8,74,0.74,35260,352.6,-76044,-76.044,226,0.226,328,0.328,45,0.045,0,0.0,0,
1082.001748,1788180677.871254,1190782000,246,1,1,4,27,60773345,801907521,22040,6.0773345,80.1907521,22.04,54,79,0.54,0.79,66,0.66,35277,352.77,-76024,-76.024,224,0.224,324,0.324,35,0.035,0,0.0,0,
1082.498677,1788180678.368183,1191182000,18,1,1,4,26,60773368,801907521,22010,6.077336799999999,80.1907521,22.01,54,79,0.54,0.79,68,0.68,35730,357.3,-76054,-76.054,224,0.224,323,0.323,51,0.051000000000000004,0,0.0,0,
1083.076671,1788180678.946177,1191782000,47,1,1,4,26,60773409,801907515,21960,6.077340899999999,80.19075149999999,21.96,54,79,0.54,0.79,73,0.73,35564,355.64,-76104,-76.104,224,0.224,322,0.322,54,0.054,0,0.0,0,
1083.531696,1788180679.401202,1192182000,75,1,1,4,27,60773434,801907513,21940,6.077343399999999,80.1907513,21.94,54,79,0.54,0.79,66,0.66,35487,354.87,-76124,-76.124,224,0.224,320,0.32,43,0.043000000000000003,0,0.0,0,
1083.996696,1788180679.866202,1192782000,104,1,1,4,26,60773473,801907509,21910,6.0773473,80.1907509,21.91,54,79,0.54,0.79,85,0.85,35362,353.62,-76154,-76.154,225,0.225,320,0.32,41,0.041,0,0.0,0,
1084.573873,1788180680.443379,1193182000,132,1,1,4,26,60773499,801907506,21900,6.0773499,80.1907506,21.900000000000002,54,79,0.54,0.79,60,0.6,35535,355.35,-76164,-76.164,226,0.226,322,0.322,52,0.052000000000000005,0,0.0,0,
1085.028914,1788180680.898420,1193782000,161,1,1,4,27,60773522,801907505,21890,6.0773522,80.1907505,21.89,54,79,0.54,0.79,36,0.36,35110,351.1,-76174,-76.174,226,0.226,320,0.32,38,0.038,0,0.0,0,
1085.497326,1788180681.366832,1194182000,189,1,1,4,26,60773533,801907500,21900,6.0773532999999995,80.19075,21.900000000000002,54,79,0.54,0.79,39,0.39,33542,335.42,-76164,-76.164,226,0.226,318,0.318,45,0.045,0,0.0,0,
1085.981041,1788180681.850547,1194782000,218,1,1,4,27,60773558,801907495,21800,6.077355799999999,80.1907495,21.8,52,79,0.52,0.79,62,0.62,34261,342.61,-76264,-76.264,223,0.223,311,0.311,40,0.04,0,0.0,0,
1086.527672,1788180682.397178,1195182000,246,1,1,4,27,60773584,801907495,21790,6.0773584,80.1907495,21.79,54,79,0.54,0.79,85,0.85,35257,352.57,-76274,-76.274,220,0.22,305,0.305,37,0.037,0,0.0,0,
1087.010049,1788180682.879555,1195782000,19,1,1,4,28,60773632,801907501,21720,6.0773632,80.1907501,21.72,54,80,0.54,0.8,88,0.88,0,0.0,-76344,-76.34400000000001,215,0.215,297,0.297,42,0.042,0,0.0,0,
1087.555379,1788180683.424885,1196182000,47,1,1,4,27,60773663,801907509,21670,6.0773662999999996,80.1907509,21.67,52,79,0.52,0.79,76,0.76,837,8.370000000000001,-76394,-76.394,212,0.212,292,0.292,54,0.054,0,0.0,0,
1088.023737,1788180683.893243,1196782000,76,1,1,4,27,60773703,801907525,21590,6.0773703,80.1907525,21.59,54,86,0.54,0.86,72,0.72,1242,12.42,-76474,-76.474,209,0.209,288,0.28800000000000003,57,0.057,0,0.0,0,
1088.474919,1788180684.344425,1197182000,104,1,1,4,27,60773731,801907531,21520,6.0773731,80.1907531,21.52,56,86,0.56,0.86,71,0.71,1063,10.63,-76544,-76.544,208,0.20800000000000002,286,0.28600000000000003,58,0.058,0,0.0,0,
1089.052937,1788180684.922443,1197582000,133,1,1,4,26,60773756,801907544,21520,6.0773756,80.1907544,21.52,54,86,0.54,0.86,89,0.89,2294,22.94,-76544,-76.544,208,0.20800000000000002,285,0.28500000000000003,91,0.091,0,0.0,0,
1089.535648,1788180685.405154,1198182000,161,1,1,4,28,60773785,801907561,21450,6.0773785,80.1907561,21.45,54,82,0.54,0.8200000000000001,40,0.4,2896,28.96,-76614,-76.614,211,0.211,291,0.291,105,0.105,0,0.0,0,
1090.096102,1788180685.965608,1198582000,190,1,1,4,28,60773789,801907566,21420,6.077378899999999,80.1907566,21.42,52,79,0.52,0.79,1,0.01,3215,32.15,-76644,-76.644,214,0.214,296,0.296,132,0.132,0,0.0,0,
1090.549995,1788180686.419501,1199182000,218,1,1,4,27,60773791,801907557,21380,6.0773791,80.1907557,21.38,54,81,0.54,0.81,21,0.21,29296,292.96,-76684,-76.684,217,0.217,302,0.302,116,0.116,0,0.0,0,
1091.005759,1788180686.875265,1199582000,247,1,1,4,28,60773797,801907556,21330,6.0773797,80.1907556,21.330000000000002,52,79,0.52,0.79,38,0.38,35901,359.01,-76734,-76.734,218,0.218,305,0.305,71,0.07100000000000001,0,0.0,0,
1091.489405,1788180687.358911,1200182000,20,1,1,4,27,60773812,801907554,21320,6.0773812,80.1907554,21.32,54,82,0.54,0.8200000000000001,22,0.22,766,7.66,-76744,-76.744,219,0.219,306,0.306,62,0.062,0,0.0,0,
1092.002070,1788180687.871576,1200582000,49,1,1,4,27,60773810,801907556,21230,6.077381,80.1907556,21.23,54,82,0.54,0.8200000000000001,28,0.28,14998,149.98,-76834,-76.834,219,0.219,305,0.305,86,0.08600000000000001,0,0.0,0,
1092.532571,1788180688.402077,1201182000,77,1,1,4,26,60773784,801907557,20750,6.0773784,80.1907557,20.75,57,85,0.5700000000000001,0.85,65,0.65,16618,166.18,-77314,-77.31400000000001,219,0.219,304,0.304,121,0.121,0,0.0,0,
1093.078347,1788180688.947853,1201782000,106,1,1,4,26,60773768,801907565,20500,6.0773768,80.19075649999999,20.5,56,84,0.56,0.84,19,0.19,14118,141.18,-77564,-77.56400000000001,225,0.225,307,0.307,127,0.127,0,0.0,0,
1093.561801,1788180689.431307,1202182000,134,1,1,4,26,60773766,801907564,20460,6.0773766,80.1907564,20.46,57,85,0.5700000000000001,0.85,9,0.09,17404,174.04,-77604,-77.604,228,0.228,311,0.311,139,0.139,0,0.0,0,
1094.030562,1788180689.900068,1202582000,163,1,1,4,26,60773767,801907563,20440,6.077376699999999,80.19075629999999,20.44,56,84,0.56,0.84,6,0.06,17404,174.04,-77624,-77.624,234,0.234,320,0.32,131,0.131,0,0.0,0,
1094.606675,1788180690.476181,1203182000,191,1,1,4,25,60773769,801907563,20440,6.0773769,80.19075629999999,20.44,57,86,0.5700000000000001,0.86,8,0.08,17404,174.04,-77624,-77.624,244,0.244,336,0.336,138,0.138,0,0.0,0,
1095.042458,1788180690.911964,1203582000,220,1,1,4,26,60773770,801907564,20440,6.077376999999999,80.1907564,20.44,57,86,0.5700000000000001,0.86,5,0.05,17404,174.04,-77624,-77.624,248,0.248,348,0.34800000000000003,168,0.168,0,0.0,0,
1095.527497,1788180691.397003,1204182000,248,1,1,4,26,60773764,801907560,20560,6.0773763999999995,80.190756,20.56,57,86,0.5700000000000001,0.86,4,0.04,21100,211.0,-77504,-77.504,254,0.254,360,0.36,171,0.171,0,0.0,0,
1096.184372,1788180692.053878,1204582000,21,1,1,4,27,60773762,801907562,20590,6.0773762,80.1907562,20.59,54,82,0.54,0.8200000000000001,7,0.07,18983,189.83,-77474,-77.474,259,0.259,364,0.364,139,0.139,0,0.0,0,
1096.542407,1788180692.411913,1205182000,49,1,1,4,28,60773765,801907561,20530,6.0773765,80.1907561,20.53,55,84,0.55,0.84,10,0.1,24379,243.79,-77534,-77.534,262,0.262,365,0.365,103,0.10300000000000001,0,0.0,0,
1097.027117,1788180692.896623,1205582000,78,1,1,4,28,60773767,801907560,20500,6.077376699999999,80.190756,20.5,55,84,0.55,0.84,4,0.04,24379,243.79,-77564,-77.56400000000001,263,0.263,365,0.365,88,0.088,0,0.0,0,
1097.526119,1788180693.395625,1206182000,106,1,1,4,28,60773769,801907560,20400,6.0773769,80.190756,20.400000000000002,56,84,0.56,0.84,7,0.07,24379,243.79,-77664,-77.664,263,0.263,362,0.362,121,0.121,0,0.0,0,
1098.027297,1788180693.896803,1206782000,135,1,1,4,27,60773766,801907560,20370,6.0773766,80.190756,20.37,54,81,0.54,0.81,4,0.04,24379,243.79,-77694,-77.694,265,0.265,369,0.369,159,0.159,0,0.0,0,
1098.510211,1788180694.379717,1207182000,163,1,1,4,28,60773765,801907561,20360,6.0773765,80.1907561,20.36,54,81,0.54,0.81,3,0.03,24379,243.79,-77704,-77.70400000000001,266,0.266,377,0.377,115,0.115,0,0.0,0,
1099.102560,1788180694.972066,1207582000,192,1,1,4,28,60773764,801907559,20330,6.0773763999999995,80.1907559,20.330000000000002,54,81,0.54,0.81,6,0.06,24379,243.79,-77734,-77.734,267,0.267,384,0.384,75,0.075,0,0.0,0,
1099.556561,1788180695.426067,1208182000,220,1,1,4,28,60773763,801907559,20240,6.0773763,80.1907559,20.240000000000002,54,81,0.54,0.81,5,0.05,24379,243.79,-77824,-77.824,270,0.27,396,0.396,159,0.159,0,0.0,0,
1100.101582,1788180695.971088,1208582000,250,1,1,4,28,60773763,801907561,20190,6.0773763,80.1907561,20.19,54,81,0.54,0.81,5,0.05,24379,243.79,-77874,-77.874,271,0.271,401,0.401,94,0.094,0,0.0,0,
1100.521655,1788180696.391161,1209182000,22,1,1,4,27,60773765,801907563,20170,6.0773765,80.19075629999999,20.17,54,81,0.54,0.81,4,0.04,24379,243.79,-77894,-77.894,272,0.272,405,0.405,117,0.117,0,0.0,0,
1101.021041,1788180696.890547,1209782000,51,1,1,4,28,60773768,801907567,20080,6.0773768,80.1907567,20.080000000000002,53,80,0.53,0.8,3,0.03,24379,243.79,-77984,-77.984,272,0.272,402,0.402,133,0.133,0,0.0,0,
1101.504573,1788180697.374079,1210182000,80,1,1,4,28,60773769,801907569,20090,6.0773769,80.1907569,20.09,54,81,0.54,0.81,6,0.06,24379,243.79,-77974,-77.974,271,0.271,399,0.399,116,0.116,0,0.0,0,
1102.082690,1788180697.952196,1210782000,109,1,1,4,26,60773772,801907573,20140,6.0773772,80.1907573,20.14,56,82,0.56,0.8200000000000001,3,0.03,24379,243.79,-77924,-77.924,272,0.272,400,0.4,135,0.135,0,0.0,0,
1102.549863,1788180698.419369,1211182000,137,1,1,4,26,60773774,801907574,20150,6.0773774,80.1907574,20.150000000000002,56,82,0.56,0.8200000000000001,11,0.11,29829,298.29,-77914,-77.914,273,0.273,400,0.4,109,0.109,0,0.0,0,
1103.003764,1788180698.873270,1211592000,166,1,1,4,27,60773778,801907580,20070,6.0773778,80.190758,20.07,54,81,0.54,0.81,4,0.04,29829,298.29,-77993,-77.993,273,0.273,398,0.398,132,0.132,0,0.0,0,
1103.549378,1788180699.418884,1212192000,194,1,1,4,27,60773786,801907588,19930,6.077378599999999,80.1907588,19.93,54,81,0.54,0.81,2,0.02,29829,298.29,-78134,-78.134,271,0.271,394,0.394,130,0.13,0,0.0,0,
1104.048187,1788180699.917693,1212792000,223,1,1,4,27,60773792,801907594,19760,6.077379199999999,80.19075939999999,19.76,54,81,0.54,0.81,2,0.02,29829,298.29,-78304,-78.304,268,0.268,388,0.388,121,0.121,0,0.0,0,
1104.532245,1788180700.401751,1213192000,251,1,1,4,26,60773796,801907597,19660,6.0773795999999995,80.1907597,19.66,56,89,0.56,0.89,3,0.03,29829,298.29,-78404,-78.404,265,0.265,383,0.383,125,0.125,0,0.0,0,
1105.077746,1788180700.947252,1213592000,27,1,1,4,25,60773799,801907598,19540,6.0773798999999995,80.1907598,19.54,56,89,0.56,0.89,1,0.01,29829,298.29,-78524,-78.524,262,0.262,378,0.378,124,0.124,0,0.0,0,
1105.529494,1788180701.399000,1214192000,56,1,1,4,25,60773802,801907597,19490,6.0773801999999995,80.1907597,19.490000000000002,56,89,0.56,0.89,4,0.04,29829,298.29,-78574,-78.574,259,0.259,373,0.373,139,0.139,0,0.0,0,
1106.092075,1788180701.961581,1214792000,85,1,1,4,25,60773804,801907595,19480,6.0773804,80.1907595,19.48,56,89,0.56,0.89,4,0.04,29829,298.29,-78584,-78.584,259,0.259,378,0.378,141,0.14100000000000001,0,0.0,0,
1106.575907,1788180702.445413,1215192000,113,1,1,4,27,60773805,801907596,19480,6.077380499999999,80.19075959999999,19.48,54,81,0.54,0.81,5,0.05,29829,298.29,-78584,-78.584,260,0.26,384,0.384,105,0.105,0,0.0,0,
