elapsed_s,log_timestamp_unix_s,source_time_boot_ms,seq,sysid,compid,north_x_m,east_y_m,down_z_m,velocity_north_mps,velocity_east_mps,velocity_down_mps
0.232260,1788179596.101766,108853,224,1,1,0.5453269481658936,-2.0526440143585205,0.042082082480192184,-0.029181472957134247,-0.004246977623552084,-0.004186500795185566
0.701839,1788179596.571345,109353,252,1,1,0.5322860479354858,-2.050339698791504,0.043568260967731476,-0.023756494745612144,-0.0019068005494773388,-0.0012212162837386131
1.435255,1788179597.304761,109854,25,1,1,0.5175303816795349,-2.045091152191162,0.04612427204847336,-0.01993180625140667,-6.438428681576625e-05,0.0001870835549198091
1.840512,1788179597.710018,110353,55,1,1,0.4938100278377533,-2.0338921546936035,0.04385427385568619,-0.025001896545290947,0.004900266882032156,-0.0017569692572578788
2.228506,1788179598.098012,110853,84,1,1,0.4734243154525757,-2.01784610748291,0.04583004489541054,-0.02625473402440548,0.012045610696077347,-0.001398342428728938
2.759903,1788179598.629409,111353,112,1,1,0.45703980326652527,-2.0041284561157227,0.04484136775135994,-0.02406131662428379,0.01552901417016983,-0.0013901827624067664
3.305187,1788179599.174693,111856,141,1,1,0.4388579726219177,-1.9820873737335205,0.04135385900735855,-0.022881565615534782,0.023383336141705513,-0.0038304480258375406
3.727839,1788179599.597345,112353,169,1,1,0.4146672785282135,-1.960739254951477,0.04205402731895447,-0.024561287835240364,0.02832368202507496,-0.0027785087004303932
4.210761,1788179600.080267,112853,198,1,1,0.389827162027359,-1.9405057430267334,0.042511314153671265,-0.024898773059248924,0.03170096501708031,-0.0018658693879842758
4.756664,1788179600.626170,113353,232,1,1,0.3674139380455017,-1.929792046546936,0.04406727850437164,-0.023677021265029907,0.02738359197974205,-0.0019636608194559813
6.746273,1788179602.615779,115353,46,1,1,0.2656756043434143,-1.925039529800415,0.047371331602334976,-0.021801181137561798,0.004544417839497328,-0.001726154936477542
8.741110,1788179604.610616,117353,108,1,1,0.14747905731201172,-1.917297601699829,0.045804351568222046,-0.02800726890563965,-0.0038172302301973104,-0.0017363631632179022
10.814362,1788179606.683868,119353,167,1,1,0.041477445513010025,-1.8863608837127686,0.042262963950634,-0.028631199151277542,0.006796125788241625,-0.0031480833422392607
12.703251,1788179608.572757,121353,224,1,1,-0.01600426807999611,-1.8798267841339111,0.0474371537566185,-0.008705941960215569,0.0007113383035175502,0.0014980318956077099
14.730767,1788179610.600273,123353,19,1,1,0.01038139034062624,-1.9558751583099365,0.04737423360347748,0.02468646690249443,-0.02784665673971176,0.003132423385977745
15.231107,1788179611.100613,123866,48,1,1,0.004457397852092981,-1.9668502807617188,0.04949311167001724,0.02041778713464737,-0.026602620258927345,0.0038255145773291588
15.760172,1788179611.629678,124353,73,1,1,-0.01048493105918169,-1.9835546016693115,0.05209548771381378,0.015064992941915989,-0.02979576401412487,0.002515160944312811
16.230660,1788179612.100166,124853,102,1,1,-0.0348079539835453,-1.9876670837402344,0.0480472669005394,0.003945775795727968,-0.02502548322081566,-0.00022885081125423312
16.729184,1788179612.598690,125353,130,1,1,-0.054429538547992706,-1.9913601875305176,0.0423431396484375,-0.0016779657453298569,-0.02236119844019413,-0.002041031839326024
17.300979,1788179613.170485,125856,159,1,1,-0.0669754147529602,-1.9930254220962524,0.04274187237024307,-0.0031716604717075825,-0.01913377270102501,-0.0019894586876034737
17.680128,1788179613.549634,126358,187,1,1,-0.08541589230298996,-1.9913437366485596,0.04255056008696556,-0.01022390928119421,-0.014813018962740898,-0.002501369919627905
18.178477,1788179614.047983,126856,216,1,1,-0.1025315597653389,-1.988922357559204,0.0411822572350502,-0.013422103598713875,-0.01049813348799944,-0.004929268267005682
18.756219,1788179614.625725,127358,244,1,1,-0.1195736825466156,-1.992883563041687,0.03831180930137634,-0.01633087545633316,-0.01262636948376894,-0.00823630578815937
19.210188,1788179615.079694,127853,17,1,1,-0.1371997445821762,-1.992753505706787,0.03937278687953949,-0.019281694665551186,-0.011651957407593727,-0.005502151325345039
19.679040,1788179615.548546,128356,45,1,1,-0.1600339412689209,-1.991393804550171,0.03879999369382858,-0.022318340837955475,-0.011531063355505466,-0.007458314299583435
20.177938,1788179616.047444,128853,74,1,1,-0.18914029002189636,-1.9803396463394165,0.038762416690588,-0.028902003541588783,-0.0016606426797807217,-0.007315557915717363
20.708501,1788179616.578007,129358,102,1,1,-0.20792007446289062,-1.949159026145935,0.04244314506649971,-0.026244912296533585,0.015638362616300583,-0.006229623686522245
21.239950,1788179617.109456,129853,131,1,1,-0.22738492488861084,-1.92714524269104,0.04204793646931648,-0.02413683757185936,0.025629110634326935,-0.0043470123782753944
21.706392,1788179617.575898,130353,160,1,1,-0.23372671008110046,-1.912262201309204,0.04628406837582588,-0.01641932874917984,0.029989851638674736,-0.0014710414689034224
22.207117,1788179618.076623,130856,189,1,1,-0.2447761595249176,-1.899840235710144,0.044743798673152924,-0.015261249616742134,0.03466736152768135,-0.0017972346395254135
22.771485,1788179618.640991,131353,217,1,1,-0.2586408853530884,-1.8917328119277954,0.040474552661180496,-0.013167579658329487,0.030997972935438156,-0.002144381171092391
23.288659,1788179619.158165,131853,246,1,1,-0.2683672308921814,-1.881298303604126,0.0400761216878891,-0.010878837667405605,0.02788522094488144,-0.002881949068978429
23.694666,1788179619.564172,132356,18,1,1,-0.2842975854873657,-1.8635486364364624,0.03752122074365616,-0.008693846873939037,0.03245174512267113,-0.005103424657136202
24.225411,1788179620.094917,132853,47,1,1,-0.30785050988197327,-1.8470134735107422,0.03453106805682182,-0.014611074700951576,0.03342406451702118,-0.006759079173207283
24.738421,1788179620.607927,133353,75,1,1,-0.3254069983959198,-1.835331678390503,0.0359058678150177,-0.016420280560851097,0.03702352195978165,-0.0024960602167993784
25.237171,1788179621.106677,133853,104,1,1,-0.33789458870887756,-1.8345603942871094,0.0351729542016983,-0.013835473917424679,0.02158176340162754,-0.004287493880838156
25.769487,1788179621.638993,134353,132,1,1,-0.34108585119247437,-1.83869469165802,0.03292260318994522,-0.006871148012578487,0.016029737889766693,-0.004856534767895937
26.223269,1788179622.092775,134856,161,1,1,-0.3548767864704132,-1.8151050806045532,0.036697156727313995,-0.011159654706716537,0.02225310727953911,-0.0017987468745559454
26.686447,1788179622.555953,135353,189,1,1,-0.36710885167121887,-1.779768943786621,0.03829434514045715,-0.013011655770242214,0.03301507234573364,-0.0021186599042266607
27.188644,1788179623.058150,135853,218,1,1,-0.362957239151001,-1.726534128189087,0.041450317949056625,-0.00659191282466054,0.04679127410054207,-9.705529373604804e-05
27.718234,1788179623.587740,136353,246,1,1,-0.3530052602291107,-1.663914442062378,0.03901420533657074,-0.0008464473066851497,0.0564626008272171,-0.005555014591664076
28.184945,1788179624.054451,136856,19,1,1,-0.34340721368789673,-1.5981422662734985,0.033072393387556076,0.0021374886855483055,0.06647610664367676,-0.011722924187779427
28.745019,1788179624.614525,137353,47,1,1,-0.3190896809101105,-1.5280972719192505,0.032015927135944366,0.013037027791142464,0.07266717404127121,-0.009686563163995743
29.212173,1788179625.081679,137853,76,1,1,-0.29890650510787964,-1.4635025262832642,0.03229792043566704,0.017861515283584595,0.07593798637390137,-0.008012806996703148
29.679942,1788179625.549448,138353,104,1,1,-0.28348323702812195,-1.3970179557800293,0.03027242422103882,0.01950516551733017,0.077189140021801,-0.008219610899686813
30.182510,1788179626.052016,138856,133,1,1,-0.27317100763320923,-1.3271714448928833,0.03085925430059433,0.01962575875222683,0.08055921643972397,-0.007905649952590466
30.683167,1788179626.552673,139353,161,1,1,-0.27423548698425293,-1.2486133575439453,0.031533852219581604,0.014713047072291374,0.08338535577058792,-0.007131192833185196
31.184663,1788179627.054169,139856,190,1,1,-0.28275611996650696,-1.1642265319824219,0.03354620933532715,0.007989807985723019,0.08866527676582336,-0.004176207818090916
31.744331,1788179627.613837,140353,219,1,1,-0.29012590646743774,-1.0763331651687622,0.036534275859594345,0.003259295132011175,0.0909314975142479,-0.0049181003123521805
32.212262,1788179628.081768,140853,248,1,1,-0.3026683032512665,-0.9784666299819946,0.0366511233150959,-0.004611990414559841,0.09892096370458603,-0.005635917652398348
32.663521,1788179628.533027,141356,20,1,1,-0.3104276955127716,-0.8837432861328125,0.03900066018104553,-0.004781982861459255,0.10136239230632782,-0.002595104742795229
33.255609,1788179629.125115,141853,49,1,1,-0.31919458508491516,-0.7988138794898987,0.04298187047243118,-0.009097237139940262,0.10208547115325928,0.00044443868682719767
33.721678,1788179629.591184,142353,78,1,1,-0.3290223479270935,-0.7120261192321777,0.04576655477285385,-0.00990608986467123,0.10251941531896591,0.0006133407005108893
34.238604,1788179630.108110,142853,107,1,1,-0.344393253326416,-0.633190393447876,0.04735354334115982,-0.014226540923118591,0.10097568482160568,0.0021082409657537937
34.735886,1788179630.605392,143353,135,1,1,-0.36017513275146484,-0.5550538301467896,0.049253564327955246,-0.01930294744670391,0.09606442600488663,0.001467519672587514
35.203997,1788179631.073503,143853,164,1,1,-0.36912891268730164,-0.4879554510116577,0.051071297377347946,-0.018049512058496475,0.08751986920833588,0.002361824968829751
35.656595,1788179631.526101,144356,192,1,1,-0.38324734568595886,-0.4208182096481323,0.05086749047040939,-0.02098783664405346,0.07970935106277466,0.0020170987118035555
36.235150,1788179632.104656,144853,221,1,1,-0.3900039494037628,-0.3596261739730835,0.05111847445368767,-0.019873550161719322,0.07121749967336655,0.001457077800296247
36.753120,1788179632.622626,145356,249,1,1,-0.3866950273513794,-0.30251193046569824,0.053031448274850845,-0.013254405930638313,0.05933395028114319,0.0028368625789880753
37.268538,1788179633.138044,145853,22,1,1,-0.38546669483184814,-0.24779340624809265,0.053492624312639236,-0.00931081734597683,0.04986044019460678,0.0029853754676878452
37.734230,1788179633.603736,146353,50,1,1,-0.3768194317817688,-0.19051752984523773,0.05378061160445213,-0.0038857560139149427,0.045435354113578796,0.003419179469347
38.186802,1788179634.056308,146853,79,1,1,-0.36390069127082825,-0.13930073380470276,0.05472820624709129,0.0020889141596853733,0.03946252539753914,0.0022541440557688475
38.747610,1788179634.617116,147354,107,1,1,-0.34560734033584595,-0.09026051312685013,0.052197378128767014,0.00921209529042244,0.033201899379491806,0.0009047985658980906
39.278560,1788179635.148066,147856,136,1,1,-0.33746814727783203,-0.044360943138599396,0.048254501074552536,0.007308379281312227,0.02742704562842846,-0.003951774910092354
39.730079,1788179635.599585,148354,167,1,1,-0.3327418267726898,0.009824950248003006,0.04405800998210907,0.006298046559095383,0.02598848007619381,-0.007215749938040972
40.311103,1788179636.180609,148856,197,1,1,-0.336010217666626,0.07655256986618042,0.03702294081449509,0.003174535231664777,0.031593937426805496,-0.013073025271296501
40.683966,1788179636.553472,149356,225,1,1,-0.34819820523262024,0.15621042251586914,0.03031993843615055,-0.0030576172284781933,0.038119345903396606,-0.013117060996592045
41.166921,1788179637.036427,149853,254,1,1,-0.3617168068885803,0.2296556532382965,0.02829904668033123,-0.007922189310193062,0.0399908609688282,-0.012132108211517334
41.696053,1788179637.565559,150358,27,1,1,-0.3717682957649231,0.3118148148059845,0.0301700159907341,-0.007951674982905388,0.046087682247161865,-0.011165305972099304
42.212060,1788179638.081566,150853,56,1,1,-0.3906909227371216,0.39544129371643066,0.03158455714583397,-0.01701870746910572,0.05454366281628609,-0.010674525052309036
42.680924,1788179638.550430,151353,84,1,1,-0.4064595401287079,0.4818010926246643,0.030947426334023476,-0.02007756009697914,0.06125830113887787,-0.01049005426466465
43.177656,1788179639.047162,151858,113,1,1,-0.42154204845428467,0.5583434104919434,0.031130244955420494,-0.023344649001955986,0.06299158930778503,-0.007535866927355528
43.725320,1788179639.594826,152353,141,1,1,-0.4291246831417084,0.637069821357727,0.03225686401128769,-0.022713758051395416,0.06434880942106247,-0.005953941028565168
44.172811,1788179640.042317,152856,170,1,1,-0.43835824728012085,0.713353157043457,0.03157200291752815,-0.023596197366714478,0.06540797650814056,-0.007350344676524401
44.747784,1788179640.617290,153358,199,1,1,-0.4477264881134033,0.7914215922355652,0.03397098183631897,-0.02419867552816868,0.06807973235845566,-0.005025769583880901
45.216473,1788179641.085979,153853,228,1,1,-0.45121657848358154,0.8601782917976379,0.03763878345489502,-0.020204462110996246,0.06775742024183273,-0.0003051073872484267
45.668189,1788179641.537695,154356,0,1,1,-0.449199914932251,0.9247312545776367,0.03972224146127701,-0.015235490165650845,0.06488346308469772,0.0023453200701624155
46.183272,1788179642.052778,154853,29,1,1,-0.4407809376716614,0.9780752062797546,0.046015992760658264,-0.008029691874980927,0.05903073027729988,0.0056828698143363
46.698741,1788179642.568247,155353,57,1,1,-0.4360169470310211,1.022216558456421,0.04916069656610489,-0.00647573359310627,0.05135015770792961,0.00707778288051486
47.278932,1788179643.148438,155856,86,1,1,-0.4322335422039032,1.0617611408233643,0.05042032524943352,-0.006260804831981659,0.043590277433395386,0.005182991735637188
47.730096,1788179643.599602,156356,114,1,1,-0.43390458822250366,1.0965222120285034,0.05181118845939636,-0.008704740554094315,0.03523126244544983,0.007177193649113178
48.198921,1788179644.068427,156856,143,1,1,-0.4306809604167938,1.126335859298706,0.05551547929644585,-0.00425674207508564,0.029263177886605263,0.008115138858556747
48.670005,1788179644.539511,157353,171,1,1,-0.42737123370170593,1.155455231666565,0.05536423623561859,-0.003653312101960182,0.024031920358538628,0.006987402681261301
49.242814,1788179645.112320,157856,200,1,1,-0.4227316081523895,1.1826971769332886,0.053361911326646805,-0.0038383961655199528,0.020090466365218163,0.005139036104083061
49.693619,1788179645.563125,158353,228,1,1,-0.41809001564979553,1.211681604385376,0.05095298960804939,-0.003396859159693122,0.019058139994740486,0.0040746829472482204
50.273916,1788179646.143422,158853,1,1,1,-0.41614893078804016,1.2234277725219727,0.04944852739572525,-0.0051154703833162785,0.0068780360743403435,0.0009081208845600486
50.695743,1788179646.565249,159356,29,1,1,-0.40798068046569824,1.2314714193344116,0.047995779663324356,-0.002819220069795847,-0.0020513932686299086,0.0007281851139850914
51.197103,1788179647.066609,159853,58,1,1,-0.40379953384399414,1.2377766370773315,0.046511661261320114,-0.004417793825268745,-0.009203404188156128,0.000623359635937959
51.759672,1788179647.629178,160356,87,1,1,-0.4051099717617035,1.248686671257019,0.04619647562503815,-0.008707016706466675,-0.012333597987890244,-0.0010975233744829893
52.225846,1788179648.095352,160856,116,1,1,-0.40999019145965576,1.2682826519012451,0.046486347913742065,-0.008383769541978836,-0.009182307869195938,-0.0019120462238788605
52.679161,1788179648.548667,161353,144,1,1,-0.4169430732727051,1.2976406812667847,0.04432200267910957,-0.010378755629062653,-0.0025713988579809666,-0.0030993607360869646
53.194586,1788179649.064092,161856,173,1,1,-0.421609491109848,1.3396583795547485,0.041208889335393906,-0.012667402625083923,0.008782175369560719,-0.004023685120046139
53.722586,1788179649.592092,162353,201,1,1,-0.43026360869407654,1.3772411346435547,0.038044076412916183,-0.016238322481513023,0.012772588059306145,-0.005524995271116495
54.192463,1788179650.061969,162853,230,1,1,-0.4340839385986328,1.414103627204895,0.03685682639479637,-0.017088906839489937,0.016971053555607796,-0.00635254941880703
54.755448,1788179650.624954,163356,2,1,1,-0.4321519434452057,1.4480454921722412,0.034493785351514816,-0.014944116584956646,0.019602248445153236,-0.007583753205835819
55.267625,1788179651.137131,163856,31,1,1,-0.4288688898086548,1.4788638353347778,0.03524676710367203,-0.013507083989679813,0.02099338360130787,-0.005050794221460819
55.673204,1788179651.542710,164356,59,1,1,-0.41538894176483154,1.512048363685608,0.03682636469602585,-0.00708826445043087,0.022307895123958588,-0.0032298071309924126
56.263614,1788179652.133120,164853,88,1,1,-0.40410205721855164,1.5530338287353516,0.037174396216869354,-0.0016480330377817154,0.027549469843506813,-0.005231630988419056
56.765537,1788179652.635043,165353,116,1,1,-0.38572973012924194,1.594103455543518,0.03946099057793617,0.007194779813289642,0.03310321643948555,-0.0026513594202697277
57.171281,1788179653.040787,165854,145,1,1,-0.36607077717781067,1.6345248222351074,0.0431981161236763,0.01343931257724762,0.038267817348241806,-0.0006992776179686189
57.859740,1788179653.729246,166358,173,1,1,-0.3423565626144409,1.6732492446899414,0.04540872573852539,0.019359806552529335,0.04161113500595093,0.0016726453322917223
58.248917,1788179654.118423,166858,202,1,1,-0.324544221162796,1.7069153785705566,0.04933307319879532,0.020752282813191414,0.04048225283622742,0.004086640197783709
58.670519,1788179654.540025,167353,230,1,1,-0.3110673129558563,1.7373491525650024,0.05323462188243866,0.018288739025592804,0.03819917142391205,0.006243404466658831
59.260956,1788179655.130462,167853,3,1,1,-0.2903997004032135,1.7669894695281982,0.05771424621343613,0.021594209596514702,0.037153441458940506,0.008429257199168205
59.745186,1788179655.614692,168358,31,1,1,-0.26576700806617737,1.7981220483779907,0.060878973454236984,0.027731679379940033,0.0378556102514267,0.010280700400471687
60.168565,1788179656.038071,168853,60,1,1,-0.2556411623954773,1.8319061994552612,0.062371257692575455,0.018425196409225464,0.03979966416954994,0.009268218651413918
60.744124,1788179656.613630,169356,88,1,1,-0.2530589997768402,1.8665986061096191,0.06036745384335518,0.010125372558832169,0.0394139364361763,0.006731365341693163
61.244544,1788179657.114050,169853,117,1,1,-0.24559804797172546,1.8962581157684326,0.057458244264125824,0.007790121249854565,0.037207748740911484,0.005257092881947756
61.729340,1788179657.598846,170353,146,1,1,-0.236216202378273,1.9196784496307373,0.05705279856920242,0.00583958113566041,0.03130822256207466,0.0035889509599655867
62.229442,1788179658.098948,170856,175,1,1,-0.22853024303913116,1.934521198272705,0.056095369160175323,0.0018664608942344785,0.023363174870610237,0.0029598339460790157
62.697609,1788179658.567115,171356,203,1,1,-0.22473853826522827,1.9488712549209595,0.052199043333530426,-0.002835313556715846,0.017858732491731644,-0.00042675805161707103
63.308664,1788179659.178170,171853,232,1,1,-0.21216103434562683,1.9557170867919922,0.05179687216877937,7.702990114921704e-05,0.009217497892677784,0.0007148455479182303
63.684265,1788179659.553771,172353,4,1,1,-0.19507849216461182,1.956663966178894,0.052720654755830765,0.004117653239518404,0.0017063120612874627,0.0012323094997555017
64.180725,1788179660.050231,172854,33,1,1,-0.17467203736305237,1.9529205560684204,0.049708202481269836,0.008586802519857883,-0.006124166306108236,-0.001955063082277775
64.697711,1788179660.567217,173356,61,1,1,-0.15529870986938477,1.957549810409546,0.04515623673796654,0.010288764722645283,-0.006829190067946911,-0.003951565828174353
65.223401,1788179661.092907,173856,90,1,1,-0.1447005569934845,1.9558398723602295,0.04285280033946037,0.007457464002072811,-0.011251410469412804,-0.0036501679569482803
65.693799,1788179661.563305,174353,118,1,1,-0.13066434860229492,1.9549731016159058,0.042963676154613495,0.006447735708206892,-0.012307893484830856,-0.003618330927565694
66.192227,1788179662.061733,174853,147,1,1,-0.12262965738773346,1.9588205814361572,0.045654915273189545,0.0017938363598659635,-0.009202811866998672,-7.288464257726446e-05
66.722376,1788179662.591882,175353,175,1,1,-0.10212137550115585,1.9549049139022827,0.0500132255256176,0.006664039567112923,-0.014197180047631264,0.002620551735162735
67.175406,1788179663.044912,175856,204,1,1,-0.08216790109872818,1.9464035034179688,0.053837623447179794,0.00902129802852869,-0.018781527876853943,0.005265801679342985
67.767914,1788179663.637420,176356,232,1,1,-0.06262087821960449,1.9415253400802612,0.053395479917526245,0.011393198743462563,-0.018686478957533836,0.004352725576609373
68.223372,1788179664.092878,176853,5,1,1,-0.04186972230672836,1.9448131322860718,0.052936144173145294,0.014069836586713791,-0.01210018340498209,0.00371546926908195
68.674282,1788179664.543788,177353,33,1,1,-0.01941906102001667,1.945408582687378,0.05199627950787544,0.019313005730509758,-0.009036789648234844,0.0014776570023968816
69.304147,1788179665.173653,177853,62,1,1,0.001632988452911377,1.942941665649414,0.05048748105764389,0.020793696865439415,-0.006384584587067366,-0.0024362895637750626
69.710302,1788179665.579808,178356,90,1,1,0.02302551455795765,1.936570405960083,0.05034441128373146,0.02215949073433876,-0.0039230212569236755,0.001330819446593523
70.164465,1788179666.033971,178856,119,1,1,0.043739836663007736,1.9282687902450562,0.05244205519556999,0.023571036756038666,-0.005666913464665413,0.004397677257657051
70.756198,1788179666.625704,179353,147,1,1,0.06619296967983246,1.9205257892608643,0.0550043061375618,0.02638770453631878,-0.005263129714876413,0.0035977924708276987
71.223313,1788179667.092819,179858,176,1,1,0.08851554989814758,1.9141733646392822,0.05598370358347893,0.02805997058749199,-0.0036658530589193106,0.0015165377408266068
71.679084,1788179667.548590,180353,205,1,1,0.11240989714860916,1.895117163658142,0.05755804106593132,0.025865787640213966,-0.007530531380325556,0.005104463081806898
72.177974,1788179668.047480,180856,234,1,1,0.12920790910720825,1.8822251558303833,0.05861342325806618,0.020640896633267403,-0.007840150967240334,0.00545612582936883
72.707240,1788179668.576746,181353,6,1,1,0.14562207460403442,1.8696907758712769,0.05751849338412285,0.018417859449982643,-0.007831973023712635,0.004927537869662046
73.204502,1788179669.074008,181856,35,1,1,0.15868103504180908,1.862632155418396,0.05518997088074684,0.014566509053111076,-0.004465771839022636,0.00300768343731761
73.737289,1788179669.606795,182356,63,1,1,0.167294442653656,1.853048324584961,0.05281250178813934,0.008838397450745106,-0.0014320171903818846,0.0011363113299012184
74.203658,1788179670.073164,182856,92,1,1,0.17019829154014587,1.8396506309509277,0.051835693418979645,0.0018591438420116901,-0.0036405553109943867,0.0023597071412950754
74.766245,1788179670.635751,183353,120,1,1,0.18348601460456848,1.822506308555603,0.0516296923160553,0.0012484424514696002,-0.005661961156874895,-0.0005590211949311197
75.203770,1788179671.073276,183853,149,1,1,0.20321232080459595,1.8092294931411743,0.04704735800623894,0.005300383549183607,-0.007238293532282114,-0.004384591709822416
75.689352,1788179671.558858,184353,178,1,1,0.2180459201335907,1.8009401559829712,0.0429488942027092,0.004158867988735437,-0.007031744811683893,-0.005380949471145868
76.208035,1788179672.077541,184863,207,1,1,0.22734381258487701,1.7949737310409546,0.04213171824812889,0.0022803465835750103,-0.0037943494971841574,-0.005757206119596958
76.741207,1788179672.610713,185356,235,1,1,0.23492243885993958,1.7856608629226685,0.040512192994356155,0.0016459858743473887,-0.005299432203173637,-0.00869586132466793
77.347634,1788179673.217140,185853,8,1,1,0.24735791981220245,1.7739102840423584,0.042683329433202744,0.005318145267665386,-0.009061046876013279,-0.0059642004780471325
77.724637,1788179673.594143,186356,39,1,1,0.25564882159233093,1.7648407220840454,0.044125787913799286,0.004709178581833839,-0.008182206191122532,-0.004291802644729614
78.272218,1788179674.141724,186853,69,1,1,0.2660651206970215,1.7616809606552124,0.042125120759010315,0.004385684616863728,-0.005628472659736872,-0.006092878058552742
78.692665,1788179674.562171,187361,97,1,1,0.27606508135795593,1.756661057472229,0.03853311017155647,0.005967264529317617,-0.005871981848031282,-0.010328573174774647
79.193115,1788179675.062621,187853,126,1,1,0.28922706842422485,1.7484130859375,0.0377524197101593,0.008160474710166454,-0.008174004033207893,-0.007854119874536991
79.727467,1788179675.596973,188353,154,1,1,0.3009270429611206,1.743053674697876,0.03900373354554176,0.009185158647596836,-0.009313675574958324,-0.0060003362596035
80.193054,1788179676.062560,188856,183,1,1,0.30825358629226685,1.7417819499969482,0.041453201323747635,0.006903654430061579,-0.005877004005014896,-0.002396732335910201
80.753817,1788179676.623323,189356,211,1,1,0.312004953622818,1.7497364282608032,0.04445628076791763,0.004007859621196985,6.703638064209372e-06,-0.0014929196331650019
81.266576,1788179677.136082,189856,240,1,1,0.31688982248306274,1.7591139078140259,0.04814676567912102,0.003049967810511589,0.005513448268175125,0.00020107641466893256
81.720688,1788179677.590194,190356,13,1,1,0.3258552551269531,1.7688153982162476,0.0511765219271183,0.003931645769625902,0.00985722616314888,0.0026331995613873005
82.251883,1788179678.121389,190856,42,1,1,0.3281428813934326,1.7831453084945679,0.05259671434760094,0.0006301563116721809,0.016833078116178513,0.0015960942255333066
82.717611,1788179678.587117,191356,70,1,1,0.3260783553123474,1.8027846813201904,0.05302131548523903,-0.002771106781437993,0.024568282067775726,0.0042350441217422485
83.170549,1788179679.040055,191853,99,1,1,0.3183094561100006,1.819414734840393,0.05039310082793236,-0.009940090589225292,0.029200412333011627,0.0015529525699093938
83.747340,1788179679.616846,192356,127,1,1,0.31416013836860657,1.8305639028549194,0.04969516769051552,-0.012835117056965828,0.028163569048047066,0.0016239063115790486
84.203276,1788179680.072782,192853,156,1,1,0.31149184703826904,1.837604284286499,0.04912484809756279,-0.013785897754132748,0.026647241786122322,0.00016194347699638456
84.737635,1788179680.607141,193356,184,1,1,0.3139549791812897,1.8458492755889893,0.047095317393541336,-0.011283323168754578,0.02484993450343609,-5.9316873375792056e-05
85.174610,1788179681.044116,193858,213,1,1,0.3147025406360626,1.8506286144256592,0.04448429122567177,-0.009476486593484879,0.021868962794542313,-0.002098394325003028
85.707843,1788179681.577349,194353,241,1,1,0.3136204183101654,1.8563934564590454,0.04431356117129326,-0.00910091307014227,0.019895346835255623,-0.0020874873735010624
86.203901,1788179682.073407,194856,14,1,1,0.3155518174171448,1.8640239238739014,0.04364658519625664,-0.006317645311355591,0.019909458234906197,-0.004607649520039558
86.736465,1788179682.605971,195353,42,1,1,0.31947052478790283,1.8764421939849854,0.038949523121118546,-0.005207761190831661,0.02088300697505474,-0.006205349694937468
87.202019,1788179683.071525,195853,71,1,1,0.32698285579681396,1.8856083154678345,0.036122631281614304,-0.0015285259578377008,0.01750887930393219,-0.008243806660175323
87.733710,1788179683.603216,196353,99,1,1,0.3263566493988037,1.9035588502883911,0.03183026611804962,-0.0020995759405195713,0.017789671197533607,-0.007686278782784939
88.234136,1788179684.103642,196853,128,1,1,0.3277038037776947,1.9249342679977417,0.033063098788261414,-0.00016597445937804878,0.022399837151169777,-0.005022954661399126
88.782267,1788179684.651773,197354,156,1,1,0.33201155066490173,1.9439953565597534,0.03467223793268204,0.004717183765023947,0.019559523090720177,-0.0023666657507419586
89.200575,1788179685.070081,197854,185,1,1,0.33602648973464966,1.9592419862747192,0.037595223635435104,0.0069080982357263565,0.017413292080163956,-0.0005546855973079801
89.730853,1788179685.600359,198353,213,1,1,0.33636200428009033,1.9751602411270142,0.039634525775909424,0.006359378807246685,0.01492242980748415,-0.0007537237834185362
90.230165,1788179686.099671,198853,242,1,1,0.3343715965747833,1.9897617101669312,0.04144128039479256,0.006894043646752834,0.01206293236464262,-0.00036279085907153785
90.695947,1788179686.565453,199353,14,1,1,0.32531777024269104,2.0094127655029297,0.04325180500745773,0.0008258657180704176,0.013576253317296505,0.00011637186980806291
91.226482,1788179687.095988,199856,43,1,1,0.3171863257884979,2.0310251712799072,0.04601090028882027,-0.00038638076512143016,0.01571314036846161,0.0030306025873869658
91.741448,1788179687.610954,200353,72,1,1,0.3132939338684082,2.053908348083496,0.04670453816652298,-0.0009005383471958339,0.016895364969968796,0.003829033812507987
92.258627,1788179688.128133,200853,101,1,1,0.30805277824401855,2.0737125873565674,0.049163855612277985,-0.0028636909555643797,0.015255125239491463,0.0045064776204526424
92.724418,1788179688.593924,201356,129,1,1,0.29780593514442444,2.0931246280670166,0.04979740083217621,-0.006679893471300602,0.015413910150527954,0.003637455403804779
93.189275,1788179689.058781,201856,158,1,1,0.2886212468147278,2.1151957511901855,0.05143146216869354,-0.009850825183093548,0.01754542626440525,0.0023764558136463165
93.688932,1788179689.558438,202353,186,1,1,0.2806718051433563,2.1329188346862793,0.050706349313259125,-0.012429811991751194,0.016607409343123436,0.0017857503844425082
94.329150,1788179690.198656,202853,215,1,1,0.2720620036125183,2.1555416584014893,0.04980303347110748,-0.012836793437600136,0.019202379509806633,0.0025175348855555058
94.721134,1788179690.590640,203353,243,1,1,0.2683354616165161,2.1749186515808105,0.050101567059755325,-0.011216333135962486,0.019549274817109108,0.001283339923247695
95.297165,1788179691.166671,203853,16,1,1,0.2705572545528412,2.189192056655884,0.05081450194120407,-0.008562793955206871,0.016118953004479408,0.004395795986056328
95.670848,1788179691.540354,204356,44,1,1,0.27676331996917725,2.204742908477783,0.05368261784315109,-0.0040772175416350365,0.014684750698506832,0.005662623327225447
96.168218,1788179692.037724,204853,73,1,1,0.2803080976009369,2.218437433242798,0.05769836902618408,-0.0037758671678602695,0.012312198989093304,0.008271957747638226
96.762442,1788179692.631948,205353,101,1,1,0.287584513425827,2.23602032661438,0.05965994670987129,0.0006733299233019352,0.013312781229615211,0.007357308175414801
97.211956,1788179693.081462,205853,130,1,1,0.2929045259952545,2.246108055114746,0.06074223294854164,0.0016919240588322282,0.009850538335740566,0.008033239282667637
97.681434,1788179693.550940,206353,158,1,1,0.3040827810764313,2.25358247756958,0.060763876885175705,0.006321417633444071,0.006735548842698336,0.007943167351186275
98.290968,1788179694.160474,206856,187,1,1,0.31709054112434387,2.259732723236084,0.05821190029382706,0.008377369493246078,0.003374922089278698,0.0024509141221642494
98.666402,1788179694.535908,207356,215,1,1,0.32774582505226135,2.2649054527282715,0.05647122114896774,0.007916311733424664,-0.001077470718882978,0.002419678494334221
99.164930,1788179695.034436,207853,244,1,1,0.3277253806591034,2.271176815032959,0.05517370626330376,0.002662402344867587,-0.0029086412396281958,0.0010744488099589944
99.674604,1788179695.544110,208353,16,1,1,0.3238089084625244,2.2822399139404297,0.05266106501221657,-0.0029047271236777306,-7.867383828852326e-05,-0.001260934630408883
100.204891,1788179696.074397,208856,45,1,1,0.3209623098373413,2.2962493896484375,0.047027215361595154,-0.00677435053512454,0.00322824832983315,-0.00583685515448451
100.660286,1788179696.529792,209353,73,1,1,0.3314375579357147,2.2980082035064697,0.04255838692188263,-0.0020464155822992325,-0.0018426969181746244,-0.010329769924283028
101.177219,1788179697.046725,209853,102,1,1,0.3434206545352936,2.306309938430786,0.04002188891172409,0.004617173224687576,0.00043912400724366307,-0.008091307245194912
101.690370,1788179697.559876,210356,131,1,1,0.3493674397468567,2.3146731853485107,0.03874955326318741,0.003841968020424247,0.00018596870359033346,-0.006894681137055159
102.202891,1788179698.072397,210853,160,1,1,0.34963008761405945,2.3180253505706787,0.03713710606098175,0.00019001065811607987,-0.0010755860712379217,-0.0072761825285851955
102.731426,1788179698.600932,211354,188,1,1,0.3475669026374817,2.3265559673309326,0.03257402405142784,-0.001500253682024777,0.0009593156282790005,-0.00976401474326849
103.199328,1788179699.068834,211856,217,1,1,0.3423362374305725,2.343331813812256,0.028198366984725,-0.006143038626760244,0.007944575510919094,-0.014010580256581306
103.764010,1788179699.633516,212354,245,1,1,0.33782607316970825,2.3506019115448,0.02730572409927845,-0.008342109620571136,0.00575184216722846,-0.012774708680808544
104.156314,1788179700.025820,212853,18,1,1,0.3304026126861572,2.360830545425415,0.029685651883482933,-0.011169188655912876,0.010034659877419472,-0.011512616649270058
104.682692,1788179700.552198,213356,46,1,1,0.31935620307922363,2.38490891456604,0.030342115089297295,-0.015308418311178684,0.02041621506214142,-0.009780388325452805
105.277398,1788179701.146904,213856,75,1,1,0.30421334505081177,2.406360387802124,0.03135024011135101,-0.018254753202199936,0.027153750881552696,-0.009001500904560089
105.716450,1788179701.585956,214356,103,1,1,0.29210036993026733,2.4276559352874756,0.031806912273168564,-0.01938335970044136,0.031055543571710587,-0.007721443194895983
106.183912,1788179702.053418,214853,132,1,1,0.2853350341320038,2.4442734718322754,0.034042779356241226,-0.01726445183157921,0.03197113052010536,-0.004088294692337513
106.758883,1788179702.628389,215358,161,1,1,0.2858499586582184,2.455605983734131,0.03780515864491463,-0.011087869293987751,0.02914855256676674,-0.0018335414351895452
107.181547,1788179703.051053,215853,190,1,1,0.2898811995983124,2.463412046432495,0.04221592843532562,-0.005941297858953476,0.02614433318376541,-0.0007490661228075624
107.668584,1788179703.538090,216353,218,1,1,0.29490455985069275,2.470095634460449,0.04750176891684532,-0.0027024634182453156,0.02477113902568817,0.0018630796112120152
108.264662,1788179704.134168,216858,247,1,1,0.29828572273254395,2.4720325469970703,0.0509573370218277,-0.0001600912946742028,0.023047512397170067,0.003797484328970313
108.684842,1788179704.554348,217353,19,1,1,0.3007962107658386,2.4681105613708496,0.05116603896021843,0.002865272108465433,0.01921677030622959,0.0025349578354507685
109.185720,1788179705.055226,217856,48,1,1,0.30382293462753296,2.4606552124023438,0.04911431297659874,0.005299189127981663,0.011358624324202538,0.0007576601929031312
109.748207,1788179705.617713,218358,76,1,1,0.30588534474372864,2.4529221057891846,0.05030503496527672,0.006803438067436218,0.005835208110511303,-0.0009119921014644206
110.199238,1788179706.068744,218856,105,1,1,0.3057083189487457,2.441215753555298,0.04749724641442299,0.00567942950874567,0.0003073848783969879,-0.00015487585915252566
110.670403,1788179706.539909,219353,133,1,1,0.316729336977005,2.4212474822998047,0.04479057341814041,0.013412343338131905,-0.010327336378395557,-0.0027058045379817486
111.248205,1788179707.117711,219853,162,1,1,0.3257898986339569,2.4032506942749023,0.04213536158204079,0.014724748209118843,-0.01743025705218315,-0.004921247251331806
111.715526,1788179707.585032,220356,191,1,1,0.33202239871025085,2.3896548748016357,0.03919380158185959,0.012325256131589413,-0.018939122557640076,-0.00527613190934062
112.172930,1788179708.042436,220858,220,1,1,0.3389728367328644,2.374157428741455,0.03630095347762108,0.011790596880018711,-0.02081274427473545,-0.005728055257350206
112.736209,1788179708.605715,221353,248,1,1,0.3419021666049957,2.3577003479003906,0.035599254071712494,0.007653013803064823,-0.02212258242070675,-0.00810106098651886
113.204085,1788179709.073591,221856,21,1,1,0.34373971819877625,2.3389599323272705,0.038231972604990005,0.005982620641589165,-0.024785667657852173,-0.0018407319439575076
113.707701,1788179709.577207,222353,49,1,1,0.34873834252357483,2.3161895275115967,0.04180017486214638,0.006303180009126663,-0.028490381315350533,0.0011209116782993078
114.236600,1788179710.106106,222856,78,1,1,0.35516902804374695,2.2984251976013184,0.04073895141482353,0.007178776431828737,-0.02772645838558674,-0.0007598688243888319
114.749958,1788179710.619464,223356,106,1,1,0.3610917925834656,2.2829177379608154,0.03955264016985893,0.007379963994026184,-0.02712508663535118,-0.000444195291493088
115.159558,1788179711.029064,223856,135,1,1,0.36658579111099243,2.268368721008301,0.04304744675755501,0.007206879556179047,-0.02802814170718193,0.002678756834939122
115.782116,1788179711.651622,224356,165,1,1,0.37454867362976074,2.2560009956359863,0.04804200679063797,0.010563730262219906,-0.026023102924227715,0.005154521204531193
116.188227,1788179712.057733,224853,196,1,1,0.374578595161438,2.2496578693389893,0.05209198221564293,0.005689096637070179,-0.0214560367166996,0.003378183115273714
116.842467,1788179712.711973,225356,224,1,1,0.36985427141189575,2.2477545738220215,0.052064500749111176,0.00019237826927565038,-0.013969531282782555,0.000161124553414993
117.199250,1788179713.068756,225856,253,1,1,0.36743825674057007,2.250521659851074,0.051131561398506165,-0.004682050086557865,-0.0061909714713692665,0.001335157547146082
117.685985,1788179713.555491,226353,25,1,1,0.36561498045921326,2.253213405609131,0.048467591404914856,-0.006172776687890291,0.0007049640407785773,-0.0010455813026055694
118.315058,1788179714.184564,226856,54,1,1,0.367967814207077,2.2565770149230957,0.046976473182439804,-0.005800191778689623,0.00588296027854085,-0.0007351830718107522
118.690168,1788179714.559674,227353,82,1,1,0.3711090683937073,2.2679991722106934,0.04789731279015541,-0.005911370739340782,0.015894029289484024,0.0022165514528751373
119.175041,1788179715.044547,227853,111,1,1,0.37449681758880615,2.2737345695495605,0.04860010743141174,-0.006627043709158897,0.01796676591038704,0.0010678593534976244
119.768904,1788179715.638410,228356,139,1,1,0.37945443391799927,2.2805356979370117,0.04997093975543976,-0.0033795530907809734,0.02242344059050083,0.0012042737798765302
120.220948,1788179716.090454,228856,168,1,1,0.384583443403244,2.2887158393859863,0.04905467480421066,-0.003165620379149914,0.026143886148929596,0.002614920027554035
120.674071,1788179716.543577,229356,196,1,1,0.39089488983154297,2.286484479904175,0.05024300143122673,3.6807789001613855e-05,0.021258575841784477,0.0033623825293034315
121.297950,1788179717.167456,229853,225,1,1,0.39885473251342773,2.2845206260681152,0.05189655348658562,0.002384634455665946,0.018304428085684776,0.0036949908826500177
121.718999,1788179717.588505,230353,254,1,1,0.4048245847225189,2.284672498703003,0.05214878171682358,0.0015566484071314335,0.016620302572846413,0.002683633239939809
122.171337,1788179718.040843,230858,27,1,1,0.4049219787120819,2.2756149768829346,0.05233057215809822,0.0004100431688129902,0.010687372647225857,0.004894998390227556
122.749150,1788179718.618656,231353,55,1,1,0.4088553786277771,2.264470100402832,0.049827054142951965,0.0044506993144750595,0.005312774796038866,0.0031186952255666256
123.203461,1788179719.072967,231853,84,1,1,0.41245731711387634,2.253042697906494,0.04732717573642731,0.006045467685908079,0.00027858332032337785,-0.0003243584360461682
123.670814,1788179719.540320,232356,112,1,1,0.4152223765850067,2.2470462322235107,0.04382823407649994,0.006599407643079758,0.00018647723481990397,-0.002655827673152089
124.171829,1788179720.041335,232856,141,1,1,0.4076477587223053,2.2426512241363525,0.04318329319357872,-0.00044377200538292527,-0.0015171610284596682,-0.0034192136954516172
124.701470,1788179720.570976,233353,169,1,1,0.4001016914844513,2.237848997116089,0.041972868144512177,-0.002617689548060298,-0.004060861188918352,-0.002637876896187663
125.158009,1788179721.027515,233856,198,1,1,0.3843366205692291,2.233330726623535,0.040359124541282654,-0.009439474903047085,-0.005911205429583788,-0.0055710626766085625
125.736990,1788179721.606496,234356,226,1,1,0.3651621639728546,2.2326509952545166,0.0390130914747715,-0.01674613170325756,-0.007269017398357391,-0.0067871203646063805
126.204221,1788179722.073727,234853,255,1,1,0.34796541929244995,2.236480712890625,0.03657171130180359,-0.018966026604175568,-0.004859268665313721,-0.008708585053682327
126.671498,1788179722.541004,235353,27,1,1,0.33191511034965515,2.2413225173950195,0.036711763590574265,-0.022275427356362343,-0.0019159538205713034,-0.008046054281294346
127.173910,1788179723.043416,235856,56,1,1,0.32110708951950073,2.2432451248168945,0.038623422384262085,-0.020549027249217033,-0.0009254310862161219,-0.0051597305573523045
127.683804,1788179723.553310,236356,84,1,1,0.3136792480945587,2.249279499053955,0.03865238279104233,-0.018206095322966576,0.0009690169245004654,-0.0038468800485134125
128.278467,1788179724.147973,236856,113,1,1,0.3074021339416504,2.2615036964416504,0.04050794988870621,-0.014587046578526497,0.007731735240668058,-0.002226265612989664
128.730557,1788179724.600063,237353,141,1,1,0.30141136050224304,2.27459979057312,0.04340113699436188,-0.013107961975038052,0.011071131564676762,-0.0011714388383552432
129.201306,1788179725.070812,237853,170,1,1,0.2863301634788513,2.2885043621063232,0.047428153455257416,-0.01672067493200302,0.015435704961419106,0.002205997472628951
129.767120,1788179725.636626,238354,198,1,1,0.2734130620956421,2.3040292263031006,0.04910198599100113,-0.018117008730769157,0.020719066262245178,0.0007112784660421312
130.227520,1788179726.097026,238856,227,1,1,0.2625717520713806,2.3214049339294434,0.05157795175909996,-0.016998445615172386,0.025731448084115982,0.00016300378774758428
130.687644,1788179726.557150,239356,255,1,1,0.2612878382205963,2.336440086364746,0.05314328521490097,-0.011890809051692486,0.02778269350528717,0.0034846330527216196
131.202162,1788179727.071668,239853,28,1,1,0.2613057494163513,2.35284423828125,0.05293862894177437,-0.00622742110863328,0.031148334965109825,0.0009000495774671435
131.732004,1788179727.601510,240353,57,1,1,0.25968924164772034,2.3700313568115234,0.053759168833494186,-0.001795389922335744,0.034259527921676636,0.001143955159932375
132.185184,1788179728.054690,240858,86,1,1,0.26130419969558716,2.3792083263397217,0.05459915101528168,0.0017497471999377012,0.02871577814221382,0.0008956124656833708
132.747374,1788179728.616880,241353,114,1,1,0.2615682780742645,2.3858211040496826,0.05598003417253494,0.0033186255022883415,0.024695390835404396,0.002812377642840147
133.215163,1788179729.084669,241856,143,1,1,0.2640094459056854,2.3980491161346436,0.05444468557834625,0.007744260597974062,0.026751039549708366,0.00013467922690324485
133.743585,1788179729.613091,242353,171,1,1,0.2557514011859894,2.403522253036499,0.05041976645588875,0.003957090433686972,0.02195310778915882,-0.001350828562863171
134.258443,1788179730.127949,242854,200,1,1,0.24003879725933075,2.406585693359375,0.05058413743972778,-0.004237422253936529,0.017411740496754646,0.0019259549444541335
134.677669,1788179730.547175,243358,228,1,1,0.22210726141929626,2.4131810665130615,0.05095823481678963,-0.007804993074387312,0.016877876594662666,0.002691322937607765
135.175467,1788179731.044973,243856,1,1,1,0.21094729006290436,2.4215636253356934,0.05192543938755989,-0.008887930773198605,0.01519677136093378,0.0021533945109695196
135.800372,1788179731.669878,244353,29,1,1,0.20361006259918213,2.430730104446411,0.05036836490035057,-0.005664587486535311,0.012560408562421799,0.0004868818505201489
136.173842,1788179732.043348,244856,58,1,1,0.19448137283325195,2.4393622875213623,0.046135108917951584,-0.0069710989482700825,0.010218430310487747,-0.0022170343436300755
136.782617,1788179732.652123,245356,86,1,1,0.17605359852313995,2.449476480484009,0.04704880341887474,-0.012389765121042728,0.0075574638321995735,0.0003460352018009871
137.250656,1788179733.120162,245853,115,1,1,0.16162998974323273,2.45703387260437,0.0474809892475605,-0.015192141756415367,0.004358294885605574,0.0014484337298199534
137.750856,1788179733.620362,246353,144,1,1,0.14962685108184814,2.4656763076782227,0.0479852631688118,-0.014456219039857388,-0.00013373020919971168,0.0008163962629623711
138.171321,1788179734.040827,246853,173,1,1,0.135807067155838,2.4691529273986816,0.04652483016252518,-0.017933988943696022,-0.0055250865407288074,-0.001396692474372685
138.732423,1788179734.601929,247354,201,1,1,0.11503808200359344,2.477315902709961,0.04618504270911217,-0.02239086665213108,-0.004353380296379328,-0.0017017123755067587
139.199848,1788179735.069354,247853,230,1,1,0.0916273444890976,2.4866390228271484,0.04675651714205742,-0.024905411526560783,-0.0047988067381083965,-6.99559532222338e-05
139.700712,1788179735.570218,248358,2,1,1,0.0786844789981842,2.4973416328430176,0.04653526842594147,-0.019845282658934593,-0.0033523798920214176,-0.002061434555798769
140.230687,1788179736.100193,248853,31,1,1,0.06645799428224564,2.5126707553863525,0.047679219394922256,-0.017918048426508904,0.001786074019037187,-0.0003050435916520655
140.698445,1788179736.567951,249356,59,1,1,0.050709810107946396,2.5332186222076416,0.04709991440176964,-0.01945194974541664,0.007975667715072632,-0.003497692756354809
141.197811,1788179737.067317,249853,88,1,1,0.03931545838713646,2.55314040184021,0.04880358651280403,-0.0144088389351964,0.013072367757558823,-0.0020902135875076056
141.791353,1788179737.660859,250353,117,1,1,0.020809773355722427,2.571218490600586,0.05014767870306969,-0.0163466427475214,0.016045453026890755,-0.00011332084250170738
142.181266,1788179738.050772,250858,146,1,1,0.0035255979746580124,2.591719150543213,0.04751601070165634,-0.015390980057418346,0.02044573426246643,-0.003461817279458046
142.761614,1788179738.631120,251353,174,1,1,-0.016256771981716156,2.6075997352600098,0.04548271372914314,-0.016141850501298904,0.021511387079954147,-0.005016519222408533
143.231318,1788179739.100824,251856,203,1,1,-0.03874807432293892,2.6279985904693604,0.045930519700050354,-0.0181365255266428,0.023828178644180298,-0.005117195658385754
143.682821,1788179739.552327,252356,231,1,1,-0.06229506433010101,2.6536009311676025,0.0451878197491169,-0.01984504796564579,0.03137460723519325,-0.004706688225269318
144.263786,1788179740.133292,252853,4,1,1,-0.08710427582263947,2.6800734996795654,0.0453072153031826,-0.022389665246009827,0.037654537707567215,-0.004394973628222942
144.766124,1788179740.635630,253356,32,1,1,-0.10353095829486847,2.6946284770965576,0.044388700276613235,-0.01738251931965351,0.035388197749853134,-0.0034776502288877964
145.279665,1788179741.149171,253856,61,1,1,-0.12219931185245514,2.7030189037323,0.044688157737255096,-0.017378700897097588,0.02958391048014164,-0.0022838395088911057
145.763763,1788179741.633269,254353,89,1,1,-0.14049410820007324,2.7105517387390137,0.04631214216351509,-0.019059592857956886,0.02556137926876545,-0.0020533371716737747
146.218381,1788179742.087887,254853,118,1,1,-0.16851352155208588,2.7182116508483887,0.043984122574329376,-0.025823041796684265,0.021390443667769432,-0.0008984889136627316
146.683076,1788179742.552582,255353,146,1,1,-0.1973012089729309,2.7247087955474854,0.042332932353019714,-0.029335588216781616,0.01673620380461216,-0.0013480705674737692
147.181328,1788179743.050834,255856,175,1,1,-0.22031238675117493,2.725334405899048,0.04216655343770981,-0.02866087667644024,0.009588467888534069,0.000529143086168915
147.697923,1788179743.567429,256358,203,1,1,-0.23768451809883118,2.7322397232055664,0.04192134737968445,-0.026645546779036522,0.008788085542619228,-0.0019979611970484257
148.180367,1788179744.049873,256856,232,1,1,-0.2485276460647583,2.739060401916504,0.042809970676898956,-0.021085510030388832,0.007277234457433224,-0.00012711960880551487
148.741190,1788179744.610696,257353,4,1,1,-0.25244325399398804,2.746119499206543,0.044471945613622665,-0.008546274155378342,0.005894403904676437,-0.0012886254116892815
149.213011,1788179745.082517,257853,33,1,1,-0.26636767387390137,2.7521257400512695,0.045557692646980286,-0.009418508969247341,0.005348954349756241,-0.00033183011692017317
149.714341,1788179745.583847,258356,61,1,1,-0.2831728756427765,2.7597312927246094,0.04379219561815262,-0.011274687014520168,0.0034535545855760574,-0.0032331529073417187
150.228245,1788179746.097751,258853,90,1,1,-0.2980360686779022,2.7653141021728516,0.039894066751003265,-0.013019214384257793,-0.0001710330107016489,-0.005245590582489967
150.742129,1788179746.611635,259353,118,1,1,-0.30528587102890015,2.773703098297119,0.03632136806845665,-0.00994614977389574,-0.001688846736215055,-0.007967301644384861
151.163224,1788179747.032730,259854,147,1,1,-0.31011566519737244,2.783940315246582,0.03634596988558769,-0.00598948122933507,0.0007789593655616045,-0.006679685786366463
151.740468,1788179747.609974,260353,176,1,1,-0.31035664677619934,2.7970216274261475,0.037445902824401855,-0.0028444617055356503,0.002858499065041542,-0.003051952924579382
152.192398,1788179748.061904,260858,205,1,1,-0.3168412148952484,2.8186278343200684,0.039167292416095734,-0.00504063256084919,0.009550916031002998,-0.0023432213347405195
152.726520,1788179748.596026,261356,233,1,1,-0.321225643157959,2.8426132202148438,0.03959779068827629,-0.0029729658272117376,0.01413344219326973,-0.0024061810690909624
153.301337,1788179749.170843,261853,6,1,1,-0.3245033919811249,2.877540111541748,0.041772108525037766,-0.0007426664233207703,0.025622202083468437,0.0009600064950063825
153.815345,1788179749.684851,262358,34,1,1,-0.31793197989463806,2.9166183471679688,0.046052172780036926,0.005852699279785156,0.03751653432846069,0.0037098494358360767
154.222800,1788179750.092306,262853,66,1,1,-0.31284281611442566,2.9461445808410645,0.05082729831337929,0.010429531335830688,0.03786598518490791,0.005103635136038065
154.690482,1788179750.559988,263356,95,1,1,-0.3069538474082947,2.9707751274108887,0.05402974411845207,0.013283241540193558,0.03776005655527115,0.0060206213966012
155.268549,1788179751.138055,263856,124,1,1,-0.3034473657608032,2.997840166091919,0.05496913194656372,0.01491154357790947,0.03924282267689705,0.004158357623964548
155.687577,1788179751.557083,264353,152,1,1,-0.2979825437068939,3.022644281387329,0.05199853703379631,0.015008706599473953,0.0387239046394825,0.001081281341612339
156.188171,1788179752.057677,264858,181,1,1,-0.29297924041748047,3.043120861053467,0.04889948293566704,0.015219233930110931,0.03682221472263336,-0.0005334510351531208
156.672374,1788179752.541880,265353,209,1,1,-0.28887736797332764,3.065347671508789,0.04486687853932381,0.015428951941430569,0.03482211381196976,-0.0023308689706027508
157.326651,1788179753.196157,265856,238,1,1,-0.28506380319595337,3.0897231101989746,0.04042210802435875,0.013700854033231735,0.0346229262650013,-0.003185827285051346
157.716317,1788179753.585823,266353,10,1,1,-0.28170955181121826,3.109370708465576,0.04121224582195282,0.012590514495968819,0.0299841295927763,-0.002148641739040613
158.182544,1788179754.052050,266853,39,1,1,-0.2753813862800598,3.1196815967559814,0.04371589794754982,0.011842083185911179,0.020632466301321983,-0.0011969627812504768
158.745730,1788179754.615236,267361,67,1,1,-0.27131885290145874,3.1252288818359375,0.04750002548098564,0.011302908882498741,0.014332566410303116,0.002655802294611931
159.263389,1788179755.132895,267853,96,1,1,-0.2675095796585083,3.1344258785247803,0.0482838898897171,0.00896394345909357,0.012426173314452171,0.004296000115573406
159.797739,1788179755.667245,268353,124,1,1,-0.2608245611190796,3.141428232192993,0.04723184183239937,0.010195651091635227,0.008880432695150375,0.003795397002249956
160.172225,1788179756.041731,268853,153,1,1,-0.2616255581378937,3.1556646823883057,0.04561653360724449,0.004982426762580872,0.008467703126370907,0.0010284418240189552
160.747220,1788179756.616726,269353,181,1,1,-0.2616519331932068,3.1742913722991943,0.04307542368769646,0.0023987439926713705,0.007432365790009499,-0.001818271353840828
161.169896,1788179757.039402,269856,210,1,1,-0.25325480103492737,3.1982219219207764,0.04413643106818199,0.006798163056373596,0.00825955718755722,-0.0017522554844617844
161.792406,1788179757.661912,270356,239,1,1,-0.2445172667503357,3.2373900413513184,0.043157659471035004,0.010596731677651405,0.016058864071965218,-0.0037243147380650043
162.166864,1788179758.036370,270856,12,1,1,-0.2401953786611557,3.2774972915649414,0.041701558977365494,0.00947512872517109,0.023886924609541893,-0.005007130093872547
162.662908,1788179758.532414,271356,40,1,1,-0.2396707385778427,3.3218202590942383,0.04290284961462021,0.004192479886114597,0.029579099267721176,-0.0031176286283880472
163.165073,1788179759.034579,271856,69,1,1,-0.23321302235126495,3.3571908473968506,0.04421405866742134,0.005012294743210077,0.027210170403122902,-0.00030274924938566983
163.694235,1788179759.563741,272358,97,1,1,-0.22037719190120697,3.3969357013702393,0.043427202850580215,0.009473810903728008,0.030666733160614967,-0.0031627165153622627
164.160667,1788179760.030173,272856,126,1,1,-0.21947775781154633,3.4378528594970703,0.04081282764673233,0.005145849194377661,0.03567061573266983,-0.0038900512736290693
164.720069,1788179760.589575,273353,154,1,1,-0.2185482233762741,3.4747512340545654,0.04253621771931648,0.002896991092711687,0.03703709691762924,-0.0037073346320539713
165.190344,1788179761.059850,273853,183,1,1,-0.21289241313934326,3.5097787380218506,0.04189903289079666,0.0008643628680147231,0.03846118599176407,-0.003300012554973364
165.677247,1788179761.546753,274353,211,1,1,-0.2082657814025879,3.549882650375366,0.041311509907245636,0.00043532936251722276,0.04268517345190048,-0.0034762059804052114
166.223421,1788179762.092927,274856,240,1,1,-0.2026391327381134,3.5847654342651367,0.04190243035554886,0.0011016706703230739,0.040616631507873535,-0.0034552498254925013
166.694603,1788179762.564109,275358,12,1,1,-0.19791452586650848,3.6149139404296875,0.04368827864527702,0.0008069150499068201,0.03790119290351868,-0.0018996961880475283
167.255037,1788179763.124543,275853,41,1,1,-0.19050177931785583,3.644901752471924,0.04620400443673134,0.002469052094966173,0.03671814128756523,-0.0008007980068214238
167.694191,1788179763.563697,276358,70,1,1,-0.18536843359470367,3.677361488342285,0.04829133301973343,0.0017174147069454193,0.036850497126579285,0.0004899695049971342
168.175170,1788179764.044676,276853,99,1,1,-0.18445934355258942,3.705209732055664,0.048418451100587845,-0.0019103233935311437,0.03189540654420853,-0.0003554749710019678
168.691854,1788179764.561360,277356,127,1,1,-0.18962357938289642,3.742360830307007,0.046256959438323975,-0.008918902836740017,0.03504180163145065,-0.003089898033067584
169.299065,1788179765.168571,277858,156,1,1,-0.19423452019691467,3.767061471939087,0.046786267310380936,-0.014070703648030758,0.031153904274106026,-0.002248959382995963
169.845994,1788179765.715500,278353,184,1,1,-0.19109438359737396,3.784874677658081,0.04631296545267105,-0.013071104884147644,0.024855054914951324,-0.0018435469828546047
170.189814,1788179766.059320,278853,213,1,1,-0.17478108406066895,3.7980754375457764,0.04643731191754341,-0.004918043967336416,0.018361058086156845,0.0008517178357578814
170.703400,1788179766.572906,279353,241,1,1,-0.15358339250087738,3.804997205734253,0.04508830979466438,0.0023017064668238163,0.00811786949634552,-0.0011987625621259212
171.170542,1788179767.040048,279853,14,1,1,-0.1373145580291748,3.816871166229248,0.04295887053012848,0.005300604738295078,0.004440337885171175,-0.003666358068585396
171.748262,1788179767.617768,280353,43,1,1,-0.11580333113670349,3.836219549179077,0.03898673877120018,0.010162785649299622,0.006685013882815838,-0.005815484561026096
172.216377,1788179768.085883,280858,72,1,1,-0.0980033427476883,3.8536853790283203,0.03720880299806595,0.011738566681742668,0.006025379523634911,-0.005632270127534866
172.668748,1788179768.538254,281356,100,1,1,-0.08960644900798798,3.870758295059204,0.03717298433184624,0.008880979381501675,0.003860137425363064,-0.005132417660206556
173.246683,1788179769.116189,281853,129,1,1,-0.07905422151088715,3.8831937313079834,0.03489601984620094,0.008044444024562836,0.0014575317036360502,-0.00590446637943387
173.700024,1788179769.569530,282356,157,1,1,-0.055538028478622437,3.893782615661621,0.035007819533348083,0.013525404967367649,-0.0002717353345360607,-0.004847817122936249
174.193013,1788179770.062519,282853,186,1,1,-0.03970387578010559,3.903188705444336,0.037441350519657135,0.012612035498023033,-0.0011586722685024142,-0.002255295403301716
174.665259,1788179770.534765,283358,214,1,1,-0.025501636788249016,3.9121925830841064,0.04051332175731659,0.010774924419820309,-0.0028169266879558563,0.00014886807184666395
175.287006,1788179771.156512,283853,243,1,1,-0.008141621947288513,3.9148917198181152,0.04353262484073639,0.011346623301506042,-0.00670589366927743,-0.00032617751276120543
175.706895,1788179771.576401,284353,15,1,1,0.007965287193655968,3.9227519035339355,0.04395373910665512,0.011245772242546082,-0.008075897581875324,-0.00044335657730698586
176.284779,1788179772.154285,284856,44,1,1,0.029447557404637337,3.9330360889434814,0.04447568953037262,0.012897517532110214,-0.0044298735447227955,-0.00032692874083295465
176.691747,1788179772.561253,285356,72,1,1,0.05748144909739494,3.943199634552002,0.048855554312467575,0.01746170036494732,-0.00011303067731205374,0.001620868919417262
177.206509,1788179773.076015,285856,101,1,1,0.07927776873111725,3.9493751525878906,0.054575517773628235,0.015696948394179344,0.001504727522842586,0.005664220545440912
177.738526,1788179773.608032,286356,129,1,1,0.10896492749452591,3.950767993927002,0.057399068027734756,0.02057010680437088,-0.0005216866848058999,0.006127259228378534
178.193421,1788179774.062927,286853,158,1,1,0.14684651792049408,3.9488182067871094,0.05771838501095772,0.02808508090674877,-0.001205301028676331,0.004828277043998241
178.657623,1788179774.527129,287353,186,1,1,0.18151330947875977,3.945181369781494,0.05726390331983566,0.03004682995378971,-0.0022598220966756344,0.003861590987071395
179.158313,1788179775.027819,287858,215,1,1,0.21757753193378448,3.950108528137207,0.05775931477546692,0.033126648515462875,0.0034582780208438635,0.006192467175424099
179.688690,1788179775.558196,288356,243,1,1,0.25033098459243774,3.945643663406372,0.05783683434128761,0.030539607629179955,0.0006184822414070368,0.005630765110254288
180.142357,1788179776.011863,288856,16,1,1,0.2876166105270386,3.9349796772003174,0.05785578116774559,0.030747223645448685,-0.002981840865686536,0.003334422130137682
180.719552,1788179776.589058,289353,44,1,1,0.33357730507850647,3.922983407974243,0.0564168319106102,0.036675021052360535,-0.006351875606924295,0.001808376982808113
181.183001,1788179777.052507,289856,73,1,1,0.38170701265335083,3.9080023765563965,0.055613040924072266,0.04098308086395264,-0.009039664641022682,-0.0004998487420380116
181.805671,1788179777.675177,290356,102,1,1,0.43642836809158325,3.890915632247925,0.05636683851480484,0.046273428946733475,-0.012525469996035099,0.0010464289225637913
182.181172,1788179778.050678,290854,131,1,1,0.48474472761154175,3.8716864585876465,0.05536096543073654,0.045003682374954224,-0.015333045274019241,0.0010253561194986105
182.667154,1788179778.536660,291356,159,1,1,0.5394894480705261,3.8456780910491943,0.05487070605158806,0.04887448251247406,-0.02185817062854767,0.001666896976530552
183.261698,1788179779.131204,291853,188,1,1,0.5993135571479797,3.8186960220336914,0.05347413569688797,0.053472716361284256,-0.02633316069841385,0.001105643343180418
183.748345,1788179779.617851,292354,216,1,1,0.6611228585243225,3.7883002758026123,0.049935366958379745,0.0582151934504509,-0.032144952565431595,-0.0011059767566621304
184.151072,1788179780.020578,292856,245,1,1,0.7228960394859314,3.75948166847229,0.0471244640648365,0.06134220212697983,-0.03335348516702652,-0.0023117491509765387
184.742952,1788179780.612458,293353,17,1,1,0.7857077121734619,3.7236335277557373,0.04850468784570694,0.06340058147907257,-0.03828010708093643,-0.00044394793803803623
185.196378,1788179781.065884,293853,46,1,1,0.8418379426002502,3.692440986633301,0.04572116211056709,0.06136738508939743,-0.03833727166056633,-0.0033078761771321297
185.655398,1788179781.524904,294353,74,1,1,0.8946602940559387,3.6566379070281982,0.04274974763393402,0.05772092193365097,-0.04159766435623169,-0.0032992828637361526
186.247067,1788179782.116573,294853,103,1,1,0.9384092092514038,3.622325897216797,0.03868645429611206,0.04888578876852989,-0.043250277638435364,-0.006161403376609087
186.714009,1788179782.583515,295356,131,1,1,0.9858973026275635,3.5892834663391113,0.036952998489141464,0.04693803936243057,-0.04078199714422226,-0.005794975906610489
187.165235,1788179783.034741,295854,160,1,1,1.0325419902801514,3.5540339946746826,0.04071357101202011,0.04354545846581459,-0.04079759493470192,-0.0003887645434588194
187.741888,1788179783.611394,296353,188,1,1,1.0790386199951172,3.5139288902282715,0.04372447729110718,0.03935656324028969,-0.04227418079972267,0.0008088016184046865
188.193981,1788179784.063487,296853,217,1,1,1.1239902973175049,3.486384630203247,0.04682990908622742,0.036563076078891754,-0.03414405137300491,0.0026454299222677946
188.660153,1788179784.529659,297356,245,1,1,1.1780177354812622,3.4461634159088135,0.051573410630226135,0.0400589294731617,-0.03563842922449112,0.004202408250421286
189.144228,1788179785.013734,297853,18,1,1,1.2355955839157104,3.4095871448516846,0.05314130336046219,0.045332614332437515,-0.03354223072528839,0.00314239040017128
189.706554,1788179785.576060,298356,46,1,1,1.2913949489593506,3.3735239505767822,0.0528581328690052,0.04566124826669693,-0.032139427959918976,0.004280290566384792
190.239561,1788179786.109067,298854,75,1,1,1.3454563617706299,3.3387796878814697,0.054621621966362,0.045501261949539185,-0.029203465208411217,0.0035528375301510096
190.662989,1788179786.532495,299353,103,1,1,1.3985084295272827,3.295642614364624,0.059428293257951736,0.04243393987417221,-0.031090114265680313,0.007723314221948385
191.192103,1788179787.061609,299853,132,1,1,1.452305793762207,3.2561404705047607,0.05931122973561287,0.04247167706489563,-0.030894137918949127,0.00697689363732934
191.772716,1788179787.642222,300356,161,1,1,1.4995683431625366,3.220844268798828,0.05732060968875885,0.034342117607593536,-0.02787362039089203,0.003752533346414566
192.192307,1788179788.061813,300853,193,1,1,1.5419461727142334,3.1907436847686768,0.05586943030357361,0.02543533779680729,-0.023388512432575226,0.003417198546230793
192.692875,1788179788.562381,301356,222,1,1,1.5926522016525269,3.1563167572021484,0.05436939001083374,0.02376481331884861,-0.020924117416143417,0.0031481331679970026
193.190593,1788179789.060099,301856,251,1,1,1.6395429372787476,3.1207807064056396,0.05343245714902878,0.02351829782128334,-0.021013323217630386,0.0038482416421175003
193.721124,1788179789.590630,302353,23,1,1,1.6805812120437622,3.0852458477020264,0.051272716373205185,0.019548257812857628,-0.02023211307823658,0.0027793936897069216
194.173516,1788179790.043022,302854,52,1,1,1.7172497510910034,3.0486907958984375,0.05086890608072281,0.015174204483628273,-0.019784100353717804,0.0019408075604587793
194.688304,1788179790.557810,303358,80,1,1,1.7496073246002197,3.007389783859253,0.052925560623407364,0.007975724525749683,-0.0226063821464777,0.0032855418976396322
195.297197,1788179791.166703,303853,109,1,1,1.7848851680755615,2.963799476623535,0.05055089294910431,0.007993388921022415,-0.026920974254608154,0.0011754900915548205
195.715405,1788179791.584911,304356,137,1,1,1.8209235668182373,2.921847105026245,0.045675333589315414,0.010707090608775616,-0.028803067281842232,-0.0022038889583200216
196.248078,1788179792.117584,304856,166,1,1,1.8577594757080078,2.8827691078186035,0.043470438569784164,0.013573307543992996,-0.0290682353079319,-0.003013226669281721
196.718949,1788179792.588455,305353,194,1,1,1.8861255645751953,2.8408913612365723,0.04429774358868599,0.00838981382548809,-0.03361383453011513,-0.0002558029955253005
197.173304,1788179793.042810,305858,223,1,1,1.9111117124557495,2.7939610481262207,0.04586391523480415,0.005275268107652664,-0.039860982447862625,-0.00034748620237223804
197.765030,1788179793.634536,306356,251,1,1,1.938795566558838,2.7535159587860107,0.04458406940102577,0.007254039403051138,-0.03947930783033371,-0.002600274980068207
198.218908,1788179794.088414,306856,24,1,1,1.9626851081848145,2.713184356689453,0.04120103269815445,0.006292734760791063,-0.03787093237042427,-0.0043495455756783485
198.673228,1788179794.542734,307353,53,1,1,1.9781490564346313,2.6700189113616943,0.03910452872514725,0.0011386177502572536,-0.038702573627233505,-0.007431284058839083
199.233249,1788179795.102755,307856,82,1,1,1.9869533777236938,2.631404399871826,0.03417520225048065,-0.005950458347797394,-0.03648284450173378,-0.007699501700699329
199.702580,1788179795.572086,308358,110,1,1,1.9959776401519775,2.5910415649414062,0.0331864096224308,-0.010162142105400562,-0.03648342564702034,-0.0060046762228012085
200.156130,1788179796.025636,308853,139,1,1,2.0012409687042236,2.5493485927581787,0.03738958388566971,-0.012535816058516502,-0.03716907650232315,-0.0021676241885870695
200.749649,1788179796.619155,309356,167,1,1,2.0129356384277344,2.5022776126861572,0.039732400327920914,-0.010241095907986164,-0.037923138588666916,-0.005499096121639013
201.203999,1788179797.073505,309853,196,1,1,2.029014825820923,2.460192918777466,0.04303095117211342,-0.0035447992850095034,-0.03529982641339302,-0.0020511471666395664
201.702724,1788179797.572230,310356,225,1,1,2.0420994758605957,2.4185290336608887,0.04210931807756424,-0.0035638739354908466,-0.03199541196227074,-0.003876731963828206
202.232465,1788179798.101971,310861,254,1,1,2.052074909210205,2.377121686935425,0.04071575403213501,-0.005708327982574701,-0.028737211599946022,-0.005406925454735756
202.745013,1788179798.614519,311356,26,1,1,2.0668609142303467,2.335144281387329,0.042291171848773956,-0.000748970196582377,-0.023626621812582016,-0.00436909357085824
203.227879,1788179799.097385,311856,55,1,1,2.0816445350646973,2.3017992973327637,0.04444118216633797,0.0030377039220184088,-0.015052453614771366,-0.0008747408865019679
203.727104,1788179799.596610,312353,83,1,1,2.096090316772461,2.2690045833587646,0.047235358506441116,0.006011471152305603,-0.009848625399172306,-0.0024243223015218973
204.196460,1788179800.065966,312856,112,1,1,2.1074938774108887,2.2274999618530273,0.04820595309138298,0.0055730524472892284,-0.01206737570464611,-0.0014607514021918178
204.649784,1788179800.519290,313353,140,1,1,2.1215803623199463,2.178565740585327,0.04943360760807991,0.008352945558726788,-0.0175610538572073,-0.00173346814699471
205.225076,1788179801.094582,313856,169,1,1,2.1310572624206543,2.135902166366577,0.047519490122795105,0.005046055652201176,-0.019002551212906837,-0.0050988346338272095
205.677773,1788179801.547279,314356,197,1,1,2.1448445320129395,2.0941457748413086,0.04170985892415047,0.006375729106366634,-0.018448421731591225,-0.007362079806625843
206.269975,1788179802.139481,314853,226,1,1,2.1605238914489746,2.053370237350464,0.03815428167581558,0.009926010854542255,-0.0182429738342762,-0.008482248522341251
206.798196,1788179802.667702,315356,254,1,1,2.172499656677246,2.02181339263916,0.03402929753065109,0.007674101274460554,-0.01487024500966072,-0.01027017179876566
207.128584,1788179802.998090,315853,27,1,1,2.1828787326812744,1.9898862838745117,0.03306254744529724,0.00610805070027709,-0.013778315857052803,-0.008238127455115318
207.753574,1788179803.623080,316356,55,1,1,2.189972400665283,1.960594654083252,0.03380603715777397,0.0017858416540548205,-0.013266956433653831,-0.00794468354433775
208.205583,1788179804.075089,316856,84,1,1,2.193124532699585,1.9372612237930298,0.03329525887966156,-0.004196840804070234,-0.010231180116534233,-0.008282010443508625
208.674725,1788179804.544231,317353,112,1,1,2.1962316036224365,1.9163691997528076,0.03589998930692673,-0.0064935446716845036,-0.007767633069306612,-0.004707495681941509
209.330455,1788179805.199961,317853,141,1,1,2.198932409286499,1.8996028900146484,0.0406506173312664,-0.007249351125210524,-0.007175345439463854,-0.004000986460596323
209.721269,1788179805.590775,318356,169,1,1,2.2069098949432373,1.8826082944869995,0.04060273990035057,-0.003997033461928368,-0.006711306516081095,-0.006498206406831741
210.173172,1788179806.042678,318853,198,1,1,2.214043378829956,1.880623459815979,0.039457082748413086,-0.0031306236051023006,0.0016864320496097207,-0.0054837679490447044
210.734005,1788179806.603511,319356,226,1,1,2.206000328063965,1.8758901357650757,0.037747982889413834,-0.009658404625952244,0.005086914170533419,-0.0045320275239646435
211.174540,1788179807.044046,319853,255,1,1,2.203719139099121,1.8635966777801514,0.03689197078347206,-0.011011796072125435,0.0008560115820728242,-0.0021458130795508623
211.676241,1788179807.545747,320353,28,1,1,2.1997809410095215,1.8578343391418457,0.037686336785554886,-0.01253659836947918,0.0024869288317859173,-0.004121121019124985
212.177996,1788179808.047502,320856,57,1,1,2.192566156387329,1.8648655414581299,0.039233557879924774,-0.01556930411607027,0.011264964006841183,-0.0037324957083910704
212.786559,1788179808.656065,321356,85,1,1,2.188216209411621,1.8717026710510254,0.04029010236263275,-0.01670355349779129,0.016453057527542114,-0.0034017330035567284
213.241636,1788179809.111142,321856,114,1,1,2.190246105194092,1.8779468536376953,0.04190029203891754,-0.013704572804272175,0.018283801153302193,-0.0012308338191360235
213.710374,1788179809.579880,322353,142,1,1,2.1946423053741455,1.8892897367477417,0.04301462695002556,-0.009343595243990421,0.022513635456562042,-0.0009779963875189424
214.196705,1788179810.066211,322853,171,1,1,2.2038967609405518,1.893921971321106,0.04886922985315323,-0.0020698963198810816,0.02033061534166336,0.0038390448316931725
214.663559,1788179810.533065,323356,199,1,1,2.2096991539001465,1.8953193426132202,0.053840335458517075,-0.00056933966698125,0.014968261122703552,0.009355504997074604
215.161979,1788179811.031485,323856,228,1,1,2.2137341499328613,1.8999844789505005,0.056928835809230804,0.0015573054552078247,0.012067725881934166,0.006653925869613886
215.707144,1788179811.576650,324356,0,1,1,2.2152159214019775,1.9118701219558716,0.0570642426609993,0.001356699620373547,0.01290492806583643,0.005288939923048019
216.147776,1788179812.017282,324853,29,1,1,2.2125186920166016,1.9286236763000488,0.057180412113666534,-0.0001095134939532727,0.017326941713690758,0.004568126518279314
216.739446,1788179812.608952,325353,57,1,1,2.2006001472473145,1.9554237127304077,0.055391594767570496,-0.006013896781951189,0.02480008453130722,0.003250702051445842
217.301092,1788179813.170598,325858,86,1,1,2.1808223724365234,1.9851802587509155,0.05658074468374252,-0.013802161440253258,0.031245766207575798,0.004229675512760878
217.707665,1788179813.577171,326354,115,1,1,2.15999436378479,2.009291648864746,0.05735810101032257,-0.01839449442923069,0.031541891396045685,0.006319734733551741
218.239162,1788179814.108668,326856,144,1,1,2.1426055431365967,2.0244340896606445,0.05581860989332199,-0.019785137847065926,0.025123704224824905,0.004730266984552145
218.768064,1788179814.637570,327356,172,1,1,2.126814126968384,2.04074764251709,0.05402915179729462,-0.019064132124185562,0.020766975358128548,0.0033507472835481167
219.193311,1788179815.062817,327856,201,1,1,2.0995371341705322,2.0650076866149902,0.05118163675069809,-0.026616664603352547,0.022827420383691788,0.00095340795814991
219.725111,1788179815.594617,328356,229,1,1,2.073310136795044,2.091968059539795,0.05038239806890488,-0.02829505316913128,0.02483224682509899,0.0017526173032820225
220.191126,1788179816.060632,328856,2,1,1,2.049058198928833,2.125847816467285,0.0490119643509388,-0.029550349339842796,0.03137882053852081,0.00018200147314928472
220.644232,1788179816.513738,329356,30,1,1,2.0219430923461914,2.1644344329833984,0.04684757813811302,-0.03134092688560486,0.03696024417877197,-0.0013551311567425728
221.223031,1788179817.092537,329858,59,1,1,1.9948515892028809,2.203927516937256,0.04318702220916748,-0.03310270234942436,0.04078109934926033,-0.00345620303414762
221.722635,1788179817.592141,330356,88,1,1,1.97093665599823,2.235028028488159,0.036279838532209396,-0.03246365487575531,0.038519322872161865,-0.009808806702494621
222.253721,1788179818.123227,330856,117,1,1,1.9482773542404175,2.2611193656921387,0.03629003465175629,-0.032641083002090454,0.034524913877248764,-0.004469802137464285
222.706191,1788179818.575697,331358,145,1,1,1.9196327924728394,2.2930455207824707,0.03513171896338463,-0.034587107598781586,0.036159906536340714,-0.005334099289029837
223.173817,1788179819.043323,331856,174,1,1,1.8969687223434448,2.323516607284546,0.03770530968904495,-0.033080242574214935,0.033814772963523865,-0.002996130147948861
223.751559,1788179819.621065,332358,202,1,1,1.8778355121612549,2.3550119400024414,0.03926841542124748,-0.029416851699352264,0.0324217788875103,-0.0012967739021405578
224.219534,1788179820.089040,332854,231,1,1,1.8616130352020264,2.3894429206848145,0.040690891444683075,-0.026410870254039764,0.03445354104042053,-0.00033279036870226264
224.670391,1788179820.539897,333356,3,1,1,1.8492178916931152,2.423999786376953,0.042072925716638565,-0.0211398433893919,0.033238399773836136,0.00041288690408691764
225.171034,1788179821.040540,333856,32,1,1,1.842195987701416,2.449679374694824,0.044309090822935104,-0.014253169298171997,0.029277794063091278,0.003287564730271697
225.704718,1788179821.574224,334356,60,1,1,1.838772177696228,2.474440336227417,0.04858330264687538,-0.005335819907486439,0.02706013061106205,0.006652827840298414
226.220249,1788179822.089755,334858,89,1,1,1.830459475517273,2.4932711124420166,0.05260549858212471,-0.002484476426616311,0.0207197368144989,0.008543848991394043
226.737628,1788179822.607134,335356,117,1,1,1.8224772214889526,2.5117015838623047,0.056453146040439606,0.0038123808335512877,0.016975045204162598,0.008493290282785892
227.203697,1788179823.073203,335856,146,1,1,1.8150243759155273,2.5292775630950928,0.0601145438849926,0.006055289413779974,0.013453557156026363,0.00984877534210682
227.655848,1788179823.525354,336358,174,1,1,1.8004094362258911,2.5496182441711426,0.06262703984975815,0.004065751098096371,0.01388618815690279,0.0118064284324646
228.158625,1788179824.028131,336856,203,1,1,1.7815344333648682,2.5761563777923584,0.06160737946629524,0.00022157945204526186,0.01689736172556877,0.009190821088850498
228.690637,1788179824.560143,337361,232,1,1,1.774010419845581,2.5980241298675537,0.06291348487138748,0.004603900481015444,0.01479808334261179,0.006005112547427416
229.238202,1788179825.107708,337858,5,1,1,1.7640089988708496,2.6122093200683594,0.0628664642572403,0.005728877615183592,0.010223302990198135,0.007187553681433201
229.800558,1788179825.670064,338356,33,1,1,1.7590007781982422,2.6257083415985107,0.061305731534957886,0.007934259250760078,0.009587906301021576,0.0038389319088310003
230.191684,1788179826.061190,338856,65,1,1,1.7442723512649536,2.638291597366333,0.056617412716150284,0.003227305132895708,0.008343646302819252,-0.0031415161211043596
230.706003,1788179826.575509,339354,97,1,1,1.7213523387908936,2.644325017929077,0.04812309145927429,-0.004732591100037098,0.002154259942471981,-0.0055223931558430195
231.281092,1788179827.150598,339861,127,1,1,1.7048660516738892,2.64292311668396,0.04296579957008362,-0.003440744010731578,-0.009875413961708546,-0.007677903398871422
231.734761,1788179827.604267,340354,156,1,1,1.6895904541015625,2.6406912803649902,0.04028873145580292,-0.01013023592531681,-0.011482413858175278,-0.00796431489288807
232.154119,1788179828.023625,340859,185,1,1,1.670802116394043,2.648113489151001,0.039022982120513916,-0.01716107316315174,-0.004880932159721851,-0.0071623073890805244
232.732395,1788179828.601901,341356,213,1,1,1.6634042263031006,2.6529271602630615,0.037638645619153976,-0.007927735336124897,-0.004124649800360203,-0.005434706341475248
233.184807,1788179829.054313,341854,242,1,1,1.6510322093963623,2.6558926105499268,0.03718464449048042,-0.011944606900215149,-0.004148977342993021,-0.0016039537731558084
233.650222,1788179829.519728,342361,14,1,1,1.6380606889724731,2.668158769607544,0.03511589765548706,-0.016258081421256065,0.00862288847565651,-0.007219577208161354
234.258809,1788179830.128315,342859,46,1,1,1.6282435655593872,2.6708436012268066,0.03279390558600426,-0.020625323057174683,0.009515292942523956,-0.011856820434331894
234.680553,1788179830.550059,343356,74,1,1,1.6187686920166016,2.6598355770111084,0.03206726908683777,-0.02016841433942318,-0.003773084143176675,-0.008575892075896263
235.181342,1788179831.050848,343859,103,1,1,1.6084526777267456,2.6559879779815674,0.031650908291339874,-0.019673651084303856,-0.005830098409205675,-0.007283302955329418
235.788718,1788179831.658224,344356,131,1,1,1.6027847528457642,2.6477651596069336,0.03522706404328346,-0.017471972852945328,-0.008402170613408089,-0.002366257831454277
236.180769,1788179832.050275,344856,160,1,1,1.60596764087677,2.641357660293579,0.040682435035705566,-0.010186795145273209,-0.005620323121547699,0.0006146339001134038
236.802836,1788179832.672342,345359,188,1,1,1.6110286712646484,2.636378049850464,0.043934158980846405,-0.004509292542934418,-0.008262262679636478,0.00033468042965978384
237.178762,1788179833.048268,345856,218,1,1,1.6200406551361084,2.6319656372070312,0.047042813152074814,0.003782089799642563,-0.004967614077031612,-0.000596014317125082
237.666168,1788179833.535674,346359,246,1,1,1.6285489797592163,2.619907855987549,0.04975658282637596,0.014490612782537937,-0.0030661486089229584,0.024731861427426338
238.258479,1788179834.127985,346856,19,1,1,1.6376762390136719,2.611684560775757,0.05926337465643883,0.06138390302658081,-0.022753283381462097,0.014141878113150597
238.710405,1788179834.579911,347356,47,1,1,1.6613237857818604,2.6420655250549316,-0.10169031471014023,0.0635901615023613,0.15036842226982117,-0.7342108488082886
239.164317,1788179835.033823,347854,76,1,1,1.6275749206542969,2.7274491786956787,-0.7008493542671204,-0.07779721170663834,0.26594698429107666,-1.4833353757858276
239.739229,1788179835.608735,348359,104,1,1,1.5632117986679077,2.811427116394043,-1.6414158344268799,-0.008950332179665565,0.0474054329097271,-1.8332023620605469
240.208433,1788179836.077939,348856,133,1,1,1.5910967588424683,2.777712106704712,-2.583475351333618,0.11660555750131607,-0.06467738747596741,-1.7536342144012451
240.738660,1788179836.608166,349355,162,1,1,1.5878983736038208,2.7383320331573486,-3.30039644241333,0.002727340906858444,-0.03952449932694435,-1.022457242012024
241.142544,1788179837.012050,349857,191,1,1,1.579208254814148,2.693305253982544,-3.562058210372925,0.015017134137451649,-0.14409872889518738,-0.11110575497150421
241.734276,1788179837.603782,350353,222,1,1,1.555915117263794,2.6301207542419434,-3.427581787109375,-0.0005631473613902926,-0.15645501017570496,0.7262552380561829
242.171921,1788179838.041427,350853,252,1,1,1.4911013841629028,2.5906620025634766,-3.0618832111358643,-0.23389030992984772,0.03074398636817932,0.5593321323394775
242.732899,1788179838.602405,351355,25,1,1,1.265129566192627,2.599331855773926,-2.924048662185669,-0.4577857553958893,0.0454428568482399,0.08579395711421967
243.157372,1788179839.026878,351853,55,1,1,1.0723673105239868,2.5673699378967285,-2.9680123329162598,-0.35996460914611816,-0.05891595035791397,-0.07665528357028961
243.689578,1788179839.559084,352353,84,1,1,0.8958438038825989,2.5214805603027344,-3.033374547958374,-0.39372479915618896,-0.02330230548977852,-0.026399722322821617
244.220341,1788179840.089847,352853,114,1,1,0.6383950710296631,2.500072717666626,-3.078319787979126,-0.5551550984382629,0.026500504463911057,0.13344240188598633
244.767772,1788179840.637278,353357,143,1,1,0.36013975739479065,2.4762632846832275,-3.029937744140625,-0.5176802277565002,0.046962376683950424,0.15873439610004425
245.157154,1788179841.026660,353854,173,1,1,0.07778507471084595,2.4868922233581543,-3.008870840072632,-0.5392312407493591,0.09451212733983994,0.05239756405353546
245.843194,1788179841.712700,354359,202,1,1,-0.2221573442220688,2.4769299030303955,-3.0429515838623047,-0.5641375184059143,-0.0042877160012722015,0.00358731672167778
246.234754,1788179842.104260,354854,232,1,1,-0.47175803780555725,2.4279732704162598,-3.0331244468688965,-0.4737194776535034,-0.06166872754693031,0.059820860624313354
246.686613,1788179842.556119,355358,5,1,1,-0.713234543800354,2.3828370571136475,-2.997553825378418,-0.5157932639122009,0.013211959041655064,0.11201762408018112
247.216954,1788179843.086460,355859,35,1,1,-0.9993677139282227,2.386215925216675,-2.984175682067871,-0.6199228167533875,0.05714430287480354,0.05300086736679077
247.688133,1788179843.557639,356356,64,1,1,-1.29282808303833,2.3735592365264893,-2.981510639190674,-0.5465273857116699,-0.02264975756406784,0.03031843528151512
248.250142,1788179844.119648,356856,94,1,1,-1.5513522624969482,2.358541488647461,-3.0083301067352295,-0.49143582582473755,0.06516194343566895,0.05896942690014839
248.795008,1788179844.664514,357358,123,1,1,-1.8378875255584717,2.394474506378174,-3.0220232009887695,-0.6241226196289062,0.11992616206407547,0.04470352455973625
249.169579,1788179845.039085,357856,153,1,1,-2.159210205078125,2.4135656356811523,-3.038037061691284,-0.6313913464546204,0.02727927640080452,0.0788135901093483
249.696137,1788179845.565643,358356,182,1,1,-2.460545301437378,2.3637027740478516,-3.008516311645508,-0.5571945309638977,-0.06630334258079529,0.052456147968769073
250.277999,1788179846.147505,358853,212,1,1,-2.7407631874084473,2.3320746421813965,-3.0002002716064453,-0.5426362752914429,-0.039972882717847824,0.04952644556760788
250.716588,1788179846.586094,359353,241,1,1,-3.037748336791992,2.329963207244873,-3.0015790462493896,-0.5824391841888428,-0.016633233055472374,0.03160502016544342
251.292876,1788179847.162382,359856,15,1,1,-3.3501484394073486,2.316645383834839,-2.9960384368896484,-0.6075446009635925,-0.08178167045116425,0.04280716925859451
251.666967,1788179847.536473,360356,45,1,1,-3.660926342010498,2.292318820953369,-2.9831132888793945,-0.6084590554237366,-0.02080734819173813,0.028563739731907845
252.199306,1788179848.068812,360853,75,1,1,-3.968144416809082,2.298948049545288,-2.966729164123535,-0.5820255875587463,0.036702610552310944,0.02419402450323105
252.821439,1788179848.690945,361353,104,1,1,-4.2638678550720215,2.2889652252197266,-2.9643585681915283,-0.5282551646232605,-0.026333412155508995,0.010738171637058258
253.195863,1788179849.065369,361853,134,1,1,-4.559946537017822,2.2890331745147705,-2.9628353118896484,-0.5812163949012756,-0.0234849713742733,0.04306710511445999
253.665848,1788179849.535354,362353,163,1,1,-4.878722190856934,2.2837111949920654,-2.9612245559692383,-0.6055535078048706,-0.07467474788427353,0.035908132791519165
254.244854,1788179850.114360,362853,193,1,1,-5.179117202758789,2.2498815059661865,-2.9645018577575684,-0.5276702046394348,-0.10334821790456772,0.017812583595514297
254.663340,1788179850.532846,363353,222,1,1,-5.441137313842773,2.1913163661956787,-2.966534376144409,-0.47748589515686035,-0.09359144419431686,0.0038820188492536545
255.165097,1788179851.034603,363850,252,1,1,-5.7237653732299805,2.168200969696045,-2.9629552364349365,-0.5852870941162109,0.05026445910334587,0.012970034033060074
255.802343,1788179851.671849,364356,25,1,1,-6.042362689971924,2.1589794158935547,-2.9586899280548096,-0.5816054940223694,0.003578613279387355,-0.01538879331201315
256.192713,1788179852.062219,364853,55,1,1,-6.350329875946045,2.1568169593811035,-2.9410557746887207,-0.6083717942237854,0.043830618262290955,0.008176712319254875
256.693814,1788179852.563320,365353,87,1,1,-6.651140213012695,2.198495388031006,-2.9124326705932617,-0.610636830329895,0.10552094131708145,-0.03136146068572998
257.270427,1788179853.139933,365853,117,1,1,-6.962769985198975,2.2405691146850586,-2.923487901687622,-0.5831376314163208,0.024312002584338188,-0.03947808966040611
257.644186,1788179853.513692,366354,146,1,1,-7.261168479919434,2.2300705909729004,-2.9353790283203125,-0.5355961322784424,-0.04797927662730217,-0.020789075642824173
258.143531,1788179854.013037,366856,176,1,1,-7.547425746917725,2.210157632827759,-2.964505195617676,-0.5840857625007629,0.015826616436243057,-0.03787439316511154
258.721301,1788179854.590807,367354,207,1,1,-7.834597587585449,2.224665403366089,-3.007524251937866,-0.5564525723457336,0.07191092520952225,0.04438134282827377
259.191557,1788179855.061063,367854,237,1,1,-8.111189842224121,2.2648134231567383,-2.9635696411132812,-0.5631904006004333,0.07686371356248856,0.0753864273428917
259.688762,1788179855.558268,368351,10,1,1,-8.394664764404297,2.341181516647339,-2.942084789276123,-0.5375488996505737,0.18583568930625916,0.0074281953275203705
260.267120,1788179856.136626,368854,40,1,1,-8.680108070373535,2.441545009613037,-2.982461929321289,-0.5516547560691833,0.19438406825065613,-0.021325524896383286
260.641128,1788179856.510634,369354,69,1,1,-8.969944953918457,2.5033316612243652,-2.9981770515441895,-0.579281210899353,0.038217831403017044,0.025714321061968803
261.250910,1788179857.120416,369857,99,1,1,-9.265152931213379,2.5091357231140137,-2.9913837909698486,-0.5739786624908447,0.00800161063671112,0.06113218888640404
261.671109,1788179857.540615,370354,129,1,1,-9.564435005187988,2.5229668617248535,-2.9709484577178955,-0.5676803588867188,0.021190419793128967,0.03392335772514343
262.170962,1788179858.040468,370854,159,1,1,-9.876888275146484,2.5287370681762695,-2.971709966659546,-0.5946905612945557,-0.036274995654821396,0.056005001068115234
262.744877,1788179858.614383,371352,188,1,1,-10.192292213439941,2.5393993854522705,-2.9831416606903076,-0.6080886125564575,0.03398535028100014,0.025657935068011284
263.154009,1788179859.023515,371857,218,1,1,-10.502908706665039,2.5710110664367676,-2.998032569885254,-0.6021701097488403,0.07398127764463425,0.031110068783164024
263.860307,1788179859.729813,372353,247,1,1,-10.799665451049805,2.5965516567230225,-2.978705644607544,-0.5554208159446716,0.032913509756326675,0.06903883814811707
264.280738,1788179860.150244,372855,21,1,1,-11.090916633605957,2.615342140197754,-2.9544081687927246,-0.5358365178108215,0.05608516186475754,0.03665260970592499
264.698706,1788179860.568212,373355,53,1,1,-11.3875150680542,2.6424834728240967,-2.946013927459717,-0.5762612819671631,0.09235414862632751,-0.004336375743150711
265.168472,1788179861.037978,373855,83,1,1,-11.707149505615234,2.7043581008911133,-2.970243215560913,-0.6290733814239502,0.2025914490222931,-0.036878801882267
265.730065,1788179861.599571,374355,112,1,1,-12.007477760314941,2.763653039932251,-2.9760937690734863,-0.5847991704940796,0.15326473116874695,-0.0006598159670829773
266.152966,1788179862.022472,374853,142,1,1,-12.296398162841797,2.808070182800293,-2.950861692428589,-0.5421491265296936,0.14885415136814117,0.01437616627663374
266.647727,1788179862.517233,375353,171,1,1,-12.577795028686523,2.8500852584838867,-2.9460718631744385,-0.5472843050956726,0.08002550899982452,0.02712053619325161
267.227654,1788179863.097160,375858,201,1,1,-12.878828048706055,2.8727211952209473,-2.9703052043914795,-0.5615553259849548,0.03579622507095337,0.0012510581873357296
267.776914,1788179863.646420,376359,230,1,1,-13.16154670715332,2.8787786960601807,-2.9879653453826904,-0.5710071921348572,0.057586681097745895,-0.007985980249941349
268.199839,1788179864.069345,376854,7,1,1,-13.45838737487793,2.91265869140625,-2.9996039867401123,-0.5660462379455566,0.08167269825935364,0.06514756381511688
268.651941,1788179864.521447,377359,37,1,1,-13.764034271240234,2.9665920734405518,-2.921022891998291,-0.5644302368164062,0.13765229284763336,0.06019352376461029
269.181113,1788179865.050619,377857,67,1,1,-14.066987991333008,3.0405020713806152,-2.9121294021606445,-0.5594300627708435,0.13791732490062714,0.0002082355786114931
269.711277,1788179865.580783,378357,96,1,1,-14.366129875183105,3.1007306575775146,-2.949488401412964,-0.5877333283424377,0.10308758169412613,-0.042047347873449326
270.225196,1788179866.094702,378856,126,1,1,-14.669610977172852,3.1353890895843506,-2.99310302734375,-0.5948588252067566,0.033266376703977585,-0.006837104447185993
270.694803,1788179866.564309,379357,155,1,1,-14.966588020324707,3.1500508785247803,-2.9921603202819824,-0.5860902667045593,-0.018297262489795685,0.06131992116570473
271.193682,1788179867.063188,379855,188,1,1,-15.249606132507324,3.184701681137085,-2.9758386611938477,-0.5343039035797119,0.11680421978235245,0.050472378730773926
271.724960,1788179867.594466,380355,218,1,1,-15.527353286743164,3.2171056270599365,-2.974269151687622,-0.5933089852333069,0.055773913860321045,0.017558474093675613
272.175897,1788179868.045403,380855,248,1,1,-15.799522399902344,3.215471029281616,-2.9850146770477295,-0.5782641172409058,0.019534163177013397,-0.0011758096516132355
272.642193,1788179868.511699,381353,21,1,1,-16.06846809387207,3.2203354835510254,-2.963388442993164,-0.5947607159614563,0.05771753937005997,0.0026036244817078114
273.219993,1788179869.089499,381855,51,1,1,-16.37510108947754,3.25451397895813,-3.0021920204162598,-0.6461514234542847,0.07689014822244644,-0.0034099984914064407
273.687941,1788179869.557447,382355,80,1,1,-16.707502365112305,3.2963414192199707,-3.0011861324310303,-0.6208443641662598,0.1449728161096573,0.034872379153966904
274.188078,1788179870.057584,382855,110,1,1,-17.027862548828125,3.3494648933410645,-2.981022834777832,-0.5895442962646484,0.1719502955675125,0.056635696440935135
274.751490,1788179870.620996,383353,139,1,1,-17.336681365966797,3.4239726066589355,-2.969515085220337,-0.5717744827270508,0.12441887706518173,0.022083133459091187
275.172544,1788179871.042050,383855,169,1,1,-17.630348205566406,3.4870707988739014,-2.9512741565704346,-0.49479439854621887,0.1367895007133484,0.022844679653644562
275.687072,1788179871.556578,384355,198,1,1,-17.884504318237305,3.552217960357666,-2.9515674114227295,-0.47972238063812256,0.12048861384391785,0.02535320818424225
276.216381,1788179872.085887,384853,228,1,1,-18.13410758972168,3.6258084774017334,-2.953839063644409,-0.47160518169403076,0.1570805162191391,-0.021129794418811798
276.668000,1788179872.537506,385355,1,1,1,-18.40939712524414,3.677299737930298,-2.9654297828674316,-0.4918869137763977,0.136127769947052,0.01810508966445923
277.290350,1788179873.159856,385855,31,1,1,-18.68419647216797,3.741556406021118,-2.9554874897003174,-0.5145269632339478,0.18373045325279236,0.018952036276459694
277.669413,1788179873.538919,386353,60,1,1,-18.948823928833008,3.809480905532837,-2.945075511932373,-0.5330439805984497,0.16452310979366302,-0.021906951442360878
278.167117,1788179874.036623,386853,90,1,1,-19.238161087036133,3.8537113666534424,-2.9516212940216064,-0.5616562366485596,0.07556633651256561,-0.029103197157382965
278.666953,1788179874.536459,387353,119,1,1,-19.516450881958008,3.881542444229126,-2.951498031616211,-0.5652973651885986,-0.014302939176559448,0.003523528575897217
279.198176,1788179875.067682,387853,149,1,1,-19.801027297973633,3.904782295227051,-2.9528422355651855,-0.5864124894142151,0.047283053398132324,-0.007678409572690725
279.669518,1788179875.539024,388355,178,1,1,-20.102750778198242,3.914015531539917,-2.9625942707061768,-0.5985373258590698,0.00010902993381023407,0.01396041177213192
280.277700,1788179876.147206,388853,211,1,1,-20.397830963134766,3.930035352706909,-2.9532361030578613,-0.5964489579200745,0.1123257651925087,0.025991979986429214
280.683842,1788179876.553348,389350,240,1,1,-20.666385650634766,4.006146430969238,-2.95082950592041,-0.5693490505218506,0.23896628618240356,0.00519165676087141
281.150700,1788179877.020206,389851,14,1,1,-20.941553115844727,4.092406749725342,-2.95574688911438,-0.5607218146324158,0.16244855523109436,-0.003427401650696993
281.696138,1788179877.565644,390353,45,1,1,-21.226484298706055,4.135984420776367,-2.96142578125,-0.6045656204223633,0.08076873421669006,-0.003013545647263527
282.195875,1788179878.065381,390853,74,1,1,-21.444034576416016,4.1709513664245605,-2.955530881881714,-0.2540939152240753,0.06647205352783203,0.025896169245243073
282.664609,1788179878.534115,391354,102,1,1,-21.48247528076172,4.218939781188965,-2.954516649246216,-0.07850457727909088,0.059942930936813354,-0.02249760925769806
283.272768,1788179879.142274,391854,131,1,1,-21.51984214782715,4.2722649574279785,-2.971249580383301,-0.10149940103292465,0.008683111518621445,-0.009803734719753265
283.647986,1788179879.517492,392353,159,1,1,-21.55187225341797,4.297641277313232,-2.9628138542175293,-0.037096574902534485,-0.03710084408521652,0.037033628672361374
284.211062,1788179880.080568,392856,188,1,1,-21.533430099487305,4.28394079208374,-2.9603018760681152,0.05442054569721222,-0.08261806517839432,0.01706169918179512
284.725519,1788179880.595025,393354,216,1,1,-21.480907440185547,4.267502307891846,-2.9452433586120605,0.03813296929001808,-0.09456062316894531,-0.017260830849409103
285.188712,1788179881.058218,393854,245,1,1,-21.428709030151367,4.2409491539001465,-2.941014289855957,0.055995117872953415,-0.09318985790014267,0.004848910495638847
285.640885,1788179881.510391,394355,17,1,1,-21.376134872436523,4.204270362854004,-2.944901704788208,0.07952795177698135,-0.04962865635752678,-0.021900203078985214
286.141570,1788179882.011076,394854,46,1,1,-21.359506607055664,4.1720805168151855,-2.97088885307312,-0.015406451188027859,-0.02543780207633972,-0.04959544911980629
286.673317,1788179882.542823,395362,74,1,1,-21.396533966064453,4.153677463531494,-2.9928414821624756,-0.06932997703552246,-0.054673079401254654,0.03284739702939987
287.188611,1788179883.058117,395860,103,1,1,-21.419219970703125,4.1324968338012695,-2.994109869003296,-0.02275119349360466,-0.02206488326191902,0.006807517260313034
287.797140,1788179883.666646,396355,131,1,1,-21.427852630615234,4.096304893493652,-2.982450485229492,-0.041657984256744385,-0.033848829567432404,0.017250165343284607
288.173305,1788179884.042811,396858,160,1,1,-21.437862396240234,4.081724643707275,-2.9806764125823975,-0.025513596832752228,0.029482431709766388,-0.0016175545752048492
288.675310,1788179884.544816,397355,190,1,1,-21.43967628479004,4.08836555480957,-2.965343952178955,0.0009881316218525171,0.010107297450304031,0.00745962793007493
289.252215,1788179885.121721,397860,219,1,1,-21.43504524230957,4.122005462646484,-2.955156087875366,-0.01333907525986433,0.0815759152173996,-0.018757162615656853
289.673293,1788179885.542799,398354,247,1,1,-21.45551872253418,4.133867263793945,-2.9735984802246094,-0.010186910629272461,0.06872822344303131,-0.02725498005747795
290.238715,1788179886.108221,398855,20,1,1,-21.45848846435547,4.137641429901123,-2.983274459838867,0.03614188730716705,0.08776716887950897,0.008364095352590084
290.660912,1788179886.530418,399355,48,1,1,-21.435842514038086,4.136829376220703,-2.963156223297119,0.026560094207525253,0.02817561849951744,0.01633012667298317
291.129002,1788179886.998508,399857,77,1,1,-21.438199996948242,4.1430182456970215,-2.9664056301116943,-0.013966694474220276,0.08043454587459564,-0.01222129538655281
291.673182,1788179887.542688,400358,106,1,1,-21.436635971069336,4.158141136169434,-2.9624974727630615,0.00456923246383667,0.0232290830463171,-0.01254158653318882
292.204711,1788179888.074217,400853,135,1,1,-21.423372268676758,4.144902229309082,-2.9593608379364014,0.005292825400829315,-0.03509525954723358,-0.022840285673737526
292.656143,1788179888.525649,401355,163,1,1,-21.41242790222168,4.139958381652832,-2.965935230255127,-0.0016233846545219421,0.017313823103904724,0.01364782266318798
293.244044,1788179889.113550,401853,192,1,1,-21.406143188476562,4.165394306182861,-2.957265853881836,0.0016221966361626983,0.06757678091526031,-0.014708722941577435
293.651831,1788179889.521337,402358,220,1,1,-21.409059524536133,4.197754383087158,-2.95780873298645,0.00285084149800241,0.04427983611822128,0.08912764489650726
294.152896,1788179890.022402,402853,250,1,1,-21.39705467224121,4.204635143280029,-2.8145065307617188,0.02858312614262104,-0.0052434708923101425,0.554390549659729
294.729396,1788179890.598902,403356,23,1,1,-21.40270233154297,4.20402193069458,-2.4342193603515625,-0.033378966152668,-0.06156696379184723,0.7582603693008423
295.182176,1788179891.051682,403853,53,1,1,-21.426267623901367,4.181070804595947,-2.043370485305786,-0.10017997771501541,-0.10789233446121216,0.6782132983207703
295.635761,1788179891.505267,404356,82,1,1,-21.447900772094727,4.155386924743652,-1.7343635559082031,-0.014757230877876282,-0.05074058845639229,0.5506255626678467
296.228171,1788179892.097677,404853,112,1,1,-21.45897674560547,4.142446041107178,-1.4994999170303345,0.0038357190787792206,-0.013776122592389584,0.5342406630516052
296.694644,1788179892.564150,405356,141,1,1,-21.467700958251953,4.1525797843933105,-1.2428452968597412,0.006652729585766792,-0.023092318326234818,0.5797164440155029
297.144951,1788179893.014457,405853,171,1,1,-21.472347259521484,4.157386779785156,-0.9687897562980652,-0.0007370635867118835,0.025053050369024277,0.40765178203582764
297.724158,1788179893.593664,406356,200,1,1,-21.46786117553711,4.162421703338623,-0.8338048458099365,0.06484153121709824,0.038309480994939804,-0.0002707727253437042
298.144921,1788179894.014427,406853,230,1,1,-21.439773559570312,4.186089515686035,-0.8785499334335327,0.06666228175163269,-0.03017721325159073,-0.1929480880498886
298.752771,1788179894.622277,407353,3,1,1,-21.40741539001465,4.207042694091797,-0.9397157430648804,0.029473833739757538,0.01834016479551792,-0.1143312156200409
299.221550,1788179895.091056,407853,33,1,1,-21.416690826416016,4.22852897644043,-0.8953658938407898,-0.02657383680343628,-0.032327454537153244,0.1647500842809677
299.672314,1788179895.541820,408356,62,1,1,-21.421630859375,4.209009170532227,-0.8199787735939026,0.08030536770820618,0.015778105705976486,0.08681578934192657
300.213266,1788179896.082772,408853,92,1,1,-21.42264747619629,4.200131416320801,-0.7977163195610046,0.01027289591729641,0.0018891023937612772,-0.0029921887908130884
300.667747,1788179896.537253,409353,121,1,1,-21.43306541442871,4.211404800415039,-0.8171785473823547,0.0024359282106161118,0.00955703854560852,-0.08207153528928757
301.168481,1788179897.037987,409853,151,1,1,-21.43912124633789,4.21665620803833,-0.8419492840766907,-0.003382541239261627,-0.043459031730890274,-0.04126309975981712
301.671026,1788179897.540532,410355,181,1,1,-21.460969924926758,4.194639682769775,-0.8504571318626404,-0.0060530733317136765,-0.05276649445295334,0.01527013536542654
302.202081,1788179898.071587,410853,211,1,1,-21.469457626342773,4.185412883758545,-0.8649835586547852,0.04773250222206116,-0.00331732421182096,-0.005365505814552307
302.668886,1788179898.538392,411355,240,1,1,-21.469755172729492,4.1816253662109375,-0.8867397904396057,0.00855052750557661,-0.05194079130887985,0.050458572804927826
303.168411,1788179899.037917,411853,14,1,1,-21.48647117614746,4.164045333862305,-0.8756278157234192,-0.013251684606075287,-0.03099014051258564,0.04611707478761673
303.746939,1788179899.616445,412353,43,1,1,-21.494672775268555,4.153319835662842,-0.8743306398391724,0.025798983871936798,0.036980174481868744,0.05562707781791687
304.157353,1788179900.026859,412853,73,1,1,-21.497066497802734,4.146651744842529,-0.9083833694458008,0.029969587922096252,0.04819691181182861,-0.27894169092178345
304.724052,1788179900.593558,413353,102,1,1,-21.49663543701172,4.135560989379883,-1.189033031463623,-0.04084395617246628,0.01634041965007782,-0.8638054728507996
305.163175,1788179901.032681,413853,132,1,1,-21.542451858520508,4.137880325317383,-1.7770031690597534,-0.09919319301843643,0.06708233803510666,-1.4107028245925903
305.845256,1788179901.714762,414359,161,1,1,-21.582061767578125,4.133697986602783,-2.4591546058654785,-0.09103795886039734,-0.0259484201669693,-1.1730183362960815
306.283522,1788179902.153028,414853,194,1,1,-21.620431900024414,4.121072292327881,-2.879765033721924,-0.06381089985370636,0.0028698286041617393,-0.5831843018531799
306.687519,1788179902.557025,415363,224,1,1,-21.61977767944336,4.083376884460449,-3.03780198097229,0.03939582407474518,0.017679138109087944,-0.10340127348899841
307.200981,1788179903.070487,415861,0,1,1,-21.582155227661133,4.09238862991333,-2.9824798107147217,0.10287158936262131,0.06977631896734238,0.11881397664546967
307.733976,1788179903.603482,416360,29,1,1,-21.561153411865234,4.112170696258545,-2.944214344024658,-0.02407713420689106,0.05669208616018295,-0.0021263454109430313
308.187814,1788179904.057320,416858,59,1,1,-21.63383674621582,4.145003318786621,-2.9697189331054688,-0.24464236199855804,0.06647565215826035,-0.07553138583898544
308.643251,1788179904.512757,417361,88,1,1,-21.805435180664062,4.1655778884887695,-3.004462957382202,-0.3955523371696472,0.08837973326444626,-0.07479535043239594
309.271323,1788179905.140829,417853,118,1,1,-22.01316261291504,4.170623302459717,-3.016822099685669,-0.395840585231781,0.04059290513396263,0.006926470436155796
309.647039,1788179905.516545,418355,147,1,1,-22.21009063720703,4.175877094268799,-3.0173180103302,-0.43426886200904846,0.06733795255422592,-0.03610319644212723
310.147435,1788179906.016941,418855,177,1,1,-22.4470157623291,4.189578533172607,-3.025333881378174,-0.47332191467285156,0.04072686657309532,-0.04244102165102959
310.725409,1788179906.594915,419361,206,1,1,-22.677114486694336,4.223999977111816,-3.0064127445220947,-0.4791850745677948,0.11679966002702713,-0.004531940445303917
311.254658,1788179907.124164,419853,236,1,1,-22.890504837036133,4.290212154388428,-2.9794509410858154,-0.5162705779075623,0.12455052137374878,0.001516968011856079
311.815641,1788179907.685147,420353,10,1,1,-23.158145904541016,4.355040073394775,-2.9875471591949463,-0.5500072836875916,0.09576950967311859,0.0009726433781906962
312.177672,1788179908.047178,420853,40,1,1,-23.42525863647461,4.396438121795654,-3.0194504261016846,-0.5475470423698425,0.05620719492435455,-0.050370827317237854
312.682161,1788179908.551667,421354,69,1,1,-23.711645126342773,4.419990539550781,-3.0493991374969482,-0.598056435585022,0.04259480535984039,0.03585846722126007
313.133281,1788179909.002787,421854,99,1,1,-24.035778045654297,4.464238166809082,-3.0485641956329346,-0.6768832206726074,0.08960217237472534,0.058325935155153275
313.709713,1788179909.579219,422354,128,1,1,-24.367223739624023,4.489767551422119,-3.0219202041625977,-0.5694239735603333,0.032819341868162155,0.06932880729436874
314.177996,1788179910.047502,422854,158,1,1,-24.645282745361328,4.49638557434082,-3.007249116897583,-0.5414067506790161,0.03130532056093216,0.04530875384807587
314.675424,1788179910.544930,423354,187,1,1,-24.901857376098633,4.520826816558838,-3.0031898021698,-0.5672110319137573,0.09571525454521179,0.023891566321253777
315.205262,1788179911.074768,423854,217,1,1,-25.17485237121582,4.5617241859436035,-2.9875950813293457,-0.5511536598205566,0.06974104046821594,0.03856756538152695
315.704199,1788179911.573705,424357,246,1,1,-25.447078704833984,4.572425842285156,-2.996306896209717,-0.5466728210449219,0.00426604226231575,0.020052991807460785
316.235382,1788179912.104888,424857,20,1,1,-25.7275447845459,4.590317726135254,-2.9744017124176025,-0.5804881453514099,0.07286740839481354,0.051537610590457916
316.661093,1788179912.530599,425357,49,1,1,-26.02243423461914,4.623559474945068,-2.9479942321777344,-0.5724784731864929,0.17136669158935547,0.018382642418146133
317.161225,1788179913.030731,425855,79,1,1,-26.306171417236328,4.675286293029785,-2.975374221801758,-0.5506376028060913,0.16541416943073273,-0.03234219178557396
317.737437,1788179913.606943,426355,108,1,1,-26.597745895385742,4.733264923095703,-2.959108591079712,-0.5824856758117676,0.1023038700222969,0.008337950333952904
318.159821,1788179914.029327,426855,138,1,1,-26.902101516723633,4.771554946899414,-2.9577372074127197,-0.5874213576316833,0.07192623615264893,0.03155963867902756
318.705218,1788179914.574724,427356,167,1,1,-27.14458465576172,4.797257423400879,-2.9652810096740723,-0.3546724021434784,0.037100136280059814,0.003938198089599609
319.157530,1788179915.027036,427853,199,1,1,-27.243362426757812,4.812587261199951,-2.963773250579834,-0.11619679629802704,0.05750783160328865,-0.013602311722934246
319.691453,1788179915.560959,428354,231,1,1,-27.263404846191406,4.854421138763428,-2.9831409454345703,-0.027527522295713425,0.09500636160373688,0.014213933609426022
320.270329,1788179916.139835,428856,5,1,1,-27.30348777770996,4.910816669464111,-2.953494071960449,-0.053058672696352005,0.04284531995654106,-0.010332207195460796
320.770690,1788179916.640196,429356,34,1,1,-27.320594787597656,4.939250946044922,-3.0204012393951416,-0.026376718655228615,0.020230596885085106,-0.038996413350105286
321.241383,1788179917.110889,429856,64,1,1,-27.27745819091797,4.950767517089844,-2.976064443588257,0.09232917428016663,-0.009012898430228233,0.04753751680254936
321.694174,1788179917.563680,430356,94,1,1,-27.209054946899414,4.940421104431152,-2.9333791732788086,0.10136950016021729,-0.08438387513160706,0.03724158555269241
322.222926,1788179918.092432,430854,123,1,1,-27.151281356811523,4.900920867919922,-2.8831212520599365,0.059215717017650604,-0.1257101446390152,0.36892229318618774
322.689426,1788179918.558932,431356,151,1,1,-27.120132446289062,4.866400718688965,-2.67258882522583,-0.049098119139671326,-0.07717268913984299,0.618183970451355
323.155039,1788179919.024545,431853,180,1,1,-27.145763397216797,4.881654262542725,-2.466884136199951,-0.0885406881570816,0.07095551490783691,0.6774686574935913
323.765640,1788179919.635146,432353,208,1,1,-27.17678451538086,4.92896032333374,-2.3261663913726807,-0.04670903831720352,0.051624514162540436,0.6998480558395386
324.140476,1788179920.009982,432855,237,1,1,-27.206010818481445,4.951132297515869,-2.164283037185669,-0.0029242909513413906,-0.0721745416522026,0.7774447798728943
324.686877,1788179920.556383,433360,9,1,1,-27.212757110595703,4.875988960266113,-2.0121686458587646,-0.010929597541689873,-0.2326163798570633,0.8332001566886902
325.223359,1788179921.092865,433852,38,1,1,-27.221817016601562,4.772768020629883,-1.9329662322998047,0.04237852618098259,-0.20113593339920044,0.8490139842033386
325.755658,1788179921.625164,434357,66,1,1,-27.19498062133789,4.673632621765137,-1.8648083209991455,0.12822240591049194,-0.22672629356384277,0.5691659450531006
326.288345,1788179922.157851,434857,95,1,1,-27.14568328857422,4.670262813568115,-2.318796157836914,0.1561954915523529,0.06290062516927719,-0.5837545990943909
326.633625,1788179922.503131,435357,123,1,1,-27.14265251159668,4.6519036293029785,-2.835296630859375,0.038453590124845505,0.011407722719013691,-0.6402655839920044
327.168911,1788179923.038417,435862,153,1,1,-27.157634735107422,4.647699356079102,-3.330061197280884,0.017571905627846718,0.000190407270565629,-0.717411458492279
327.621813,1788179923.491319,436357,182,1,1,-27.162328720092773,4.647148132324219,-3.5680150985717773,-0.0019697649404406548,0.004125220235437155,-0.6965442895889282
328.279152,1788179924.148658,436854,213,1,1,-27.16157341003418,4.648728370666504,-3.145026206970215,-0.006642243359237909,-0.007848446257412434,-0.6784881353378296
328.716476,1788179924.585982,437357,241,1,1,-27.163869857788086,4.667407989501953,-3.3000612258911133,-0.013535031117498875,-0.0012807867024093866,-0.6299343109130859
329.233164,1788179925.102670,437852,14,1,1,-27.168624877929688,4.674769401550293,-3.3680810928344727,-0.023337632417678833,0.0006860292050987482,-0.5628405213356018
329.699328,1788179925.568834,438360,42,1,1,-27.17435646057129,4.67039155960083,-3.374659538269043,-0.027081597596406937,-0.007065924815833569,-0.48478126525878906
330.276472,1788179926.145978,438854,71,1,1,-27.177513122558594,4.653585910797119,-3.352234363555908,-0.028595609590411186,-0.019828325137495995,-0.40977227687835693
330.665743,1788179926.535249,439355,99,1,1,-27.179031372070312,4.633490085601807,-3.294196605682373,-0.029518498107790947,-0.031955476850271225,-0.33517974615097046
331.198811,1788179927.068317,439854,128,1,1,-27.182554244995117,4.641928672790527,-3.2203755378723145,-0.02910582721233368,-0.01896987110376358,-0.26282215118408203
331.698354,1788179927.567860,440355,157,1,1,-27.193567276000977,4.660915851593018,-3.14302921295166,-0.03352722153067589,-0.004026044625788927,-0.19936417043209076
332.244980,1788179928.114486,440854,186,1,1,-27.196657180786133,4.672639846801758,-3.293076753616333,-0.03031007945537567,0.0014871166786178946,-0.22291132807731628
332.649890,1788179928.519396,441354,214,1,1,-27.187541961669922,4.676496982574463,-3.2552268505096436,-0.019367646425962448,4.736236951430328e-05,-0.2716168761253357
333.149766,1788179929.019272,441855,243,1,1,-27.176315307617188,4.677041530609131,-3.4138545989990234,-0.011951060965657234,-0.0017011036397889256,-0.27959153056144714
333.731612,1788179929.601118,442354,15,1,1,-27.17799186706543,4.678658962249756,-3.5294294357299805,-0.012985468842089176,-0.0001911642320919782,-0.2720130383968353
334.152236,1788179930.021742,442854,44,1,1,-27.181032180786133,4.6921234130859375,-3.619035005569458,-0.01318211667239666,0.0060846079140901566,-0.2615520656108856
334.712202,1788179930.581708,443355,72,1,1,-27.175077438354492,4.715368747711182,-3.676380157470703,-0.006432804279029369,0.01531281415373087,-0.2413998246192932
335.259779,1788179931.129285,443854,101,1,1,-27.17742347717285,4.734870910644531,-3.714247703552246,-0.008042686618864536,0.018253466114401817,-0.22045113146305084
335.679305,1788179931.548811,444354,129,1,1,-27.17605209350586,4.752845287322998,-3.72359299659729,-0.003931419923901558,0.02282974123954773,-0.19544647634029388
336.192694,1788179932.062200,444854,158,1,1,-27.181825637817383,4.769477367401123,-3.7200417518615723,-0.005821526050567627,0.023729421198368073,-0.172542005777359
336.726199,1788179932.595705,445354,186,1,1,-27.195472717285156,4.794809341430664,-3.7043516635894775,-0.01096107717603445,0.02850344590842724,-0.15008467435836792
337.175561,1788179933.045067,445852,215,1,1,-27.210634231567383,4.8179612159729,-3.6804044246673584,-0.014223746955394745,0.028930295258760452,-0.12895609438419342
337.676581,1788179933.546087,446354,243,1,1,-27.223665237426758,4.841104030609131,-3.648794651031494,-0.015002739615738392,0.029736412689089775,-0.10765141248703003
338.210384,1788179934.079890,446854,16,1,1,-27.240882873535156,4.87052059173584,-3.607741594314575,-0.019276542589068413,0.03147374838590622,-0.08680970966815948
338.664393,1788179934.533899,447355,44,1,1,-27.264019012451172,4.906927108764648,-3.5606908798217773,-0.02324259839951992,0.03597110137343407,-0.06706854701042175
339.176936,1788179935.046442,447854,73,1,1,-27.291208267211914,4.951688766479492,-3.5246005058288574,-0.028801918029785156,0.04244224354624748,-0.051292534917593
339.708670,1788179935.578176,448354,101,1,1,-27.318679809570312,5.003415107727051,-3.479707956314087,-0.03481927886605263,0.05043473839759827,-0.03670521453022957
340.192804,1788179936.062310,448852,130,1,1,-27.338729858398438,5.050471782684326,-3.4364848136901855,-0.034375861287117004,0.054663822054862976,-0.024733765050768852
340.674156,1788179936.543662,449355,158,1,1,-27.35358238220215,5.088831424713135,-3.4139251708984375,-0.03025742806494236,0.05359182506799698,-0.01859876699745655
341.204824,1788179937.074330,449855,187,1,1,-27.36876106262207,5.110905647277832,-3.4023520946502686,-0.0284006055444479,0.043245911598205566,-0.023851977661252022
341.655590,1788179937.525096,450357,216,1,1,-27.371204376220703,5.146053791046143,-3.393963575363159,-0.020404579117894173,0.04403764382004738,-0.024162841960787773
342.237321,1788179938.106827,450855,245,1,1,-27.361534118652344,5.17656946182251,-3.384016990661621,-0.007452215068042278,0.040298573672771454,-0.020789647474884987
342.719170,1788179938.588676,451355,17,1,1,-27.36197853088379,5.216404914855957,-3.377061128616333,-0.004713147878646851,0.04554319754242897,-0.020267978310585022
343.159666,1788179939.029172,451855,46,1,1,-27.363861083984375,5.256831645965576,-3.3781826496124268,-0.0030385886784642935,0.04554727301001549,-0.023883648216724396
343.848438,1788179939.717944,452357,74,1,1,-27.35077667236328,5.2975945472717285,-3.3781256675720215,0.0070842779241502285,0.04825884848833084,-0.025057850405573845
344.238715,1788179940.108221,452854,106,1,1,-27.333587646484375,5.328282833099365,-3.3677022457122803,0.01491251215338707,0.04143979400396347,-0.021540014073252678
344.704799,1788179940.574305,453354,135,1,1,-27.32329750061035,5.350367546081543,-3.3543879985809326,0.01812157779932022,0.0333099402487278,-0.020989129319787025
345.233634,1788179941.103140,453860,164,1,1,-27.319456100463867,5.403209686279297,-3.3216605186462402,0.015094812959432602,0.04030874744057655,-0.016156550496816635
345.688679,1788179941.558185,454354,192,1,1,-27.30445671081543,5.43580436706543,-3.292990207672119,0.007138858549296856,0.0487484447658062,-0.0050999815575778484
346.158011,1788179942.027517,454854,221,1,1,-27.289764404296875,5.45035457611084,-3.3715476989746094,0.013964456506073475,0.04381212964653969,-0.5252118110656738
346.779539,1788179942.649045,455354,249,1,1,-27.1771297454834,5.491995334625244,-3.6805906295776367,0.48843520879745483,0.10730618238449097,-0.7597742080688477
347.184663,1788179943.054169,455855,22,1,1,-26.709531784057617,5.532614231109619,-3.9514052867889404,1.0799226760864258,0.0335441492497921,-0.2705940306186676
347.653977,1788179943.523483,456354,50,1,1,-26.15769386291504,5.537867069244385,-3.981670618057251,1.186905026435852,-0.10825614631175995,0.07178178429603577
348.219708,1788179944.089214,456854,79,1,1,-25.596752166748047,5.527223110198975,-3.9840285778045654,1.0616319179534912,-0.19686132669448853,-0.07829251140356064
348.731013,1788179944.600519,457352,107,1,1,-25.223005294799805,5.427544116973877,-4.022694110870361,0.6938666701316833,-0.2065754234790802,-0.05637401342391968
349.143551,1788179945.013057,457854,136,1,1,-24.924232482910156,5.359373569488525,-4.026211738586426,0.7169151902198792,-0.11156667023897171,0.09284163266420364
349.790620,1788179945.660126,458362,164,1,1,-24.506319046020508,5.305428504943848,-4.015762805938721,0.8563210964202881,-0.17134539783000946,-0.1299053281545639
350.181935,1788179946.051441,458857,193,1,1,-24.100038528442383,5.185959339141846,-4.071605682373047,0.6529598236083984,-0.30783137679100037,-0.1597185879945755
350.682338,1788179946.551844,459352,221,1,1,-23.782960891723633,5.084411144256592,-4.145917892456055,0.6254984140396118,-0.32737380266189575,-0.08506666868925095
351.225600,1788179947.095106,459852,250,1,1,-23.46693229675293,4.997506141662598,-4.177783966064453,0.5053219199180603,-0.2730516195297241,-0.02077406458556652
351.679315,1788179947.548821,460354,23,1,1,-23.16497230529785,4.864536762237549,-4.146343231201172,0.49573230743408203,-0.29401618242263794,0.09127789735794067
352.147073,1788179948.016579,460860,52,1,1,-22.82939338684082,4.801278114318848,-4.0901103019714355,0.7578007578849792,-0.1419811099767685,0.11420067399740219
352.705829,1788179948.575335,461355,80,1,1,-22.424850463867188,4.747534275054932,-4.086357116699219,0.6173585653305054,-0.15077915787696838,0.07236159592866898
353.176531,1788179949.046037,461854,110,1,1,-22.096588134765625,4.697083950042725,-4.015305995941162,0.46712779998779297,-0.08523961901664734,0.16413213312625885
353.674311,1788179949.543817,462357,138,1,1,-21.860383987426758,4.6743597984313965,-3.948768377304077,0.14672616124153137,-0.021707991138100624,0.00634688138961792
354.207472,1788179950.076978,462854,167,1,1,-21.79901695251465,4.672886371612549,-3.9506359100341797,-0.02828538417816162,0.03309385105967522,0.01780398003757
354.675538,1788179950.545044,463360,195,1,1,-21.782777786254883,4.666088104248047,-3.95566463470459,-0.00248555070720613,0.02271740324795246,0.04177770018577576
355.237127,1788179951.106633,463854,225,1,1,-21.76188850402832,4.66644287109375,-3.9601478576660156,0.030974045395851135,-0.004425115883350372,0.02647513709962368
355.689065,1788179951.558571,464357,254,1,1,-21.73906135559082,4.661287784576416,-3.947983741760254,0.03958087041974068,-0.00651113037019968,0.023942094296216965
356.162784,1788179952.032290,464854,28,1,1,-21.723602294921875,4.664048671722412,-3.941401958465576,0.03728669509291649,0.018213346600532532,-0.004999070893973112
356.671953,1788179952.541459,465357,57,1,1,-21.755441665649414,4.684601306915283,-3.942701578140259,-0.07669242471456528,0.07797377556562424,-0.03699425607919693
357.202007,1788179953.071513,465854,87,1,1,-21.859498977661133,4.754356384277344,-3.9943814277648926,-0.32452887296676636,0.15876612067222595,-0.1258758306503296
357.654229,1788179953.523735,466354,116,1,1,-22.14821434020996,4.822553634643555,-4.070117950439453,-0.58901047706604,0.1608138531446457,-0.09596136212348938
358.354084,1788179954.223590,466854,147,1,1,-22.43882942199707,4.890346050262451,-4.065560817718506,-0.5434802174568176,0.16709618270397186,0.11997898668050766
358.742098,1788179954.611604,467355,176,1,1,-22.713272094726562,4.919617176055908,-4.002373695373535,-0.4402734041213989,-0.0414402075111866,0.0814749002456665
359.271384,1788179955.140890,467854,206,1,1,-22.905887603759766,4.794107913970947,-3.9592907428741455,-0.2832340896129608,-0.4166402518749237,-0.0002513549115974456
359.664583,1788179955.534089,468357,235,1,1,-22.95623779296875,4.539849281311035,-3.9383678436279297,0.10063966363668442,-0.6356411576271057,0.050114311277866364
360.192136,1788179956.061642,468852,9,1,1,-22.921016693115234,4.234818458557129,-3.9222161769866943,0.09685404598712921,-0.6713578701019287,0.07814344763755798
360.643131,1788179956.512637,469357,38,1,1,-22.947147369384766,3.968947649002075,-3.9119882583618164,-0.011963210068643093,-0.5225696563720703,-0.05190427601337433
361.204896,1788179957.074402,469860,68,1,1,-23.017723083496094,3.7054543495178223,-3.939710855484009,-0.026436874642968178,-0.515598714351654,0.03396308422088623
361.643168,1788179957.512674,470357,98,1,1,-22.99526596069336,3.420945167541504,-3.894767999649048,0.09148512780666351,-0.48844608664512634,0.027859963476657867
362.143442,1788179958.012948,470854,128,1,1,-22.954721450805664,3.1963038444519043,-3.893502712249756,0.08598912507295609,-0.3698979914188385,-0.04168771207332611
362.719533,1788179958.589039,471357,157,1,1,-22.91100311279297,3.042752981185913,-3.9367806911468506,0.17540177702903748,-0.16689613461494446,-0.08218154311180115
363.187232,1788179959.056738,471855,187,1,1,-22.77708625793457,2.9655470848083496,-3.917219638824463,0.3345664143562317,-0.13140088319778442,0.04277739301323891
363.718026,1788179959.587532,472357,216,1,1,-22.633527755737305,2.8943583965301514,-3.8857672214508057,0.1697143167257309,-0.10219834744930267,0.009776715189218521
364.141616,1788179960.011122,472855,246,1,1,-22.512359619140625,2.8304147720336914,-3.89574933052063,0.23105782270431519,-0.07769125699996948,-0.06902220845222473
364.668122,1788179960.537628,473357,19,1,1,-22.386791229248047,2.7570106983184814,-3.9235849380493164,0.169722780585289,-0.04997957497835159,-0.062018558382987976
365.136521,1788179961.006027,473855,49,1,1,-22.27797508239746,2.728782892227173,-3.9243264198303223,0.2259288728237152,0.012220611795783043,0.023043425753712654
365.714775,1788179961.584281,474355,78,1,1,-22.150955200195312,2.7150254249572754,-3.9074580669403076,0.1391930729150772,0.04802202433347702,0.0300606619566679
366.165588,1788179962.035094,474855,108,1,1,-22.104124069213867,2.72678279876709,-3.8824260234832764,0.06912413239479065,0.0576184019446373,0.028984947130084038
366.635500,1788179962.505006,475357,137,1,1,-22.065359115600586,2.716064214706421,-3.8665921688079834,0.03035746142268181,0.00371643272228539,-0.0018759341910481453
367.195950,1788179963.065456,475854,167,1,1,-22.03638458251953,2.6801838874816895,-3.8597664833068848,0.035598497837781906,-0.013520254753530025,-0.014007758349180222
367.662932,1788179963.532438,476355,196,1,1,-22.01395606994629,2.662797212600708,-3.8557162284851074,0.03500119596719742,0.016112705692648888,-0.005998550448566675
368.131122,1788179964.000628,476855,226,1,1,-21.991165161132812,2.6575870513916016,-3.852910041809082,0.04999937862157822,0.033175989985466,-0.015209009870886803
368.712777,1788179964.582283,477357,255,1,1,-21.98492431640625,2.64888334274292,-3.8584682941436768,0.026455601677298546,0.010729198344051838,0.003767417510971427
369.162256,1788179965.031762,477854,29,1,1,-21.978042602539062,2.6298153400421143,-3.8587024211883545,0.012932248413562775,-0.0050156693905591965,-0.00028735888190567493
369.725026,1788179965.594532,478355,58,1,1,-21.97427749633789,2.615755558013916,-3.857010841369629,0.013687088154256344,-0.01465550810098648,-0.0074953376315534115
370.131803,1788179966.001309,478854,88,1,1,-21.981157302856445,2.6042356491088867,-3.860318899154663,0.004972652066498995,0.00334206223487854,-0.0066048880107700825
370.661280,1788179966.530786,479354,117,1,1,-22.016468048095703,2.59671688079834,-3.8616831302642822,-0.12417785823345184,-0.027412092313170433,-0.061091504991054535
371.302786,1788179967.172292,479854,147,1,1,-22.138267517089844,2.5815670490264893,-3.8989150524139404,-0.33513903617858887,0.07801330089569092,-0.11312597990036011
371.769272,1788179967.638778,480357,177,1,1,-22.365394592285156,2.635958194732666,-3.9304611682891846,-0.6997552514076233,0.09751402586698532,-0.11169344931840897
372.270383,1788179968.139889,480855,207,1,1,-22.70057487487793,2.68951416015625,-3.8958349227905273,-0.5877842307090759,0.11649143695831299,0.12781545519828796
372.726053,1788179968.595559,481357,236,1,1,-22.854612350463867,2.7933578491210938,-3.8547067642211914,-0.09677843749523163,0.31407031416893005,0.04905279353260994
373.149676,1788179969.019182,481854,10,1,1,-22.828765869140625,2.9673378467559814,-3.8135619163513184,0.15764424204826355,0.18000450730323792,0.1521565318107605
373.649820,1788179969.519326,482354,39,1,1,-22.761457443237305,3.1297695636749268,-3.755610704421997,0.23548097908496857,0.2693014144897461,0.11814414709806442
374.228153,1788179970.097659,482855,69,1,1,-22.767011642456055,3.244236946105957,-3.700763702392578,-0.03104962222278118,0.14006538689136505,0.06718545407056808
374.649066,1788179970.518572,483354,98,1,1,-22.866968154907227,3.265162944793701,-3.7078680992126465,-0.01018175482749939,0.0575287900865078,-0.03662849962711334
375.136520,1788179971.006026,483854,128,1,1,-22.88844108581543,3.3924248218536377,-3.7622737884521484,0.14255738258361816,0.26853710412979126,-0.2086769938468933
375.713043,1788179971.582549,484357,157,1,1,-22.804105758666992,3.5845320224761963,-3.811577558517456,0.4235762357711792,0.15806609392166138,0.004124968312680721
376.166493,1788179972.035999,484855,187,1,1,-22.659034729003906,3.611937999725342,-3.823312759399414,0.3413955569267273,-0.36650195717811584,-0.002643115818500519
376.681640,1788179972.551146,485354,216,1,1,-22.628124237060547,3.414327383041382,-3.8493244647979736,0.032738205045461655,-0.6707427501678467,-0.03904065862298012
377.213475,1788179973.082981,485854,246,1,1,-22.621416091918945,3.1369752883911133,-3.8707077503204346,0.022880136966705322,-0.6861575245857239,-0.03373214974999428
377.680256,1788179973.549762,486354,19,1,1,-22.594331741333008,2.927997350692749,-3.8613967895507812,0.13131070137023926,-0.5357492566108704,0.05793517082929611
378.182709,1788179974.052215,486855,49,1,1,-22.465421676635742,2.8038365840911865,-3.83622670173645,0.1885475069284439,-0.22858008742332458,-0.018477585166692734
378.711367,1788179974.580873,487357,78,1,1,-22.23415184020996,2.705279588699341,-3.8228745460510254,0.37797534465789795,-0.11316868662834167,-0.04937263950705528
379.135663,1788179975.005169,487857,108,1,1,-21.96417999267578,2.6524791717529297,-3.8209667205810547,0.5241354703903198,0.004041914828121662,0.051728781312704086
379.757041,1788179975.626547,488354,137,1,1,-21.641454696655273,2.6389565467834473,-3.8134310245513916,0.5725923776626587,0.033462412655353546,0.023604676127433777
380.163929,1788179976.033435,488854,167,1,1,-21.306964874267578,2.6090385913848877,-3.8315060138702393,0.5414021611213684,0.004998136777430773,-0.10065094381570816
380.660941,1788179976.530447,489357,196,1,1,-20.95024871826172,2.5490148067474365,-3.7832281589508057,0.6501333713531494,-0.06892223656177521,0.05537460371851921
381.303990,1788179977.173496,489855,226,1,1,-20.676612854003906,2.4925665855407715,-3.757120132446289,0.5461838245391846,-0.14670109748840332,0.0433269664645195
381.817958,1788179977.687464,490357,0,1,1,-20.452177047729492,2.4330432415008545,-3.782982110977173,0.49041032791137695,-0.08015937358140945,0.07751552760601044
382.270750,1788179978.140256,490855,32,1,1,-20.172739028930664,2.439178228378296,-3.747269630432129,0.5250054597854614,0.17220903933048248,-0.0016401197062805295
382.691752,1788179978.561258,491357,63,1,1,-19.875741958618164,2.506697416305542,-3.7349653244018555,0.4920443892478943,0.26338323950767517,-0.07860665768384933
383.199759,1788179979.069265,491855,93,1,1,-19.613449096679688,2.6068263053894043,-3.718578338623047,0.48180171847343445,0.24847370386123657,0.10612811148166656
383.691900,1788179979.561406,492357,122,1,1,-19.379335403442383,2.589653730392456,-3.677567958831787,0.40699949860572815,-0.0924895852804184,0.12276329845190048
384.225069,1788179980.094575,492854,152,1,1,-19.183839797973633,2.45796275138855,-3.6400294303894043,0.2851976752281189,-0.1575629860162735,0.02699292078614235
384.677605,1788179980.547111,493357,181,1,1,-19.049280166625977,2.4154908657073975,-3.601487636566162,0.297558456659317,0.08221781998872757,0.0931038185954094
385.142854,1788179981.012360,493857,211,1,1,-18.874032974243164,2.483229875564575,-3.537945032119751,0.44876083731651306,0.25128501653671265,0.1539398431777954
385.724354,1788179981.593860,494359,240,1,1,-18.664016723632812,2.566690444946289,-3.389045000076294,0.42714521288871765,0.06998039782047272,0.4283232092857361
386.185598,1788179982.055104,494855,14,1,1,-18.502174377441406,2.567502498626709,-3.04447603225708,0.29305708408355713,-0.03764776140451431,0.5748737454414368
386.647697,1788179982.517203,495357,43,1,1,-18.36990737915039,2.5491998195648193,-2.8811702728271484,0.22528107464313507,-0.07495559006929398,0.13701064884662628
387.212323,1788179983.081829,495854,73,1,1,-18.30135726928711,2.5110132694244385,-2.863494873046875,0.13706468045711517,-0.05918538197875023,0.041229575872421265
387.673884,1788179983.543390,496357,102,1,1,-18.295516967773438,2.487365961074829,-2.872257947921753,0.0854208692908287,-0.10305777937173843,0.009731471538543701
388.129614,1788179983.999120,496854,132,1,1,-18.277122497558594,2.474605083465576,-2.901198625564575,0.07799676805734634,-0.059191055595874786,-0.00011179740977240726
388.714095,1788179984.583601,497359,161,1,1,-18.25848960876465,2.4782564640045166,-2.9106056690216064,0.08047468960285187,-0.05402350053191185,-0.0038022175431251526
389.135979,1788179985.005485,497854,192,1,1,-18.263965606689453,2.488084316253662,-2.9108150005340576,0.060143645852804184,-0.027825018391013145,-0.00576647138223052
389.869673,1788179985.739179,498357,221,1,1,-18.26331329345703,2.485039710998535,-2.926159620285034,0.05042169988155365,-0.02074929140508175,-0.01310283038765192
390.259593,1788179986.129099,498855,251,1,1,-18.247283935546875,2.492196559906006,-2.9290924072265625,0.04929492995142937,-0.006451341789215803,-0.015001483261585236
390.661979,1788179986.531485,499357,24,1,1,-18.215076446533203,2.505187749862671,-2.9422945976257324,0.05295982211828232,0.007688990794122219,-0.021716734394431114
391.129818,1788179986.999324,499857,54,1,1,-18.183338165283203,2.5260941982269287,-2.9522173404693604,0.05694805830717087,0.021767642349004745,-0.024814950302243233
391.707298,1788179987.576804,500357,84,1,1,-18.15830421447754,2.546433925628662,-2.96722412109375,0.05475148558616638,0.028252707794308662,-0.026889825239777565
392.161670,1788179988.031176,500855,114,1,1,-18.125789642333984,2.569495677947998,-2.9551687240600586,0.057363588362932205,0.03760296106338501,-0.021660445258021355
392.739286,1788179988.608792,501357,143,1,1,-18.09355354309082,2.5988128185272217,-2.9477248191833496,0.059485532343387604,0.04680482670664787,-0.018965087831020355
393.129623,1788179988.999129,501854,173,1,1,-18.06201171875,2.6214680671691895,-2.9469151496887207,0.05976329743862152,0.04962669312953949,-0.021498527377843857
393.736096,1788179989.605602,502357,202,1,1,-18.026573181152344,2.6347546577453613,-2.9425501823425293,0.05925113707780838,0.04610292613506317,-0.021230539306998253
394.155166,1788179990.024672,502857,232,1,1,-17.9976806640625,2.6525793075561523,-2.9509153366088867,0.05247955396771431,0.04414748772978783,-0.02014036849141121
394.690656,1788179990.560162,503359,5,1,1,-17.971599578857422,2.6687514781951904,-2.948716163635254,0.04497213289141655,0.04207727313041687,-0.020029036328196526
395.159698,1788179991.029204,503855,35,1,1,-17.947059631347656,2.6803879737854004,-2.942795753479004,0.03818682208657265,0.03776613622903824,-0.019564876332879066
395.662116,1788179991.531622,504357,64,1,1,-17.91347885131836,2.6931607723236084,-2.9372410774230957,0.039388660341501236,0.03508538752794266,-0.016777513548731804
396.190835,1788179992.060341,504857,94,1,1,-17.87482452392578,2.7058236598968506,-2.9238851070404053,0.03998919203877449,0.030940620228648186,-0.01240402739495039
396.645337,1788179992.514843,505355,123,1,1,-17.833105087280273,2.7201669216156006,-2.9091856479644775,0.04450538009405136,0.027964690700173378,-0.009513065218925476
397.221421,1788179993.090927,505857,153,1,1,-17.791776657104492,2.731259822845459,-2.900813579559326,0.046926531940698624,0.0227248165756464,-0.006293233949691057
397.643914,1788179993.513420,506360,182,1,1,-17.761398315429688,2.7312090396881104,-2.9059884548187256,0.04406775161623955,0.012043142691254616,-0.008913915604352951
398.146995,1788179994.016501,506855,212,1,1,-17.735931396484375,2.743089199066162,-2.9034924507141113,0.03979837894439697,0.013929923065006733,-0.009390073828399181
398.677241,1788179994.546747,507358,241,1,1,-17.71104621887207,2.764794111251831,-2.9000051021575928,0.03646644949913025,0.019626038148999214,-0.00863625481724739
399.180743,1788179995.050249,507862,15,1,1,-17.691919326782227,2.791654348373413,-2.8969790935516357,0.03459206596016884,0.027122579514980316,-0.007787337526679039
399.682062,1788179995.551568,508357,44,1,1,-17.676698684692383,2.806976795196533,-2.8920562267303467,0.0319577120244503,0.025534337386488914,-0.007447594776749611
400.211135,1788179996.080641,508857,74,1,1,-17.66661262512207,2.820718765258789,-2.8912181854248047,0.029550572857260704,0.024456603452563286,-0.008688117377460003
400.635439,1788179996.504945,509358,103,1,1,-17.66172218322754,2.8266119956970215,-2.8882908821105957,0.02523185685276985,0.021958699449896812,-0.0070873526856303215
401.184514,1788179997.054020,509855,133,1,1,-17.66806983947754,2.8245203495025635,-2.881002187728882,0.01859164983034134,0.015416459180414677,-0.0024858196265995502
401.697886,1788179997.567392,510357,163,1,1,-17.6887264251709,2.817979335784912,-2.8716297149658203,0.006905787158757448,0.007108376361429691,-0.0006214349996298552
402.162862,1788179998.032368,510862,193,1,1,-17.721282958984375,2.8126702308654785,-2.8679206371307373,-0.00574537506327033,0.004244288895279169,0.0022990067955106497
402.676548,1788179998.546054,511358,222,1,1,-17.763355255126953,2.8142573833465576,-2.8634800910949707,-0.019513459876179695,0.0055182818323373795,0.004082038998603821
403.192727,1788179999.062233,511855,252,1,1,-17.80399513244629,2.812818765640259,-2.867588996887207,-0.026513786986470222,0.002756665460765362,0.0027827327139675617
403.674991,1788179999.544497,512358,25,1,1,-17.856576919555664,2.807401657104492,-2.8723578453063965,-0.037359803915023804,-0.003525462932884693,0.0006835674867033958
404.121103,1788179999.990609,512855,55,1,1,-17.912721633911133,2.807642936706543,-2.8791284561157227,-0.04559104144573212,-0.00010064394155051559,-0.003380141919478774
404.697731,1788180000.567237,513357,84,1,1,-17.974767684936523,2.8113980293273926,-2.890763521194458,-0.05455394089221954,0.0018748452421277761,-0.005596754606813192
405.149933,1788180001.019439,513857,114,1,1,-18.033790588378906,2.816237688064575,-2.8944835662841797,-0.05896642059087753,0.004596231505274773,-0.006474006921052933
405.759551,1788180001.629057,514360,143,1,1,-18.096881866455078,2.8181166648864746,-2.899045705795288,-0.06506921350955963,0.006365753710269928,-0.009334738366305828
406.134293,1788180002.003799,514857,173,1,1,-18.157644271850586,2.8118293285369873,-2.8995609283447266,-0.06818071752786636,0.003640676150098443,-0.01132073812186718
406.662272,1788180002.531778,515358,202,1,1,-18.212299346923828,2.7936575412750244,-2.908320426940918,-0.06847444176673889,-0.004489080049097538,-0.014739173464477062
407.160620,1788180003.030126,515855,232,1,1,-18.250869750976562,2.770169734954834,-2.908643960952759,-0.05977116897702217,-0.013064326718449593,-0.014608802273869514
407.690667,1788180003.560173,516357,5,1,1,-18.279420852661133,2.767305612564087,-2.910700559616089,-0.048102013766765594,-0.008649110794067383,-0.012608962133526802
408.145221,1788180004.014727,516857,35,1,1,-18.310070037841797,2.7694649696350098,-2.9117722511291504,-0.044702060520648956,-0.005554862320423126,-0.01253474224358797
408.735034,1788180004.604540,517360,64,1,1,-18.344463348388672,2.770949363708496,-2.920501232147217,-0.043140362948179245,-0.0018610431579872966,-0.014549498446285725
409.188144,1788180005.057650,517855,94,1,1,-18.370485305786133,2.7745766639709473,-2.9321060180664062,-0.03696858137845993,-5.077695823274553e-05,-0.01787734031677246
409.675718,1788180005.545224,518358,123,1,1,-18.39036750793457,2.7802467346191406,-2.9375112056732178,-0.026896601542830467,0.0013797618448734283,-0.01753917895257473
410.215405,1788180006.084911,518855,153,1,1,-18.396175384521484,2.787017583847046,-2.9341206550598145,-0.011929024010896683,0.001616194611415267,-0.014954324811697006
410.732427,1788180006.601933,519356,182,1,1,-18.412527084350586,2.799809217453003,-2.9357597827911377,-0.009317412041127682,0.005814367439597845,-0.014683929271996021
411.139212,1788180007.008718,519853,212,1,1,-18.42087745666504,2.8223206996917725,-2.9348325729370117,0.0008768878178671002,0.014357363805174828,-0.014167475514113903
411.653064,1788180007.522570,520360,242,1,1,-18.437135696411133,2.849806070327759,-2.933889150619507,0.004099706653505564,0.02398996613919735,-0.016258930787444115
412.186016,1788180008.055522,520853,16,1,1,-18.466007232666016,2.8681132793426514,-2.9411849975585938,0.00155741348862648,0.024534115567803383,-0.019565030932426453
412.638213,1788180008.507719,521355,45,1,1,-18.4879150390625,2.8921782970428467,-2.9392571449279785,0.00653422623872757,0.029937859624624252,-0.019308432936668396
413.215841,1788180009.085347,521855,75,1,1,-18.50242042541504,2.927002191543579,-2.9313862323760986,0.013146655634045601,0.03995431587100029,-0.018677489832043648
413.667156,1788180009.536662,522355,104,1,1,-18.512779235839844,2.9573068618774414,-2.9131417274475098,0.018956851214170456,0.04307246953248978,-0.012343191541731358
414.132796,1788180010.002302,522857,134,1,1,-18.527179718017578,2.9862849712371826,-2.906276226043701,0.021255286410450935,0.04561695456504822,-0.010228532366454601
414.632535,1788180010.502041,523363,163,1,1,-18.541175842285156,3.0098495483398438,-2.8948302268981934,0.023762842640280724,0.04394374042749405,-0.005059101153165102
415.210058,1788180011.079564,523855,193,1,1,-18.560176849365234,3.031991958618164,-2.9036245346069336,0.022999247536063194,0.041877102106809616,-0.005187401548027992
415.628282,1788180011.497788,524360,222,1,1,-18.584787368774414,3.0537350177764893,-2.9153525829315186,0.017719287425279617,0.039994385093450546,-0.007474447600543499
416.188588,1788180012.058094,524855,252,1,1,-18.61903190612793,3.076951026916504,-2.9055309295654297,0.006403349339962006,0.03732509911060333,-0.004249951336532831
416.672501,1788180012.542007,525358,25,1,1,-18.65443992614746,3.103461980819702,-2.906496524810791,-0.0017366028623655438,0.037294887006282806,-0.006992935668677092
417.126235,1788180012.995741,525853,55,1,1,-18.69182014465332,3.126960039138794,-2.903214693069458,-0.012898932211101055,0.03438611328601837,-0.005993702914565802
417.701839,1788180013.571345,526361,84,1,1,-18.727535247802734,3.149158000946045,-2.901143789291382,-0.018695631995797157,0.03004435822367668,-0.004893545992672443
418.171379,1788180014.040885,526851,114,1,1,-18.75189781188965,3.1656062602996826,-2.90519642829895,-0.018768640235066414,0.025358010083436966,-0.005960716400295496
418.665544,1788180014.535050,527358,143,1,1,-18.779003143310547,3.183084487915039,-2.9302310943603516,-0.023019853979349136,0.021453922614455223,-0.011654884554445744
419.196468,1788180015.065974,527853,174,1,1,-18.80245018005371,3.194321632385254,-2.951909065246582,-0.021555311977863312,0.015429990366101265,-0.013700361363589764
419.775606,1788180015.645112,528355,203,1,1,-18.818410873413086,3.2022299766540527,-2.9570674896240234,-0.016991904005408287,0.008112200535833836,-0.010891781188547611
420.228713,1788180016.098219,528853,236,1,1,-18.839696884155273,3.2077465057373047,-2.97225284576416,-0.016096793115139008,0.0025781940203160048,-0.0096818245947361
420.647355,1788180016.516861,529358,12,1,1,-18.856754302978516,3.2164952754974365,-2.980440855026245,-0.01140870712697506,-0.0005595560069195926,-0.00839836522936821
421.162947,1788180017.032453,529853,41,1,1,-18.871150970458984,3.224557876586914,-2.9977846145629883,-0.00961759127676487,-0.003180906642228365,-0.01330658234655857
421.773457,1788180017.642963,530361,70,1,1,-18.89996337890625,3.225480318069458,-3.009108543395996,-0.01616305112838745,-0.008677052333950996,-0.015420202165842056
422.114345,1788180017.983851,530853,99,1,1,-18.924482345581055,3.2309000492095947,-3.014749050140381,-0.019750844687223434,-0.010554318316280842,-0.014842862263321877
422.638915,1788180018.508421,531355,127,1,1,-18.934654235839844,3.2501473426818848,-3.0108580589294434,-0.013893641531467438,-0.0030267524998635054,-0.011055056005716324
423.233022,1788180019.102528,531855,156,1,1,-18.93886947631836,3.272005319595337,-3.0180585384368896,-0.005955586675554514,0.00278825918212533,-0.01176387071609497
423.684879,1788180019.554385,532356,184,1,1,-18.94603729248047,3.2934811115264893,-3.020449638366699,-0.0011273081181570888,0.009754220955073833,-0.011448864825069904
424.140344,1788180020.009850,532855,213,1,1,-18.951759338378906,3.315490961074829,-3.0246970653533936,0.00383270182646811,0.014871385879814625,-0.009926321916282177
424.719606,1788180020.589112,533355,241,1,1,-18.967578887939453,3.3342342376708984,-3.0317842960357666,0.0029074654448777437,0.015881629660725594,-0.012045050039887428
425.170665,1788180021.040171,533853,14,1,1,-18.988101959228516,3.352924346923828,-3.0320827960968018,6.980311445659027e-05,0.018163973465561867,-0.013528441078960896
425.639539,1788180021.509045,534361,42,1,1,-19.00059700012207,3.3749611377716064,-3.023090362548828,0.003544193459674716,0.02011892944574356,-0.009508482180535793
426.217794,1788180022.087300,534853,71,1,1,-19.01607894897461,3.3964192867279053,-3.0157454013824463,0.004148995038121939,0.022612616419792175,-0.0077177006751298904
426.684039,1788180022.553545,535356,99,1,1,-19.039649963378906,3.409935712814331,-3.008513927459717,0.0008672269177623093,0.022115126252174377,-0.0046243611723184586
427.137222,1788180023.006728,535851,128,1,1,-19.058917999267578,3.413889169692993,-3.012470006942749,0.0018321495736017823,0.016251925379037857,-0.006341308820992708
427.702843,1788180023.572349,536361,156,1,1,-19.068971633911133,3.419699192047119,-3.007812261581421,0.009302300401031971,0.014641944319009781,-0.005828882567584515
428.158810,1788180024.028316,536858,185,1,1,-19.07929801940918,3.4282453060150146,-2.9999139308929443,0.011624210514128208,0.01567542366683483,-0.004476527683436871
428.627027,1788180024.496533,537353,213,1,1,-19.097122192382812,3.435075521469116,-2.9940226078033447,0.00975794717669487,0.016548287123441696,-0.002374353352934122
429.202997,1788180025.072503,537853,242,1,1,-19.133813858032227,3.4235851764678955,-3.004817485809326,-0.0034136343747377396,0.007244585081934929,-0.006492214277386665
429.666168,1788180025.535674,538355,14,1,1,-19.17819595336914,3.4032223224639893,-3.0188748836517334,-0.01593261957168579,-0.0038303136825561523,-0.010836824774742126
430.135233,1788180026.004739,538858,43,1,1,-19.222583770751953,3.376438856124878,-3.025357723236084,-0.026127135381102562,-0.015539742074906826,-0.014408268965780735
430.803149,1788180026.672655,539361,71,1,1,-19.262542724609375,3.3533592224121094,-3.0241918563842773,-0.03227036073803902,-0.02123337984085083,-0.014450663700699806
431.147869,1788180027.017375,539853,100,1,1,-19.300430297851562,3.3259634971618652,-3.0252435207366943,-0.03588759899139404,-0.028121894225478172,-0.013139734975993633
431.615091,1788180027.484597,540356,129,1,1,-19.33477020263672,3.305757522583008,-3.027924060821533,-0.034793172031641006,-0.02818349190056324,-0.011760159395635128
432.134282,1788180028.003788,540853,158,1,1,-19.370838165283203,3.2870731353759766,-3.014951705932617,-0.036998968571424484,-0.028176259249448776,-0.00853978842496872
432.660973,1788180028.530479,541360,186,1,1,-19.406545639038086,3.2697103023529053,-3.0004053115844727,-0.041154466569423676,-0.026039713993668556,-0.00578641751781106
433.284744,1788180029.154250,541858,215,1,1,-19.431596755981445,3.245068073272705,-2.993699550628662,-0.03921540826559067,-0.029215358197689056,-0.004694133531302214
433.626683,1788180029.496189,542355,243,1,1,-19.45476531982422,3.2249743938446045,-2.9899933338165283,-0.038113586604595184,-0.0278837401419878,-0.004151771776378155
434.156443,1788180030.025949,542855,16,1,1,-19.475576400756836,3.2020702362060547,-2.982149839401245,-0.034160077571868896,-0.02969585359096527,-0.0026112457271665335
434.843866,1788180030.713372,543356,44,1,1,-19.488361358642578,3.1840107440948486,-2.977053165435791,-0.028393274173140526,-0.025502972304821014,-0.0033720913343131542
435.233867,1788180031.103373,543855,73,1,1,-19.497478485107422,3.171677589416504,-2.976149559020996,-0.020433668047189713,-0.017130037769675255,-0.004484868608415127
435.654059,1788180031.523565,544358,101,1,1,-19.49821662902832,3.158040761947632,-2.9727792739868164,-0.008964757435023785,-0.011306120082736015,-0.005503092892467976
436.156519,1788180032.026025,544855,130,1,1,-19.49894905090332,3.1422958374023438,-2.9612131118774414,-0.0027436541859060526,-0.007027375511825085,-0.002739354269579053
436.689008,1788180032.558514,545360,158,1,1,-19.498872756958008,3.1176624298095703,-2.9564602375030518,0.00502555537968874,-0.008450872264802456,-0.0012368292082101107
437.143231,1788180033.012737,545855,187,1,1,-19.491323471069336,3.085646152496338,-2.945612668991089,0.015397552400827408,-0.013892614282667637,0.002727703657001257
437.719220,1788180033.588726,546355,215,1,1,-19.48603057861328,3.050034999847412,-2.9330461025238037,0.022728512063622475,-0.01856541819870472,0.005961159709841013
438.183101,1788180034.052607,546853,244,1,1,-19.48836326599121,3.0197408199310303,-2.921118974685669,0.02225697971880436,-0.018212735652923584,0.007517420686781406
438.636961,1788180034.506467,547358,16,1,1,-19.503215789794922,2.981269598007202,-2.9191970825195312,0.015672150999307632,-0.023549960926175117,0.005708738695830107
439.152221,1788180035.021727,547856,45,1,1,-19.51306915283203,2.9488048553466797,-2.909726142883301,0.01435063686221838,-0.024261845275759697,0.0056165046989917755
439.668664,1788180035.538170,548356,73,1,1,-19.52857208251953,2.916579484939575,-2.9007771015167236,0.011455652303993702,-0.024455610662698746,0.007957621477544308
440.123000,1788180035.992506,548855,102,1,1,-19.53497886657715,2.8847360610961914,-2.8818421363830566,0.014156882651150227,-0.02301473543047905,0.011428079567849636
441.039819,1788180036.909325,549360,130,1,1,-19.542219161987305,2.848536491394043,-2.864302396774292,0.014707439579069614,-0.026340927928686142,0.016298720613121986
441.169421,1788180037.038927,549853,159,1,1,-19.561721801757812,2.809751272201538,-2.8522353172302246,0.0036251391284167767,-0.030205460265278816,0.017497098073363304
441.638143,1788180037.507649,550358,188,1,1,-19.5803279876709,2.777583122253418,-2.833930253982544,-0.002572616096585989,-0.027887964621186256,0.021101826801896095
442.201230,1788180038.070736,550853,217,1,1,-19.585908889770508,2.7480709552764893,-2.822462558746338,-0.0002189516235375777,-0.02863617241382599,0.019842341542243958
442.713668,1788180038.583174,551358,245,1,1,-19.591487884521484,2.7126989364624023,-2.8120920658111572,0.0007671240018680692,-0.031632229685783386,0.01977537013590336
443.120723,1788180038.990229,551855,18,1,1,-19.606159210205078,2.6817378997802734,-2.8139755725860596,-0.005339508876204491,-0.03041849471628666,0.017071500420570374
443.698032,1788180039.567538,552358,46,1,1,-19.6228084564209,2.653841972351074,-2.8221354484558105,-0.009702088311314583,-0.027312172576785088,0.010177520103752613
444.162787,1788180040.032293,552856,75,1,1,-19.633602142333984,2.6282708644866943,-2.821446180343628,-0.00968180876225233,-0.02504909224808216,0.008433387614786625
444.696440,1788180040.565946,553356,103,1,1,-19.64585304260254,2.594228744506836,-2.823272705078125,-0.010175235569477081,-0.030210280790925026,0.004816193599253893
445.191074,1788180041.060580,553855,132,1,1,-19.640531539916992,2.5619006156921387,-2.8197145462036133,-0.0008326509268954396,-0.03328495845198631,0.003434573533013463
445.645697,1788180041.515203,554358,160,1,1,-19.643291473388672,2.5454087257385254,-2.8109688758850098,-0.00034109322587028146,-0.02421943098306656,0.006479895673692226
446.112786,1788180041.982292,554853,189,1,1,-19.65529441833496,2.5326762199401855,-2.8035266399383545,-0.004640594124794006,-0.017269514501094818,0.0041835131123661995
446.703639,1788180042.573145,555358,217,1,1,-19.668418884277344,2.519578456878662,-2.801119089126587,-0.008359531871974468,-0.012991947121918201,0.002892319345846772
447.158629,1788180043.028135,555853,246,1,1,-19.674118041992188,2.5054585933685303,-2.803558349609375,-0.0071877120062708855,-0.009432480670511723,0.0012253392487764359
447.704460,1788180043.573966,556361,18,1,1,-19.68085479736328,2.491328239440918,-2.8148608207702637,-0.005594926420599222,-0.007586086634546518,-0.0014033945044502616
448.189097,1788180044.058603,556856,47,1,1,-19.687410354614258,2.4848978519439697,-2.8176844120025635,-0.0030287187546491623,-0.003167108166962862,-0.005467926152050495
448.689123,1788180044.558629,557358,75,1,1,-19.688121795654297,2.4878125190734863,-2.8222246170043945,0.002090518595650792,0.005730292294174433,-0.006761510856449604
449.220624,1788180045.090130,557853,104,1,1,-19.67640495300293,2.500241279602051,-2.8156657218933105,0.011892075650393963,0.01704433746635914,-0.004706929437816143
449.614469,1788180045.483975,558355,132,1,1,-19.672950744628906,2.5137434005737305,-2.813735008239746,0.015735438093543053,0.02474587969481945,-0.0006206342368386686
450.154679,1788180046.024185,558853,162,1,1,-19.67032241821289,2.5363423824310303,-2.802682638168335,0.019421381875872612,0.035428907722234726,0.005700238980352879
450.718447,1788180046.587953,559356,190,1,1,-19.655057907104492,2.5516254901885986,-2.7999255657196045,0.030725304037332535,0.03633923456072807,0.0059758019633591175
451.171575,1788180047.041081,559853,219,1,1,-19.64142608642578,2.5619559288024902,-2.8073127269744873,0.03691412881016731,0.033575378358364105,0.002516869455575943
451.638957,1788180047.508463,560358,248,1,1,-19.628890991210938,2.563779354095459,-2.8130099773406982,0.040094077587127686,0.028901036828756332,-0.000496443419251591
452.139999,1788180048.009505,560855,21,1,1,-19.634973526000977,2.5657076835632324,-2.8324837684631348,0.0312613807618618,0.022780712693929672,-0.005124018993228674
452.683913,1788180048.553419,561356,49,1,1,-19.648834228515625,2.5684258937835693,-2.83847975730896,0.021700995042920113,0.019536513835191727,-0.006573045160621405
453.142998,1788180049.012504,561853,78,1,1,-19.6582088470459,2.561668634414673,-2.8420052528381348,0.016340937465429306,0.01074607390910387,-0.006932432297617197
453.718837,1788180049.588343,562358,106,1,1,-19.676361083984375,2.557938814163208,-2.8445286750793457,0.0001887007092591375,0.004631772171705961,-0.005693329963833094
454.169289,1788180050.038795,562855,135,1,1,-19.697654724121094,2.5496985912323,-2.8643033504486084,-0.011668678373098373,-0.003184469183906913,-0.012037155218422413
454.638210,1788180050.507716,563358,163,1,1,-19.723432540893555,2.536371946334839,-2.8777694702148438,-0.022950846701860428,-0.013013518415391445,-0.013813048601150513
455.139279,1788180051.008785,563853,192,1,1,-19.74005889892578,2.524637460708618,-2.889176845550537,-0.02772458828985691,-0.019791625440120697,-0.015597349032759666
455.667554,1788180051.537060,564355,220,1,1,-19.751930236816406,2.526176691055298,-2.8880574703216553,-0.02839713729918003,-0.018496422097086906,-0.012801231816411018
456.149974,1788180052.019480,564853,249,1,1,-19.76158332824707,2.534616231918335,-2.8893260955810547,-0.02765239216387272,-0.012660553678870201,-0.014249618165194988
456.696131,1788180052.565637,565358,21,1,1,-19.757579803466797,2.544502019882202,-2.8844640254974365,-0.018056146800518036,-0.00824138056486845,-0.00904620997607708
457.165446,1788180053.034952,565855,50,1,1,-19.75848960876465,2.5553014278411865,-2.886058807373047,-0.01473646517843008,-0.0045868451707065105,-0.007701644208282232
457.619616,1788180053.489122,566356,78,1,1,-19.765600204467773,2.5680694580078125,-2.8956551551818848,-0.013826027512550354,-0.00022715123486705124,-0.007292107213288546
458.207457,1788180054.076963,566853,107,1,1,-19.769128799438477,2.5802106857299805,-2.8909411430358887,-0.011560287326574326,0.0012562955962494016,-0.0076858350075781345
458.675165,1788180054.544671,567358,139,1,1,-19.766429901123047,2.601797103881836,-2.888481378555298,-0.0054937368258833885,0.0076306043192744255,-0.006586237344890833
459.146145,1788180055.015651,567858,168,1,1,-19.758560180664062,2.6287410259246826,-2.8876559734344482,0.0024540352169424295,0.015482638962566853,-0.004991122055798769
459.691904,1788180055.561410,568356,196,1,1,-19.748004913330078,2.661181926727295,-2.893324136734009,0.010276508517563343,0.025172708556056023,-0.004106353037059307
460.155580,1788180056.025086,568853,225,1,1,-19.74066162109375,2.697817087173462,-2.9060842990875244,0.01357481349259615,0.03386206924915314,-0.005069233011454344
460.718718,1788180056.588224,569363,253,1,1,-19.744550704956055,2.740821599960327,-2.931298017501831,0.008834233507514,0.04231056198477745,-0.010666793212294579
461.125569,1788180056.995075,569853,26,1,1,-19.741546630859375,2.7877767086029053,-2.9399030208587646,0.008968082256615162,0.05215373635292053,-0.014089973643422127
461.652529,1788180057.522035,570358,55,1,1,-19.717092514038086,2.8439078330993652,-2.9449048042297363,0.020477062091231346,0.06313282251358032,-0.013749894686043262
462.120719,1788180057.990225,570856,84,1,1,-19.684099197387695,2.899015426635742,-2.9421486854553223,0.03182656317949295,0.07024519145488739,-0.012821288779377937
462.684671,1788180058.554177,571356,112,1,1,-19.643712997436523,2.958003520965576,-2.9351587295532227,0.043706465512514114,0.07801322638988495,-0.0081858579069376
463.151502,1788180059.021008,571853,141,1,1,-19.606216430664062,3.020322322845459,-2.936291456222534,0.05054674670100212,0.08543601632118225,-0.007592449896037579
463.729369,1788180059.598875,572358,169,1,1,-19.577306747436523,3.080691337585449,-2.943618059158325,0.05015292018651962,0.08649357408285141,-0.010611867532134056
464.181555,1788180060.051061,572856,198,1,1,-19.551748275756836,3.1345314979553223,-2.952023506164551,0.04815838113427162,0.0834965929389,-0.007691550068557262
464.648461,1788180060.517967,573356,226,1,1,-19.53219985961914,3.1781342029571533,-2.958406925201416,0.04077745974063873,0.07744153589010239,-0.011006971821188927
465.149674,1788180061.019180,573853,255,1,1,-19.51578712463379,3.2143619060516357,-2.954406499862671,0.03374876454472542,0.06755335628986359,-0.00912307295948267
465.679085,1788180061.548591,574355,27,1,1,-19.500864028930664,3.2435522079467773,-2.945420026779175,0.026046443730592728,0.056042276322841644,-0.007513141259551048
466.143413,1788180062.012919,574855,56,1,1,-19.48800277709961,3.262383222579956,-2.9537172317504883,0.017625881358981133,0.04156537726521492,-0.008821729570627213
466.719773,1788180062.589279,575360,84,1,1,-19.46037483215332,3.2775158882141113,-2.9482979774475098,0.021007532253861427,0.028087066486477852,-0.005509043112397194
467.185151,1788180063.054657,575856,113,1,1,-19.43845558166504,3.2888481616973877,-2.950248956680298,0.0209355466067791,0.017847105860710144,-0.00696708494797349
467.638520,1788180063.508026,576358,141,1,1,-19.4045467376709,3.290891408920288,-2.94684100151062,0.026092814281582832,0.0032981266267597675,-0.007603571284562349
468.211095,1788180064.080601,576855,170,1,1,-19.37799835205078,3.27825927734375,-2.9488863945007324,0.02750377357006073,-0.016379818320274353,-0.006453618872910738
468.664896,1788180064.534402,577361,198,1,1,-19.355424880981445,3.265059232711792,-2.9459879398345947,0.02368118055164814,-0.026866523548960686,-0.005806382279843092
469.132178,1788180065.001684,577853,227,1,1,-19.342796325683594,3.2574150562286377,-2.958055019378662,0.01676143892109394,-0.03412745147943497,-0.005363029893487692
469.660649,1788180065.530155,578358,255,1,1,-19.340654373168945,3.2477688789367676,-2.965758800506592,0.004633641801774502,-0.038161974400281906,-0.010324764996767044
470.176125,1788180066.045631,578853,28,1,1,-19.32525634765625,3.2327628135681152,-2.969216823577881,0.0014751639682799578,-0.04432746767997742,-0.013281422667205334
470.626407,1788180066.495913,579355,56,1,1,-19.28860855102539,3.2242038249969482,-2.9610795974731445,0.011238773353397846,-0.044568367302417755,-0.010241405107080936
471.203864,1788180067.073370,579858,85,1,1,-19.239093780517578,3.224597215652466,-2.9516992568969727,0.027631638571619987,-0.03688368946313858,-0.007568386383354664
471.656732,1788180067.526238,580355,114,1,1,-19.197731018066406,3.226029872894287,-2.953230142593384,0.03514678031206131,-0.030847376212477684,-0.005163490306586027
472.123249,1788180067.992755,580855,143,1,1,-19.16379737854004,3.2314822673797607,-2.9609720706939697,0.03955529257655144,-0.019466092810034752,-0.005730064120143652
472.700240,1788180068.569746,581358,171,1,1,-19.137765884399414,3.2390124797821045,-2.9643263816833496,0.037881072610616684,-0.009187554009258747,-0.0065850126557052135
473.167880,1788180069.037386,581853,200,1,1,-19.11598777770996,3.235626220703125,-2.9711384773254395,0.03555377572774887,-0.006146724335849285,-0.009774572215974331
473.775006,1788180069.644512,582356,228,1,1,-19.09564971923828,3.231445074081421,-2.9787211418151855,0.035001590847969055,-0.003119372995570302,-0.012080047279596329
474.153054,1788180070.022560,582853,1,1,1,-19.077350616455078,3.216444730758667,-2.9822070598602295,0.03322402387857437,-0.0045034014619886875,-0.014437331818044186
474.650553,1788180070.520059,583359,29,1,1,-19.060718536376953,3.1972570419311523,-2.982154130935669,0.030221497640013695,-0.008367001079022884,-0.011521921493113041
476.405035,1788180072.274541,583853,58,1,1,-19.048381805419922,3.183173418045044,-2.9816370010375977,0.026629086583852768,-0.006303861271589994,-0.011308297514915466
476.409651,1788180072.279157,584356,86,1,1,-19.03179168701172,3.1661014556884766,-2.988218069076538,0.025775736197829247,-0.006169472821056843,-0.012628798373043537
476.416077,1788180072.285583,584853,115,1,1,-19.00969696044922,3.1396677494049072,-2.9964940547943115,0.02931765653192997,-0.009775767102837563,-0.013083640486001968
476.652831,1788180072.522337,585356,143,1,1,-18.992090225219727,3.105431079864502,-2.9999547004699707,0.02914104051887989,-0.01768612675368786,-0.01255157869309187
477.208921,1788180073.078427,585853,172,1,1,-18.984481811523438,3.0652244091033936,-2.992178440093994,0.021750379353761673,-0.026685640215873718,-0.011317146942019463
477.695577,1788180073.565083,586359,200,1,1,-18.97624397277832,3.0303163528442383,-2.9897313117980957,0.017142606899142265,-0.030716244131326675,-0.01053804811090231
478.230677,1788180074.100183,586853,229,1,1,-18.96377182006836,3.006413459777832,-2.9761691093444824,0.01385989598929882,-0.030201373621821404,-0.0041952794417738914
478.686554,1788180074.556060,587356,1,1,1,-18.935121536254883,2.9754457473754883,-2.9719040393829346,0.018208248540759087,-0.03379261493682861,-0.002403158927336335
479.155137,1788180075.024643,587853,30,1,1,-18.88520050048828,2.952606439590454,-2.9763684272766113,0.02854929119348526,-0.031130963936448097,-0.0033045834861695766
479.716929,1788180075.586435,588359,58,1,1,-18.823257446289062,2.9148294925689697,-2.9888522624969482,0.03981507197022438,-0.04049579054117203,-0.008804782293736935
480.172464,1788180076.041970,588853,88,1,1,-18.756908416748047,2.879718780517578,-2.9957692623138428,0.052014850080013275,-0.047796830534935,-0.009356195107102394
480.812653,1788180076.682159,589356,116,1,1,-18.698711395263672,2.8528213500976562,-3.0101327896118164,0.05532728135585785,-0.04588579386472702,-0.011849950067698956
481.140173,1788180077.009679,589853,145,1,1,-18.652620315551758,2.833083391189575,-3.017343044281006,0.05041830614209175,-0.042145177721977234,-0.011410669423639774
481.682770,1788180077.552276,590356,174,1,1,-18.603740692138672,2.817704677581787,-3.021745204925537,0.05057912692427635,-0.036860037595033646,-0.014036818407475948
482.135800,1788180078.005306,590856,203,1,1,-18.55552864074707,2.803250312805176,-3.01338267326355,0.05015883594751358,-0.034080326557159424,-0.01133542787283659
482.697315,1788180078.566821,591353,231,1,1,-18.509782791137695,2.7925164699554443,-3.0087366104125977,0.047825466841459274,-0.027681006118655205,-0.012706395238637924
483.165419,1788180079.034925,591853,4,1,1,-18.441692352294922,2.787656784057617,-2.993380069732666,0.06209605187177658,-0.019446630030870438,-0.007295651361346245
483.631284,1788180079.500790,592356,32,1,1,-18.37467384338379,2.8034908771514893,-2.9690098762512207,0.07246547192335129,-5.65226901017013e-06,0.000784765463322401
484.133137,1788180080.002643,592853,61,1,1,-18.32133674621582,2.8153445720672607,-2.960927963256836,0.07346047461032867,0.008232851512730122,0.0007386261713691056
484.663068,1788180080.532574,593356,89,1,1,-18.276081085205078,2.8257288932800293,-2.9621527194976807,0.0707549899816513,0.01608617603778839,0.0002247054799227044
485.132235,1788180081.001741,593853,118,1,1,-18.235815048217773,2.848710536956787,-2.9620697498321533,0.06697804480791092,0.029080472886562347,-0.000498305365908891
485.692240,1788180081.561746,594358,146,1,1,-18.19423484802246,2.865147590637207,-2.9590771198272705,0.06592410802841187,0.03377809002995491,0.0015212434809654951
486.163253,1788180082.032759,594853,175,1,1,-18.16359519958496,2.884746551513672,-2.9601619243621826,0.05861588194966316,0.04062546417117119,-0.00025314511731266975
486.613915,1788180082.483421,595356,203,1,1,-18.14185905456543,2.9008617401123047,-2.9720945358276367,0.04793631657958031,0.04418976977467537,-0.0036515709944069386
487.194423,1788180083.063929,595853,232,1,1,-18.12659454345703,2.9126720428466797,-2.9863204956054688,0.03741026297211647,0.042961008846759796,-0.007014503236860037
487.665601,1788180083.535107,596356,4,1,1,-18.101774215698242,2.9189555644989014,-2.9833407402038574,0.0350208580493927,0.038274139165878296,-0.007154968101531267
488.118815,1788180083.988321,596853,33,1,1,-18.083965301513672,2.923460006713867,-2.9885506629943848,0.029930762946605682,0.03132430091500282,-0.007005786523222923
488.695505,1788180084.565011,597356,61,1,1,-18.073610305786133,2.9287850856781006,-2.997481346130371,0.01996017061173916,0.02874981239438057,-0.010501835495233536
489.148408,1788180085.017914,597856,90,1,1,-18.082111358642578,2.924626588821411,-3.005241870880127,0.0020436388440430164,0.01961575634777546,-0.014711887575685978
489.725125,1788180085.594631,598357,118,1,1,-18.087175369262695,2.9273557662963867,-3.0145316123962402,-0.009039731696248055,0.017208846285939217,-0.014270669780671597
490.115675,1788180085.985181,598856,147,1,1,-18.083581924438477,2.9231863021850586,-3.0141983032226562,-0.012487445957958698,0.008098363876342773,-0.013254028744995594
490.647648,1788180086.517154,599358,175,1,1,-18.08368682861328,2.9173271656036377,-3.0062880516052246,-0.019572051241993904,0.0009166616364382207,-0.011914863251149654
491.261970,1788180087.131476,599853,204,1,1,-18.083959579467773,2.9137344360351562,-2.9969522953033447,-0.0213462021201849,-0.004559854976832867,-0.00972712691873312
491.682103,1788180087.551609,600358,233,1,1,-18.076435089111328,2.906067132949829,-2.995588541030884,-0.02124994806945324,-0.010334852151572704,-0.009283138439059258
492.136352,1788180088.005858,600858,6,1,1,-18.064895629882812,2.9070730209350586,-2.9879279136657715,-0.020732007920742035,-0.010067673400044441,-0.0005130195058882236
492.634353,1788180088.503859,601356,34,1,1,-18.064071655273438,2.9079480171203613,-2.9888694286346436,-0.026152024045586586,-0.009080716408789158,-0.0030387104488909245
493.194356,1788180089.063862,601856,63,1,1,-18.059263229370117,2.9004220962524414,-2.995433807373047,-0.025081895291805267,-0.014266847632825375,-0.0030978205613791943
493.676113,1788180089.545619,602356,91,1,1,-18.05777359008789,2.894444465637207,-3.000906467437744,-0.025683077052235603,-0.015576145611703396,-0.00316266599111259
494.192678,1788180090.062184,602858,120,1,1,-18.054763793945312,2.881687641143799,-3.0069401264190674,-0.025379620492458344,-0.021622825413942337,-0.010861308313906193
494.674642,1788180090.544148,603356,148,1,1,-18.038997650146484,2.886439561843872,-3.0239148139953613,-0.018444109708070755,-0.015426933765411377,-0.015940992161631584
495.141768,1788180091.011274,603853,177,1,1,-18.019956588745117,2.8955743312835693,-3.030856132507324,-0.008430342189967632,-0.008476651273667812,-0.015039687976241112
495.939278,1788180091.808784,604357,205,1,1,-17.993894577026367,2.9001598358154297,-3.0320308208465576,0.0031117843464016914,-0.00549550075083971,-0.012904016301035881
496.329463,1788180092.198969,604853,235,1,1,-17.976619720458984,2.911465883255005,-3.033872365951538,0.008942971006035805,0.0012363104615360498,-0.010589638724923134
496.735295,1788180092.604801,605356,9,1,1,-17.95861053466797,2.922543525695801,-3.0400619506835938,0.013297731056809425,0.005380015820264816,-0.012860143557190895
497.168952,1788180093.038458,605853,39,1,1,-17.944246292114258,2.9254391193389893,-3.054685354232788,0.015893561765551567,0.005194365978240967,-0.015328574925661087
497.655590,1788180093.525096,606356,67,1,1,-17.927223205566406,2.9220142364501953,-3.056396961212158,0.019979793578386307,0.003381626680493355,-0.015257803723216057
498.120227,1788180093.989733,606853,96,1,1,-17.91197967529297,2.919299364089966,-3.047482967376709,0.023336363956332207,0.0035597169771790504,-0.01435558870434761
498.697113,1788180094.566619,607357,124,1,1,-17.897226333618164,2.919355630874634,-3.0323400497436523,0.027364369481801987,0.004777446389198303,-0.00988518912345171
499.151908,1788180095.021414,607856,153,1,1,-17.889785766601562,2.9204137325286865,-3.020231246948242,0.026657169684767723,0.007763280533254147,-0.006089900620281696
499.619398,1788180095.488904,608356,181,1,1,-17.880258560180664,2.9280996322631836,-3.0190961360931396,0.026319563388824463,0.012787891551852226,-0.004522343166172504
500.273323,1788180096.142829,608853,210,1,1,-17.877161026000977,2.932546377182007,-3.0207087993621826,0.02200051210820675,0.015458404086530209,-0.0037503456696867943
500.647253,1788180096.516759,609357,238,1,1,-17.886507034301758,2.9203763008117676,-3.0281224250793457,0.010879278182983398,0.007843432947993279,-0.007648882921785116
501.161607,1788180097.031113,609853,11,1,1,-17.897979736328125,2.8957252502441406,-3.0287299156188965,0.0014273608103394508,-0.004547448828816414,-0.010232202708721161
501.693917,1788180097.563423,610356,40,1,1,-17.912927627563477,2.8716304302215576,-3.03018856048584,-0.00813123770058155,-0.013108241371810436,-0.011490370146930218
502.155443,1788180098.024949,610853,69,1,1,-17.920921325683594,2.8575592041015625,-3.030883550643921,-0.011195984669029713,-0.01408415287733078,-0.011914106085896492
502.722770,1788180098.592276,611357,97,1,1,-17.93524932861328,2.840554714202881,-3.0453059673309326,-0.018319636583328247,-0.017136123031377792,-0.017392084002494812
503.174601,1788180099.044107,611856,126,1,1,-17.937538146972656,2.8245723247528076,-3.04927134513855,-0.01856374181807041,-0.01852760650217533,-0.016016598790884018
503.658292,1788180099.527798,612356,154,1,1,-17.93941307067871,2.811556816101074,-3.049994707107544,-0.020712094381451607,-0.019651450216770172,-0.01817835308611393
504.218889,1788180100.088395,612853,183,1,1,-17.93136978149414,2.803035259246826,-3.04712176322937,-0.01759566180408001,-0.018204065039753914,-0.0174904465675354
504.639386,1788180100.508892,613357,211,1,1,-17.929561614990234,2.7946617603302,-3.0494000911712646,-0.022822272032499313,-0.017491044476628304,-0.016425952315330505
505.138548,1788180101.008054,613856,240,1,1,-17.920257568359375,2.7862606048583984,-3.0483152866363525,-0.01942387968301773,-0.016825037077069283,-0.015875525772571564
505.715301,1788180101.584807,614356,12,1,1,-17.8976993560791,2.7762198448181152,-3.038776397705078,-0.011551071889698505,-0.016848260536789894,-0.01145830750465393
506.166864,1788180102.036370,614856,41,1,1,-17.875511169433594,2.7549216747283936,-3.036393404006958,-0.006691994611173868,-0.02350541204214096,-0.009615755639970303
506.683851,1788180102.553357,615356,69,1,1,-17.856014251708984,2.7417571544647217,-3.043905258178711,-0.004354484844952822,-0.023505574092268944,-0.009315157309174538
507.212067,1788180103.081573,615853,98,1,1,-17.821802139282227,2.732065439224243,-3.048524856567383,0.011676530353724957,-0.022649526596069336,-0.01075295265763998
507.681513,1788180103.551019,616358,126,1,1,-17.775217056274414,2.7279679775238037,-3.0476222038269043,0.029138457030057907,-0.017021460458636284,-0.010762128978967667
508.133642,1788180104.003148,616856,155,1,1,-17.73708724975586,2.734673261642456,-3.050816059112549,0.038154713809490204,-0.006803272292017937,-0.011053930968046188
508.631722,1788180104.501228,617357,183,1,1,-17.701738357543945,2.728461742401123,-3.0611143112182617,0.042364634573459625,-0.007868722081184387,-0.014763600192964077
509.160789,1788180105.030295,617853,212,1,1,-17.66522789001465,2.7192461490631104,-3.057704448699951,0.04719897732138634,-0.009602260775864124,-0.013158810324966908
509.673556,1788180105.543062,618357,240,1,1,-17.630456924438477,2.717317819595337,-3.0568792819976807,0.04848000034689903,-0.006486915051937103,-0.011501170694828033
510.204877,1788180106.074383,618856,13,1,1,-17.59532356262207,2.7209837436676025,-3.0550997257232666,0.05091485381126404,-0.0005763751687481999,-0.007875985465943813
510.627965,1788180106.497471,619356,41,1,1,-17.55436134338379,2.726400852203369,-3.0590357780456543,0.057203225791454315,0.002700938144698739,-0.00946628488600254
511.127220,1788180106.996726,619856,71,1,1,-17.515899658203125,2.7323670387268066,-3.050956964492798,0.05835741013288498,0.008334850892424583,-0.0066488152369856834
511.689575,1788180107.559081,620357,100,1,1,-17.475088119506836,2.725881814956665,-3.0527403354644775,0.06278931349515915,0.0062705823220312595,-0.00755563797429204
512.123803,1788180107.993309,620856,129,1,1,-17.441133499145508,2.723841905593872,-3.0480451583862305,0.060979194939136505,0.007645028177648783,-0.00610974570736289
512.608085,1788180108.477591,621356,157,1,1,-17.409238815307617,2.713898181915283,-3.0397167205810547,0.0574023462831974,0.0001849774707807228,-0.002492066938430071
513.186996,1788180109.056502,621853,186,1,1,-17.387598037719727,2.701519012451172,-3.0364372730255127,0.047700200229883194,-0.0062737837433815,-0.0025915480218827724
513.655645,1788180109.525151,622358,214,1,1,-17.370859146118164,2.6949610710144043,-3.028546094894409,0.03848682716488838,-0.007342992350459099,-0.0004197038942947984
514.231804,1788180110.101310,622856,243,1,1,-17.352535247802734,2.681602716445923,-3.0302772521972656,0.030367286875844002,-0.013277689926326275,-0.0011935787042602897
514.685472,1788180110.554978,623357,15,1,1,-17.334930419921875,2.6633098125457764,-3.028294801712036,0.023560456931591034,-0.02108137123286724,-9.443418821319938e-05
515.152249,1788180111.021755,623853,44,1,1,-17.312929153442383,2.6500048637390137,-3.0005805492401123,0.020193228498101234,-0.024654865264892578,0.006165001541376114
515.730259,1788180111.599765,624358,72,1,1,-17.28165054321289,2.6378090381622314,-2.97330379486084,0.023653773590922356,-0.02490381896495819,0.013118504546582699
516.151323,1788180112.020829,624857,101,1,1,-17.255523681640625,2.634443759918213,-2.9596948623657227,0.021798552945256233,-0.021439015865325928,0.013919368386268616
516.726786,1788180112.596292,625356,129,1,1,-17.2375431060791,2.627413272857666,-2.959211826324463,0.01616547256708145,-0.019958406686782837,0.01459783036261797
517.152518,1788180113.022024,625856,158,1,1,-17.22609519958496,2.611799716949463,-2.954806327819824,0.008385783061385155,-0.022041697055101395,0.013366468250751495
517.685259,1788180113.554765,626357,186,1,1,-17.206281661987305,2.5929200649261475,-2.960711717605591,0.007157990708947182,-0.02612214908003807,0.011501449160277843
518.143962,1788180114.013468,626853,215,1,1,-17.181121826171875,2.577383279800415,-2.9746406078338623,0.009739091619849205,-0.027570825070142746,0.00664698239415884
518.713138,1788180114.582644,627358,243,1,1,-17.14503288269043,2.5608866214752197,-2.9821488857269287,0.017642037943005562,-0.028284408152103424,0.004706649109721184
519.135725,1788180115.005231,627853,16,1,1,-17.11461067199707,2.5580549240112305,-2.9872405529022217,0.02050967887043953,-0.021696938201785088,0.0015179431065917015
519.671322,1788180115.540828,628357,44,1,1,-17.088075637817383,2.5641977787017822,-2.9901235103607178,0.019383937120437622,-0.012079018168151379,0.0008884606068022549
520.202719,1788180116.072225,628853,73,1,1,-17.07033920288086,2.567429542541504,-2.98047137260437,0.016942506656050682,-0.005490979179739952,-0.0013541036751121283
520.714867,1788180116.584373,629357,101,1,1,-17.046581268310547,2.5706794261932373,-2.9771974086761475,0.02295430190861225,0.0018475885735824704,0.0007783627952449024
521.122968,1788180116.992474,629856,130,1,1,-17.023845672607422,2.5671730041503906,-2.988081216812134,0.025384709239006042,0.004942437633872032,-0.0015470595099031925
521.701086,1788180117.570592,630356,159,1,1,-17.014354705810547,2.5599586963653564,-2.9997737407684326,0.01907854899764061,0.007602327968925238,-0.005157854873687029
522.168755,1788180118.038261,630853,188,1,1,-17.00251579284668,2.5484793186187744,-2.996748685836792,0.018213756382465363,0.0072202542796730995,-0.005691572092473507
522.666989,1788180118.536495,631356,216,1,1,-16.997901916503906,2.524811267852783,-3.0025081634521484,0.014267772436141968,0.0008779627969488502,-0.00662634801119566
523.196236,1788180119.065742,631856,245,1,1,-16.983110427856445,2.5038411617279053,-2.998565435409546,0.019533289596438408,-0.003564901417121291,-0.003252283902838826
523.708940,1788180119.578446,632357,17,1,1,-16.97678565979004,2.483708143234253,-3.0029940605163574,0.01750575192272663,-0.003354232758283615,-0.003764927154406905
524.114575,1788180119.984081,632856,46,1,1,-16.9769229888916,2.4713821411132812,-3.001444101333618,0.012588543817400932,0.001728220609948039,-0.0020791003480553627
524.659090,1788180120.528596,633358,74,1,1,-16.97182273864746,2.4443881511688232,-2.9873452186584473,0.014301530085504055,-0.002518212888389826,0.002120930701494217
525.160171,1788180121.029677,633853,103,1,1,-16.9781436920166,2.4075589179992676,-2.9872615337371826,0.007535391487181187,-0.013051253743469715,0.00434288801625371
525.659513,1788180121.529019,634357,131,1,1,-16.987314224243164,2.3624653816223145,-2.9846534729003906,0.002292946446686983,-0.02439025416970253,0.0062617287039756775
526.316834,1788180122.186340,634853,160,1,1,-16.986343383789062,2.3214292526245117,-2.975379467010498,0.004891241900622845,-0.03180932253599167,0.010658829472959042
526.662419,1788180122.531925,635358,188,1,1,-16.993148803710938,2.275939702987671,-2.9788713455200195,0.0006833683582954109,-0.03573521226644516,0.007862179540097713
527.141617,1788180123.011123,635853,217,1,1,-17.004167556762695,2.230440855026245,-2.9805212020874023,-0.0037847040221095085,-0.04036537557840347,0.0095642926171422
527.691184,1788180123.560690,636356,245,1,1,-17.02311897277832,2.178260087966919,-2.9752349853515625,-0.01033373549580574,-0.04532920569181442,0.01193778682500124
528.162175,1788180124.031681,636853,18,1,1,-17.041126251220703,2.1290926933288574,-2.9707765579223633,-0.01527386624366045,-0.046999771147966385,0.011447745375335217
528.733976,1788180124.603482,637357,46,1,1,-17.063085556030273,2.072423219680786,-2.975764036178589,-0.018701350316405296,-0.051794618368148804,0.008824760094285011
529.187729,1788180125.057235,637856,75,1,1,-17.09013557434082,2.023118257522583,-2.9881014823913574,-0.027627069503068924,-0.05237323418259621,0.004588521551340818
529.640469,1788180125.509975,638356,103,1,1,-17.1201229095459,1.980946660041809,-2.9872992038726807,-0.03426780551671982,-0.04758451506495476,0.004119030199944973
530.109918,1788180125.979424,638856,132,1,1,-17.145998001098633,1.9476714134216309,-2.9799113273620605,-0.036397166550159454,-0.041163597255945206,0.006810408551245928
530.682842,1788180126.552348,639357,160,1,1,-17.16781997680664,1.9181454181671143,-2.9730465412139893,-0.035238198935985565,-0.03315293416380882,0.01041206531226635
531.152441,1788180127.021947,639858,189,1,1,-17.18761444091797,1.8960163593292236,-2.9722533226013184,-0.032494738698005676,-0.025264015421271324,0.009577032178640366
531.717210,1788180127.586716,640358,218,1,1,-17.203943252563477,1.8593543767929077,-2.9886667728424072,-0.02646372653543949,-0.028404584154486656,0.005488026887178421
532.183372,1788180128.052878,640853,247,1,1,-17.217653274536133,1.8343420028686523,-2.9919700622558594,-0.018574342131614685,-0.023163383826613426,0.0034941616468131542
532.638037,1788180128.507543,641361,19,1,1,-17.225833892822266,1.8078343868255615,-2.993752956390381,-0.009759591892361641,-0.01972653716802597,0.0074066524393856525
533.152815,1788180129.022321,641858,48,1,1,-17.240371704101562,1.7852702140808105,-2.9935343265533447,-0.0062771025113761425,-0.015365096740424633,0.01104437280446291
533.682773,1788180129.552279,642357,76,1,1,-17.24547576904297,1.7668839693069458,-2.978539228439331,0.002407608088105917,-0.008323462679982185,0.013962402008473873
534.304079,1788180130.173585,642853,105,1,1,-17.2598876953125,1.7595881223678589,-2.9752206802368164,0.003821931779384613,0.0021297817584127188,0.0145862502977252
534.678151,1788180130.547657,643356,136,1,1,-17.284343719482422,1.7538565397262573,-2.9845826625823975,-0.0005352717125788331,0.0076993126422166824,0.011024249717593193
535.166306,1788180131.035812,643856,166,1,1,-17.30515480041504,1.7509315013885498,-2.9813218116760254,-0.002252324018627405,0.012158960103988647,0.011653135530650616
535.633653,1788180131.503159,644357,194,1,1,-17.3348388671875,1.7484171390533447,-2.979442834854126,-0.008261369541287422,0.014325250871479511,0.011971058323979378
536.210374,1788180132.079880,644856,223,1,1,-17.361337661743164,1.7432681322097778,-2.9922521114349365,-0.011651021428406239,0.014428289607167244,0.007854866795241833
536.676724,1788180132.546230,645356,251,1,1,-17.385086059570312,1.7505351305007935,-2.9918558597564697,-0.01355650369077921,0.023078249767422676,0.008042056113481522
537.129907,1788180132.999413,645853,24,1,1,-17.420124053955078,1.7570340633392334,-3.0018320083618164,-0.022325001657009125,0.02552574686706066,0.0040052542462944984
537.706848,1788180133.576354,646361,52,1,1,-17.456157684326172,1.7550535202026367,-3.0207862854003906,-0.025410404428839684,0.02235041745007038,-0.0026419064961373806
538.157818,1788180134.027324,646853,81,1,1,-17.485515594482422,1.7518293857574463,-3.0310802459716797,-0.026770932599902153,0.019355246797204018,-0.00341424741782248
538.697126,1788180134.566632,647358,109,1,1,-17.515548706054688,1.7568880319595337,-3.0275774002075195,-0.025466879829764366,0.02165062725543976,-0.003793165320530534
539.198986,1788180135.068492,647856,138,1,1,-17.540390014648438,1.7626346349716187,-3.0266122817993164,-0.02376459538936615,0.022628644481301308,-0.001865237602032721
539.668814,1788180135.538320,648356,166,1,1,-17.585020065307617,1.7550371885299683,-3.0343596935272217,-0.03429744765162468,0.014950886368751526,-0.005240552593022585
540.243983,1788180136.113489,648853,195,1,1,-17.610490798950195,1.7545135021209717,-3.0400145053863525,-0.028697101399302483,0.014474778436124325,-0.004993353970348835
540.696707,1788180136.566213,649357,223,1,1,-17.638900756835938,1.7457386255264282,-3.0350685119628906,-0.025821883231401443,0.0078608188778162,-0.006431444548070431
541.150207,1788180137.019713,649856,252,1,1,-17.666723251342773,1.7437286376953125,-3.0378055572509766,-0.02418631687760353,0.008533341810107231,-0.007126218173652887
541.617240,1788180137.486746,650358,25,1,1,-17.69493293762207,1.7329856157302856,-3.0403099060058594,-0.023744268342852592,0.0006321447435766459,-0.004629616625607014
542.190132,1788180138.059638,650856,55,1,1,-17.72538185119629,1.7199690341949463,-3.0494120121002197,-0.024170007556676865,-0.007560201920568943,-0.006422020029276609
542.658453,1788180138.527959,651356,83,1,1,-17.747371673583984,1.7199615240097046,-3.049199342727661,-0.019083647057414055,-0.0066035473719239235,-0.005678974092006683
543.161726,1788180139.031232,651853,112,1,1,-17.767507553100586,1.7167998552322388,-3.0473575592041016,-0.01682562567293644,-0.008963852189481258,-0.005411677528172731
543.726118,1788180139.595624,652357,140,1,1,-17.791635513305664,1.7184937000274658,-3.044015645980835,-0.01501370221376419,-0.009198092855513096,-0.005333764478564262
544.115603,1788180139.985109,652856,169,1,1,-17.818603515625,1.7258495092391968,-3.0463743209838867,-0.017790289595723152,-0.00455710431560874,-0.0055557978339493275
544.835374,1788180140.704880,653357,197,1,1,-17.83805274963379,1.7352542877197266,-3.0280308723449707,-0.012276848778128624,-0.00032443570671603084,-0.00031434057746082544
545.191809,1788180141.061315,653853,226,1,1,-17.871042251586914,1.7419744729995728,-3.021320343017578,-0.018198121339082718,0.0009956755675375462,0.0003490628150757402
545.642542,1788180141.512048,654357,254,1,1,-17.90972900390625,1.7574646472930908,-3.025996685028076,-0.026979440823197365,0.006042231805622578,-0.0025541801005601883
546.296723,1788180142.166229,654853,27,1,1,-17.9429931640625,1.7805609703063965,-3.0376360416412354,-0.027412595227360725,0.015092839486896992,-0.003386931959539652
546.638965,1788180142.508471,655353,55,1,1,-17.975431442260742,1.8063136339187622,-3.044315814971924,-0.028282685205340385,0.021500172093510628,-0.005639180541038513
547.140092,1788180143.009598,655853,84,1,1,-18.000873565673828,1.832821249961853,-3.0421721935272217,-0.02584723010659218,0.025269854813814163,-0.005281900521367788
547.593316,1788180143.462822,656356,112,1,1,-18.033964157104492,1.8679184913635254,-3.037003993988037,-0.02778155729174614,0.03167246654629707,-0.0025431299582123756
548.171883,1788180144.041389,656853,141,1,1,-18.06038475036621,1.9020074605941772,-3.0353732109069824,-0.02530589886009693,0.03794151172041893,-0.0019672198686748743
548.637074,1788180144.506580,657356,169,1,1,-18.092893600463867,1.9323253631591797,-3.0509467124938965,-0.026429060846567154,0.038654401898384094,-0.008151295594871044
549.207558,1788180145.077064,657853,198,1,1,-18.119171142578125,1.9522992372512817,-3.056020498275757,-0.025916650891304016,0.03384551405906677,-0.011401474475860596
549.675594,1788180145.545100,658357,226,1,1,-18.14451789855957,1.965901494026184,-3.053638219833374,-0.022135473787784576,0.026087557896971703,-0.008860299363732338
550.115741,1788180145.985247,658853,255,1,1,-18.16317367553711,1.9883513450622559,-3.0566978454589844,-0.017114607617259026,0.02603817731142044,-0.009912310168147087
550.704255,1788180146.573761,659357,27,1,1,-18.17678451538086,2.0058858394622803,-3.0677998065948486,-0.008147873915731907,0.023050013929605484,-0.011486086994409561
551.170509,1788180147.040015,659853,56,1,1,-18.189817428588867,2.0193185806274414,-3.0611319541931152,-0.005670691374689341,0.019190749153494835,-0.0083251241594553
551.706110,1788180147.575616,660357,85,1,1,-18.20241928100586,2.030433416366577,-3.053929328918457,-0.0010893731378018856,0.014079846441745758,-0.006296733394265175
552.127057,1788180147.996563,660857,114,1,1,-18.208498001098633,2.0422725677490234,-3.0421383380889893,0.007134019397199154,0.012436233460903168,-0.002949944930151105
552.656898,1788180148.526404,661353,142,1,1,-18.218751907348633,2.055846929550171,-3.023071050643921,0.009378352202475071,0.011208041571080685,0.0012368580792099237
553.122242,1788180148.991748,661856,171,1,1,-18.24445343017578,2.0620787143707275,-3.0140130519866943,0.0030422296840697527,0.006541336886584759,0.0018616364104673266
553.744765,1788180149.614271,662353,199,1,1,-18.274932861328125,2.067199230194092,-3.018383741378784,-0.005406498443335295,0.0012198034673929214,-0.0012438467238098383
554.116688,1788180149.986194,662856,228,1,1,-18.312646865844727,2.081310749053955,-3.029536724090576,-0.016602152958512306,0.004055545199662447,-0.007277288939803839
554.616673,1788180150.486179,663357,0,1,1,-18.34492301940918,2.087311029434204,-3.034856081008911,-0.019852356985211372,-0.0006473736139014363,-0.009995800442993641
555.146608,1788180151.016114,663853,29,1,1,-18.37354278564453,2.0955681800842285,-3.028313398361206,-0.023002376779913902,-0.0017874790355563164,-0.009699619375169277
555.656142,1788180151.525648,664358,57,1,1,-18.397043228149414,2.1042304039001465,-3.0253660678863525,-0.022683853283524513,-0.000921199272852391,-0.007863027974963188
556.107215,1788180151.976721,664853,86,1,1,-18.41972541809082,2.122156858444214,-3.024251937866211,-0.02170545794069767,0.003054903820157051,-0.007028921507298946
556.699151,1788180152.568657,665353,114,1,1,-18.435943603515625,2.1428325176239014,-3.0067944526672363,-0.019161105155944824,0.008588463999330997,-0.0037599133793264627
557.155033,1788180153.024539,665856,143,1,1,-18.46610450744629,2.163015365600586,-2.9964559078216553,-0.025605643168091774,0.012337489984929562,-0.002906038658693433
557.728987,1788180153.598493,666353,171,1,1,-18.496843338012695,2.1767165660858154,-2.990666151046753,-0.029369337484240532,0.014276106841862202,-0.00366538786329329
558.183025,1788180154.052531,666858,200,1,1,-18.517192840576172,2.1830315589904785,-2.9903719425201416,-0.02345317229628563,0.012784071266651154,-0.00488499877974391
558.681834,1788180154.551340,667353,228,1,1,-18.529890060424805,2.187662363052368,-2.996029853820801,-0.016779350116848946,0.012388152070343494,-0.005359104834496975
559.226051,1788180155.095557,667856,1,1,1,-18.551166534423828,2.178497076034546,-3.0063974857330322,-0.017655780538916588,0.0049016475677490234,-0.011119850911200047
559.724960,1788180155.594466,668356,29,1,1,-18.574174880981445,2.168588876724243,-3.0121243000030518,-0.020214036107063293,-0.0028789876960217953,-0.011294185183942318
560.147213,1788180156.016719,668856,58,1,1,-18.592493057250977,2.14867901802063,-3.016103744506836,-0.018999667838215828,-0.011603018268942833,-0.011774023994803429
560.759641,1788180156.629147,669353,86,1,1,-18.598669052124023,2.129915952682495,-3.0225167274475098,-0.010682725347578526,-0.018116949126124382,-0.012728136032819748
561.177647,1788180157.047153,669853,115,1,1,-18.595624923706055,2.1188013553619385,-3.010815143585205,-0.0005754168960265815,-0.01719372160732746,-0.007167436182498932
561.637190,1788180157.506696,670357,144,1,1,-18.597579956054688,2.1154682636260986,-3.01291561126709,0.002638482488691807,-0.013932030647993088,-0.009777366183698177
562.146552,1788180158.016058,670853,173,1,1,-18.602115631103516,2.1135404109954834,-3.023714303970337,0.003127176547423005,-0.00985272042453289,-0.014207118190824986
562.664562,1788180158.534068,671353,201,1,1,-18.59698486328125,2.108673572540283,-3.0238053798675537,0.010036659426987171,-0.010275345295667648,-0.013882805593311787
563.127947,1788180158.997453,671853,230,1,1,-18.58159065246582,2.112400531768799,-3.005002737045288,0.019361257553100586,-0.003501875326037407,-0.006852957885712385
563.706083,1788180159.575589,672353,2,1,1,-18.571781158447266,2.112849235534668,-2.9944815635681152,0.023304540663957596,0.0004797088331542909,-0.004136666189879179
564.129166,1788180159.998672,672858,31,1,1,-18.55926513671875,2.106325387954712,-2.9891345500946045,0.028198348358273506,7.707843178650364e-05,-0.002694379771128297
564.626508,1788180160.496014,673353,59,1,1,-18.553991317749023,2.097054958343506,-2.9942684173583984,0.027872884646058083,-0.0004894431331194937,-0.0040331315249204636
565.203315,1788180161.072821,673853,88,1,1,-18.54899024963379,2.0873587131500244,-2.9987614154815674,0.02692953124642372,-0.000950777146499604,-0.005170510616153479
565.624982,1788180161.494488,674356,116,1,1,-18.542888641357422,2.078691244125366,-2.9959030151367188,0.025146182626485825,-0.0017246593488380313,-0.005342002492398024
566.120102,1788180161.989608,674853,145,1,1,-18.539485931396484,2.07747220993042,-2.993618965148926,0.022229095920920372,0.0005153383826836944,-0.0060413372702896595
566.694714,1788180162.564220,675356,173,1,1,-18.53687858581543,2.078782081604004,-2.9929885864257812,0.021477309986948967,0.0044039092026650906,-0.004046434070914984
567.162089,1788180163.031595,675858,202,1,1,-18.539949417114258,2.0747756958007812,-2.99666690826416,0.016651630401611328,0.0009174044826067984,-0.006443383637815714
567.611922,1788180163.481428,676353,230,1,1,-18.549894332885742,2.0634710788726807,-2.9968454837799072,0.010308600030839443,-0.0056606861762702465,-0.001953802304342389
568.126066,1788180163.995572,676856,3,1,1,-18.559690475463867,2.045900583267212,-2.9907608032226562,0.004311094526201487,-0.011546594090759754,0.0007040994241833687
568.653659,1788180164.523165,677353,31,1,1,-18.572917938232422,2.030494451522827,-2.9808199405670166,-0.0023685346823185682,-0.017528541386127472,0.000992650049738586
569.153231,1788180165.022737,677856,60,1,1,-18.586454391479492,2.030540704727173,-2.985867977142334,-0.007483613211661577,-0.011280694045126438,0.00012624968076124787
569.683038,1788180165.552544,678353,88,1,1,-18.589637756347656,2.0379700660705566,-2.986483335494995,-0.00716716842725873,-0.005125101655721664,0.003710109507665038
570.153092,1788180166.022598,678857,117,1,1,-18.589811325073242,2.041957378387451,-2.9930975437164307,-0.007588258944451809,-0.004103287123143673,0.0027702616062015295
570.610231,1788180166.479737,679353,145,1,1,-18.59616470336914,2.0494940280914307,-2.9958393573760986,-0.011995540000498295,-0.0005987380864098668,0.0027352264150977135
571.191350,1788180167.060856,679856,174,1,1,-18.602861404418945,2.0679731369018555,-2.9852566719055176,-0.013643849641084671,0.00801563449203968,0.006211592350155115
571.605881,1788180167.475387,680353,203,1,1,-18.606048583984375,2.0863771438598633,-2.9794962406158447,-0.01347180362790823,0.0127209248021245,0.004101478960365057
572.264984,1788180168.134490,680853,232,1,1,-18.610565185546875,2.0943264961242676,-2.9801976680755615,-0.01267150603234768,0.00788939744234085,0.0036020628176629543
572.641075,1788180168.510581,681353,7,1,1,-18.611225128173828,2.1074657440185547,-2.981491804122925,-0.009757677093148232,0.00968555174767971,0.003919675014913082
573.138983,1788180169.008489,681856,37,1,1,-18.60773468017578,2.1271891593933105,-2.9808497428894043,-0.005159613210707903,0.015108317136764526,0.004612911492586136
573.638044,1788180169.507550,682353,65,1,1,-18.611614227294922,2.1530070304870605,-2.9877960681915283,-0.004638857673853636,0.021924138069152832,0.0007974684122018516
574.180805,1788180170.050311,682853,94,1,1,-18.618316650390625,2.177290439605713,-2.998446226119995,-0.004800932481884956,0.027852008119225502,0.001969296019524336
574.632666,1788180170.502172,683353,123,1,1,-18.617292404174805,2.198972225189209,-3.000088691711426,0.0008320194901898503,0.03188709542155266,0.0026918898802250624
575.333527,1788180171.203033,683857,153,1,1,-18.611106872558594,2.2176599502563477,-2.990233898162842,0.0051120733842253685,0.03265395760536194,0.004909742157906294
575.663200,1788180171.532706,684356,181,1,1,-18.617101669311523,2.233504056930542,-2.988454580307007,0.00026916051865555346,0.03521177917718887,0.002799790818244219
576.130849,1788180172.000355,684856,210,1,1,-18.61537742614746,2.2460498809814453,-2.982187271118164,0.004796136170625687,0.03459646552801132,0.004136602394282818
576.706333,1788180172.575839,685353,238,1,1,-18.60797691345215,2.2512283325195312,-2.9830434322357178,0.0067261927761137486,0.03012854978442192,0.006629151292145252
577.126982,1788180172.996488,685856,11,1,1,-18.60297393798828,2.244739055633545,-3.000809907913208,0.005436193197965622,0.019704485312104225,0.002022920874878764
577.625635,1788180173.495141,686353,39,1,1,-18.592702865600586,2.241225242614746,-3.0124189853668213,0.007527608890086412,0.015362651087343693,-0.002679041586816311
578.128221,1788180173.997727,686856,68,1,1,-18.567934036254883,2.2393746376037598,-3.0125226974487305,0.017134839668869972,0.011999995447695255,-0.0006936201825737953
578.628321,1788180174.497827,687353,96,1,1,-18.546106338500977,2.243868112564087,-3.0053584575653076,0.022916169837117195,0.012123438529670238,0.0027797510847449303
579.114210,1788180174.983716,687853,125,1,1,-18.53241729736328,2.245922803878784,-3.0039987564086914,0.02339353784918785,0.008281772956252098,0.0016244302969425917
579.707389,1788180175.576895,688353,153,1,1,-18.52145767211914,2.2504754066467285,-3.0081231594085693,0.020842591300606728,0.006907766684889793,-0.00041507097193971276
580.115371,1788180175.984877,688856,182,1,1,-18.5113525390625,2.254987955093384,-3.014603614807129,0.01967805065214634,0.004077889025211334,-0.0015134495915845037
580.617948,1788180176.487454,689356,210,1,1,-18.503215789794922,2.2564995288848877,-3.0273630619049072,0.01573803834617138,0.00013329574721865356,-0.005977477412670851
581.183820,1788180177.053326,689853,239,1,1,-18.491662979125977,2.2652411460876465,-3.0362257957458496,0.013390624895691872,-0.001964904833585024,-0.005785550456494093
581.651320,1788180177.520826,690354,12,1,1,-18.474502563476562,2.2795217037200928,-3.0320327281951904,0.016266563907265663,0.0013628207379952073,-0.004063056781888008
582.197738,1788180178.067244,690853,41,1,1,-18.453556060791016,2.2966151237487793,-3.026312828063965,0.02008001320064068,0.004333280958235264,-0.0012460666475817561
582.697636,1788180178.567142,691357,69,1,1,-18.43445587158203,2.3115603923797607,-3.0245933532714844,0.01949802227318287,0.004187040962278843,0.0004447235551197082
583.148903,1788180179.018409,691853,98,1,1,-18.41961097717285,2.3318076133728027,-3.029067039489746,0.01553071103990078,0.008136527612805367,-0.00041600357508286834
583.712183,1788180179.581689,692357,126,1,1,-18.39980125427246,2.344844341278076,-3.0277936458587646,0.016840675845742226,0.004746963735669851,-0.0003021325683221221
584.223793,1788180180.093299,692853,155,1,1,-18.38234519958496,2.3571360111236572,-3.0187621116638184,0.01766355335712433,0.004236450884491205,0.003017055569216609
584.643739,1788180180.513245,693356,183,1,1,-18.36404037475586,2.3664493560791016,-3.020601749420166,0.020330926403403282,0.0012829108163714409,0.0011085260193794966
585.142895,1788180181.012401,693856,212,1,1,-18.34974479675293,2.3884947299957275,-3.020293712615967,0.016424423083662987,0.007120508700609207,0.0004957939963787794
585.688455,1788180181.557961,694356,240,1,1,-18.336397171020508,2.4055187702178955,-3.0147199630737305,0.015449102967977524,0.00870613381266594,-0.0005618879804387689
586.141408,1788180182.010914,694853,13,1,1,-18.327903747558594,2.4208760261535645,-3.004460096359253,0.010853399522602558,0.010840908624231815,0.0009076614514924586
586.715185,1788180182.584691,695353,41,1,1,-18.321306228637695,2.4403579235076904,-3.001140594482422,0.008395412005484104,0.016204368323087692,0.0031328655313700438
587.228930,1788180183.098436,695853,70,1,1,-18.32065773010254,2.4544081687927246,-3.005230665206909,0.0031310333870351315,0.01795550063252449,0.003921685740351677
587.635766,1788180183.505272,696358,98,1,1,-18.31245231628418,2.461479425430298,-3.0085017681121826,0.0035818819887936115,0.017036747187376022,0.0028084737714380026
588.090652,1788180183.960158,696853,127,1,1,-18.30775260925293,2.4579238891601562,-3.010840654373169,0.0036478692200034857,0.012397492304444313,0.0033862118143588305
588.680916,1788180184.550422,697356,155,1,1,-18.30750274658203,2.4551310539245605,-3.0179250240325928,-0.0008096442907117307,0.010159913450479507,-0.0010211172048002481
589.148305,1788180185.017811,697853,184,1,1,-18.311359405517578,2.4491493701934814,-3.0223262310028076,-0.004906508605927229,0.0036482689902186394,-0.002156453672796488
589.709054,1788180185.578560,698356,212,1,1,-18.301698684692383,2.4375414848327637,-3.029933452606201,3.904267941834405e-05,-0.0024278739001601934,-0.003796286415308714
590.163046,1788180186.032552,698853,241,1,1,-18.29479217529297,2.4307541847229004,-3.0354692935943604,8.010539750102907e-05,-0.004336068406701088,-0.007565158884972334
590.630294,1788180186.499800,699353,13,1,1,-18.292631149291992,2.406510353088379,-3.0456128120422363,-0.0018075054977089167,-0.01704512909054756,-0.01040608063340187
591.146496,1788180187.016002,699857,42,1,1,-18.284494400024414,2.3794326782226562,-3.0486319065093994,0.001937461318448186,-0.027032960206270218,-0.011335472576320171
591.629670,1788180187.499176,700353,71,1,1,-18.279518127441406,2.3525497913360596,-3.0636093616485596,0.0015894415555521846,-0.03564230352640152,-0.014894150197505951
592.123784,1788180187.993290,700858,100,1,1,-18.282075881958008,2.331399917602539,-3.0841732025146484,-0.003782249055802822,-0.040315788239240646,-0.019109508022665977
592.703600,1788180188.573106,701353,128,1,1,-18.27620506286621,2.309086799621582,-3.097717761993408,-0.0015901430742815137,-0.04679528996348381,-0.02235773205757141
593.203563,1788180189.073069,701856,157,1,1,-18.27245330810547,2.297954797744751,-3.092643976211548,-0.002602951368317008,-0.04324950650334358,-0.019099485129117966
593.624697,1788180189.494203,702353,185,1,1,-18.27265739440918,2.2897331714630127,-3.0819408893585205,-0.005760976113379002,-0.038234345614910126,-0.015421763062477112
594.123519,1788180189.993025,702853,214,1,1,-18.261762619018555,2.2835171222686768,-3.0763261318206787,-0.0018986164359375834,-0.03374042734503746,-0.01308026909828186
594.666856,1788180190.536362,703357,242,1,1,-18.252227783203125,2.269118070602417,-3.0731513500213623,0.0004024495428893715,-0.0340348519384861,-0.011305482126772404
595.119848,1788180190.989354,703858,15,1,1,-18.24156379699707,2.2493724822998047,-3.06736159324646,0.003110569901764393,-0.03658972308039665,-0.009623631834983826
595.695492,1788180191.564998,704353,43,1,1,-18.220481872558594,2.2281291484832764,-3.0603721141815186,0.012358594685792923,-0.038400083780288696,-0.006876288913190365
596.145346,1788180192.014852,704856,72,1,1,-18.203445434570312,2.223438024520874,-3.0630605220794678,0.014273895882070065,-0.02973383478820324,-0.0062103173695504665
596.613007,1788180192.482513,705353,100,1,1,-18.195087432861328,2.218733787536621,-3.0716774463653564,0.010054690763354301,-0.023889102041721344,-0.006522907875478268
597.191750,1788180193.061256,705856,129,1,1,-18.185470581054688,2.2157468795776367,-3.076953172683716,0.009231436997652054,-0.016576476395130157,-0.005873335525393486
597.657784,1788180193.527290,706358,157,1,1,-18.17464256286621,2.2143054008483887,-3.070183515548706,0.009565985761582851,-0.007736998610198498,-0.004921806510537863
598.159821,1788180194.029327,706853,186,1,1,-18.16542625427246,2.2201554775238037,-3.068202495574951,0.010169033892452717,0.0001469507988076657,-0.004761949647217989
598.674957,1788180194.544463,707353,214,1,1,-18.147958755493164,2.208958387374878,-3.0715317726135254,0.016786757856607437,-0.0004043949593324214,-0.004531654063612223
599.145195,1788180195.014701,707853,243,1,1,-18.14189338684082,2.204556465148926,-3.0764575004577637,0.013629171065986156,0.005642880219966173,-0.004701976664364338
599.721073,1788180195.590579,708361,15,1,1,-18.141616821289062,2.1909608840942383,-3.0751047134399414,0.008017951622605324,0.00550494622439146,-0.0049111670814454556
600.142614,1788180196.012120,708853,44,1,1,-18.151432037353516,2.1717703342437744,-3.0690274238586426,0.0007301081786863506,0.0028257756493985653,-0.004674394614994526
600.640131,1788180196.509637,709353,72,1,1,-18.156370162963867,2.1424155235290527,-3.0641372203826904,-0.0026448459830135107,-0.0024040178395807743,-0.0047979108057916164
601.091585,1788180196.961091,709853,101,1,1,-18.155393600463867,2.1202940940856934,-3.059781312942505,-0.001012197113595903,-0.002454608678817749,-0.0049972012639045715
601.718359,1788180197.587865,710353,130,1,1,-18.165904998779297,2.094606637954712,-3.0622317790985107,-0.007722213864326477,-0.0053830454126000404,-0.006050636991858482
602.124185,1788180197.993691,710853,159,1,1,-18.16481590270996,2.0649547576904297,-3.0442306995391846,-0.004805729724466801,-0.010907317511737347,-0.002620610175654292
602.716619,1788180198.586125,711353,187,1,1,-18.16680335998535,2.0427024364471436,-3.0327038764953613,-0.006023859139531851,-0.010365898720920086,0.0008020854438655078
603.134688,1788180199.004194,711853,216,1,1,-18.17639923095703,2.0140504837036133,-3.0216901302337646,-0.008831053972244263,-0.015326767228543758,0.003929182421416044
603.603417,1788180199.472923,712357,244,1,1,-18.194721221923828,1.9745357036590576,-3.0050370693206787,-0.017031220719218254,-0.0266073290258646,0.00832915399223566
604.149988,1788180200.019494,712853,18,1,1,-18.207212448120117,1.9317020177841187,-2.991971015930176,-0.017738552764058113,-0.039143890142440796,0.00794538576155901
604.678192,1788180200.547698,713358,46,1,1,-18.222137451171875,1.90718412399292,-2.9853177070617676,-0.019353331997990608,-0.03767441585659981,0.007328175939619541
605.117342,1788180200.986848,713853,75,1,1,-18.24210548400879,1.8908430337905884,-2.982893943786621,-0.02413611300289631,-0.03485006093978882,0.005079466849565506
605.708121,1788180201.577627,714353,103,1,1,-18.261722564697266,1.892946481704712,-2.984650135040283,-0.026125583797693253,-0.021783912554383278,0.003903700038790703
606.164879,1788180202.034385,714853,132,1,1,-18.283388137817383,1.8845078945159912,-2.989198684692383,-0.0278000608086586,-0.019905202090740204,-7.045315578579903e-05
606.630511,1788180202.500017,715353,160,1,1,-18.28643798828125,1.8870878219604492,-2.985267400741577,-0.0213636364787817,-0.010728424414992332,0.0032237416598945856
607.191346,1788180203.060852,715858,189,1,1,-18.284103393554688,1.8823583126068115,-2.987139940261841,-0.012664868496358395,-0.009420963935554028,0.0016401993343606591
607.658710,1788180203.528216,716353,217,1,1,-18.28361701965332,1.8936188220977783,-2.9905214309692383,-0.00936683639883995,0.0019052504794672132,-0.0008885334245860577
608.110598,1788180203.980104,716853,246,1,1,-18.285995483398438,1.9010870456695557,-2.981825113296509,-0.007851331494748592,0.003954831976443529,0.002741606440395117
608.692172,1788180204.561678,717356,18,1,1,-18.286340713500977,1.9125372171401978,-2.97216534614563,-0.004206623882055283,0.009244696237146854,0.0007509679417125881
609.164869,1788180205.034375,717853,47,1,1,-18.287681579589844,1.9211328029632568,-2.9757981300354004,-0.0004527975688688457,0.01254995632916689,-0.0031400700099766254
609.614127,1788180205.483633,718356,75,1,1,-18.298276901245117,1.9203964471817017,-2.9813575744628906,-0.0029286732897162437,0.011363329365849495,-0.005893248599022627
610.270714,1788180206.140220,718858,104,1,1,-18.302255630493164,1.9189484119415283,-2.982125759124756,-3.931745595764369e-06,0.010409546084702015,-0.007886885665357113
610.689509,1788180206.559015,719353,135,1,1,-18.317739486694336,1.9223695993423462,-2.991983652114868,-0.004570412449538708,0.014319565147161484,-0.011889640241861343
611.113670,1788180206.983176,719856,164,1,1,-18.34412384033203,1.918253779411316,-3.003241539001465,-0.011906219646334648,0.012301978655159473,-0.013723114505410194
611.696740,1788180207.566246,720353,193,1,1,-18.378528594970703,1.9087260961532593,-3.0157437324523926,-0.02306988835334778,0.006165656261146069,-0.018831176683306694
612.148186,1788180208.017692,720858,222,1,1,-18.412044525146484,1.906258463859558,-3.022979736328125,-0.02869083173573017,0.0046695382334291935,-0.02032541111111641
612.667097,1788180208.536603,721357,251,1,1,-18.448650360107422,1.9114640951156616,-3.0312397480010986,-0.03670743852853775,0.006781876087188721,-0.023209022358059883
613.104029,1788180208.973535,721853,25,1,1,-18.4727725982666,1.918379545211792,-3.0286471843719482,-0.03559468686580658,0.009402740746736526,-0.01786472648382187
613.633651,1788180209.503157,722353,53,1,1,-18.49418830871582,1.9221012592315674,-3.017033100128174,-0.031562212854623795,0.008905800059437752,-0.013472290709614754
614.150440,1788180210.019946,722853,82,1,1,-18.517444610595703,1.9280730485916138,-3.0091843605041504,-0.03075743280351162,0.010990922339260578,-0.011049921624362469
614.680836,1788180210.550342,723353,110,1,1,-18.547992706298828,1.9283676147460938,-3.004390001296997,-0.03388012945652008,0.010164431296288967,-0.0076493509113788605
615.133056,1788180211.002562,723854,139,1,1,-18.57421112060547,1.9233918190002441,-2.989138603210449,-0.03177928179502487,0.0027920398861169815,-0.002210474107414484
615.707232,1788180211.576738,724356,167,1,1,-18.60048484802246,1.913213849067688,-2.9715969562530518,-0.028619540855288506,-0.004134806338697672,0.0007529233116656542
616.159595,1788180212.029101,724856,196,1,1,-18.628475189208984,1.9126852750778198,-2.9615213871002197,-0.0279392059892416,-0.0067521496675908566,0.004092750605195761
616.626261,1788180212.495767,725353,224,1,1,-18.66434097290039,1.9225784540176392,-2.9605255126953125,-0.030716799199581146,-0.004515197593718767,0.002048170194029808
617.189677,1788180213.059183,725853,253,1,1,-18.70614242553711,1.9338014125823975,-2.961352825164795,-0.03649536892771721,-0.004365328699350357,0.001950709498487413
617.677954,1788180213.547460,726353,25,1,1,-18.7484188079834,1.9466650485992432,-2.9571621417999268,-0.0398239903151989,-0.0019362146267667413,0.0032332513947039843
618.129136,1788180213.998642,726856,54,1,1,-18.777252197265625,1.9591070413589478,-2.9471170902252197,-0.033852145075798035,-4.8368354327976704e-05,0.00662472378462553
618.690545,1788180214.560051,727353,82,1,1,-18.800016403198242,1.9704636335372925,-2.932992458343506,-0.027957752346992493,0.0026158744003623724,0.013415801338851452
619.159748,1788180215.029254,727856,111,1,1,-18.823001861572266,1.9771462678909302,-2.9237234592437744,-0.022432461380958557,0.0006268738652579486,0.013454465195536613
619.657776,1788180215.527282,728353,139,1,1,-18.850757598876953,1.9857131242752075,-2.9272420406341553,-0.022890428081154823,-0.0007201015832833946,0.008265876211225986
620.201318,1788180216.070824,728856,168,1,1,-18.88201332092285,1.9982391595840454,-2.933314561843872,-0.026764461770653725,-0.001686343690380454,0.005281077232211828
620.655939,1788180216.525445,729356,196,1,1,-18.903539657592773,2.0068347454071045,-2.933387041091919,-0.022155527025461197,-0.003916904330253601,0.0028089871630072594
621.127738,1788180216.997244,729856,225,1,1,-18.922462463378906,2.0317609310150146,-2.9349896907806396,-0.01694018766283989,0.004312517121434212,0.0012443005107343197
621.690295,1788180217.559801,730356,254,1,1,-18.9400577545166,2.064206123352051,-2.9382731914520264,-0.012265818193554878,0.014888881705701351,-0.00045581095037050545
622.127707,1788180217.997213,730853,27,1,1,-18.957813262939453,2.0977320671081543,-2.9393861293792725,-0.010456345975399017,0.022398734465241432,-0.0010110968723893166
622.612189,1788180218.481695,731353,55,1,1,-18.97270965576172,2.130723714828491,-2.9451420307159424,-0.006655697710812092,0.028526609763503075,-5.5270160373765975e-05
623.185748,1788180219.055254,731856,84,1,1,-18.985031127929688,2.1542465686798096,-2.9382941722869873,-0.0024213397409766912,0.02749413251876831,0.0027080571744590998
623.652477,1788180219.521983,732356,112,1,1,-18.994285583496094,2.1805813312530518,-2.9353818893432617,-0.0004957438795827329,0.031190840527415276,0.005121469032019377
624.107085,1788180219.976591,732856,141,1,1,-19.006502151489258,2.21081805229187,-2.928805351257324,-0.0006476343842223287,0.036531757563352585,0.009343485347926617
624.729855,1788180220.599361,733356,169,1,1,-19.01900863647461,2.2296831607818604,-2.926481008529663,0.0004734630056191236,0.03448386490345001,0.007130285259336233
625.104113,1788180220.973619,733853,198,1,1,-19.028921127319336,2.243192672729492,-2.927464485168457,0.0012785644503310323,0.030228735879063606,0.008495175279676914
625.652949,1788180221.522455,734353,226,1,1,-19.043210983276367,2.2669131755828857,-2.923222064971924,0.0010070470161736012,0.031497132033109665,0.010178417898714542
626.183181,1788180222.052687,734853,255,1,1,-19.05335235595703,2.2920925617218018,-2.914734363555908,0.004275416024029255,0.033774483948946,0.015385828912258148
626.650571,1788180222.520077,735356,27,1,1,-19.06609344482422,2.312638521194458,-2.91314697265625,0.006240046117454767,0.03185107186436653,0.013029984198510647
627.101125,1788180222.970631,735856,56,1,1,-19.083118438720703,2.3259687423706055,-2.917769193649292,0.00602990435436368,0.02507556416094303,0.009277479723095894
627.681492,1788180223.550998,736353,84,1,1,-19.10909080505371,2.3375766277313232,-2.9283039569854736,-0.0034041856415569782,0.015881415456533432,0.007035998627543449
628.133555,1788180224.003061,736853,113,1,1,-19.132244110107422,2.354841470718384,-2.9341232776641846,-0.00582750653848052,0.012844789773225784,0.007433327380567789
628.713657,1788180224.583163,737353,141,1,1,-19.167221069335938,2.3697121143341064,-2.941866159439087,-0.017453931272029877,0.007515962701290846,0.0039158170111477375
629.102257,1788180224.971763,737853,170,1,1,-19.200136184692383,2.396735668182373,-2.947340488433838,-0.026454342529177666,0.010401399806141853,0.002932347822934389
629.629126,1788180225.498632,738356,198,1,1,-19.230741500854492,2.4301857948303223,-2.960273265838623,-0.03247952088713646,0.0144669059664011,0.00038851203862577677
630.134824,1788180226.004330,738853,227,1,1,-19.256574630737305,2.465087890625,-2.9680967330932617,-0.03252794221043587,0.018278134986758232,-0.0020891574677079916
630.664050,1788180226.533556,739353,255,1,1,-19.279216766357422,2.498631238937378,-2.9636096954345703,-0.030884498730301857,0.02246955968439579,0.0010116349440068007
631.133037,1788180227.002543,739853,28,1,1,-19.29707145690918,2.529681444168091,-2.9612784385681152,-0.028416624292731285,0.02691119909286499,0.0016273681540042162
631.709701,1788180227.579207,740353,57,1,1,-19.30756378173828,2.544428586959839,-2.9599242210388184,-0.02358926087617874,0.020398035645484924,0.002116573043167591
632.163690,1788180228.033196,740853,86,1,1,-19.321313858032227,2.5523195266723633,-2.9555747509002686,-0.02186320349574089,0.013484868220984936,0.005225434899330139
632.633976,1788180228.503482,741353,114,1,1,-19.33246421813965,2.5562212467193604,-2.953979253768921,-0.01925319992005825,0.006917146034538746,0.007728715427219868
633.137821,1788180229.007327,741853,143,1,1,-19.34682846069336,2.5740108489990234,-2.9465525150299072,-0.020422164350748062,0.011833191849291325,0.0104243578389287
633.665384,1788180229.534890,742353,171,1,1,-19.363183975219727,2.592062473297119,-2.9439573287963867,-0.02210839092731476,0.013211572542786598,0.0059096538461744785
634.102646,1788180229.972152,742856,200,1,1,-19.3743896484375,2.607966899871826,-2.9347314834594727,-0.02030215598642826,0.010551088489592075,0.007764935493469238
634.694405,1788180230.563911,743353,228,1,1,-19.377079010009766,2.633953332901001,-2.92444109916687,-0.011414439417421818,0.01352627296000719,0.008100990206003189
635.162858,1788180231.032364,743853,2,1,1,-19.389835357666016,2.6593692302703857,-2.9285218715667725,-0.01205687690526247,0.011509443633258343,0.0051627191714942455
635.615495,1788180231.485001,744353,30,1,1,-19.408222198486328,2.6989200115203857,-2.9340085983276367,-0.015098693780601025,0.01908271759748459,0.003723166650161147
636.192757,1788180232.062263,744856,59,1,1,-19.430727005004883,2.7374420166015625,-2.938030242919922,-0.01954268105328083,0.02386874333024025,0.0003440910659264773
636.646353,1788180232.515859,745353,87,1,1,-19.4468936920166,2.7710304260253906,-2.9337360858917236,-0.018409572541713715,0.02698908932507038,-0.001704951049759984
637.160266,1788180233.029772,745856,116,1,1,-19.465816497802734,2.799144744873047,-2.9445042610168457,-0.020077068358659744,0.02676960825920105,-0.006214181426912546
637.691768,1788180233.561274,746353,144,1,1,-19.4759521484375,2.8241002559661865,-2.9681687355041504,-0.01646663434803486,0.026032816618680954,-0.012024273164570332
638.146558,1788180234.016064,746853,173,1,1,-19.484548568725586,2.846600294113159,-2.9699127674102783,-0.012703927233815193,0.0259235966950655,-0.010614159516990185
638.658037,1788180234.527543,747356,201,1,1,-19.4968318939209,2.863802909851074,-2.9654335975646973,-0.013241559267044067,0.02288670651614666,-0.0119829336181283
639.173155,1788180235.042661,747856,230,1,1,-19.511302947998047,2.8691279888153076,-2.9725468158721924,-0.014775481075048447,0.015686212107539177,-0.013628537766635418
639.628377,1788180235.497883,748353,2,1,1,-19.526073455810547,2.870295524597168,-2.9827208518981934,-0.016181504353880882,0.008400583639740944,-0.014165864326059818
640.143947,1788180236.013453,748856,31,1,1,-19.532140731811523,2.87406063079834,-2.9856338500976562,-0.010353608056902885,0.005614683497697115,-0.013896002434194088
640.687947,1788180236.557453,749353,59,1,1,-19.540796279907227,2.8826656341552734,-2.9880692958831787,-0.009381583891808987,0.004472056869417429,-0.01412725355476141
641.146242,1788180237.015748,749853,88,1,1,-19.548748016357422,2.8848791122436523,-2.989495038986206,-0.007102896925061941,0.0009132735431194305,-0.014417039230465889
641.751198,1788180237.620704,750356,117,1,1,-19.55718421936035,2.8864336013793945,-2.988468885421753,-0.006007326766848564,-0.00030921504367142916,-0.012528901919722557
642.126944,1788180237.996450,750856,146,1,1,-19.555421829223633,2.8812875747680664,-2.9900641441345215,-3.479988663457334e-06,-0.00636574300006032,-0.006956764031201601
642.625862,1788180238.495368,751353,174,1,1,-19.55364227294922,2.88918137550354,-2.982062816619873,0.004541731905192137,-0.0017539487453177571,-0.00397720281034708
643.092072,1788180238.961578,751853,203,1,1,-19.559423446655273,2.89512300491333,-2.9783127307891846,0.0038427598774433136,-0.0010396803263574839,-0.001235915464349091
643.667428,1788180239.536934,752353,231,1,1,-19.562232971191406,2.9020943641662598,-2.976959228515625,0.0041392166167497635,-0.00044321228051558137,-0.002036356832832098
644.148648,1788180240.018154,752857,4,1,1,-19.564130783081055,2.9167261123657227,-2.960662603378296,0.006870584562420845,0.005592928268015385,-0.0018772647017613053
644.700291,1788180240.569797,753353,32,1,1,-19.56870460510254,2.9197003841400146,-2.95188570022583,0.0073628779500722885,0.004088207148015499,0.003166097914800048
645.170299,1788180241.039805,753853,61,1,1,-19.572824478149414,2.909235954284668,-2.943086862564087,0.00892375037074089,-0.0054276627488434315,0.006512877531349659
645.621847,1788180241.491353,754353,89,1,1,-19.5781307220459,2.9004743099212646,-2.9230546951293945,0.009700099937617779,-0.011479371227324009,0.009164350107312202
646.306656,1788180242.176162,754857,118,1,1,-19.586782455444336,2.8943686485290527,-2.9099299907684326,0.008322542533278465,-0.0134680001065135,0.012549434788525105
646.713128,1788180242.582634,755356,146,1,1,-19.596078872680664,2.892700672149658,-2.916783332824707,0.006705230101943016,-0.013423888944089413,0.010037929750978947
647.195599,1788180243.065105,755853,175,1,1,-19.60208511352539,2.896280288696289,-2.922119617462158,0.00580940954387188,-0.010246827267110348,0.010331674478948116
647.631849,1788180243.501355,756353,203,1,1,-19.601455688476562,2.902540683746338,-2.9228694438934326,0.008856317959725857,-0.006356915924698114,0.008984860964119434
648.276571,1788180244.146077,756853,232,1,1,-19.598167419433594,2.902503490447998,-2.9151031970977783,0.013489623554050922,-0.008294510655105114,0.014505080878734589
648.801284,1788180244.670790,757356,7,1,1,-19.598712921142578,2.8887312412261963,-2.8986012935638428,0.01599380187690258,-0.016039153560996056,0.016698328778147697
649.191759,1788180245.061265,757858,37,1,1,-19.601686477661133,2.8680665493011475,-2.8963687419891357,0.016333408653736115,-0.022693106904625893,0.012265432626008987
649.646260,1788180245.515766,758353,65,1,1,-19.609106063842773,2.852295398712158,-2.896139144897461,0.012097533792257309,-0.022374561056494713,0.010222529992461205
650.116464,1788180245.985970,758853,94,1,1,-19.616905212402344,2.837137222290039,-2.902386426925659,0.006683604326099157,-0.023127783089876175,0.006727421656250954
650.680878,1788180246.550384,759353,122,1,1,-19.61530876159668,2.837517023086548,-2.903048515319824,0.009367764927446842,-0.01716076210141182,0.004848432261496782
651.144289,1788180247.013795,759858,151,1,1,-19.623817443847656,2.853889226913452,-2.912966251373291,0.004642243031412363,-0.006669378839433193,0.0036820608656853437
651.645412,1788180247.514918,760353,180,1,1,-19.62468719482422,2.8876428604125977,-2.9037318229675293,0.005552042741328478,0.010376661084592342,0.0030049732886254787
652.186745,1788180248.056251,760856,209,1,1,-19.626718521118164,2.923933982849121,-2.896024465560913,0.0032811888959258795,0.02372775226831436,0.0029039601795375347
652.672533,1788180248.542039,761356,237,1,1,-19.62693214416504,2.950336456298828,-2.8893954753875732,0.002575291320681572,0.028127020224928856,0.00546391261741519
653.139870,1788180249.009376,761853,10,1,1,-19.630516052246094,2.984619379043579,-2.891719102859497,0.0014385777758434415,0.036535441875457764,0.00433414475992322
653.671988,1788180249.541494,762353,38,1,1,-19.636903762817383,3.02936053276062,-2.8807199001312256,-0.0022757374681532383,0.04575483500957489,0.00645142886787653
654.127629,1788180249.997135,762853,67,1,1,-19.640867233276367,3.069950819015503,-2.8730475902557373,-0.0036181097384542227,0.05211683735251427,0.00440939562395215
654.641498,1788180250.511004,763353,95,1,1,-19.64345359802246,3.099546194076538,-2.864769220352173,-0.0031892505940049887,0.0515010841190815,0.0037155020982027054
655.168206,1788180251.037712,763856,124,1,1,-19.640453338623047,3.124629259109497,-2.866769313812256,0.0001691115612629801,0.049855198711156845,0.0026847051922231913
655.639647,1788180251.509153,764353,152,1,1,-19.642915725708008,3.1385698318481445,-2.8748552799224854,-0.0025355725083500147,0.040553152561187744,0.0010997317731380463
656.139471,1788180252.008977,764853,181,1,1,-19.642438888549805,3.1464030742645264,-2.8724584579467773,-3.971679325331934e-05,0.03157782182097435,0.003764109220355749
656.705905,1788180252.575411,765356,209,1,1,-19.63570213317871,3.1537585258483887,-2.8672380447387695,0.005161080975085497,0.021779034286737442,0.004231196828186512
657.123145,1788180252.992651,765854,238,1,1,-19.62972068786621,3.171741247177124,-2.856790542602539,0.009006673470139503,0.021510982885956764,0.007464859634637833
657.747710,1788180253.617216,766353,10,1,1,-19.629253387451172,3.1924309730529785,-2.860943078994751,0.0082943644374609,0.02094065397977829,0.004762808792293072
658.123686,1788180253.993192,766856,39,1,1,-19.622289657592773,3.200883626937866,-2.875757932662964,0.010909995064139366,0.013199311681091785,0.0013458557659760118
658.618974,1788180254.488480,767353,67,1,1,-19.60021209716797,3.2189807891845703,-2.8733654022216797,0.020860005170106888,0.013446403667330742,0.0014573887456208467
659.131476,1788180255.000982,767856,96,1,1,-19.58309555053711,3.2435271739959717,-2.8672735691070557,0.026036975905299187,0.016956107690930367,0.0012035395484417677
659.662985,1788180255.532491,768358,124,1,1,-19.572664260864258,3.2648773193359375,-2.864213228225708,0.026355203241109848,0.01682428829371929,0.0013166106073185802
660.114074,1788180255.983580,768853,153,1,1,-19.567358016967773,3.2762415409088135,-2.8585758209228516,0.023756003007292747,0.011871112510561943,0.00017569688498042524
660.704312,1788180256.573818,769353,181,1,1,-19.5684814453125,3.2805638313293457,-2.8545916080474854,0.017271827906370163,0.007842738181352615,0.001564374309964478
661.108835,1788180256.978341,769853,210,1,1,-19.573925018310547,3.2923941612243652,-2.854828119277954,0.011755802668631077,0.010943779721856117,-0.0011012196773663163
661.622933,1788180257.492439,770353,239,1,1,-19.582088470458984,3.2948570251464844,-2.8569281101226807,0.006649356801062822,0.007446934003382921,-0.0022161900997161865
662.120484,1788180257.989990,770856,12,1,1,-19.585765838623047,3.2956907749176025,-2.8585779666900635,0.004384608939290047,0.0030847759917378426,-0.0017436050111427903
662.651517,1788180258.521023,771356,40,1,1,-19.597187042236328,3.3039894104003906,-2.868905544281006,-0.0020311137195676565,0.005290173459798098,-0.006647895555943251
663.103221,1788180258.972727,771856,69,1,1,-19.61526870727539,3.3119962215423584,-2.8899667263031006,-0.00947007816284895,0.005324807949364185,-0.01192474365234375
663.681144,1788180259.550650,772353,97,1,1,-19.623842239379883,3.320791244506836,-2.890573501586914,-0.009478838182985783,0.010197442956268787,-0.008677443489432335
664.101541,1788180259.971047,772853,126,1,1,-19.63446617126465,3.3208630084991455,-2.8925628662109375,-0.010414441116154194,0.009772310964763165,-0.009240826591849327
664.646453,1788180260.515959,773356,154,1,1,-19.644819259643555,3.3017876148223877,-2.8995556831359863,-0.012267308309674263,0.0017863181419670582,-0.012805849313735962
665.234980,1788180261.104486,773856,183,1,1,-19.65277671813965,3.269228219985962,-2.903413772583008,-0.012616435997188091,-0.00833896268159151,-0.013059156015515327
665.646204,1788180261.515710,774356,211,1,1,-19.668495178222656,3.213038682937622,-2.9051146507263184,-0.01604480668902397,-0.027962299063801765,-0.011612704023718834
666.159728,1788180262.029234,774853,241,1,1,-19.687015533447266,3.140516757965088,-2.899250030517578,-0.0197537112981081,-0.04776375740766525,-0.01032265368849039
666.719343,1788180262.588849,775354,13,1,1,-19.69683265686035,3.0699374675750732,-2.8994033336639404,-0.016452180221676826,-0.0587780624628067,-0.009726261720061302
667.140728,1788180263.010234,775856,42,1,1,-19.704608917236328,2.986518383026123,-2.8921406269073486,-0.01512773148715496,-0.07578422129154205,-0.00806235708296299
667.641876,1788180263.511382,776356,70,1,1,-19.713834762573242,2.9063780307769775,-2.882474184036255,-0.01524687372148037,-0.08600660413503647,-0.00528731057420373
668.175340,1788180264.044846,776856,99,1,1,-19.709903717041016,2.8230717182159424,-2.8739514350891113,-0.005909817758947611,-0.09284983575344086,0.0008881136891432106
668.624828,1788180264.494334,777356,127,1,1,-19.69704246520996,2.7420666217803955,-2.8556227684020996,0.004363724496215582,-0.09377166628837585,0.005762694403529167
669.140830,1788180265.010336,777853,156,1,1,-19.68682861328125,2.639571189880371,-2.8559603691101074,0.008215502835810184,-0.1086537316441536,0.006970571354031563
669.668941,1788180265.538447,778353,184,1,1,-19.680770874023438,2.5297484397888184,-2.8621034622192383,0.006027385126799345,-0.11841703206300735,0.0035389999393373728
670.141178,1788180266.010684,778853,213,1,1,-19.68056297302246,2.4234185218811035,-2.8745434284210205,0.005501314532011747,-0.12514761090278625,0.00013333724928088486
670.703734,1788180266.573240,779356,241,1,1,-19.67626190185547,2.3211655616760254,-2.8718929290771484,0.008371871896088123,-0.12573745846748352,0.0012017221888527274
671.158172,1788180267.027678,779856,14,1,1,-19.675729751586914,2.2211008071899414,-2.8669440746307373,0.01017304789274931,-0.12592150270938873,0.0036619617603719234
671.674985,1788180267.544491,780356,43,1,1,-19.685380935668945,2.1319363117218018,-2.8582608699798584,0.004446056671440601,-0.11964638531208038,0.006015770137310028
672.204669,1788180268.074175,780853,72,1,1,-19.70087432861328,2.040750026702881,-2.8499081134796143,-0.004988873843103647,-0.11717687547206879,0.00978341605514288
672.671197,1788180268.540703,781353,100,1,1,-19.726381301879883,1.9635887145996094,-2.837368965148926,-0.017226919531822205,-0.10410632193088531,0.010714088566601276
673.124722,1788180268.994228,781856,129,1,1,-19.749345779418945,1.88778555393219,-2.8447823524475098,-0.02172001637518406,-0.09252874553203583,0.004222743213176727
673.747074,1788180269.616580,782353,157,1,1,-19.7689208984375,1.8082561492919922,-2.847376823425293,-0.025812620297074318,-0.08872424066066742,0.0038752914406359196
674.120255,1788180269.989761,782856,186,1,1,-19.784231185913086,1.7342009544372559,-2.863355875015259,-0.024575401097536087,-0.08296884596347809,-0.0015740126837044954
674.604430,1788180270.473936,783356,214,1,1,-19.803585052490234,1.6729894876480103,-2.866535186767578,-0.02689564786851406,-0.07130824774503708,-0.0035062606912106276
675.118737,1788180270.988243,783853,243,1,1,-19.821529388427734,1.6220122575759888,-2.8608312606811523,-0.028536859899759293,-0.05756888538599014,-0.004124801140278578
675.729103,1788180271.598609,784353,15,1,1,-19.8392333984375,1.5717580318450928,-2.8600664138793945,-0.02846420183777809,-0.048188719898462296,-0.0069984435103833675
676.182320,1788180272.051826,784853,44,1,1,-19.85359764099121,1.5294346809387207,-2.864851951599121,-0.02854924276471138,-0.03810238465666771,-0.005650701001286507
676.618629,1788180272.488135,785356,72,1,1,-19.86285972595215,1.5005137920379639,-2.851283550262451,-0.024990707635879517,-0.02147471159696579,-0.00111848721280694
677.149438,1788180273.018944,785856,101,1,1,-19.87851905822754,1.4679856300354004,-2.8437042236328125,-0.02548087388277054,-0.012663930654525757,0.000137394352350384
677.648319,1788180273.517825,786353,129,1,1,-19.892215728759766,1.4368005990982056,-2.8464410305023193,-0.02446630410850048,-0.00660409452393651,-0.002484675496816635
678.195188,1788180274.064694,786853,158,1,1,-19.910690307617188,1.398843765258789,-2.8503684997558594,-0.025516051799058914,-0.006696540396660566,-0.005224160850048065
678.663888,1788180274.533394,787353,186,1,1,-19.925460815429688,1.3647462129592896,-2.860581636428833,-0.024806218221783638,-0.006590707693248987,-0.009695319458842278
679.115268,1788180274.984774,787856,215,1,1,-19.930347442626953,1.3354475498199463,-2.860964775085449,-0.016450967639684677,-0.003281734883785248,-0.00991208478808403
679.728956,1788180275.598462,788356,243,1,1,-19.935035705566406,1.309023380279541,-2.842423915863037,-0.010431394912302494,-0.00035028543788939714,-0.00790115911513567
680.104240,1788180275.973746,788856,16,1,1,-19.93716049194336,1.287592887878418,-2.8233282566070557,-0.005741373635828495,0.0019050318514928222,-0.003446575254201889
680.589023,1788180276.458529,789353,44,1,1,-19.942195892333984,1.2780674695968628,-2.8109631538391113,-0.004560524597764015,0.01261067483574152,0.0015218229964375496
681.140216,1788180277.009722,789856,73,1,1,-19.944421768188477,1.2628371715545654,-2.7934675216674805,-0.001317230286076665,0.01262285653501749,0.00476221414282918
681.637193,1788180277.506699,790358,102,1,1,-19.9498291015625,1.2436943054199219,-2.774278402328491,-3.46474043908529e-05,0.010578494518995285,0.008113479241728783
682.090291,1788180277.959797,790856,131,1,1,-19.95992660522461,1.227435827255249,-2.7722671031951904,-0.002566677052527666,0.009472222998738289,0.007780438754707575
682.668473,1788180278.537979,791353,159,1,1,-19.980384826660156,1.2204151153564453,-2.7715742588043213,-0.009119123220443726,0.010727300308644772,0.006403736770153046
683.119584,1788180278.989090,791853,188,1,1,-19.9993896484375,1.2163095474243164,-2.7660510540008545,-0.013066180981695652,0.01229125913232565,0.008179521188139915
683.708392,1788180279.577898,792358,216,1,1,-20.002695083618164,1.2143357992172241,-2.7472856044769287,-0.0061516715213656425,0.014054495841264725,0.012981626205146313
684.099576,1788180279.969082,792853,245,1,1,-20.015052795410156,1.2072210311889648,-2.734506130218506,-0.007692876271903515,0.013382122851908207,0.013507363386452198
684.631217,1788180280.500723,793353,17,1,1,-20.032773971557617,1.2034733295440674,-2.739302158355713,-0.010620233602821827,0.013444587588310242,0.008512030355632305
685.253260,1788180281.122766,793856,46,1,1,-20.045438766479492,1.2069014310836792,-2.7454371452331543,-0.010319873690605164,0.01709899678826332,0.003957344684749842
685.595788,1788180281.465294,794356,74,1,1,-20.06093978881836,1.2140069007873535,-2.7375380992889404,-0.011468196287751198,0.01960146240890026,0.00567445857450366
686.237800,1788180282.107306,794853,103,1,1,-20.08009910583496,1.2244112491607666,-2.732419729232788,-0.014235359616577625,0.021482205018401146,0.006383958738297224
686.693123,1788180282.562629,795353,132,1,1,-20.095661163330078,1.2369767427444458,-2.735828399658203,-0.015203829854726791,0.021692510694265366,0.0018289984436705709
687.112155,1788180282.981661,795857,164,1,1,-20.103641510009766,1.2544833421707153,-2.7238993644714355,-0.009320148266851902,0.024649590253829956,0.005587464664131403
687.626981,1788180283.496487,796353,192,1,1,-20.11094093322754,1.2775229215621948,-2.718961715698242,-0.0061232359148561954,0.02951613813638687,0.0028069722466170788
688.126234,1788180283.995740,796856,221,1,1,-20.11203384399414,1.3033803701400757,-2.725207567214966,-0.000433818408055231,0.03665954992175102,0.0019202816765755415
688.654636,1788180284.524142,797353,249,1,1,-20.124422073364258,1.3195130825042725,-2.7435505390167236,-0.003910612314939499,0.033708225935697556,-0.0039474982768297195
689.231217,1788180285.100723,797853,22,1,1,-20.136869430541992,1.3361278772354126,-2.755675792694092,-0.006676479708403349,0.03420136123895645,-0.006222093477845192
689.683984,1788180285.553490,798356,50,1,1,-20.139751434326172,1.3560974597930908,-2.7570760250091553,-0.003669223515316844,0.03604043275117874,-0.004566994495689869
690.152481,1788180286.021987,798853,79,1,1,-20.136390686035156,1.3783988952636719,-2.756938934326172,0.0008193740504793823,0.03864239528775215,-0.0027917344123125076
690.605250,1788180286.474756,799353,107,1,1,-20.12366485595703,1.3923536539077759,-2.7456483840942383,0.009748691692948341,0.03398016095161438,0.003124882932752371
691.185405,1788180287.054911,799853,136,1,1,-20.120756149291992,1.4024385213851929,-2.753835916519165,0.00889183022081852,0.02811119146645069,0.0008207118371501565
691.636423,1788180287.505929,800353,165,1,1,-20.11916732788086,1.4114739894866943,-2.749690294265747,0.007998601533472538,0.02187439799308777,0.004299718886613846
692.107665,1788180287.977171,800858,194,1,1,-20.12173080444336,1.424033761024475,-2.7459590435028076,0.005159606691449881,0.01903783343732357,0.007186730857938528
692.685866,1788180288.555372,801353,222,1,1,-20.125398635864258,1.428139090538025,-2.749972105026245,0.0020786747336387634,0.011320480145514011,0.0038140614051371813
693.157463,1788180289.026969,801856,251,1,1,-20.122915267944336,1.4448422193527222,-2.752532720565796,0.0042850482277572155,0.012200911529362202,0.006273696664720774
693.643019,1788180289.512525,802353,23,1,1,-20.126386642456055,1.454586386680603,-2.7550625801086426,0.0015842663124203682,0.007638714276254177,0.005323596764355898
694.177364,1788180290.046870,802856,53,1,1,-20.135934829711914,1.462099552154541,-2.7550129890441895,-0.0024637123569846153,0.0005452511832118034,0.002500308444723487
694.677614,1788180290.547120,803353,81,1,1,-20.15422821044922,1.479327917098999,-2.757516860961914,-0.011356605216860771,0.0019355302210897207,0.0015423019649460912
695.208268,1788180291.077774,803856,110,1,1,-20.170591354370117,1.4978399276733398,-2.7575621604919434,-0.014249092899262905,0.003887494094669819,0.002272480633109808
695.674029,1788180291.543535,804356,138,1,1,-20.180089950561523,1.5087814331054688,-2.757946252822876,-0.015461222268640995,0.0012719410005956888,0.002749305684119463
696.127197,1788180291.996703,804853,167,1,1,-20.189929962158203,1.519458293914795,-2.7701284885406494,-0.015822919085621834,0.0016143398825079203,-0.0002964781306218356
696.755344,1788180292.624850,805353,195,1,1,-20.190692901611328,1.5248602628707886,-2.7643423080444336,-0.010265317745506763,-0.003597717033699155,-0.0005245556239970028
697.099681,1788180292.969187,805853,225,1,1,-20.19709014892578,1.552186131477356,-2.755112886428833,-0.008747246116399765,0.006944173015654087,0.004135762341320515
697.596924,1788180293.466430,806356,253,1,1,-20.201141357421875,1.5786768198013306,-2.7457234859466553,-0.004697972908616066,0.011768612079322338,0.006689752917736769
698.127893,1788180293.997399,806853,26,1,1,-20.205657958984375,1.5938231945037842,-2.7487382888793945,-0.0022911077830940485,0.011701084673404694,0.00725922966375947
698.657819,1788180294.527325,807353,54,1,1,-20.2213077545166,1.6097930669784546,-2.761221170425415,-0.007132066413760185,0.0134373027831316,0.0054546850733459
699.110896,1788180294.980402,807853,83,1,1,-20.235013961791992,1.6269373893737793,-2.760545253753662,-0.008582971058785915,0.0165130365639925,0.005035926587879658
699.766030,1788180295.635536,808353,111,1,1,-20.24714469909668,1.6507718563079834,-2.7641823291778564,-0.008302667178213596,0.024550113826990128,0.0016688178293406963
700.123743,1788180295.993249,808856,140,1,1,-20.261533737182617,1.6795827150344849,-2.7603719234466553,-0.011337637901306152,0.030260374769568443,0.0038069728761911392
700.608999,1788180296.478505,809356,168,1,1,-20.25902557373047,1.7033792734146118,-2.755666494369507,-0.001771440845914185,0.032714709639549255,0.002787536010146141
701.186579,1788180297.056085,809853,197,1,1,-20.265247344970703,1.7229753732681274,-2.763498067855835,-0.0014350141864269972,0.031068716198205948,-0.0012724801199510694
701.655795,1788180297.525301,810353,226,1,1,-20.265933990478516,1.7373390197753906,-2.75785756111145,0.003324484685435891,0.029047543182969093,-0.002723664278164506
702.107261,1788180297.976767,810856,255,1,1,-20.27208709716797,1.7567867040634155,-2.762298345565796,0.0022570176515728235,0.02907261624932289,-0.003983654547482729
702.684198,1788180298.553704,811358,27,1,1,-20.28163719177246,1.772807240486145,-2.7738804817199707,-0.00031379121355712414,0.02432391606271267,-0.00733574153855443
703.137719,1788180299.007225,811853,56,1,1,-20.289670944213867,1.7846276760101318,-2.7720437049865723,-0.0016348576173186302,0.020297391340136528,-0.006383727304637432
703.605312,1788180299.474818,812356,84,1,1,-20.287668228149414,1.8023093938827515,-2.7730720043182373,0.004046369809657335,0.02070116251707077,-0.004212817642837763
704.259508,1788180300.129014,812853,113,1,1,-20.286678314208984,1.8151741027832031,-2.7745821475982666,0.0052701737731695175,0.01574486680328846,-0.006568581331521273
704.681019,1788180300.550525,813353,142,1,1,-20.284147262573242,1.830758810043335,-2.7643790245056152,0.008245027624070644,0.013101661577820778,-0.0031952797435224056
705.101120,1788180300.970626,813856,171,1,1,-20.292896270751953,1.8449393510818481,-2.7728755474090576,0.001447275746613741,0.00798502191901207,-0.005290149245411158
705.727102,1788180301.596608,814353,199,1,1,-20.310394287109375,1.8697967529296875,-2.773390769958496,-0.005004723556339741,0.011944985017180443,-0.004656664095818996
706.185308,1788180302.054814,814853,228,1,1,-20.326292037963867,1.905606746673584,-2.7845513820648193,-0.009718167595565319,0.018305426463484764,-0.0056280093267560005
706.606720,1788180302.476226,815353,0,1,1,-20.333391189575195,1.9367802143096924,-2.782179594039917,-0.007158774882555008,0.019674791023135185,-0.004007597453892231
707.182359,1788180303.051865,815853,29,1,1,-20.345617294311523,1.9697411060333252,-2.766371011734009,-0.009058419615030289,0.021874070167541504,-0.0025327298790216446
707.632986,1788180303.502492,816353,57,1,1,-20.355730056762695,1.9881871938705444,-2.759004831314087,-0.008038884028792381,0.01632181741297245,-0.00041503043030388653
708.165448,1788180304.034954,816856,86,1,1,-20.362369537353516,2.0115578174591064,-2.754547595977783,-0.006218848749995232,0.016774987801909447,0.0007897209143266082
708.665103,1788180304.534609,817353,114,1,1,-20.381397247314453,2.0247697830200195,-2.7506496906280518,-0.01257407758384943,0.011382879689335823,0.0017265172209590673
709.135134,1788180305.004640,817853,143,1,1,-20.40011215209961,2.0386126041412354,-2.7571158409118652,-0.014908595010638237,0.007737585809081793,-0.00202201004140079
709.702173,1788180305.571679,818353,171,1,1,-20.42206573486328,2.053744077682495,-2.764230251312256,-0.018305666744709015,0.008917323313653469,-0.0062081594951450825
710.123243,1788180305.992749,818853,200,1,1,-20.441974639892578,2.0677947998046875,-2.7642035484313965,-0.019050197675824165,0.008021345362067223,-0.0063413772732019424
710.621216,1788180306.490722,819353,228,1,1,-20.470531463623047,2.0797040462493896,-2.771573543548584,-0.02326517552137375,0.007023886777460575,-0.009218675084412098
711.259989,1788180307.129495,819856,1,1,1,-20.490385055541992,2.085193395614624,-2.775266170501709,-0.022572657093405724,0.006406010594218969,-0.011229862459003925
711.621391,1788180307.490897,820356,30,1,1,-20.515228271484375,2.0794973373413086,-2.773930072784424,-0.023992285132408142,-0.0015276590129360557,-0.00886043906211853
712.117879,1788180307.987385,820853,59,1,1,-20.536209106445312,2.0748627185821533,-2.7711691856384277,-0.022598180919885635,-0.0045934333465993404,-0.007443918380886316
712.617128,1788180308.486634,821353,87,1,1,-20.547496795654297,2.0731077194213867,-2.7642107009887695,-0.015356214717030525,-0.0037958486936986446,-0.004968886263668537
713.164413,1788180309.033919,821853,116,1,1,-20.54531478881836,2.0716042518615723,-2.7615363597869873,-0.004897973965853453,-0.0047732191160321236,-0.004624918568879366
713.613549,1788180309.483055,822356,144,1,1,-20.547592163085938,2.0634894371032715,-2.7539710998535156,0.0020031221210956573,-0.009196233004331589,-0.002779731759801507
714.192094,1788180310.061600,822853,173,1,1,-20.5601806640625,2.052272319793701,-2.7604892253875732,0.0004096123739145696,-0.01464408915489912,-0.0074601504020392895
714.644886,1788180310.514392,823356,201,1,1,-20.57547950744629,2.04280424118042,-2.7766799926757812,-0.0024059065617620945,-0.02097272500395775,-0.012494117021560669
715.113604,1788180310.983110,823853,230,1,1,-20.590116500854492,2.020512104034424,-2.7758328914642334,-0.004908263683319092,-0.030687715858221054,-0.008138432167470455
715.686487,1788180311.555993,824353,2,1,1,-20.600645065307617,2.0128173828125,-2.761739730834961,-0.0036116086412221193,-0.029482057318091393,-0.0027547485660761595
716.152302,1788180312.021808,824853,31,1,1,-20.603160858154297,2.002190113067627,-2.761582612991333,0.0030068219639360905,-0.03246727213263512,-0.0010968544520437717
716.618442,1788180312.487948,825353,59,1,1,-20.611087799072266,1.9821009635925293,-2.758540391921997,0.0033874327782541513,-0.037102170288562775,-0.0018981369212269783
717.178116,1788180313.047622,825857,88,1,1,-20.62678337097168,1.9701709747314453,-2.762861967086792,-0.0010343339527025819,-0.0381755456328392,-0.0023827645927667618
717.632853,1788180313.502359,826353,116,1,1,-20.640443801879883,1.9671682119369507,-2.7693278789520264,-0.004120809957385063,-0.03386803716421127,-0.0022433672565966845
718.099279,1788180313.968785,826856,145,1,1,-20.64515495300293,1.9643017053604126,-2.760922431945801,-2.0960149413440377e-05,-0.03195766359567642,0.0009070865926332772
718.612322,1788180314.481828,827356,173,1,1,-20.644411087036133,1.9677492380142212,-2.7564234733581543,0.005580507218837738,-0.026334458962082863,0.0015301608946174383
719.147470,1788180315.016976,827853,202,1,1,-20.641523361206055,1.9710484743118286,-2.7554290294647217,0.008330386132001877,-0.020073654130101204,0.0031900000758469105
719.583723,1788180315.453229,828353,230,1,1,-20.643259048461914,1.9878588914871216,-2.7538042068481445,0.008607232943177223,-0.0067221359349787235,0.004218873102217913
720.096675,1788180315.966181,828853,3,1,1,-20.648534774780273,1.998802661895752,-2.76826548576355,0.0044037834741175175,-0.002435408066958189,-0.0003330335021018982
720.624966,1788180316.494472,829353,31,1,1,-20.64780044555664,1.9975903034210205,-2.777770519256592,0.005105206742882729,-0.0017169816419482231,-0.004021771717816591
721.092480,1788180316.961986,829853,60,1,1,-20.634353637695312,2.006561517715454,-2.778625965118408,0.013361270539462566,0.0034094315487891436,-0.0044722105376422405
721.624489,1788180317.493995,830356,89,1,1,-20.62354278564453,2.0235438346862793,-2.7806458473205566,0.015162328258156776,0.01203179731965065,-0.007031397428363562
722.135218,1788180318.004724,830853,118,1,1,-20.615856170654297,2.0406501293182373,-2.7777974605560303,0.01537077035754919,0.018731046468019485,-0.005430244375020266
722.699219,1788180318.568725,831353,146,1,1,-20.603713989257812,2.055447578430176,-2.7790918350219727,0.018420729786157608,0.02055325172841549,-0.0034967283718287945
723.162882,1788180319.032388,831853,175,1,1,-20.60323715209961,2.0761725902557373,-2.776614189147949,0.011792391538619995,0.02688358724117279,-0.001526380656287074
723.662726,1788180319.532232,832353,203,1,1,-20.59811782836914,2.0934255123138428,-2.7722322940826416,0.008210361935198307,0.02800760231912136,-0.0007688600453548133
724.355315,1788180320.224821,832856,232,1,1,-20.581016540527344,2.1024510860443115,-2.7798285484313965,0.014750990085303783,0.025740062817931175,-0.005769829265773296
724.739248,1788180320.608754,833353,7,1,1,-20.568132400512695,2.113466262817383,-2.7837252616882324,0.013507029972970486,0.02517654560506344,-0.009275357238948345
725.163827,1788180321.033333,833853,37,1,1,-20.552091598510742,2.1211483478546143,-2.783604621887207,0.015929220244288445,0.022637685760855675,-0.009276002645492554
725.689385,1788180321.558891,834353,65,1,1,-20.53594207763672,2.1209771633148193,-2.7863080501556396,0.016406429931521416,0.015496787615120411,-0.011293897405266762
726.157830,1788180322.027336,834853,94,1,1,-20.5128173828125,2.121385335922241,-2.790861129760742,0.01941116526722908,0.011013505980372429,-0.01331010926514864
726.657465,1788180322.526971,835356,122,1,1,-20.485280990600586,2.1233937740325928,-2.798720359802246,0.024883421137928963,0.0092295678332448,-0.01687658578157425
727.212990,1788180323.082496,835853,151,1,1,-20.455392837524414,2.1295857429504395,-2.7975385189056396,0.02763650007545948,0.008785698562860489,-0.015898242592811584
727.656133,1788180323.525639,836357,179,1,1,-20.420007705688477,2.130218505859375,-2.793945789337158,0.031172044575214386,0.0048024957068264484,-0.016016123816370964
728.108202,1788180323.977708,836857,209,1,1,-20.37047004699707,2.131600856781006,-2.7933905124664307,0.04253034666180611,0.003619328374043107,-0.013362029567360878
728.732168,1788180324.601674,837353,237,1,1,-20.327600479125977,2.1247148513793945,-2.790942668914795,0.045165710151195526,-0.00273716589435935,-0.012460666708648205
729.106566,1788180324.976072,837853,10,1,1,-20.27560043334961,2.11899995803833,-2.792421340942383,0.05327814817428589,-0.006823142524808645,-0.011179869063198566
729.590920,1788180325.460426,838357,38,1,1,-20.221837997436523,2.1183881759643555,-2.7811388969421387,0.05800038203597069,-0.007743548601865768,-0.008134045638144016
730.112657,1788180325.982163,838853,67,1,1,-20.167644500732422,2.1129772663116455,-2.7753348350524902,0.06214813143014908,-0.013447427190840244,-0.004061636049300432
730.638470,1788180326.507976,839356,95,1,1,-20.117788314819336,2.09989857673645,-2.7628602981567383,0.0603744201362133,-0.018785880878567696,-0.0026244979817420244
731.105973,1788180326.975479,839853,124,1,1,-20.063865661621094,2.0843982696533203,-2.759599447250366,0.062285784631967545,-0.024862155318260193,-0.0026262064930051565
731.681913,1788180327.551419,840358,153,1,1,-20.008705139160156,2.0729241371154785,-2.754809617996216,0.0624881274998188,-0.026435015723109245,-0.001892225118353963
732.134828,1788180328.004334,840853,182,1,1,-19.95599937438965,2.0705347061157227,-2.7409870624542236,0.06065348908305168,-0.025100957602262497,-0.0001368556695524603
732.634212,1788180328.503718,841356,210,1,1,-19.902708053588867,2.0712320804595947,-2.7324917316436768,0.058426693081855774,-0.021559633314609528,-0.0008359073544852436
733.181705,1788180329.051211,841856,239,1,1,-19.852569580078125,2.075613260269165,-2.7237799167633057,0.05505681037902832,-0.016856351867318153,-0.001347180805169046
733.634087,1788180329.503593,842353,11,1,1,-19.798322677612305,2.082095146179199,-2.7101778984069824,0.05462508648633957,-0.008798557333648205,0.0010605030693113804
734.089560,1788180329.959066,842853,40,1,1,-19.740476608276367,2.0869016647338867,-2.700075626373291,0.05505993962287903,-0.00383648625575006,0.0011876726057380438
734.662629,1788180330.532135,843353,68,1,1,-19.67076873779297,2.081461191177368,-2.693249464035034,0.06154971569776535,-0.005315188784152269,0.001753167132847011
735.127756,1788180330.997262,843853,97,1,1,-19.59577178955078,2.0812907218933105,-2.6905834674835205,0.06872910261154175,-0.0011576818069443107,-0.0005922974087297916
735.704802,1788180331.574308,844356,125,1,1,-19.526697158813477,2.081228256225586,-2.7504708766937256,0.06756772845983505,0.0016113020246848464,0.001189514296129346
736.113298,1788180331.982804,844853,154,1,1,-19.45462989807129,2.067979574203491,-2.754592180252075,0.07172970473766327,-0.0033794166520237923,-0.0004968286375515163
736.673095,1788180332.542601,845358,182,1,1,-19.384578704833984,2.05949068069458,-2.749730110168457,0.07182513922452927,-0.000784293923061341,-0.0003248026769142598
737.125473,1788180332.994979,845853,211,1,1,-19.322460174560547,2.0509097576141357,-2.7475571632385254,0.0713539645075798,-0.001376347616314888,1.1556625395314768e-05
737.643104,1788180333.512610,846353,239,1,1,-19.273983001708984,2.044154167175293,-2.751677989959717,0.06273582577705383,-0.0015946594066917896,-0.002966175554320216
738.217651,1788180334.087157,846856,12,1,1,-19.2237606048584,2.041344165802002,-2.7545156478881836,0.059338267892599106,0.0014791686553508043,-0.0027312198653817177
738.731960,1788180334.601466,847353,40,1,1,-19.175004959106445,2.0350401401519775,-2.756213426589966,0.05818204954266548,0.0007125884876586497,-0.0031832910608500242
739.104933,1788180334.974439,847853,69,1,1,-19.136301040649414,2.024984121322632,-2.7517640590667725,0.04853256791830063,-0.0027548223733901978,-0.0028704178985208273
739.621153,1788180335.490659,848353,97,1,1,-19.109241485595703,2.0200650691986084,-2.747708320617676,0.03493945300579071,-0.0035977442748844624,-0.00010229265899397433
740.180764,1788180336.050270,848857,126,1,1,-19.0766544342041,2.021394968032837,-2.74536395072937,0.03098907321691513,-0.0030351451132446527,-0.00010170711175305769
740.647579,1788180336.517085,849357,154,1,1,-19.043243408203125,2.031736373901367,-2.7474377155303955,0.02483326382935047,0.002625598106533289,-0.002939989324659109
741.117216,1788180336.986722,849857,183,1,1,-19.018617630004883,2.0429632663726807,-2.7590172290802,0.013224969618022442,0.004259055480360985,-0.006884715054184198
741.646354,1788180337.515860,850353,212,1,1,-18.996726989746094,2.0545194149017334,-2.7638022899627686,0.0038307474460452795,0.004464917816221714,-0.007982061244547367
742.145924,1788180338.015430,850853,241,1,1,-18.972671508789062,2.081613779067993,-2.7581279277801514,-7.023286889307201e-05,0.014136102981865406,-0.0048418608494102955
742.612152,1788180338.481658,851353,13,1,1,-18.945693969726562,2.1169793605804443,-2.6658260822296143,-0.00027164199855178595,0.026348764076828957,0.027743278071284294
743.111772,1788180338.981278,851856,42,1,1,-18.915433883666992,2.1389901638031006,-2.607637643814087,0.00012802748824469745,0.026128534227609634,0.0413786880671978
743.689359,1788180339.558865,852356,70,1,1,-18.881528854370117,2.159672737121582,-2.6184191703796387,0.0035555330105125904,0.025030801072716713,0.03254985436797142
744.619830,1788180340.489336,852853,99,1,1,-18.84825897216797,2.1900198459625244,-2.6419148445129395,0.004523157142102718,0.03242792934179306,0.019594231620430946
744.670025,1788180340.539531,853358,127,1,1,-18.81690216064453,2.211107015609741,-2.66994309425354,0.005227560177445412,0.029449159279465675,0.00879733171314001
745.107579,1788180340.977085,853853,156,1,1,-18.771221160888672,2.2290847301483154,-2.6962459087371826,0.01638850010931492,0.028225041925907135,-0.0018268083222210407
745.589551,1788180341.459057,854353,184,1,1,-18.730777740478516,2.2507693767547607,-2.726409673690796,0.02088920958340168,0.029392998665571213,-0.011269907467067242
746.165260,1788180342.034766,854856,213,1,1,-18.6815128326416,2.275249719619751,-2.7441630363464355,0.029959114268422127,0.032835714519023895,-0.012245846912264824
746.632651,1788180342.502157,855353,241,1,1,-18.621810913085938,2.3134541511535645,-2.7483620643615723,0.042178865522146225,0.04319391027092934,-0.008911031298339367
747.084098,1788180342.953604,855858,14,1,1,-18.556640625,2.3484742641448975,-2.7531840801239014,0.05445662885904312,0.048572003841400146,-0.009724966250360012
747.594393,1788180343.463899,856353,42,1,1,-18.496910095214844,2.361468553543091,-2.754305601119995,0.06185978278517723,0.03908531740307808,-0.008295804262161255
748.122947,1788180343.992453,856856,71,1,1,-18.446048736572266,2.3776142597198486,-2.754899501800537,0.06315497308969498,0.03674982115626335,-0.005750080104917288
748.699805,1788180344.569311,857357,99,1,1,-18.40852928161621,2.3985040187835693,-2.728271484375,0.05868377164006233,0.035339534282684326,0.004530362319201231
749.153119,1788180345.022625,857853,128,1,1,-18.377145767211914,2.4131155014038086,-2.6278762817382812,0.051358845084905624,0.030495788902044296,0.03513915464282036
749.667186,1788180345.536692,858353,156,1,1,-18.35492515563965,2.4217631816864014,-2.6252591609954834,0.04028499498963356,0.023395026102662086,0.029331307858228683
750.198861,1788180346.068367,858853,185,1,1,-18.33977699279785,2.4255177974700928,-2.6470656394958496,0.029333433136343956,0.014951272867619991,0.019776688888669014
750.672043,1788180346.541549,859357,213,1,1,-18.321392059326172,2.4342892169952393,-2.670199394226074,0.02180352434515953,0.013347387313842773,0.010887150652706623
751.118272,1788180346.987778,859856,242,1,1,-18.313888549804688,2.4421141147613525,-2.6899759769439697,0.0065346527844667435,0.0111391581594944,0.001961590489372611
751.648159,1788180347.517665,860354,15,1,1,-18.302139282226562,2.4514009952545166,-2.704252243041992,-0.0013633002527058125,0.009407203644514084,-0.003829505993053317
752.149339,1788180348.018845,860853,44,1,1,-18.274587631225586,2.4608378410339355,-2.829134225845337,0.0013558210339397192,0.005899887531995773,-0.043784596025943756
752.602567,1788180348.472073,861353,72,1,1,-18.249530792236328,2.466038942337036,-2.867640495300293,0.00018308247672393918,0.0011913047637790442,-0.04704561457037926
753.116454,1788180348.985960,861856,101,1,1,-18.228260040283203,2.4765610694885254,-2.8624119758605957,-0.0022143481764942408,0.003869463689625263,-0.03832019120454788
753.645846,1788180349.515352,862357,129,1,1,-18.20598602294922,2.488173007965088,-2.851457357406616,-0.00048268737737089396,0.004198988899588585,-0.029144367203116417
754.112690,1788180349.982196,862853,158,1,1,-18.183063507080078,2.4965460300445557,-2.8403520584106445,0.0010084708919748664,0.003913006745278835,-0.021708296611905098
754.674712,1788180350.544218,863353,186,1,1,-18.16836166381836,2.489161729812622,-2.8322267532348633,-0.003094982821494341,-0.006454703398048878,-0.020462902262806892
755.144832,1788180351.014338,863856,215,1,1,-18.153118133544922,2.4835028648376465,-2.8067524433135986,-0.0048399074003100395,-0.00881960429251194,-0.008829944767057896
755.601311,1788180351.470817,864353,243,1,1,-18.132829666137695,2.4844794273376465,-2.902857780456543,0.0003786812594626099,-0.007876304909586906,-0.0400095097720623
756.176632,1788180352.046138,864853,16,1,1,-18.119199752807617,2.4890830516815186,-2.897688627243042,-0.0017973711946979165,-0.008965632878243923,-0.030417298898100853
756.643143,1788180352.512649,865356,44,1,1,-18.111324310302734,2.4892492294311523,-2.8178482055664062,-0.004438935313373804,-0.011658777482807636,0.0017350572161376476
757.098589,1788180352.968095,865853,73,1,1,-18.107393264770508,2.4990122318267822,-2.8570103645324707,-0.007022245321422815,-0.007373972330242395,-0.015463431365787983
757.660573,1788180353.530079,866356,101,1,1,-18.097475051879883,2.5185141563415527,-2.9301090240478516,-0.0063544451259076595,0.0005180547013878822,-0.037852607667446136
758.125944,1788180353.995450,866853,130,1,1,-18.08102798461914,2.531898021697998,-2.8619918823242188,0.0007787765352986753,0.004700017627328634,-0.009565338492393494
758.643028,1788180354.512534,867353,158,1,1,-18.06985092163086,2.5575149059295654,-2.71540904045105,0.0020166856702417135,0.013937296345829964,0.03921716287732124
759.171472,1788180355.040978,867856,188,1,1,-18.0638370513916,2.586702346801758,-2.5378334522247314,0.002421876648440957,0.022577622905373573,0.09097092598676682
759.641146,1788180355.510652,868353,216,1,1,-18.05817222595215,2.6066386699676514,-2.4847660064697266,0.005430461838841438,0.02470514364540577,0.09016308933496475
760.141450,1788180356.010956,868857,245,1,1,-18.056602478027344,2.626585006713867,-2.440516710281372,0.0025425367057323456,0.024500906467437744,0.08965244889259338
760.657592,1788180356.527098,869357,17,1,1,-18.06281280517578,2.645129680633545,-2.40354061126709,-0.003309582592919469,0.02460152842104435,0.08973556756973267
761.127874,1788180356.997380,869857,46,1,1,-18.07102394104004,2.666877031326294,-2.428278923034668,-0.006859117653220892,0.0238867849111557,0.06561242789030075
761.630796,1788180357.500302,870358,75,1,1,-18.077896118164062,2.6949799060821533,-2.4914627075195312,-0.00773504888638854,0.027832098305225372,0.03523571789264679
762.236142,1788180358.105648,870853,104,1,1,-18.085899353027344,2.7274537086486816,-2.5289902687072754,-0.008819829672574997,0.03117487207055092,0.017398472875356674
762.658626,1788180358.528132,871353,135,1,1,-18.09202003479004,2.7510712146759033,-2.5249569416046143,-0.007926179096102715,0.028210628777742386,0.018432168290019035
763.191264,1788180359.060770,871853,164,1,1,-18.100141525268555,2.7771501541137695,-2.4110894203186035,-0.011226857081055641,0.029929781332612038,0.05461788550019264
763.660113,1788180359.529619,872353,192,1,1,-18.110435485839844,2.800921678543091,-2.3919944763183594,-0.013658278621733189,0.02669685333967209,0.050059136003255844
764.158288,1788180360.027794,872856,221,1,1,-18.11397361755371,2.830090045928955,-2.477804183959961,-0.011907537467777729,0.025251857936382294,0.01131930761039257
764.640940,1788180360.510446,873356,250,1,1,-18.11481285095215,2.8639988899230957,-2.5677523612976074,-0.011006711050868034,0.028794581070542336,-0.020126020535826683
765.152547,1788180361.022053,873853,23,1,1,-18.111906051635742,2.8930256366729736,-2.651642322540283,-0.006079339422285557,0.02675756625831127,-0.042629141360521317
765.654356,1788180361.523862,874357,51,1,1,-18.114826202392578,2.922513961791992,-2.742347240447998,-0.008209331892430782,0.025210505351424217,-0.06541084498167038
766.308393,1788180362.177899,874853,80,1,1,-18.117706298828125,2.9524617195129395,-2.818241596221924,-0.009684661403298378,0.026830796152353287,-0.08165116608142853
766.727224,1788180362.596730,875353,109,1,1,-18.123332977294922,2.9801833629608154,-2.96130633354187,-0.013567078858613968,0.022984962910413742,-0.11618953198194504
767.117374,1788180362.986880,875856,138,1,1,-18.125818252563477,3.005139112472534,-2.9784064292907715,-0.014233644120395184,0.02134924940764904,-0.10157269239425659
767.695670,1788180363.565176,876353,166,1,1,-18.122413635253906,3.0155630111694336,-2.88856840133667,-0.009047536179423332,0.012230928055942059,-0.05634312704205513
768.100093,1788180363.969599,876853,195,1,1,-18.12671661376953,3.0127663612365723,-2.7455921173095703,-0.009892387315630913,3.7091420381329954e-05,0.00018706207629293203
768.647327,1788180364.516833,877353,224,1,1,-18.127138137817383,3.001380681991577,-2.556607723236084,-0.007588403765112162,-0.01153048686683178,0.06085710972547531
769.163041,1788180365.032547,877853,254,1,1,-18.13105010986328,2.979663133621216,-2.4617257118225098,-0.005592322908341885,-0.021165354177355766,0.07884622365236282
769.629715,1788180365.499221,878358,26,1,1,-18.142484664916992,2.943375587463379,-2.4305803775787354,-0.006451414432376623,-0.03323518484830856,0.07549354434013367
770.098046,1788180365.967552,878853,55,1,1,-18.16669464111328,2.880861282348633,-2.5111236572265625,-0.011336926370859146,-0.05072103068232536,0.03823200985789299
770.675783,1788180366.545289,879356,83,1,1,-18.20548439025879,2.7998244762420654,-2.50386381149292,-0.020712437108159065,-0.07203714549541473,0.03664661943912506
771.128907,1788180366.998413,879853,112,1,1,-18.253360748291016,2.71392560005188,-2.559414863586426,-0.03129642456769943,-0.08570154756307602,0.01410201657563448
771.639957,1788180367.509463,880357,141,1,1,-18.31271743774414,2.6232340335845947,-2.606452465057373,-0.04432082176208496,-0.0979635939002037,-0.0032482193782925606
772.170967,1788180368.040473,880853,170,1,1,-18.364288330078125,2.548295259475708,-2.5269203186035156,-0.04997769370675087,-0.10042604058980942,0.024621015414595604
772.621938,1788180368.491444,881358,198,1,1,-18.421995162963867,2.4765326976776123,-2.5523083209991455,-0.05859161168336868,-0.1036779060959816,0.008856059983372688
773.090903,1788180368.960409,881856,227,1,1,-18.467723846435547,2.4173803329467773,-2.5547595024108887,-0.05929764732718468,-0.1029578447341919,0.0067627523094415665
773.670550,1788180369.540056,882356,255,1,1,-18.505582809448242,2.3795270919799805,-2.580042839050293,-0.056689850986003876,-0.09217754006385803,-0.0019103731028735638
774.123553,1788180369.993059,882853,28,1,1,-18.530292510986328,2.3542661666870117,-2.592048406600952,-0.04846527799963951,-0.0773155465722084,-0.007169703021645546
774.623680,1788180370.493186,883353,56,1,1,-18.56150245666504,2.346433162689209,-2.630570888519287,-0.04607818275690079,-0.05592280626296997,-0.017443930730223656
775.154457,1788180371.023963,883853,85,1,1,-18.585247039794922,2.3285903930664062,-2.6796977519989014,-0.03964865580201149,-0.04552265629172325,-0.029143178835511208
775.671054,1788180371.540560,884357,113,1,1,-18.595430374145508,2.314000368118286,-2.6469647884368896,-0.026951944455504417,-0.03463078290224075,-0.013591836206614971
776.200787,1788180372.070293,884853,142,1,1,-18.604724884033203,2.3107259273529053,-2.547538995742798,-0.01961030438542366,-0.01858564466238022,0.021677294746041298
776.651785,1788180372.521291,885353,170,1,1,-18.616968154907227,2.320080041885376,-2.453240394592285,-0.016129756346344948,-0.0008662152686156332,0.04687850922346115
777.119434,1788180372.988940,885853,199,1,1,-18.633445739746094,2.328126907348633,-2.4004194736480713,-0.01580926589667797,0.012666280381381512,0.05710763484239578
777.682005,1788180373.551511,886356,227,1,1,-18.639461517333984,2.3128247261047363,-2.372451066970825,-0.009654528461396694,0.00748510891571641,0.05532901734113693
778.198319,1788180374.067825,886856,0,1,1,-18.64879608154297,2.2993061542510986,-2.438549757003784,-0.006356407888233662,0.008012852631509304,0.023562634363770485
778.600940,1788180374.470446,887353,28,1,1,-18.660104751586914,2.28656268119812,-2.4561095237731934,-0.005651619751006365,0.006840675137937069,0.015675190836191177
779.130909,1788180375.000415,887853,57,1,1,-18.666526794433594,2.2859315872192383,-2.4850685596466064,-0.002194576198235154,0.013319412246346474,0.004029944539070129
779.647393,1788180375.516899,888353,85,1,1,-18.679765701293945,2.2848246097564697,-2.5195388793945312,-0.004177574533969164,0.013224557973444462,-0.006991776637732983
780.116207,1788180375.985713,888853,114,1,1,-18.69109344482422,2.2861342430114746,-2.5940425395965576,-0.0020263600163161755,0.016293054446578026,-0.03481375053524971
780.676482,1788180376.545988,889353,142,1,1,-18.711904525756836,2.2925503253936768,-2.7486326694488525,-0.005491337738931179,0.020621757954359055,-0.08057541400194168
781.129614,1788180376.999120,889853,171,1,1,-18.73077392578125,2.302480936050415,-2.88812255859375,-0.00543895224109292,0.02490313909947872,-0.1123160794377327
781.644451,1788180377.513957,890353,200,1,1,-18.742570877075195,2.309338331222534,-2.766174554824829,-0.003304993500933051,0.027304144576191902,-0.050874724984169006
782.175007,1788180378.044513,890853,229,1,1,-18.75288963317871,2.309567451477051,-2.7625656127929688,-0.0015004315646365285,0.024133525788784027,-0.046332791447639465
782.675004,1788180378.544510,891356,1,1,1,-18.762149810791016,2.308192014694214,-2.9307940006256104,0.0013141562230885029,0.02121720276772976,-0.09706145524978638
783.099184,1788180378.968690,891856,30,1,1,-18.774593353271484,2.306084156036377,-2.844747304916382,-0.0002719687472563237,0.01910511776804924,-0.12335319817066193
783.596128,1788180379.465634,892356,58,1,1,-18.787866592407227,2.303529977798462,-2.9095044136047363,-0.00047832931159064174,0.018283884972333908,-0.12301891297101974
784.129662,1788180379.999168,892853,87,1,1,-18.812286376953125,2.3001883029937744,-2.9589903354644775,-0.010665174573659897,0.013755283318459988,-0.12281866371631622
784.598699,1788180380.468205,893353,115,1,1,-18.84050178527832,2.2975656986236572,-2.9943838119506836,-0.01730910688638687,0.013025915250182152,-0.11770422011613846
785.096496,1788180380.966002,893856,144,1,1,-18.862287521362305,2.291163921356201,-3.0235955715179443,-0.01685589924454689,0.007450426928699017,-0.10991503298282623
785.626818,1788180381.496324,894353,172,1,1,-18.881298065185547,2.2876203060150146,-3.039003849029541,-0.01726384088397026,0.008152246475219727,-0.1009124219417572
786.142697,1788180382.012203,894853,201,1,1,-18.902158737182617,2.274329662322998,-3.038079023361206,-0.019705066457390785,0.0029268101789057255,-0.09055788069963455
786.672043,1788180382.541549,895353,229,1,1,-18.928861618041992,2.256089448928833,-3.0266435146331787,-0.023162852972745895,-0.0022052486892789602,-0.07578404247760773
787.123316,1788180382.992822,895853,2,1,1,-18.95073699951172,2.2294559478759766,-3.026021718978882,-0.023360492661595345,-0.011018593795597553,-0.06528522074222565
787.588425,1788180383.457931,896353,30,1,1,-18.97041130065918,2.1932599544525146,-3.0235774517059326,-0.021023325622081757,-0.02189210057258606,-0.05741129070520401
788.166380,1788180384.035886,896856,59,1,1,-18.998016357421875,2.1487808227539062,-3.020723819732666,-0.026136349886655807,-0.03449418395757675,-0.05217335373163223
788.619403,1788180384.488909,897353,87,1,1,-19.028615951538086,2.1080281734466553,-3.0117104053497314,-0.031433042138814926,-0.04158369079232216,-0.044413842260837555
789.151318,1788180385.020824,897853,116,1,1,-19.06048011779785,2.072248697280884,-2.999774217605591,-0.03382086381316185,-0.04330604895949364,-0.039850737899541855
789.647845,1788180385.517351,898353,144,1,1,-19.0898380279541,2.0389058589935303,-2.977851629257202,-0.034447938203811646,-0.04318923503160477,-0.03208911418914795
790.133380,1788180386.002886,898857,174,1,1,-19.11236572265625,2.000868797302246,-2.9626574516296387,-0.03202987089753151,-0.0461939200758934,-0.026524152606725693
790.615539,1788180386.485045,899353,202,1,1,-19.134002685546875,1.960050344467163,-2.9521901607513428,-0.029452849179506302,-0.05077536776661873,-0.02075040712952614
791.149556,1788180387.019062,899853,231,1,1,-19.16265106201172,1.9205920696258545,-2.9326841831207275,-0.029328348115086555,-0.052411921322345734,-0.01482575386762619
791.666321,1788180387.535827,900353,4,1,1,-19.179834365844727,1.8889416456222534,-2.9074082374572754,-0.023095058277249336,-0.04889731854200363,-0.00962404627352953
792.181239,1788180388.050745,900853,33,1,1,-19.195558547973633,1.8555699586868286,-2.9001412391662598,-0.017057595774531364,-0.04846050217747688,-0.00784898642450571
792.695916,1788180388.565422,901353,61,1,1,-19.216552734375,1.8285712003707886,-2.8888494968414307,-0.016016818583011627,-0.043039508163928986,-0.002950116293504834
793.113906,1788180388.983412,901853,90,1,1,-19.23411750793457,1.7927523851394653,-2.873405933380127,-0.012791101820766926,-0.04539864510297775,-0.0015359502285718918
793.694894,1788180389.564400,902353,118,1,1,-19.25977897644043,1.759552240371704,-2.859941244125366,-0.01586948148906231,-0.041544463485479355,0.0020320683252066374
794.083531,1788180389.953037,902853,147,1,1,-19.289363861083984,1.7212640047073364,-2.8484737873077393,-0.021615788340568542,-0.042814720422029495,0.00418637041002512
794.646939,1788180390.516445,903353,175,1,1,-19.304529190063477,1.6930443048477173,-2.8476598262786865,-0.01623980514705181,-0.037470247596502304,0.006249141879379749
795.179502,1788180391.049008,903857,204,1,1,-19.315650939941406,1.6633176803588867,-2.846383810043335,-0.010197654366493225,-0.033478282392024994,0.008228419348597527
795.680014,1788180391.549520,904356,232,1,1,-19.325714111328125,1.6406692266464233,-2.8455471992492676,-0.006438434589654207,-0.024917565286159515,0.0069205183535814285
796.119964,1788180391.989470,904856,5,1,1,-19.337827682495117,1.6202698945999146,-2.8403239250183105,-0.005276640877127647,-0.019092101603746414,0.009459905326366425
796.682069,1788180392.551575,905353,33,1,1,-19.338598251342773,1.5930806398391724,-2.824767589569092,0.0035863923840224743,-0.016523562371730804,0.013232320547103882
797.228425,1788180393.097931,905856,62,1,1,-19.342876434326172,1.5725047588348389,-2.809389114379883,0.006305246613919735,-0.010212996043264866,0.015915436670184135
797.635042,1788180393.504548,906356,90,1,1,-19.36017608642578,1.5531790256500244,-2.799445867538452,0.00427356967702508,-0.006355632562190294,0.013801521621644497
798.180781,1788180394.050287,906853,119,1,1,-19.382923126220703,1.539089322090149,-2.790778875350952,-0.0010777724673971534,-0.0025781698059290648,0.01489214040338993
798.679591,1788180394.549097,907353,147,1,1,-19.412811279296875,1.5150455236434937,-2.790771484375,-0.006759660318493843,-0.00572612602263689,0.012389644980430603
799.084372,1788180394.953878,907853,176,1,1,-19.443403244018555,1.4864426851272583,-2.7878506183624268,-0.01088943611830473,-0.011276431381702423,0.011666418984532356
799.674310,1788180395.543816,908356,204,1,1,-19.4862003326416,1.4637669324874878,-2.7749903202056885,-0.02095799520611763,-0.01332706306129694,0.014055725187063217
800.129708,1788180395.999214,908853,233,1,1,-19.53029441833496,1.4350768327713013,-2.7757158279418945,-0.02889706753194332,-0.01873732917010784,0.010584664531052113
800.631302,1788180396.500808,909356,8,1,1,-19.58159065246582,1.405868649482727,-2.782142400741577,-0.0355650931596756,-0.024167776107788086,0.0033165556378662586
801.155377,1788180397.024883,909856,38,1,1,-19.62921142578125,1.3885308504104614,-2.7871599197387695,-0.041537266224622726,-0.02116962894797325,-0.002331108320504427
801.625539,1788180397.495045,910353,67,1,1,-19.677431106567383,1.373429775238037,-2.780580520629883,-0.04943808168172836,-0.01994580589234829,-0.0009771137265488505
802.084831,1788180397.954337,910853,96,1,1,-19.7120361328125,1.360427975654602,-2.7755675315856934,-0.04469577223062515,-0.017248433083295822,0.0002929345064330846
802.594759,1788180398.464265,911353,124,1,1,-19.74521255493164,1.3441250324249268,-2.7787349224090576,-0.04244546592235565,-0.021030768752098083,-0.003816876094788313
803.122442,1788180398.991948,911853,153,1,1,-19.783889770507812,1.3367104530334473,-2.7827823162078857,-0.04337039217352867,-0.016277404502034187,-0.005979080218821764
803.683590,1788180399.553096,912353,181,1,1,-19.814586639404297,1.3497852087020874,-2.7779102325439453,-0.040428828448057175,-0.001739450148306787,-0.005015002563595772
804.151985,1788180400.021491,912854,210,1,1,-19.847997665405273,1.3649572134017944,-2.7696125507354736,-0.03977962210774422,0.008046337403357029,-0.0035816424060612917
804.619164,1788180400.488670,913353,238,1,1,-19.878582000732422,1.378905177116394,-2.7666425704956055,-0.037537604570388794,0.016940155997872353,-0.0041494546458125114
805.121057,1788180400.990563,913853,11,1,1,-19.910364151000977,1.391027808189392,-2.7601425647735596,-0.03375406563282013,0.021837927401065826,-0.0023907602299004793
805.650666,1788180401.520172,914356,39,1,1,-19.94037628173828,1.3890438079833984,-2.7435433864593506,-0.030300192534923553,0.01988399587571621,0.002241242676973343
806.117798,1788180401.987304,914856,68,1,1,-19.969572067260742,1.3846932649612427,-2.732135772705078,-0.025227690115571022,0.017334626987576485,0.004008361138403416
806.680029,1788180402.549535,915356,96,1,1,-20.003196716308594,1.3827561140060425,-2.7272136211395264,-0.024129509925842285,0.01774950511753559,0.003047419246286154
807.146070,1788180403.015576,915853,125,1,1,-20.04416275024414,1.3847155570983887,-2.7239108085632324,-0.030522258952260017,0.019253849983215332,0.002185611054301262
807.644816,1788180403.514322,916353,153,1,1,-20.071552276611328,1.3865619897842407,-2.70249080657959,-0.025122128427028656,0.01991633139550686,0.007243729196488857
808.179200,1788180404.048706,916856,182,1,1,-20.095006942749023,1.383060336112976,-2.7014033794403076,-0.02062815986573696,0.018025977537035942,0.009101292118430138
808.645409,1788180404.514915,917354,210,1,1,-20.120105743408203,1.3759757280349731,-2.6976988315582275,-0.020917419344186783,0.014883281663060188,0.010173178277909756
809.100175,1788180404.969681,917856,239,1,1,-20.138959884643555,1.3554798364639282,-2.696601152420044,-0.018305359408259392,0.005482749547809362,0.010506438091397285
809.727111,1788180405.596617,918353,11,1,1,-20.1472110748291,1.3336493968963623,-2.6979284286499023,-0.010693061165511608,-0.0038150944747030735,0.009634268470108509
810.114833,1788180405.984339,918853,40,1,1,-20.15517807006836,1.321639060974121,-2.6963276863098145,-0.00624866085126996,-0.005151025019586086,0.007881401106715202
810.599319,1788180406.468825,919353,68,1,1,-20.16123390197754,1.315751314163208,-2.701153516769409,-0.0012959879823029041,-0.004518663976341486,0.006759454030543566
811.175742,1788180407.045248,919856,97,1,1,-20.169368743896484,1.3048129081726074,-2.70409893989563,0.0012063141912221909,-0.00868229754269123,0.006724917329847813
811.643071,1788180407.512577,920356,126,1,1,-20.16983985900879,1.300855278968811,-2.694718837738037,0.007813353091478348,-0.007947593927383423,0.009447192773222923
812.093748,1788180407.963254,920853,155,1,1,-20.17426109313965,1.3001242876052856,-2.696401834487915,0.00862329825758934,-0.004951223265379667,0.00979617703706026
812.671205,1788180408.540711,921358,183,1,1,-20.18693733215332,1.3065329790115356,-2.692866563796997,0.0039739967323839664,0.001429575844667852,0.009593257680535316
813.119057,1788180408.988563,921853,212,1,1,-20.193750381469727,1.308843731880188,-2.6949896812438965,0.00572172412648797,-1.2347096344456077e-05,0.00940534844994545
813.590189,1788180409.459695,922353,240,1,1,-20.2041072845459,1.3122395277023315,-2.6941304206848145,0.0036301263608038425,0.0016171367606148124,0.009898030199110508
814.089328,1788180409.958834,922856,13,1,1,-20.216421127319336,1.3100273609161377,-2.6994235515594482,-0.0005553331575356424,-0.001532287453301251,0.00845003966242075
814.634170,1788180410.503676,923353,41,1,1,-20.225034713745117,1.3105552196502686,-2.6953206062316895,-0.0006783291464671493,-0.0024515376426279545,0.00384536269120872
815.085797,1788180410.955303,923853,70,1,1,-20.233280181884766,1.318963885307312,-2.6974923610687256,-0.000756134104449302,0.0008796732290647924,0.0021833046339452267
815.647835,1788180411.517341,924357,98,1,1,-20.232704162597656,1.3309035301208496,-2.703617811203003,0.0028141126967966557,0.000281419197563082,1.589439852978103e-05
816.116162,1788180411.985668,924856,127,1,1,-20.242769241333008,1.3419907093048096,-2.7063474655151367,-0.00035916795604862273,-0.0002898738603107631,-0.0005943093565292656
816.630300,1788180412.499806,925357,155,1,1,-20.253244400024414,1.3545677661895752,-2.715538501739502,-0.003452988574281335,0.0008593887323513627,-0.002775750355795026
817.158390,1788180413.027896,925853,184,1,1,-20.257661819458008,1.3816537857055664,-2.712601661682129,0.0003265453560743481,0.010422082617878914,-0.0015557246515527368
817.623300,1788180413.492806,926357,212,1,1,-20.25752067565918,1.4171128273010254,-2.713690996170044,0.005386966746300459,0.02099035307765007,-0.0015070200897753239
818.187017,1788180414.056523,926856,241,1,1,-20.26506805419922,1.4470818042755127,-2.714996099472046,0.004697659518569708,0.026498818770051003,0.0007584583945572376
818.669296,1788180414.538802,927353,13,1,1,-20.27120590209961,1.4710943698883057,-2.7162559032440186,0.0022490660194307566,0.026067934930324554,-0.00018583722703624517
819.105362,1788180414.974868,927853,42,1,1,-20.28166961669922,1.4893836975097656,-2.718018054962158,-0.0031211262103170156,0.024208176881074905,-0.00023330101976171136
819.730159,1788180415.599665,928353,70,1,1,-20.293071746826172,1.5090528726577759,-2.725245475769043,-0.00853932835161686,0.02576601691544056,-0.002050902461633086
820.105853,1788180415.975359,928853,99,1,1,-20.298404693603516,1.5202338695526123,-2.741027355194092,-0.006029709707945585,0.01993698813021183,-0.007958726957440376
820.604459,1788180416.473965,929357,127,1,1,-20.28974151611328,1.5300812721252441,-2.7347352504730225,0.0036612339317798615,0.016542306169867516,-0.005521410144865513
821.119778,1788180416.989284,929856,157,1,1,-20.284061431884766,1.5378857851028442,-2.7231972217559814,0.005967501550912857,0.012478402815759182,0.00010408942034700885
821.634014,1788180417.503520,930353,186,1,1,-20.282367706298828,1.5347076654434204,-2.734053373336792,0.004752748645842075,0.003268777159973979,-0.003886779071763158
822.102322,1788180417.971828,930853,215,1,1,-20.272174835205078,1.5320947170257568,-2.7403383255004883,0.00965302437543869,-0.0004784195916727185,-0.004302054177969694
822.602870,1788180418.472376,931353,243,1,1,-20.265531539916992,1.5331168174743652,-2.741670846939087,0.011759175918996334,0.0008510476327501237,-0.0019171647727489471
823.137547,1788180419.007053,931858,16,1,1,-20.2587833404541,1.52567720413208,-2.7470741271972656,0.010654665529727936,-0.006047893315553665,-0.0008046063012443483
823.586073,1788180419.455579,932353,44,1,1,-20.24884796142578,1.522895336151123,-2.74910831451416,0.013488300144672394,-0.006995540577918291,0.0003551968839019537
824.174550,1788180420.044056,932853,73,1,1,-20.23621940612793,1.5103771686553955,-2.757249116897583,0.015234580263495445,-0.015202529728412628,-0.0005630723899230361
824.627888,1788180420.497394,933353,101,1,1,-20.22241973876953,1.495524525642395,-2.758826732635498,0.014423685148358345,-0.02183089777827263,-0.0022170681040734053
825.098993,1788180420.968499,933856,130,1,1,-20.20921516418457,1.4904546737670898,-2.76853609085083,0.014368582516908646,-0.019942617043852806,-0.0034733391366899014
825.673742,1788180421.543248,934353,158,1,1,-20.192577362060547,1.4893683195114136,-2.769221782684326,0.014987923204898834,-0.016561679542064667,-0.004095207434147596
826.202773,1788180422.072279,934856,187,1,1,-20.16883087158203,1.4849525690078735,-2.773017168045044,0.017383340746164322,-0.017093880102038383,-0.0059559219516813755
826.593973,1788180422.463479,935356,215,1,1,-20.1392879486084,1.4803045988082886,-2.7657418251037598,0.021216116845607758,-0.014909033663570881,-0.0014062150148674846
827.090760,1788180422.960266,935853,244,1,1,-20.11732292175293,1.4683834314346313,-2.7545721530914307,0.020998990163207054,-0.014249680563807487,0.0026121744886040688
827.622758,1788180423.492264,936356,16,1,1,-20.080259323120117,1.4357088804244995,-2.749401330947876,0.02670799195766449,-0.02405690960586071,0.00695420615375042
828.089704,1788180423.959210,936853,45,1,1,-20.03586196899414,1.3909879922866821,-2.7454123497009277,0.03351909667253494,-0.0331711620092392,0.006461884826421738
828.666756,1788180424.536262,937353,73,1,1,-19.98408317565918,1.3355242013931274,-2.7559404373168945,0.04192773625254631,-0.04087520390748978,0.0018729425501078367
829.120411,1788180424.989917,937856,102,1,1,-19.92782211303711,1.273451328277588,-2.7644994258880615,0.048880551010370255,-0.04929043725132942,9.064098412636667e-05
829.621052,1788180425.490558,938353,130,1,1,-19.876155853271484,1.2125637531280518,-2.7715017795562744,0.0540994293987751,-0.05644914507865906,-0.002497927751392126
830.155445,1788180426.024951,938853,159,1,1,-19.832983016967773,1.164093017578125,-2.7713193893432617,0.052835915237665176,-0.05821448937058449,-0.002027813345193863
830.607967,1788180426.477473,939358,187,1,1,-19.7923526763916,1.122166395187378,-2.7781052589416504,0.04993655905127525,-0.05606433376669884,-0.0022582097444683313
831.127046,1788180426.996552,939853,216,1,1,-19.753833770751953,1.0933148860931396,-2.782923698425293,0.04819786548614502,-0.04899964854121208,-0.0033674545120447874
831.643764,1788180427.513270,940356,245,1,1,-19.706491470336914,1.068537950515747,-2.780406951904297,0.04955882951617241,-0.04140700772404671,-0.004413875285536051
832.094919,1788180427.964425,940856,18,1,1,-19.659345626831055,1.0528078079223633,-2.77649188041687,0.050754278898239136,-0.031705062836408615,-2.8884933271910995e-05
832.738789,1788180428.608295,941353,46,1,1,-19.623336791992188,1.0364487171173096,-2.784609079360962,0.04383159428834915,-0.024505551904439926,-0.0016500495839864016
833.110327,1788180428.979833,941853,75,1,1,-19.58140754699707,1.0286442041397095,-2.7886133193969727,0.04186369106173515,-0.01130186952650547,0.0012961687752977014
833.642881,1788180429.512387,942353,103,1,1,-19.529794692993164,1.0164530277252197,-2.788884401321411,0.04214418679475784,-0.0048189968802034855,0.00397681025788188
834.189044,1788180430.058550,942853,132,1,1,-19.472904205322266,0.999287486076355,-2.782059669494629,0.047584906220436096,-0.0035472686868160963,0.004323753993958235
834.641783,1788180430.511289,943353,160,1,1,-19.408489227294922,0.9828318953514099,-2.778672218322754,0.05479257553815842,-0.0020973787177354097,0.004769559018313885
835.108652,1788180430.978158,943853,189,1,1,-19.3551082611084,0.9641173481941223,-2.795933485031128,0.053576767444610596,-0.004027262330055237,-0.0012206920655444264
835.669208,1788180431.538714,944353,217,1,1,-19.305133819580078,0.9527460932731628,-2.8132686614990234,0.050149474292993546,-0.000662384380120784,-0.005394005682319403
836.139488,1788180432.008994,944853,246,1,1,-19.262168884277344,0.9536328911781311,-2.8292105197906494,0.043235037475824356,0.00578381959348917,-0.008185275830328465
836.590447,1788180432.459953,945356,18,1,1,-19.216367721557617,0.9460238218307495,-2.8528034687042236,0.04056407883763313,0.0034608326386660337,-0.016087878495454788
837.169035,1788180433.038541,945856,47,1,1,-19.162029266357422,0.9341368675231934,-2.8684089183807373,0.04428705945611,-0.0006057290593162179,-0.0180214736610651
837.638528,1788180433.508034,946353,75,1,1,-19.111366271972656,0.9222720265388489,-2.88549542427063,0.04447066783905029,-0.0024692793376743793,-0.02164062112569809
838.092293,1788180433.961799,946853,104,1,1,-19.054672241210938,0.9198747873306274,-2.8852152824401855,0.04973415285348892,0.0001954249310074374,-0.020888235419988632
838.683732,1788180434.553238,947353,132,1,1,-18.98410987854004,0.9229342937469482,-2.8822643756866455,0.05854162946343422,0.00624636048451066,-0.0165913924574852
839.244967,1788180435.114473,947856,164,1,1,-18.931699752807617,0.9307019710540771,-2.889793872833252,0.054012272506952286,0.012418986298143864,-0.01670738123357296
839.637932,1788180435.507438,948356,193,1,1,-18.888120651245117,0.9316776394844055,-2.897758960723877,0.046159084886312485,0.010705734603106976,-0.016441335901618004
840.167625,1788180436.037131,948854,222,1,1,-18.847810745239258,0.9265256524085999,-2.9142751693725586,0.03895431384444237,0.005945544224232435,-0.019262099638581276
840.622538,1788180436.492044,949353,250,1,1,-18.80948829650879,0.9239794611930847,-2.933396100997925,0.032741039991378784,0.003872124943882227,-0.021404046565294266
841.088514,1788180436.958020,949853,23,1,1,-18.766231536865234,0.9257343411445618,-2.936751127243042,0.03242196887731552,0.0024157813750207424,-0.017620224505662918
841.695992,1788180437.565498,950356,52,1,1,-18.715909957885742,0.9303834438323975,-2.9367709159851074,0.03476039692759514,0.0054579367861151695,-0.01425371877849102
842.118569,1788180437.988075,950856,81,1,1,-18.660938262939453,0.9263383150100708,-2.9437568187713623,0.03801916912198067,0.0015376565279439092,-0.012787917628884315
842.712171,1788180438.581677,951356,109,1,1,-18.61170768737793,0.9212549924850464,-2.9575533866882324,0.035285092890262604,0.0021959536243230104,-0.01437365636229515
843.148784,1788180439.018290,951853,138,1,1,-18.562482833862305,0.9156940579414368,-2.965341091156006,0.03419220820069313,0.0009124805219471455,-0.01711234264075756
843.619297,1788180439.488803,952353,166,1,1,-18.480941772460938,0.881912112236023,-2.9584319591522217,0.04624437540769577,-0.013782472349703312,-0.016358571127057076
844.120368,1788180439.989874,952853,195,1,1,-18.37830352783203,0.8337051272392273,-2.9474613666534424,0.06167322024703026,-0.02956593595445156,-0.00891776941716671
844.650395,1788180440.519901,953356,223,1,1,-18.24895668029785,0.7761276960372925,-2.9402196407318115,0.0839344784617424,-0.04180079326033592,-0.006293893791735172
845.102644,1788180440.972150,953857,252,1,1,-18.12370491027832,0.7220357060432434,-2.933274507522583,0.09882114082574844,-0.04968361184000969,-0.0006964934873394668
845.693134,1788180441.562640,954353,24,1,1,-18.005552291870117,0.660160481929779,-2.9240546226501465,0.10692983865737915,-0.062270570546388626,0.003498589154332876
846.147758,1788180442.017264,954853,53,1,1,-17.890727996826172,0.6068552732467651,-2.9182353019714355,0.11417371779680252,-0.06679464131593704,0.006590907461941242
846.599844,1788180442.469350,955353,81,1,1,-17.780616760253906,0.5653345584869385,-2.9180550575256348,0.11487406492233276,-0.06304848939180374,0.0054815527983009815
847.179693,1788180443.049199,955857,110,1,1,-17.67206573486328,0.5232283473014832,-2.918499231338501,0.11674941331148148,-0.06221964210271835,0.0048916153609752655
847.691063,1788180443.560569,956353,138,1,1,-17.57085418701172,0.48751845955848694,-2.9224436283111572,0.11415760964155197,-0.059918444603681564,0.0017500822432339191
848.095210,1788180443.964716,956853,167,1,1,-17.475887298583984,0.4508466124534607,-2.9303762912750244,0.10927686095237732,-0.059206824749708176,-0.005524877924472094
848.671276,1788180444.540782,957353,195,1,1,-17.396682739257812,0.4269293248653412,-2.9442734718322754,0.09599220007658005,-0.05047274008393288,-0.008777081966400146
849.140746,1788180445.010252,957853,224,1,1,-17.324403762817383,0.40619102120399475,-2.945643186569214,0.08500104397535324,-0.04542744532227516,-0.007279933430254459
849.592490,1788180445.461996,958353,252,1,1,-17.25448226928711,0.4014713764190674,-2.938493490219116,0.07561524212360382,-0.03217573091387749,-0.00429139519110322
850.142475,1788180446.011981,958853,25,1,1,-17.18195915222168,0.3988914489746094,-2.9314348697662354,0.07141220569610596,-0.022699590772390366,-0.005392536520957947
850.622596,1788180446.492102,959353,53,1,1,-17.125215530395508,0.40743690729141235,-2.9378461837768555,0.05741364136338234,-0.007947755046188831,-0.0066202855668962
851.167673,1788180447.037179,959853,82,1,1,-17.077594757080078,0.4128851294517517,-2.9529528617858887,0.0457274504005909,-0.0005694796564057469,-0.008834222331643105
851.589847,1788180447.459353,960356,111,1,1,-17.03595733642578,0.42441222071647644,-2.949225902557373,0.03362894058227539,0.006514539010822773,-0.010392957367002964
852.136687,1788180448.006193,960853,141,1,1,-16.99454116821289,0.44160810112953186,-2.9401681423187256,0.026462865993380547,0.01630612649023533,-0.0077365608885884285
852.636810,1788180448.506316,961353,169,1,1,-16.95064926147461,0.4597638249397278,-2.938626527786255,0.02246362715959549,0.021327776834368706,-0.009365815669298172
853.165755,1788180449.035261,961853,198,1,1,-16.913660049438477,0.4726412892341614,-2.949357748031616,0.015327168628573418,0.023718729615211487,-0.01242703478783369
853.662429,1788180449.531935,962354,226,1,1,-16.881990432739258,0.4899388253688812,-2.9437105655670166,0.006742138881236315,0.02854926697909832,-0.010063630528748035
854.083420,1788180449.952926,962853,255,1,1,-16.847938537597656,0.5045774579048157,-2.942521572113037,0.00350608816370368,0.029486361891031265,-0.010683724656701088
854.659624,1788180450.529130,963356,27,1,1,-16.811649322509766,0.5231963992118835,-2.9525723457336426,0.003885056125000119,0.03239044174551964,-0.011855008080601692
855.115027,1788180450.984533,963853,56,1,1,-16.776540756225586,0.5427179336547852,-2.9472577571868896,0.002810930833220482,0.034535542130470276,-0.007103309966623783
855.736565,1788180451.606071,964353,84,1,1,-16.73188591003418,0.5575077533721924,-2.9300222396850586,0.011090780608355999,0.03372182697057724,-0.0013133748434484005
856.109741,1788180451.979247,964853,113,1,1,-16.684484481811523,0.5718427896499634,-2.905088186264038,0.021196896210312843,0.03219664469361305,0.006274308077991009
856.615104,1788180452.484610,965356,141,1,1,-16.634353637695312,0.5829048752784729,-2.8856594562530518,0.029331885278224945,0.02835804596543312,0.00880014430731535
857.115409,1788180452.984915,965853,170,1,1,-16.60128402709961,0.5897901058197021,-2.8809309005737305,0.02527371421456337,0.025424722582101822,0.009173402562737465
857.646487,1788180453.515993,966353,198,1,1,-16.581436157226562,0.6063733696937561,-2.870812177658081,0.01782422885298729,0.029575465247035027,0.01068142056465149
858.101862,1788180453.971368,966853,227,1,1,-16.562881469726562,0.6220535635948181,-2.8653435707092285,0.014059565961360931,0.02875100076198578,0.009294243529438972
858.726631,1788180454.596137,967353,255,1,1,-16.547168731689453,0.6285147070884705,-2.8592915534973145,0.011081035248935223,0.02334814891219139,0.010251934640109539
859.073839,1788180454.943345,967853,28,1,1,-16.532190322875977,0.626549243927002,-2.8602137565612793,0.008940041996538639,0.014017421752214432,0.008882058784365654
859.648607,1788180455.518113,968353,56,1,1,-16.520172119140625,0.6265324354171753,-2.855968952178955,0.004755041096359491,0.006983377039432526,0.010903115384280682
860.195917,1788180456.065423,968856,85,1,1,-16.52378273010254,0.6324753165245056,-2.8575947284698486,-0.004893960896879435,0.003914296627044678,0.007372367195785046
860.648228,1788180456.517734,969353,113,1,1,-16.531021118164062,0.6412415504455566,-2.8663792610168457,-0.011984140612185001,0.0019541634246706963,0.004414964467287064
861.101834,1788180456.971340,969853,142,1,1,-16.535112380981445,0.6530861854553223,-2.8640687465667725,-0.015943164005875587,0.00036131104570813477,0.003984563983976841
861.786465,1788180457.655971,970356,171,1,1,-16.540851593017578,0.6653439998626709,-2.857062339782715,-0.01813950017094612,0.0001925115066114813,0.006855088286101818
862.132421,1788180458.001927,970856,200,1,1,-16.549148559570312,0.672699511051178,-2.8534176349639893,-0.020951103419065475,-0.0033034540247172117,0.008756979368627071
862.643494,1788180458.513000,971353,228,1,1,-16.568662643432617,0.6812996864318848,-2.859461545944214,-0.02861090376973152,-0.005246863234788179,0.005347707774490118
863.175188,1788180459.044694,971853,1,1,1,-16.581951141357422,0.6934970617294312,-2.8593835830688477,-0.027460942044854164,-0.003621566342189908,0.004999643191695213
863.673235,1788180459.542741,972353,29,1,1,-16.585412979125977,0.7135655879974365,-2.865940570831299,-0.02060481533408165,0.0005943359574303031,0.0056807189248502254
864.094741,1788180459.964247,972856,58,1,1,-16.587772369384766,0.740558922290802,-2.8656725883483887,-0.013729851692914963,0.006213636137545109,0.005827917717397213
864.624499,1788180460.494005,973356,86,1,1,-16.593791961669922,0.7818126082420349,-2.8599138259887695,-0.011328154243528843,0.01819062978029251,0.005586016923189163
865.121718,1788180460.991224,973856,115,1,1,-16.605852127075195,0.8221303224563599,-2.8597114086151123,-0.014080831781029701,0.025643127039074898,0.004165243357419968
865.636906,1788180461.506412,974353,143,1,1,-16.6047306060791,0.8605601191520691,-2.8598334789276123,-0.006013599224388599,0.03305931016802788,0.0032853703014552593
866.166157,1788180462.035663,974853,172,1,1,-16.601884841918945,0.8979026675224304,-2.8563761711120605,0.000887627131305635,0.03778630495071411,0.0034366720356047153
866.619822,1788180462.489328,975353,200,1,1,-16.607759475708008,0.9273000359535217,-2.8556127548217773,-0.0001192244963021949,0.03692001849412918,0.0014097961829975247
867.088227,1788180462.957733,975853,229,1,1,-16.620018005371094,0.9320514798164368,-2.8575572967529297,-0.004218423273414373,0.027706708759069443,-1.7364072846248746e-06
867.665664,1788180463.535170,976356,1,1,1,-16.629926681518555,0.9347882270812988,-2.8618721961975098,-0.006645223591476679,0.02126903273165226,0.001177031546831131
868.138126,1788180464.007632,976853,30,1,1,-16.63234519958496,0.9346607327461243,-2.8674731254577637,-0.0017912999028339982,0.014077386818826199,-0.001167820650152862
868.584646,1788180464.454152,977353,58,1,1,-16.624027252197266,0.9204455018043518,-2.8662002086639404,0.00716821476817131,0.0015866587636992335,-0.002705588238313794
869.116655,1788180464.986161,977858,87,1,1,-16.62455940246582,0.9064508080482483,-2.8600411415100098,0.006887468975037336,-0.008859201334416866,-0.0008815191104076803
869.613336,1788180465.482842,978356,115,1,1,-16.624069213867188,0.8906734585762024,-2.8652474880218506,0.008077750913798809,-0.016466232016682625,-0.0020549434702843428
870.194334,1788180466.063840,978857,144,1,1,-16.62185287475586,0.8705278635025024,-2.8619399070739746,0.012104322202503681,-0.025248749181628227,0.0006561721675097942
870.771181,1788180466.640687,979356,172,1,1,-16.619874954223633,0.8507654070854187,-2.8447134494781494,0.014638958498835564,-0.028816044330596924,0.005596279166638851
871.113971,1788180466.983477,979856,201,1,1,-16.616727828979492,0.8318396210670471,-2.843397855758667,0.015143197029829025,-0.03294062986969948,0.0034320808481425047
871.613373,1788180467.482879,980356,230,1,1,-16.623634338378906,0.8138437271118164,-2.8539109230041504,0.011530326679348946,-0.03557911515235901,0.0012456119293347
872.253059,1788180468.122565,980856,3,1,1,-16.618276596069336,0.7991154193878174,-2.853919267654419,0.017868991941213608,-0.035472575575113297,0.0014395861653611064
872.613321,1788180468.482827,981353,31,1,1,-16.624366760253906,0.7828510403633118,-2.8545572757720947,0.012290602549910545,-0.03829998895525932,0.0022317080292850733
873.189311,1788180469.058817,981853,60,1,1,-16.62820053100586,0.753131628036499,-2.848975419998169,0.009448720142245293,-0.04314137250185013,0.002857678569853306
873.639198,1788180469.508704,982353,88,1,1,-16.64280128479004,0.7189116477966309,-2.8580985069274902,0.0006757086957804859,-0.0480395145714283,0.0004797885485459119
874.102879,1788180469.972385,982853,117,1,1,-16.647005081176758,0.6808540225028992,-2.876077651977539,0.0005388357094489038,-0.05149225518107414,-0.0017942817648872733
874.681195,1788180470.550701,983356,145,1,1,-16.648069381713867,0.6465843915939331,-2.890775203704834,0.0015260992804542184,-0.05191563442349434,-0.00471239909529686
875.117376,1788180470.986882,983853,174,1,1,-16.63575553894043,0.6200100183486938,-2.8964359760284424,0.012268126010894775,-0.04843667149543762,-0.006471659056842327
875.600106,1788180471.469612,984356,202,1,1,-16.632247924804688,0.5852190256118774,-2.8852176666259766,0.01312535721808672,-0.05056213587522507,-0.001920604845508933
876.099541,1788180471.969047,984853,231,1,1,-16.633365631103516,0.5682557225227356,-2.879239797592163,0.01344413124024868,-0.04178227484226227,0.0016980452928692102
876.677813,1788180472.547319,985353,3,1,1,-16.650856018066406,0.5492706894874573,-2.8736960887908936,0.002896416001021862,-0.036336302757263184,0.0032469485886394978
877.083674,1788180472.953180,985856,35,1,1,-16.66532325744629,0.5434138774871826,-2.8710203170776367,-0.003891544882208109,-0.02485782653093338,0.004661327227950096
877.674631,1788180473.544137,986356,63,1,1,-16.671222686767578,0.5258449912071228,-2.8750972747802734,-0.0018652569269761443,-0.022574925795197487,0.0027331262826919556
878.092467,1788180473.961973,986857,92,1,1,-16.680315017700195,0.5128904581069946,-2.86161470413208,-0.0026948065496981144,-0.01585448533296585,0.009623878635466099
878.593174,1788180474.462680,987353,120,1,1,-16.694480895996094,0.5011680722236633,-2.854034423828125,-0.006329928524792194,-0.009933173656463623,0.01203840970993042
879.153982,1788180475.023488,987853,150,1,1,-16.713058471679688,0.5001702308654785,-2.8399157524108887,-0.010641847737133503,-0.0002475168730597943,0.013167205266654491
879.678980,1788180475.548486,988356,179,1,1,-16.729772567749023,0.5006070733070374,-2.832442045211792,-0.011496811173856258,0.009061546064913273,0.0177508145570755
880.087844,1788180475.957350,988856,208,1,1,-16.74980926513672,0.4843721389770508,-2.8341283798217773,-0.013960098847746849,0.003979890141636133,0.016799993813037872
880.619139,1788180476.488645,989356,236,1,1,-16.776599884033203,0.46465641260147095,-2.8452489376068115,-0.01786831021308899,-0.0011729144025593996,0.014649327844381332
881.122921,1788180476.992427,989853,9,1,1,-16.79309844970703,0.45534276962280273,-2.845926284790039,-0.01269372645765543,0.002233345527201891,0.014408365823328495
881.623195,1788180477.492701,990356,38,1,1,-16.822031021118164,0.4332074224948883,-2.860809564590454,-0.017602628096938133,-0.0046235136687755585,0.00990974809974432
882.155770,1788180478.025276,990856,67,1,1,-16.8546199798584,0.40379756689071655,-2.8771324157714844,-0.022822216153144836,-0.012619810178875923,0.005503227934241295
882.624581,1788180478.494087,991356,95,1,1,-16.876073837280273,0.38020631670951843,-2.8837549686431885,-0.018027011305093765,-0.016098054125905037,0.003657361026853323
883.072046,1788180478.941552,991856,125,1,1,-16.90599250793457,0.365872859954834,-2.8848559856414795,-0.021783310920000076,-0.015307762660086155,0.001503155566751957
883.664423,1788180479.533929,992353,153,1,1,-16.93442153930664,0.3633323311805725,-2.8804140090942383,-0.020138323307037354,-0.009942125529050827,0.003789371345192194
884.115791,1788180479.985297,992857,182,1,1,-16.964916229248047,0.36138758063316345,-2.8944122791290283,-0.021262435242533684,-0.008577079512178898,-0.0009925311896950006
884.692900,1788180480.562406,993358,210,1,1,-17.013351440429688,0.36898210644721985,-2.912466526031494,-0.03062816895544529,-0.0027801382821053267,-0.00624054204672575
885.164807,1788180481.034313,993853,239,1,1,-17.051719665527344,0.3951095640659332,-2.9224421977996826,-0.028986215591430664,0.01108529418706894,-0.008827573619782925
885.608861,1788180481.478367,994353,11,1,1,-17.093883514404297,0.43650633096694946,-2.9300360679626465,-0.02988654002547264,0.024633485823869705,-0.009791352786123753
886.071426,1788180481.940932,994853,40,1,1,-17.14520835876465,0.469978004693985,-2.94651198387146,-0.035458214581012726,0.02815292775630951,-0.014706104062497616
886.582532,1788180482.452038,995356,68,1,1,-17.194181442260742,0.5055735111236572,-2.9733757972717285,-0.03516111150383949,0.03263449668884277,-0.02069445326924324
887.110690,1788180482.980196,995858,97,1,1,-17.24742889404297,0.5545337200164795,-2.982266664505005,-0.04035332426428795,0.04508662596344948,-0.01804387755692005
887.687438,1788180483.556944,996353,125,1,1,-17.30598258972168,0.595175564289093,-2.9936816692352295,-0.04552949592471123,0.047629911452531815,-0.021175388246774673
888.141645,1788180484.011151,996856,154,1,1,-17.355915069580078,0.6224883198738098,-2.999464273452759,-0.04609791561961174,0.04120705649256706,-0.01862647570669651
888.658080,1788180484.527586,997353,182,1,1,-17.39763641357422,0.6550824046134949,-3.002687692642212,-0.041543833911418915,0.04058847576379776,-0.017466362565755844
889.187571,1788180485.057077,997856,211,1,1,-17.43754005432129,0.6848978400230408,-3.0018842220306396,-0.03683050721883774,0.04091072455048561,-0.016172800213098526
889.637082,1788180485.506588,998356,239,1,1,-17.48934555053711,0.7059944272041321,-3.008706569671631,-0.040407028049230576,0.03550000116229057,-0.013885249383747578
890.107740,1788180485.977246,998856,12,1,1,-17.5339412689209,0.7123554944992065,-3.014582395553589,-0.03754130005836487,0.025095771998167038,-0.012126895599067211
890.667841,1788180486.537347,999356,40,1,1,-17.559247970581055,0.7157019972801208,-3.015714645385742,-0.02625393681228161,0.01769363321363926,-0.010283811949193478
891.133660,1788180487.003166,999853,69,1,1,-17.58172035217285,0.7152926921844482,-3.017138719558716,-0.017433639615774155,0.01079754438251257,-0.009672954678535461
891.641380,1788180487.510886,1000353,98,1,1,-17.608049392700195,0.710857093334198,-3.0258841514587402,-0.01483024563640356,0.003187549067661166,-0.01033816672861576
892.179343,1788180488.048849,1000853,127,1,1,-17.63471794128418,0.706853449344635,-3.0349183082580566,-0.011109828017652035,-0.0022992289159446955,-0.010990504175424576
892.633691,1788180488.503197,1001353,155,1,1,-17.660757064819336,0.7010855674743652,-3.0255000591278076,-0.008771429769694805,-0.007244963198900223,-0.008311118930578232
893.094655,1788180488.964161,1001853,184,1,1,-17.681987762451172,0.6974076628684998,-3.018770933151245,-0.004104649182409048,-0.011956896632909775,-0.006587652023881674
893.661894,1788180489.531400,1002356,212,1,1,-17.702831268310547,0.7092390060424805,-3.0196635723114014,-0.0006970416870899498,-0.00600088108330965,-0.007120240014046431
894.114649,1788180489.984155,1002853,241,1,1,-17.717792510986328,0.7237463593482971,-3.0165278911590576,0.006760270334780216,-0.00010860471229534596,-0.0032015310134738684
894.650103,1788180490.519609,1003353,13,1,1,-17.739728927612305,0.7394475340843201,-3.0155680179595947,0.007858148775994778,0.0042742229998111725,-0.00311510032042861
895.165640,1788180491.035146,1003856,42,1,1,-17.775497436523438,0.7417853474617004,-3.0267996788024902,-0.0009907009080052376,-0.002311160322278738,-0.005189178511500359
895.665948,1788180491.535454,1004356,70,1,1,-17.807390213012695,0.7467877268791199,-3.0414719581604004,-0.005956049542874098,-0.006069198716431856,-0.010297490283846855
896.087241,1788180491.956747,1004858,99,1,1,-17.83587646484375,0.7527522444725037,-3.052225112915039,-0.009008007124066353,-0.009242010302841663,-0.012252150103449821
896.696708,1788180492.566214,1005356,127,1,1,-17.858396530151367,0.7656455039978027,-3.0573582649230957,-0.007423414383083582,-0.00901327095925808,-0.011410742998123169
897.073837,1788180492.943343,1005853,156,1,1,-17.881898880004883,0.7705090641975403,-3.062973737716675,-0.008927179500460625,-0.011360847391188145,-0.008991319686174393
897.571965,1788180493.441471,1006361,184,1,1,-17.90296745300293,0.7909752726554871,-3.073701858520508,-0.008675295859575272,-0.0028377941343933344,-0.011322147212922573
898.103535,1788180493.973041,1006856,213,1,1,-17.919700622558594,0.8134145736694336,-3.0779128074645996,-0.007509148679673672,0.0034475757274776697,-0.009648915380239487
898.621249,1788180494.490755,1007353,241,1,1,-17.943761825561523,0.8330363631248474,-3.0807905197143555,-0.010638605803251266,0.0063017881475389,-0.009557857178151608
899.182927,1788180495.052433,1007853,14,1,1,-17.9697265625,0.8509760499000549,-3.0827713012695312,-0.015965327620506287,0.008286405354738235,-0.010626877658069134
899.649661,1788180495.519167,1008353,42,1,1,-17.994285583496094,0.8622740507125854,-3.089559316635132,-0.01573316939175129,0.003355416702106595,-0.011466965079307556
900.120337,1788180495.989843,1008856,71,1,1,-18.02353858947754,0.8677325248718262,-3.073033571243286,-0.020255638286471367,-0.0028190696612000465,-0.004428604152053595
900.692747,1788180496.562253,1009358,99,1,1,-18.045942306518555,0.884667694568634,-3.0550668239593506,-0.019007742404937744,0.0014918717788532376,0.0011559552513062954
901.068672,1788180496.938178,1009853,128,1,1,-18.044721603393555,0.9042960405349731,-3.030377149581909,-0.0034607460256665945,0.00749261025339365,0.008295498788356781
901.617593,1788180497.487099,1010353,157,1,1,-18.062955856323242,0.9203869104385376,-3.0209226608276367,-0.004071393515914679,0.008931002579629421,0.00786633137613535
902.216541,1788180498.086047,1010853,186,1,1,-18.08302879333496,0.9304928183555603,-3.006465196609497,-0.0042700390331447124,0.006091884337365627,0.012993342243134975
902.689093,1788180498.558599,1011353,214,1,1,-18.08173179626465,0.9437947273254395,-2.9832022190093994,0.008867391385138035,0.006267462391406298,0.01847887597978115
903.128723,1788180498.998229,1011853,243,1,1,-18.0911865234375,0.9662652611732483,-2.9713029861450195,0.009592304937541485,0.01113617792725563,0.02159484662115574
903.599325,1788180499.468831,1012353,15,1,1,-18.104129791259766,0.9857468605041504,-2.9709348678588867,0.009676664136350155,0.015549745410680771,0.02092246524989605
904.142408,1788180500.011914,1012853,44,1,1,-18.121109008789062,1.006419062614441,-2.9813685417175293,0.008176581002771854,0.016828572377562523,0.01707320287823677
904.778199,1788180500.647705,1013353,72,1,1,-18.13930892944336,1.0252728462219238,-2.9833247661590576,0.0073995040729641914,0.016543539240956306,0.0160529688000679
905.173973,1788180501.043479,1013856,101,1,1,-18.141826629638672,1.0583195686340332,-2.9665415287017822,0.0150724733248353,0.028011934831738472,0.02232690341770649
905.670310,1788180501.539816,1014353,129,1,1,-18.15789794921875,1.0786707401275635,-2.956693649291992,0.013222853653132915,0.02654588781297207,0.02262326143682003
906.096668,1788180501.966174,1014853,158,1,1,-18.174720764160156,1.0951802730560303,-2.9641337394714355,0.011172976344823837,0.02283814735710621,0.019435307011008263
906.672654,1788180502.542160,1015353,186,1,1,-18.189495086669922,1.1140865087509155,-2.963832378387451,0.012845764867961407,0.02282893657684326,0.01910673826932907
907.079940,1788180502.949446,1015858,215,1,1,-18.237592697143555,1.1384259462356567,-2.9626922607421875,-0.007250224705785513,0.02656916156411171,0.018874624744057655
907.627505,1788180503.497011,1016353,243,1,1,-18.278108596801758,1.1565744876861572,-2.977203369140625,-0.0163064356893301,0.024402659386396408,0.011105860583484173
908.156423,1788180504.025929,1016858,16,1,1,-18.324817657470703,1.1688510179519653,-2.989508628845215,-0.028111079707741737,0.019509943202137947,0.00417032977566123
908.607245,1788180504.476751,1017353,44,1,1,-18.368349075317383,1.1683987379074097,-3.0076184272766113,-0.03621715307235718,0.008971729315817356,-0.000528905016835779
909.072226,1788180504.941732,1017856,73,1,1,-18.407474517822266,1.1545082330703735,-3.0254039764404297,-0.042907871305942535,-0.0056500560604035854,-0.010286211036145687
909.597230,1788180505.466736,1018357,101,1,1,-18.440532684326172,1.1458969116210938,-3.0428194999694824,-0.04675472155213356,-0.012802115641534328,-0.014765538275241852
910.225120,1788180506.094626,1018853,130,1,1,-18.451171875,1.1415166854858398,-3.03629207611084,-0.03847022354602814,-0.014461138285696507,-0.011713721789419651
910.694167,1788180506.563673,1019356,158,1,1,-18.46160888671875,1.1255778074264526,-3.0335536003112793,-0.03359392657876015,-0.02182246930897236,-0.008539222180843353
911.143159,1788180507.012665,1019853,187,1,1,-18.474214553833008,1.0915271043777466,-3.0293526649475098,-0.03236410766839981,-0.037742167711257935,-0.006698558572679758
911.657392,1788180507.526898,1020353,216,1,1,-18.48153305053711,1.041965126991272,-3.033501625061035,-0.029566308483481407,-0.054803017526865005,-0.007195136044174433
912.189472,1788180508.058978,1020856,245,1,1,-18.470666885375977,0.984559953212738,-3.047426462173462,-0.014828430488705635,-0.06978680938482285,-0.012915482744574547
912.643908,1788180508.513414,1021353,17,1,1,-18.465633392333984,0.9369567632675171,-3.0541186332702637,-0.010336053557693958,-0.07297345995903015,-0.012432003393769264
913.114207,1788180508.983713,1021856,46,1,1,-18.46881103515625,0.911994993686676,-3.0398404598236084,-0.00866114255040884,-0.06265561282634735,-0.005931439343839884
913.674304,1788180509.543810,1022353,74,1,1,-18.463794708251953,0.8894932866096497,-3.033639907836914,0.0034279704559594393,-0.05442006140947342,-0.006905284244567156
914.065030,1788180509.934536,1022857,104,1,1,-18.45929527282715,0.8566858768463135,-3.0194389820098877,0.010749315842986107,-0.05455153062939644,-0.002105631399899721
914.765778,1788180510.635284,1023358,132,1,1,-18.461795806884766,0.8347533941268921,-3.0136098861694336,0.01281379908323288,-0.04713141545653343,0.00020154405501671135
915.140502,1788180511.010008,1023856,164,1,1,-18.48109245300293,0.8231424689292908,-3.0158543586730957,0.006714025977998972,-0.03751293197274208,0.0005769379204139113
915.639880,1788180511.509386,1024356,192,1,1,-18.488929748535156,0.8036615252494812,-3.029329538345337,0.012790587730705738,-0.03346804901957512,-0.001872325548902154
916.106286,1788180511.975792,1024853,221,1,1,-18.50914192199707,0.7862547636032104,-3.0398612022399902,0.005315989721566439,-0.029487961903214455,-0.004501761868596077
916.714494,1788180512.584000,1025358,249,1,1,-18.5288028717041,0.7608739137649536,-3.034797191619873,0.0009717671782709658,-0.02817320078611374,-0.004292955622076988
917.071782,1788180512.941288,1025853,23,1,1,-18.52474021911621,0.7231951951980591,-3.046475648880005,0.007355596870183945,-0.0332803800702095,-0.006783503573387861
917.585445,1788180513.454951,1026356,51,1,1,-18.506000518798828,0.6839935183525085,-3.0645086765289307,0.01415256503969431,-0.03413292020559311,-0.01251012273132801
918.176928,1788180514.046434,1026853,80,1,1,-18.475860595703125,0.6438698768615723,-3.070079803466797,0.02292771078646183,-0.036236584186553955,-0.012834405526518822
918.595735,1788180514.465241,1027353,108,1,1,-18.423473358154297,0.6014155745506287,-3.0707461833953857,0.04186839237809181,-0.03977516293525696,-0.011584402993321419
919.095725,1788180514.965231,1027853,138,1,1,-18.3749942779541,0.559868574142456,-3.0641942024230957,0.051405150443315506,-0.0401889905333519,-0.009484410285949707
919.657399,1788180515.526905,1028353,166,1,1,-18.326025009155273,0.507469117641449,-3.0520308017730713,0.05696406587958336,-0.047630731016397476,-0.006382536143064499
920.124846,1788180515.994352,1028853,195,1,1,-18.2797794342041,0.464760422706604,-3.0431413650512695,0.06039269268512726,-0.045464955270290375,-0.0027627896051853895
920.578482,1788180516.447988,1029353,223,1,1,-18.22861099243164,0.42425966262817383,-3.051283359527588,0.06281112879514694,-0.043214261531829834,-0.0032096237409859896
921.125691,1788180516.995197,1029853,254,1,1,-18.182086944580078,0.3768032193183899,-3.0718863010406494,0.061831533908843994,-0.04546758905053139,-0.008242367766797543
921.624428,1788180517.493934,1030353,27,1,1,-18.13603973388672,0.31981030106544495,-3.0869429111480713,0.06127757206559181,-0.05398721992969513,-0.011141196824610233
922.079226,1788180517.948732,1030853,56,1,1,-18.106489181518555,0.27047765254974365,-3.1041479110717773,0.05149224027991295,-0.0567033551633358,-0.014918078668415546
922.594742,1788180518.464248,1031353,84,1,1,-18.09132957458496,0.22802846133708954,-3.114412546157837,0.038238078355789185,-0.0555369071662426,-0.017922263592481613
923.119977,1788180518.989483,1031856,113,1,1,-18.08277130126953,0.20144256949424744,-3.1104934215545654,0.024724040180444717,-0.04725176468491554,-0.013336547650396824
923.761449,1788180519.630955,1032353,141,1,1,-18.07097625732422,0.1912483125925064,-3.112191915512085,0.018512187525629997,-0.03272571787238121,-0.011210117489099503
924.160009,1788180520.029515,1032853,170,1,1,-18.059234619140625,0.1859491616487503,-3.11946439743042,0.013237476348876953,-0.021744379773736,-0.011322204023599625
924.693720,1788180520.563226,1033353,198,1,1,-18.0390682220459,0.17604109644889832,-3.11490535736084,0.013889197260141373,-0.017733799293637276,-0.006399047095328569
925.192742,1788180521.062248,1033856,227,1,1,-18.021610260009766,0.17679950594902039,-3.096419095993042,0.01380305178463459,-0.0064452700316905975,0.00048140788567252457
925.610124,1788180521.479630,1034353,255,1,1,-18.006135940551758,0.180509552359581,-3.0922248363494873,0.013690142892301083,0.0022974542807787657,0.0021307349670678377
926.104447,1788180521.973953,1034856,28,1,1,-17.997879028320312,0.19713038206100464,-3.0935113430023193,0.008906480856239796,0.013606368564069271,0.0023652652744203806
926.609992,1788180522.479498,1035356,56,1,1,-17.99701499938965,0.2218012809753418,-3.084742784500122,0.0035183937288820744,0.027747977524995804,0.003983382601290941
927.364676,1788180523.234182,1035853,85,1,1,-17.990285873413086,0.2475617676973343,-3.077626943588257,0.0021379897370934486,0.04073775187134743,0.007448897231370211
927.612655,1788180523.482161,1036358,113,1,1,-17.99257469177246,0.2661593556404114,-3.0775227546691895,-0.0007907718536444008,0.04398299753665924,0.004985992796719074
928.178741,1788180524.048247,1036853,142,1,1,-18.005542755126953,0.28480303287506104,-3.080308198928833,-0.010387827642261982,0.04747280851006508,0.004125732928514481
928.644033,1788180524.513539,1037353,170,1,1,-18.014127731323242,0.3013923168182373,-3.0750203132629395,-0.012998152524232864,0.046357668936252594,0.005706822499632835
929.096257,1788180524.965763,1037853,199,1,1,-18.030725479125977,0.3159404397010803,-3.0784213542938232,-0.020395398139953613,0.04684969037771225,0.004706122912466526
929.686271,1788180525.555777,1038353,227,1,1,-18.04228401184082,0.3277537524700165,-3.0782833099365234,-0.019897019490599632,0.045126672834157944,0.005383551120758057
930.092707,1788180525.962213,1038853,0,1,1,-18.053560256958008,0.3447340130805969,-3.0677759647369385,-0.02262105606496334,0.04685809463262558,0.011156171560287476
930.637733,1788180526.507239,1039353,28,1,1,-18.06536865234375,0.35943591594696045,-3.0682787895202637,-0.022603074088692665,0.04505377262830734,0.010585860349237919
931.168715,1788180527.038221,1039853,57,1,1,-18.07872200012207,0.37329939007759094,-3.0695712566375732,-0.022847557440400124,0.040855102241039276,0.008900820277631283
931.636601,1788180527.506107,1040353,86,1,1,-18.098228454589844,0.38701245188713074,-3.0657706260681152,-0.026710230857133865,0.03726079314947128,0.010830670595169067
932.090255,1788180527.959761,1040856,115,1,1,-18.120975494384766,0.40031343698501587,-3.0647799968719482,-0.03228561952710152,0.032476697117090225,0.011645268648862839
932.666081,1788180528.535587,1041353,143,1,1,-18.149097442626953,0.41033902764320374,-3.069463014602661,-0.037329331040382385,0.028044840320944786,0.011009982787072659
933.085843,1788180528.955349,1041853,172,1,1,-18.156902313232422,0.41251158714294434,-3.064711570739746,-0.027455812320113182,0.016610627993941307,0.012005822733044624
933.634364,1788180529.503870,1042353,200,1,1,-18.176727294921875,0.4140429198741913,-3.071479558944702,-0.030296359211206436,0.008835329674184322,0.008784803561866283
934.162543,1788180530.032049,1042856,229,1,1,-18.204639434814453,0.4072457253932953,-3.0866146087646484,-0.03391377627849579,-0.0024280662182718515,0.004418865777552128
934.644847,1788180530.514353,1043356,1,1,1,-18.234071731567383,0.3997349143028259,-3.091521978378296,-0.03613494709134102,-0.010700521990656853,0.0028100640047341585
935.082002,1788180530.951508,1043853,30,1,1,-18.25881004333496,0.40225398540496826,-3.0973050594329834,-0.03517783433198929,-0.013913081958889961,0.0034229345619678497
935.645731,1788180531.515237,1044353,58,1,1,-18.284080505371094,0.4187626242637634,-3.1034796237945557,-0.03411296010017395,-0.008274460211396217,0.004955614916980267
936.117344,1788180531.986850,1044853,87,1,1,-18.304922103881836,0.42635098099708557,-3.1255080699920654,-0.030913062393665314,-0.011987344361841679,0.004146819934248924
936.569889,1788180532.439395,1045353,115,1,1,-18.323448181152344,0.4381311237812042,-3.1468629837036133,-0.023959200829267502,-0.01147540844976902,0.0003094993007835001
937.147113,1788180533.016619,1045856,144,1,1,-18.34587860107422,0.46408089995384216,-3.146129846572876,-0.022443700581789017,-0.0033849021419882774,0.0013253834331408143
937.629955,1788180533.499461,1046353,172,1,1,-18.369001388549805,0.4962223470211029,-3.1247358322143555,-0.019328664988279343,0.006639987230300903,0.00886044092476368
938.066275,1788180533.935781,1046853,201,1,1,-18.39647674560547,0.5293866991996765,-3.115067958831787,-0.01784856617450714,0.013285049237310886,0.011310446076095104
938.642126,1788180534.511632,1047356,229,1,1,-18.42389488220215,0.561295211315155,-3.1089823246002197,-0.01816912740468979,0.015842488035559654,0.013118620961904526
939.109799,1788180534.979305,1047853,2,1,1,-18.456735610961914,0.5980749726295471,-3.096536159515381,-0.019944382831454277,0.020364154130220413,0.01473585981875658
939.593450,1788180535.462956,1048353,30,1,1,-18.489192962646484,0.6473947763442993,-3.090421676635742,-0.018309712409973145,0.030782898887991905,0.014192710630595684
940.140811,1788180536.010317,1048853,59,1,1,-18.527116775512695,0.6959691047668457,-3.0841569900512695,-0.02164941094815731,0.034123752266168594,0.016713440418243408
940.643332,1788180536.512838,1049356,87,1,1,-18.561460494995117,0.7583012580871582,-3.081395149230957,-0.01893109828233719,0.046352677047252655,0.018544191494584084
941.188590,1788180537.058096,1049853,116,1,1,-18.595054626464844,0.8243038058280945,-3.0734357833862305,-0.020539576187729836,0.05769628658890724,0.01872984506189823
941.595845,1788180537.465351,1050356,145,1,1,-18.633094787597656,0.8880013227462769,-3.0777525901794434,-0.021132906898856163,0.06567088514566422,0.018501030281186104
942.096356,1788180537.965862,1050853,174,1,1,-18.678028106689453,0.9483835697174072,-3.0747735500335693,-0.02685770019888878,0.07074278593063354,0.018215546384453773
942.675506,1788180538.545012,1051353,202,1,1,-18.739837646484375,1.0025357007980347,-3.084519386291504,-0.03886604309082031,0.06994948536157608,0.014709161594510078
943.128927,1788180538.998433,1051853,231,1,1,-18.8060302734375,1.055494785308838,-3.1021413803100586,-0.05043405294418335,0.07049178332090378,0.008034856989979744
943.595084,1788180539.464590,1052354,3,1,1,-18.851356506347656,1.1106414794921875,-3.106407403945923,-0.0456654392182827,0.07019083946943283,0.005123537965118885
944.095521,1788180539.965027,1052856,32,1,1,-18.90148162841797,1.161773681640625,-3.1122143268585205,-0.048424698412418365,0.06804443895816803,0.0032224657479673624
944.625873,1788180540.495379,1053353,60,1,1,-18.940643310546875,1.207639455795288,-3.113969326019287,-0.043428994715213776,0.06204269826412201,0.0029850169084966183
945.093148,1788180540.962654,1053853,90,1,1,-18.97271728515625,1.255066156387329,-3.1165356636047363,-0.03563421592116356,0.060363661497831345,0.002135434653609991
945.591532,1788180541.461038,1054353,118,1,1,-19.01520347595215,1.2949172258377075,-3.1279008388519287,-0.036378905177116394,0.054257750511169434,-0.0020482009276747704
946.121020,1788180541.990526,1054853,147,1,1,-19.056045532226562,1.3289352655410767,-3.1367568969726562,-0.033240094780921936,0.04519544914364815,-0.007268521934747696
946.633388,1788180542.502894,1055353,175,1,1,-19.10414695739746,1.3603519201278687,-3.149995803833008,-0.03554129973053932,0.03650234639644623,-0.010866847820580006
947.166598,1788180543.036104,1055853,204,1,1,-19.14618682861328,1.3865046501159668,-3.1564204692840576,-0.03351602703332901,0.029568228870630264,-0.010096460580825806
947.589705,1788180543.459211,1056356,232,1,1,-19.194446563720703,1.4201939105987549,-3.175485372543335,-0.03259964659810066,0.027887048199772835,-0.016049832105636597
948.131821,1788180544.001327,1056857,5,1,1,-19.23896026611328,1.448508381843567,-3.1770997047424316,-0.031159650534391403,0.023442575708031654,-0.015099523589015007
948.648643,1788180544.518149,1057353,33,1,1,-19.286287307739258,1.4741102457046509,-3.17169189453125,-0.030191930010914803,0.020357629284262657,-0.01008659414947033
949.119511,1788180544.989017,1057857,62,1,1,-19.33648681640625,1.5026651620864868,-3.172804832458496,-0.030412964522838593,0.021561747416853905,-0.008671174757182598
949.616349,1788180545.485855,1058356,90,1,1,-19.386865615844727,1.5109316110610962,-3.1774539947509766,-0.0306368600577116,0.010682057589292526,-0.007415442261844873
950.161361,1788180546.030867,1058853,119,1,1,-19.4404296875,1.5257129669189453,-3.1830551624298096,-0.0358344241976738,0.011033377610147,-0.006253465544432402
950.613872,1788180546.483378,1059353,147,1,1,-19.502429962158203,1.543837308883667,-3.166922092437744,-0.04204597696661949,0.012517938390374184,-0.002296790713444352
951.111192,1788180546.980698,1059853,176,1,1,-19.55709457397461,1.5510221719741821,-3.151925563812256,-0.040991321206092834,0.005760645028203726,0.0019569529686123133
951.640360,1788180547.509866,1060356,205,1,1,-19.60546112060547,1.5526803731918335,-3.1563990116119385,-0.039696820080280304,0.001380543690174818,0.005326978862285614
952.105299,1788180547.974805,1060853,234,1,1,-19.655303955078125,1.5426958799362183,-3.1609444618225098,-0.04133879393339157,-0.009525096043944359,0.002700478071346879
952.875060,1788180548.744566,1061354,6,1,1,-19.709796905517578,1.525873064994812,-3.1670968532562256,-0.04468758776783943,-0.018649158999323845,0.0003974779974669218
953.303510,1788180549.173016,1061853,38,1,1,-19.762401580810547,1.5165575742721558,-3.174562692642212,-0.04768376797437668,-0.019640548154711723,0.001064929529093206
953.681342,1788180549.550848,1062353,67,1,1,-19.798547744750977,1.4956486225128174,-3.1832823753356934,-0.04049535095691681,-0.029501451179385185,-0.0005212684627622366
954.073277,1788180549.942783,1062858,96,1,1,-19.82073211669922,1.4831801652908325,-3.1761298179626465,-0.028416920453310013,-0.029575590044260025,0.001570780761539936
954.629178,1788180550.498684,1063357,124,1,1,-19.834617614746094,1.4683878421783447,-3.1705336570739746,-0.017694611102342606,-0.0290219746530056,0.00528259901329875
955.095579,1788180550.965085,1063857,153,1,1,-19.850326538085938,1.447189211845398,-3.158930540084839,-0.009592828340828419,-0.034589238464832306,0.008796720765531063
955.675170,1788180551.544676,1064353,181,1,1,-19.871095657348633,1.4373785257339478,-3.1473779678344727,-0.005424510687589645,-0.032888542860746384,0.01103240717202425
956.094796,1788180551.964302,1064856,210,1,1,-19.90005874633789,1.4220463037490845,-3.151437282562256,-0.008388924412429333,-0.03555867075920105,0.007242413237690926
956.642775,1788180552.512281,1065356,238,1,1,-19.93158531188965,1.4267640113830566,-3.1502561569213867,-0.01114511676132679,-0.024671871215105057,0.007442581467330456
957.156784,1788180553.026290,1065858,11,1,1,-19.9678955078125,1.4312150478363037,-3.1543047428131104,-0.016865696758031845,-0.018198510631918907,0.009245263412594795
957.624596,1788180553.494102,1066356,39,1,1,-19.999624252319336,1.4324392080307007,-3.1604137420654297,-0.02064225636422634,-0.015133189037442207,0.007496776524931192
958.076643,1788180553.946149,1066856,68,1,1,-20.03129768371582,1.4356234073638916,-3.1486997604370117,-0.023539045825600624,-0.012943943031132221,0.011024626903235912
958.672414,1788180554.541920,1067353,96,1,1,-20.06502914428711,1.4431196451187134,-3.1496498584747314,-0.026183925569057465,-0.0082350242882967,0.009823450818657875
959.089341,1788180554.958847,1067858,125,1,1,-20.100446701049805,1.4511747360229492,-3.157414436340332,-0.03040541149675846,-0.004152405075728893,0.0061005474999547005
959.588840,1788180555.458346,1068353,153,1,1,-20.136672973632812,1.4590126276016235,-3.1649277210235596,-0.03460865095257759,-0.0019826495554298162,0.0030901164282113314
960.149968,1788180556.019474,1068857,182,1,1,-20.17072868347168,1.472717046737671,-3.166293144226074,-0.035395074635744095,0.0041315797716379166,0.003398543456569314
960.665497,1788180556.535003,1069353,210,1,1,-20.204065322875977,1.4883079528808594,-3.1536529064178467,-0.033373985439538956,0.010738828219473362,0.00586738483980298
961.117679,1788180556.987185,1069853,239,1,1,-20.230859756469727,1.4957607984542847,-3.1389098167419434,-0.027469269931316376,0.011895328760147095,0.0076225982047617435
961.586251,1788180557.455757,1070353,12,1,1,-20.257892608642578,1.5043307542800903,-3.1373941898345947,-0.021479682996869087,0.016666820272803307,0.007806267589330673
962.114590,1788180557.984096,1070853,41,1,1,-20.291484832763672,1.510197639465332,-3.13720440864563,-0.022844048216938972,0.019905930384993553,0.005199704319238663
962.631107,1788180558.500613,1071357,69,1,1,-20.33588409423828,1.5103683471679688,-3.1454262733459473,-0.029578618705272675,0.019078141078352928,0.002268413081765175
963.145217,1788180559.014723,1071853,98,1,1,-20.376474380493164,1.515048623085022,-3.153414726257324,-0.034300219267606735,0.01906360127031803,-0.0014814973110333085
963.657325,1788180559.526831,1072353,126,1,1,-20.409358978271484,1.5184087753295898,-3.1563284397125244,-0.03565863519906998,0.019681759178638458,-0.0023397565819323063
964.065935,1788180559.935441,1072856,155,1,1,-20.438983917236328,1.5183072090148926,-3.144723892211914,-0.033398643136024475,0.0182366780936718,0.001359501271508634
964.617442,1788180560.486948,1073356,183,1,1,-20.437313079833984,1.504584789276123,-3.135684013366699,-0.0210361797362566,0.008081473410129547,0.003103503491729498
965.110475,1788180560.979981,1073856,212,1,1,-20.401832580566406,1.4892196655273438,-3.127119541168213,-0.0007218553801067173,0.00233020493760705,0.004528834484517574
965.611226,1788180561.480732,1074353,240,1,1,-20.350378036499023,1.4759536981582642,-3.125120162963867,0.019506527110934258,-0.0024367801379412413,0.003989717923104763
966.140274,1788180562.009780,1074858,13,1,1,-20.31747055053711,1.4639434814453125,-3.1275007724761963,0.02874646708369255,-0.008086932823061943,0.003025486133992672
966.591315,1788180562.460821,1075361,41,1,1,-20.294689178466797,1.461828351020813,-3.113694906234741,0.030796587467193604,-0.006555506493896246,0.006260791327804327
967.169231,1788180563.038737,1075857,70,1,1,-20.264690399169922,1.4612271785736084,-3.1074483394622803,0.04045933112502098,-0.007943215779960155,0.008758763782680035
967.588111,1788180563.457617,1076356,98,1,1,-20.249021530151367,1.4657224416732788,-3.106313467025757,0.03815549612045288,-0.006601536646485329,0.0056547923013567924
968.087652,1788180563.957158,1076853,127,1,1,-20.24119758605957,1.4682012796401978,-3.1234989166259766,0.030942460522055626,-0.007624708581715822,-0.0010594903724268079
968.664027,1788180564.533533,1077358,155,1,1,-20.24172019958496,1.4713611602783203,-3.128045082092285,0.02136167325079441,-0.0058914534747600555,-0.002020380226895213
969.117111,1788180564.986617,1077856,184,1,1,-20.237403869628906,1.4820958375930786,-3.11674165725708,0.021096110343933105,-0.003291270462796092,-0.0002837424981407821
969.586701,1788180565.456207,1078353,212,1,1,-20.234222412109375,1.4930843114852905,-3.1076624393463135,0.017331881448626518,-0.0014663258334621787,0.0009497867431491613
970.085233,1788180565.954739,1078856,241,1,1,-20.23305892944336,1.5023248195648193,-3.0971262454986572,0.012910323217511177,-0.00016719207633286715,-4.920106675854186e-06
970.633305,1788180566.502811,1079353,13,1,1,-20.235307693481445,1.515908122062683,-3.1076760292053223,0.008258937858045101,0.001839401782490313,-0.00345230707898736
971.084111,1788180566.953617,1079857,42,1,1,-20.23611831665039,1.5405715703964233,-3.1158106327056885,0.0035806638188660145,0.011109840124845505,-0.003989165648818016
971.585226,1788180567.454732,1080353,71,1,1,-20.234045028686523,1.5640127658843994,-3.128746747970581,0.0014420648803934455,0.014323748648166656,-0.006489168386906385
972.112757,1788180567.982263,1080858,100,1,1,-20.225522994995117,1.5791407823562622,-3.144944906234741,0.0012408267939463258,0.011393104679882526,-0.01112864725291729
972.627969,1788180568.497475,1081356,128,1,1,-20.221357345581055,1.599899411201477,-3.1583359241485596,-0.0032969401217997074,0.013571982271969318,-0.014508015476167202
973.158092,1788180569.027598,1081856,157,1,1,-20.21483612060547,1.620126724243164,-3.163210391998291,-0.004123128019273281,0.015255953185260296,-0.014633762650191784
973.611351,1788180569.480857,1082353,185,1,1,-20.21019172668457,1.6364984512329102,-3.1721458435058594,-0.00438535213470459,0.012984707951545715,-0.015902312472462654
974.078694,1788180569.948200,1082856,214,1,1,-20.19347381591797,1.6548607349395752,-3.1764652729034424,0.0038093857001513243,0.013167008757591248,-0.018308285623788834
974.764515,1788180570.634021,1083356,242,1,1,-20.174463272094727,1.6781985759735107,-3.1672983169555664,0.009391119703650475,0.016786545515060425,-0.017316605895757675
975.110456,1788180570.979962,1083856,15,1,1,-20.150781631469727,1.7183772325515747,-3.151657819747925,0.015720369294285774,0.029714297503232956,-0.008477366529405117
975.608336,1788180571.477842,1084353,43,1,1,-20.128982543945312,1.7501473426818848,-3.15804386138916,0.02065068855881691,0.03198301047086716,-0.01058879029005766
976.143786,1788180572.013292,1084856,73,1,1,-20.116708755493164,1.7855015993118286,-3.1506896018981934,0.01830080896615982,0.039792321622371674,-0.0069657014682888985
976.600459,1788180572.469965,1085353,101,1,1,-20.092336654663086,1.8133056163787842,-3.1430540084838867,0.02655082195997238,0.03812249377369881,-0.005598939023911953
977.067090,1788180572.936596,1085856,130,1,1,-20.066776275634766,1.8310683965682983,-3.1453604698181152,0.02902306616306305,0.03217288851737976,-0.0041340007446706295
977.625388,1788180573.494894,1086356,158,1,1,-20.04537582397461,1.8438632488250732,-3.1538474559783936,0.028449641540646553,0.02494378201663494,-0.007259477861225605
978.094689,1788180573.964195,1086857,187,1,1,-20.02239418029785,1.8594034910202026,-3.1701245307922363,0.029149707406759262,0.021434258669614792,-0.009361141361296177
978.673317,1788180574.542823,1087353,215,1,1,-19.997793197631836,1.8700100183486938,-3.1731112003326416,0.030037667602300644,0.014412568882107735,-0.008375545032322407
979.092129,1788180574.961635,1087856,244,1,1,-19.965553283691406,1.875896692276001,-3.167445182800293,0.03313422575592995,0.008032126352190971,-0.006255823187530041
979.592393,1788180575.461899,1088353,16,1,1,-19.930517196655273,1.8884594440460205,-3.1642403602600098,0.031633004546165466,0.00446932902559638,-0.005093004554510117
980.170607,1788180576.040113,1088858,45,1,1,-19.8719425201416,1.899155616760254,-3.1701600551605225,0.043098144233226776,0.00029625382740050554,-0.006925354246050119
980.591487,1788180576.460993,1089353,73,1,1,-19.790651321411133,1.9045079946517944,-3.1776633262634277,0.0629987120628357,-0.005983577575534582,-0.007335050962865353
981.087561,1788180576.957067,1089856,102,1,1,-19.708206176757812,1.9214868545532227,-3.182453155517578,0.07640520483255386,-0.003144756658002734,-0.008142293430864811
981.649515,1788180577.519021,1090357,131,1,1,-19.637096405029297,1.929861307144165,-3.187408685684204,0.07904952019453049,-0.007304823026061058,-0.009726367890834808
982.134215,1788180578.003721,1090854,160,1,1,-19.568098068237305,1.9383587837219238,-3.190331220626831,0.08081772178411484,-0.007527002599090338,-0.009296836331486702
982.586313,1788180578.455819,1091353,188,1,1,-19.49883460998535,1.955199956893921,-3.186858654022217,0.08152560889720917,-0.004115506540983915,-0.007413465529680252
983.165420,1788180579.034926,1091856,217,1,1,-19.45221710205078,1.9676624536514282,-3.1874682903289795,0.07105822116136551,-0.003983284812420607,-0.0063019851222634315
983.721076,1788180579.590582,1092353,245,1,1,-19.422632217407227,1.9816255569458008,-3.2001469135284424,0.05414767563343048,-0.005060126539319754,-0.010273714549839497
984.053304,1788180579.922810,1092861,18,1,1,-19.40658950805664,1.998719573020935,-3.1997768878936768,0.03515218570828438,-0.002347026253119111,-0.009584063664078712
984.661410,1788180580.530916,1093356,46,1,1,-19.387027740478516,2.0135388374328613,-3.1890125274658203,0.02366168238222599,-0.0029834462329745293,-0.007810370996594429
985.113453,1788180580.982959,1093853,75,1,1,-19.3598575592041,2.0324063301086426,-3.1748077869415283,0.020282428711652756,0.0014540971023961902,-0.0014376061735674739
985.627506,1788180581.497012,1094353,103,1,1,-19.32196044921875,2.05294132232666,-3.1709396839141846,0.022696644067764282,0.005089390557259321,0.0016387252835556865
986.143285,1788180582.012791,1094856,132,1,1,-19.277854919433594,2.06291127204895,-3.1669671535491943,0.025008656084537506,0.004606638103723526,0.0024726695846766233
986.657230,1788180582.526736,1095353,160,1,1,-19.223249435424805,2.06767201423645,-3.1498124599456787,0.03031047433614731,0.0023848817218095064,0.006393697112798691
987.076866,1788180582.946372,1095853,189,1,1,-19.16656494140625,2.07257342338562,-3.1277520656585693,0.033969946205616,0.003243286395445466,0.014024993404746056
987.654741,1788180583.524247,1096353,217,1,1,-19.105602264404297,2.0758585929870605,-3.1220269203186035,0.03901549428701401,0.0028770677745342255,0.01403089426457882
988.103436,1788180583.972942,1096853,246,1,1,-19.059894561767578,2.0832738876342773,-3.1161739826202393,0.03471403196454048,0.004434817470610142,0.012986553832888603
988.682438,1788180584.551944,1097353,18,1,1,-19.01078224182129,2.083951950073242,-3.1100051403045654,0.03425396606326103,0.0015636736061424017,0.011565528810024261
989.138612,1788180585.008118,1097856,47,1,1,-18.96817970275879,2.083589553833008,-3.112741708755493,0.03031213954091072,-0.0006844837334938347,0.008767838589847088
989.604057,1788180585.473563,1098356,75,1,1,-18.926422119140625,2.0861470699310303,-3.1201069355010986,0.02686719223856926,0.0008646033820696175,0.005030939355492592
990.058243,1788180585.927749,1098856,104,1,1,-18.889785766601562,2.080049991607666,-3.135305643081665,0.02209918387234211,-0.0031593022868037224,-0.0022095160093158484
990.715302,1788180586.584808,1099356,132,1,1,-18.852577209472656,2.07271146774292,-3.1456382274627686,0.019806507974863052,-0.006729076150804758,-0.004810750484466553
991.186593,1788180587.056099,1099856,164,1,1,-18.809478759765625,2.065039873123169,-3.1500344276428223,0.024803349748253822,-0.010682321153581142,-0.006743595469743013
991.605905,1788180587.475411,1100353,194,1,1,-18.764402389526367,2.048740863800049,-3.1563961505889893,0.02845354750752449,-0.020106948912143707,-0.006435594987124205
992.135616,1788180588.005122,1100861,223,1,1,-18.71944236755371,2.0416057109832764,-3.171175956726074,0.030463451519608498,-0.018818970769643784,-0.009391426108777523
992.797289,1788180588.666795,1101353,251,1,1,-18.67469596862793,2.033186674118042,-3.1854519844055176,0.031058991327881813,-0.018771903589367867,-0.010156281292438507
993.179095,1788180589.048601,1101856,24,1,1,-18.63540267944336,2.026479959487915,-3.2030763626098633,0.028644680976867676,-0.01991797611117363,-0.014088436029851437
993.614525,1788180589.484031,1102356,52,1,1,-18.593244552612305,2.01424503326416,-3.22371244430542,0.027759971097111702,-0.021043255925178528,-0.01800842210650444
994.101502,1788180589.971008,1102857,81,1,1,-18.548322677612305,2.007838487625122,-3.234421491622925,0.029327327385544777,-0.01897924393415451,-0.021553801372647285
994.597872,1788180590.467378,1103353,109,1,1,-18.512451171875,1.9983303546905518,-3.2343313694000244,0.024998247623443604,-0.018530946224927902,-0.02000938542187214
995.113110,1788180590.982616,1103853,138,1,1,-18.4874210357666,1.9974082708358765,-3.226775884628296,0.016984114423394203,-0.013556261546909809,-0.018278110772371292
995.615459,1788180591.484965,1104356,166,1,1,-18.450706481933594,1.9900412559509277,-3.2170302867889404,0.016468683257699013,-0.01238052174448967,-0.013244216330349445
996.158970,1788180592.028476,1104856,195,1,1,-18.406539916992188,1.9857280254364014,-3.2189924716949463,0.02221507392823696,-0.010732242837548256,-0.009496628306806087
996.626386,1788180592.495892,1105356,223,1,1,-18.368974685668945,1.9742287397384644,-3.2221789360046387,0.02082512155175209,-0.01266984362155199,-0.011002820916473866
997.093026,1788180592.962532,1105853,252,1,1,-18.32884407043457,1.971834659576416,-3.224128246307373,0.02573569305241108,-0.006317089777439833,-0.01088057179003954
997.653659,1788180593.523165,1106353,24,1,1,-18.2862491607666,1.9634326696395874,-3.2215402126312256,0.02799714356660843,-0.007275357376784086,-0.007771860808134079
998.119788,1788180593.989294,1106857,53,1,1,-18.242162704467773,1.9578982591629028,-3.2113311290740967,0.028732556849718094,-0.0064205448143184185,-0.004197934176772833
998.760710,1788180594.630216,1107356,81,1,1,-18.184938430786133,1.9511713981628418,-3.1971421241760254,0.03689506649971008,-0.004721449688076973,0.0014051777543500066
999.119307,1788180594.988813,1107856,110,1,1,-18.12729263305664,1.949070930480957,-3.1913938522338867,0.04398738592863083,0.00010621460387483239,0.0054285344667732716
999.620214,1788180595.489720,1108353,138,1,1,-18.077402114868164,1.9266350269317627,-3.1876816749572754,0.04429836943745613,-0.006777845788747072,0.007100449874997139
1000.072416,1788180595.941922,1108853,167,1,1,-18.031530380249023,1.8995826244354248,-3.1904611587524414,0.04464969411492348,-0.015715032815933228,0.007015148643404245
1000.696904,1788180596.566410,1109358,195,1,1,-17.979787826538086,1.8777003288269043,-3.1941323280334473,0.04452452436089516,-0.017306579276919365,0.004605457652360201
1001.213998,1788180597.083504,1109856,224,1,1,-17.924930572509766,1.855338454246521,-3.1856532096862793,0.04774126783013344,-0.01832163892686367,0.005384434480220079
1001.601923,1788180597.471429,1110353,253,1,1,-17.858779907226562,1.8209515810012817,-3.179269790649414,0.053976621478796005,-0.0273144468665123,0.008199773728847504
1002.148870,1788180598.018376,1110857,26,1,1,-17.793472290039062,1.7800588607788086,-3.1738362312316895,0.05760565772652626,-0.036962177604436874,0.006472186651080847
1002.601681,1788180598.471187,1111356,54,1,1,-17.723623275756836,1.7496644258499146,-3.1742568016052246,0.06193292886018753,-0.03388291224837303,0.007163085974752903
1003.112646,1788180598.982152,1111856,83,1,1,-17.652374267578125,1.7241337299346924,-3.160512924194336,0.06556873023509979,-0.028353961184620857,0.011162207461893559
1003.628053,1788180599.497559,1112353,111,1,1,-17.575878143310547,1.6936463117599487,-3.1558682918548584,0.07020794600248337,-0.027073390781879425,0.0123218335211277
1004.099386,1788180599.968892,1112857,140,1,1,-17.501632690429688,1.6524754762649536,-3.160121202468872,0.07407449185848236,-0.03307870775461197,0.010048107244074345
1004.708204,1788180600.577710,1113356,168,1,1,-17.42930793762207,1.6058616638183594,-3.161130666732788,0.07427364587783813,-0.038362618535757065,0.008109815418720245
1005.129291,1788180600.998797,1113858,197,1,1,-17.361164093017578,1.5676093101501465,-3.1592702865600586,0.07299099862575531,-0.040078986436128616,0.006669693160802126
1005.598723,1788180601.468229,1114353,225,1,1,-17.28680419921875,1.5331119298934937,-3.143514394760132,0.07714005559682846,-0.03900853171944618,0.00994164403527975
1006.113938,1788180601.983444,1114857,254,1,1,-17.220367431640625,1.499590277671814,-3.1298534870147705,0.07413755357265472,-0.0375123955309391,0.012564892880618572
1006.628081,1788180602.497587,1115353,26,1,1,-17.163171768188477,1.471118688583374,-3.122481346130371,0.06696527451276779,-0.033185042440891266,0.00978047028183937
1007.082582,1788180602.952088,1115856,56,1,1,-17.1260929107666,1.4477508068084717,-3.113889217376709,0.04983571916818619,-0.028964370489120483,0.007120282854884863
1007.656622,1788180603.526128,1116356,84,1,1,-17.085113525390625,1.4236388206481934,-3.110233783721924,0.04129590839147568,-0.02729177474975586,0.004490177612751722
1008.079227,1788180603.948733,1116856,113,1,1,-17.046899795532227,1.4067866802215576,-3.0992937088012695,0.033220481127500534,-0.02252330258488655,0.002451131120324135
1008.579510,1788180604.449016,1117358,141,1,1,-17.00953483581543,1.3922781944274902,-3.1034069061279297,0.026333799585700035,-0.019956786185503006,-0.0023051409516483545
1009.090633,1788180604.960139,1117856,170,1,1,-16.970989227294922,1.3858916759490967,-3.0936176776885986,0.0210115984082222,-0.012961549684405327,-0.0031779268756508827
1009.616028,1788180605.485534,1118353,198,1,1,-16.926828384399414,1.3778632879257202,-3.0781514644622803,0.023590335622429848,-0.00951895210891962,-0.0007836763979867101
1010.087495,1788180605.957001,1118853,227,1,1,-16.88664436340332,1.3709285259246826,-3.068316698074341,0.023754030466079712,-0.005894041154533625,-0.0007093388703651726
1010.697473,1788180606.566979,1119353,255,1,1,-16.83974838256836,1.3707900047302246,-3.0499939918518066,0.02622845768928528,0.0029507691506296396,0.004612846300005913
1011.103636,1788180606.973142,1119856,28,1,1,-16.80390167236328,1.36696195602417,-3.0401883125305176,0.022928902879357338,0.005079277791082859,0.008283493109047413
1011.628034,1788180607.497540,1120353,57,1,1,-16.781309127807617,1.3633880615234375,-3.0257179737091064,0.013943708501756191,0.008295209147036076,0.013235784135758877
1012.145482,1788180608.014988,1120856,86,1,1,-16.767230987548828,1.3592281341552734,-2.9974889755249023,0.0041066245175898075,0.00766550749540329,0.02002681791782379
1012.645153,1788180608.514659,1121353,114,1,1,-16.75017547607422,1.358106017112732,-2.975574254989624,-0.0009674836765043437,0.010111929848790169,0.022428307682275772
1013.065432,1788180608.934938,1121853,143,1,1,-16.740272521972656,1.3554271459579468,-2.95119571685791,-0.00680623110383749,0.01023185160011053,0.02603738009929657
1013.640498,1788180609.510004,1122353,171,1,1,-16.722471237182617,1.354202389717102,-2.9290566444396973,-0.007734283804893494,0.011684391647577286,0.028403058648109436
1014.147113,1788180610.016619,1122853,200,1,1,-16.70254135131836,1.3567355871200562,-2.9116592407226562,-0.003924169111996889,0.016190970316529274,0.03233852609992027
1014.611897,1788180610.481403,1123356,228,1,1,-16.683813095092773,1.3608193397521973,-3.12589168548584,-0.0021203041542321444,0.017693709582090378,0.035404305905103683
1015.139193,1788180611.008699,1123856,1,1,1,-16.668607711791992,1.3612043857574463,-3.1162469387054443,-0.0012452981900423765,0.016976412385702133,0.03466397523880005
1015.588166,1788180611.457672,1124357,29,1,1,-16.65363121032715,1.3612220287322998,-3.062213897705078,-0.00046920296153984964,0.015986578539013863,0.04162336885929108
1016.180022,1788180612.049528,1124856,58,1,1,-16.63979148864746,1.3693678379058838,-3.0390284061431885,-0.0003129001706838608,0.017443370074033737,0.04073038697242737
1016.645080,1788180612.514586,1125353,86,1,1,-16.631134033203125,1.3750494718551636,-3.0505197048187256,-0.0045484029687941074,0.015926096588373184,0.028948254883289337
1017.097061,1788180612.966567,1125858,115,1,1,-16.622106552124023,1.3885403871536255,-3.059244394302368,-0.005660657305270433,0.01733914390206337,0.021276604384183884
1017.706412,1788180613.575918,1126357,143,1,1,-16.600215911865234,1.4018895626068115,-3.0219457149505615,0.0017393078887835145,0.01570506952702999,0.028470519930124283
1018.100297,1788180613.969803,1126853,172,1,1,-16.58517837524414,1.4154112339019775,-3.021024465560913,0.0019027075031772256,0.013757697306573391,0.020804118365049362
1018.584030,1788180614.453536,1127353,200,1,1,-16.56742286682129,1.4309858083724976,-3.0581676959991455,0.0026111407205462456,0.009180804714560509,0.0012570774415507913
1019.131744,1788180615.001250,1127857,229,1,1,-16.55400848388672,1.4492859840393066,-3.0456459522247314,0.00033506850013509393,0.008968868292868137,0.005406857002526522
1019.629558,1788180615.499064,1128353,1,1,1,-16.543960571289062,1.4740046262741089,-3.0291268825531006,-0.003309731837362051,0.011760162189602852,0.006246334873139858
1020.080703,1788180615.950209,1128857,30,1,1,-16.536794662475586,1.5022920370101929,-3.0425872802734375,-0.007800532970577478,0.01387312076985836,-0.0013540027430281043
1020.627606,1788180616.497112,1129356,58,1,1,-16.534746170043945,1.5278371572494507,-3.047506093978882,-0.014049532823264599,0.013899091631174088,-0.002773704705759883
1021.114289,1788180616.983795,1129856,87,1,1,-16.53729248046875,1.5543144941329956,-3.0245540142059326,-0.01886017806828022,0.01505717821419239,0.004456443712115288
1021.627881,1788180617.497387,1130353,116,1,1,-16.532487869262695,1.587148666381836,-3.0334789752960205,-0.0147587601095438,0.01971324533224106,-0.001173760974779725
1022.159000,1788180618.028506,1130857,145,1,1,-16.537582397460938,1.6225214004516602,-3.0655603408813477,-0.01769646629691124,0.021706948056817055,-0.013998394832015038
1022.590445,1788180618.459951,1131353,173,1,1,-16.54648780822754,1.6479361057281494,-3.1321871280670166,-0.020063253119587898,0.02109140157699585,-0.03549174964427948
1023.076204,1788180618.945710,1131857,202,1,1,-16.56351661682129,1.6669597625732422,-3.1475718021392822,-0.025868643075227737,0.016544543206691742,-0.03322204202413559
1023.650960,1788180619.520466,1132353,230,1,1,-16.579349517822266,1.6987923383712769,-3.1238820552825928,-0.02790808491408825,0.022835908457636833,-0.02188022993505001
1024.103720,1788180619.973226,1132856,3,1,1,-16.59313201904297,1.7350915670394897,-3.128202438354492,-0.02517552301287651,0.02851231023669243,-0.021122470498085022
1024.569675,1788180620.439181,1133357,31,1,1,-16.605592727661133,1.759648084640503,-3.1158902645111084,-0.022977089509367943,0.025141675025224686,-0.014400282874703407
1025.212792,1788180621.082298,1133853,60,1,1,-16.61793327331543,1.783774733543396,-3.075826644897461,-0.019764568656682968,0.02483450248837471,-0.0008898322703316808
1025.601104,1788180621.470610,1134357,88,1,1,-16.622390747070312,1.8176778554916382,-3.110607624053955,-0.01279744878411293,0.028822390362620354,-0.013051051646471024
1026.070287,1788180621.939793,1134856,117,1,1,-16.616104125976562,1.850447177886963,-3.119845151901245,-0.0009219719213433564,0.03019004687666893,-0.01315113715827465
1026.646505,1788180622.516011,1135356,145,1,1,-16.611623764038086,1.8836042881011963,-3.080975294113159,0.006368952337652445,0.032279979437589645,0.003455257974565029
1027.095706,1788180622.965212,1135856,174,1,1,-16.619556427001953,1.9120900630950928,-3.033292531967163,0.006838376168161631,0.029955007135868073,0.020136013627052307
1027.674737,1788180623.544243,1136353,202,1,1,-16.632930755615234,1.9437392950057983,-3.059812545776367,0.003906026715412736,0.030881674960255623,0.006242402829229832
1028.094634,1788180623.964140,1136858,231,1,1,-16.645978927612305,1.974992036819458,-3.087143898010254,0.001714592450298369,0.030420560389757156,-0.0023882288951426744
1028.781392,1788180624.650898,1137353,3,1,1,-16.65474510192871,2.006333827972412,-3.050332546234131,0.002116067335009575,0.030036408454179764,0.010810905136168003
1029.141686,1788180625.011192,1137854,35,1,1,-16.66413116455078,2.0407958030700684,-3.0110726356506348,-0.00029590073972940445,0.02739058807492256,0.021090177819132805
1029.622904,1788180625.492410,1138353,64,1,1,-16.674531936645508,2.0824708938598633,-3.0321569442749023,-0.002796462969854474,0.02846824750304222,0.007721948903053999
1030.094623,1788180625.964129,1138856,93,1,1,-16.68926239013672,2.1292262077331543,-3.0442633628845215,-0.006705469451844692,0.03349632769823074,0.0009356074151583016
1030.675565,1788180626.545071,1139353,121,1,1,-16.70248794555664,2.177155017852783,-3.0265817642211914,-0.00845834705978632,0.037433117628097534,0.004142404068261385
1031.130155,1788180626.999661,1139856,150,1,1,-16.711650848388672,2.220184087753296,-3.1402077674865723,-0.009473932906985283,0.037445276975631714,-0.03441920503973961
1031.647414,1788180627.516920,1140356,179,1,1,-16.721851348876953,2.262849807739258,-3.1819651126861572,-0.011683770455420017,0.03887297585606575,-0.040877483785152435
1032.162106,1788180628.031612,1140856,208,1,1,-16.73075294494629,2.3021976947784424,-3.1360397338867188,-0.013176413252949715,0.036343492567539215,-0.020021889358758926
1032.615741,1788180628.485247,1141353,236,1,1,-16.737812042236328,2.3453593254089355,-3.1026759147644043,-0.01110043190419674,0.03586992248892784,-0.007756838109344244
1033.081512,1788180628.951018,1141856,9,1,1,-16.74102783203125,2.3864831924438477,-3.150343656539917,-0.008291259407997131,0.035865362733602524,-0.02218220941722393
1033.583431,1788180629.452937,1142353,37,1,1,-16.743244171142578,2.419233798980713,-3.154987335205078,-0.006920187268406153,0.03132406994700432,-0.018888279795646667
1034.127806,1788180629.997312,1142858,66,1,1,-16.738893508911133,2.447267532348633,-3.12772274017334,-0.0027139144949615,0.025973254814743996,-0.005412020720541477
1034.576236,1788180630.445742,1143353,94,1,1,-16.735702514648438,2.4715702533721924,-3.094216823577881,-0.00193160364869982,0.022345533594489098,0.005236914847046137
1035.153386,1788180631.022892,1143857,123,1,1,-16.73822021484375,2.479702949523926,-3.0541887283325195,-0.0009341941331513226,0.007822401821613312,0.016239458695054054
1035.603554,1788180631.473060,1144353,151,1,1,-16.745840072631836,2.4881696701049805,-3.0138561725616455,-0.004293126054108143,-0.00017834914615377784,0.02880600094795227
1036.070526,1788180631.940032,1144856,180,1,1,-16.765365600585938,2.4850709438323975,-3.003969192504883,-0.013107058592140675,-0.014025546610355377,0.028151070699095726
1036.664402,1788180632.533908,1145353,208,1,1,-16.790756225585938,2.486619472503662,-2.991877317428589,-0.021289844065904617,-0.020444829016923904,0.029804185032844543
1037.119174,1788180632.988680,1145856,237,1,1,-16.80154037475586,2.4877607822418213,-3.0045299530029297,-0.016166849061846733,-0.026425976306200027,0.02075067162513733
1037.620596,1788180633.490102,1146353,9,1,1,-16.82149887084961,2.4750287532806396,-3.0288846492767334,-0.021371915936470032,-0.03532503545284271,0.008908073417842388
1038.136893,1788180634.006399,1146857,39,1,1,-16.838838577270508,2.47402024269104,-3.048689603805542,-0.021405791863799095,-0.034205857664346695,0.0019262286368757486
1038.600043,1788180634.469549,1147356,67,1,1,-16.848398208618164,2.4726510047912598,-3.035646438598633,-0.014881120063364506,-0.03332028165459633,0.004512236453592777
1039.066645,1788180634.936151,1147861,96,1,1,-16.862720489501953,2.465958595275879,-3.0061841011047363,-0.013759039342403412,-0.03332730010151863,0.012237952090799809
1039.599371,1788180635.468877,1148356,124,1,1,-16.8919734954834,2.4593076705932617,-2.982583999633789,-0.020834676921367645,-0.03282460942864418,0.01827835850417614
1040.112342,1788180635.981848,1148857,153,1,1,-16.913761138916016,2.4634218215942383,-2.9823994636535645,-0.02292720042169094,-0.02210625819861889,0.014931175857782364
1040.564909,1788180636.434415,1149353,181,1,1,-16.91802406311035,2.4641904830932617,-2.983231782913208,-0.015371586196124554,-0.016947591677308083,0.013121315278112888
1041.067352,1788180636.936858,1149861,210,1,1,-16.921340942382812,2.45552134513855,-2.9756534099578857,-0.010172845795750618,-0.016967235133051872,0.012553690932691097
1041.642329,1788180637.511835,1150353,239,1,1,-16.92613410949707,2.4317727088928223,-2.983877658843994,-0.006867723539471626,-0.024156827479600906,0.006196413189172745
1042.111270,1788180637.980776,1150856,12,1,1,-16.919431686401367,2.408057689666748,-2.9720242023468018,0.000959735014475882,-0.024817317724227905,0.008299705572426319
1042.611123,1788180638.480629,1151356,40,1,1,-16.913869857788086,2.390005588531494,-2.96242356300354,0.008622871711850166,-0.02188708446919918,0.009941812604665756
1043.100325,1788180638.969831,1151857,69,1,1,-16.905120849609375,2.3673784732818604,-3.0059707164764404,0.01375462394207716,-0.02276369370520115,-0.007391135208308697
1043.673478,1788180639.542984,1152353,97,1,1,-16.886228561401367,2.338453769683838,-3.049011707305908,0.022456886246800423,-0.02435172162950039,-0.02062530815601349
1044.137996,1788180640.007502,1152856,126,1,1,-16.868776321411133,2.3081932067871094,-3.137859344482422,0.028332963585853577,-0.024774612858891487,-0.04714716225862503
1044.589199,1788180640.458705,1153357,154,1,1,-16.86300277709961,2.2758753299713135,-3.1036791801452637,0.02643110603094101,-0.02704005502164364,-0.0775095596909523
1045.102806,1788180640.972312,1153857,183,1,1,-16.86284637451172,2.241710662841797,-3.143052339553833,0.02295498549938202,-0.028778353706002235,-0.07769440114498138
1045.648930,1788180641.518436,1154353,211,1,1,-16.865808486938477,2.2131855487823486,-3.154435157775879,0.020951563492417336,-0.027596836909651756,-0.06855712831020355
1046.098966,1788180641.968472,1154858,240,1,1,-16.88005828857422,2.175076961517334,-3.1617038249969482,0.010848614387214184,-0.03303106129169464,-0.060342416167259216
1046.663133,1788180642.532639,1155353,12,1,1,-16.894283294677734,2.1307740211486816,-3.1690289974212646,0.005778385326266289,-0.04052737355232239,-0.05557021498680115
1047.082218,1788180642.951724,1155857,41,1,1,-16.917898178100586,2.089334726333618,-3.175994873046875,-0.003919360693544149,-0.045223791152238846,-0.04883841797709465
1047.629143,1788180643.498649,1156353,69,1,1,-16.94919204711914,2.046088218688965,-3.1796250343322754,-0.01512899436056614,-0.04998520016670227,-0.04514613375067711
1048.095487,1788180643.964993,1156856,98,1,1,-16.98320198059082,2.002199411392212,-3.171281576156616,-0.027006343007087708,-0.0507102869451046,-0.038341227918863297
1048.625727,1788180644.495233,1157356,126,1,1,-17.006772994995117,1.9578561782836914,-3.154697895050049,-0.028214922174811363,-0.05406230688095093,-0.029679352417588234
1049.093218,1788180644.962724,1157856,155,1,1,-17.01791000366211,1.9199731349945068,-3.1430413722991943,-0.022769000381231308,-0.052128199487924576,-0.022791000083088875
1049.698436,1788180645.567942,1158356,183,1,1,-17.031784057617188,1.882136344909668,-3.134037733078003,-0.023089943453669548,-0.04942139983177185,-0.018681421875953674
1050.075549,1788180645.945055,1158856,212,1,1,-17.041126251220703,1.8420311212539673,-3.1233108043670654,-0.01906716264784336,-0.04936780408024788,-0.012999624013900757
1050.572993,1788180646.442499,1159353,240,1,1,-17.053810119628906,1.8053574562072754,-3.123090982437134,-0.017374439164996147,-0.04746272414922714,-0.01148911565542221
1051.167268,1788180647.036774,1159856,13,1,1,-17.067420959472656,1.7809549570083618,-3.1146700382232666,-0.014619666151702404,-0.035174448043107986,-0.006000239867717028
1051.773652,1788180647.643158,1160353,42,1,1,-17.089479446411133,1.746358036994934,-3.109245777130127,-0.017030993476510048,-0.0353178046643734,-0.001663333852775395
1052.117760,1788180647.987266,1160857,71,1,1,-17.11420440673828,1.7166762351989746,-3.1022133827209473,-0.019459007307887077,-0.028501391410827637,0.0012705909321084619
1052.648146,1788180648.517652,1161353,99,1,1,-17.133193969726562,1.7013843059539795,-3.084024429321289,-0.01827598363161087,-0.014931644313037395,0.0072132255882024765
1053.117498,1788180648.987004,1161856,128,1,1,-17.149349212646484,1.6889162063598633,-3.0806820392608643,-0.01678338833153248,-0.004491621162742376,0.0073206727392971516
1053.568233,1788180649.437739,1162353,156,1,1,-17.167945861816406,1.6689527034759521,-3.076545476913452,-0.01883447915315628,-0.001066764583811164,0.00763397291302681
1054.146738,1788180650.016244,1162856,185,1,1,-17.187786102294922,1.6535615921020508,-3.0764262676239014,-0.02107984572649002,0.005013827700167894,0.0059425500221550465
1054.606091,1788180650.475597,1163356,213,1,1,-17.217670440673828,1.6285279989242554,-3.083660364151001,-0.026204969733953476,0.0053789871744811535,0.0027087454218417406
1055.065372,1788180650.934878,1163857,242,1,1,-17.247440338134766,1.5945684909820557,-3.0963900089263916,-0.032427240163087845,-0.001996149541810155,-0.0032305894419550896
1055.643592,1788180651.513098,1164356,14,1,1,-17.269546508789062,1.5645370483398438,-3.1154227256774902,-0.029550712555646896,-0.005491798277944326,-0.005226912442594767
1056.099088,1788180651.968594,1164857,43,1,1,-17.28643226623535,1.530542254447937,-3.124443531036377,-0.026369616389274597,-0.011313920840620995,-0.005825292784720659
1056.565084,1788180652.434590,1165353,71,1,1,-17.298667907714844,1.4893983602523804,-3.1211347579956055,-0.02492714114487171,-0.02081565000116825,-0.004442121833562851
1057.141863,1788180653.011369,1165856,100,1,1,-17.307159423828125,1.4563950300216675,-3.119666576385498,-0.022099046036601067,-0.021129826083779335,-0.0037490318063646555
1057.546553,1788180653.416059,1166353,128,1,1,-17.32071876525879,1.4240432977676392,-3.113931179046631,-0.020816745236516,-0.020424718037247658,-0.0010414979187771678
1058.106075,1788180653.975581,1166858,157,1,1,-17.33196258544922,1.3874945640563965,-3.107142686843872,-0.017809007316827774,-0.027020253241062164,-0.004518116358667612
1058.625534,1788180654.495040,1167353,185,1,1,-17.341747283935547,1.3524932861328125,-3.1015522480010986,-0.014440190978348255,-0.030009934678673744,-0.0020219688303768635
1059.095152,1788180654.964658,1167857,214,1,1,-17.353179931640625,1.3136883974075317,-3.103501319885254,-0.012074382044374943,-0.03797335550189018,-0.004838620778173208
1059.595869,1788180655.465375,1168358,242,1,1,-17.3754825592041,1.2658904790878296,-3.111675500869751,-0.015243065543472767,-0.04845292493700981,-0.006800321862101555
1060.206925,1788180656.076431,1168857,15,1,1,-17.39518928527832,1.2317734956741333,-3.110126256942749,-0.017346719279885292,-0.04702671617269516,-0.006750782951712608
1060.595502,1788180656.465008,1169353,43,1,1,-17.408832550048828,1.182560920715332,-3.1013753414154053,-0.012870040722191334,-0.05492527782917023,-0.0016916365129873157
1061.097721,1788180656.967227,1169856,72,1,1,-17.421184539794922,1.1385775804519653,-3.0904042720794678,-0.010398388840258121,-0.0555221326649189,0.0021589905954897404
1061.680780,1788180657.550286,1170353,101,1,1,-17.423185348510742,1.0764093399047852,-3.0781121253967285,-0.012496684677898884,-0.062253717333078384,0.004090537782758474
1062.087602,1788180657.957108,1170853,130,1,1,-17.408363342285156,1.0376057624816895,-3.0699973106384277,0.022403115406632423,-0.06833536177873611,0.006780129391700029
1062.667433,1788180658.536939,1171353,158,1,1,-17.410247802734375,1.013581395149231,-3.087134599685669,0.014927093870937824,-0.05287278816103935,-0.002079847501590848
1063.058302,1788180658.927808,1171856,187,1,1,-17.417022705078125,1.0041842460632324,-3.095507860183716,0.006085736211389303,-0.05423342436552048,-0.00731160631403327
1063.590322,1788180659.459828,1172353,215,1,1,-17.43048095703125,1.0075645446777344,-3.09316349029541,0.019708719104528427,-0.037149492651224136,-0.005741583649069071
1064.089246,1788180659.958752,1172856,244,1,1,-17.440872192382812,1.0456678867340088,-3.0754997730255127,0.016921784728765488,0.00893806479871273,-0.009221930988132954
1064.620662,1788180660.490168,1173356,16,1,1,-17.425296783447266,1.1021416187286377,-3.1585659980773926,0.11870080977678299,-0.06714839488267899,-0.4777674376964569
1065.070518,1788180660.940024,1173853,45,1,1,-17.380178451538086,1.0057576894760132,-3.5443475246429443,0.1913008987903595,-0.4035360515117645,-1.0343189239501953
1065.662604,1788180661.532110,1174358,73,1,1,-17.322067260742188,0.7573354244232178,-3.91312575340271,0.3222382068634033,-0.5157992839813232,-0.18850938975811005
1066.111718,1788180661.981224,1174857,102,1,1,-17.20651626586914,0.597088098526001,-3.9724600315093994,0.19545221328735352,-0.2120283991098404,-0.15494851768016815
1066.580534,1788180662.450040,1175353,130,1,1,-17.03026580810547,0.5802956819534302,-3.9565603733062744,0.5096815228462219,0.023214692249894142,0.03336445242166519
1067.112604,1788180662.982110,1175856,162,1,1,-16.62067985534668,0.6127905249595642,-3.9595346450805664,0.8870798945426941,0.13384847342967987,0.020062560215592384
1067.611210,1788180663.480716,1176356,191,1,1,-16.17184829711914,0.607226550579071,-3.998886823654175,0.9121313691139221,0.019443709403276443,-0.020442645996809006
1068.063084,1788180663.932590,1176858,220,1,1,-15.65355110168457,0.5725963115692139,-4.002220153808594,1.0005618333816528,0.12375333160161972,-0.09595317393541336
1068.609825,1788180664.479331,1177353,248,1,1,-15.165608406066895,0.6594129204750061,-3.9907124042510986,0.9455309510231018,0.3488706946372986,-0.005907651502639055
1069.062214,1788180664.931720,1177858,22,1,1,-14.625268936157227,0.7144355773925781,-3.9557454586029053,1.154697299003601,0.1805669665336609,-0.13322040438652039
1069.607409,1788180665.476915,1178353,50,1,1,-14.123311042785645,0.7338855266571045,-3.9632790088653564,0.9177231192588806,0.1892704963684082,0.028206221759319305
1070.136291,1788180666.005797,1178857,79,1,1,-13.683485984802246,0.7562568187713623,-3.9484176635742188,0.9825918674468994,0.15976934134960175,0.004984359722584486
1070.670229,1788180666.539735,1179353,107,1,1,-13.206899642944336,0.7716538310050964,-3.9531333446502686,0.8711881041526794,0.18148799240589142,-0.0007322289748117328
1071.060960,1788180666.930466,1179856,136,1,1,-12.830643653869629,0.8025173544883728,-3.9371249675750732,0.7340904474258423,0.16298583149909973,0.03184547647833824
1071.591495,1788180667.461001,1180353,165,1,1,-12.415459632873535,0.7481688261032104,-3.911668300628662,0.861293613910675,-0.06659591197967529,-0.07115262001752853
1072.106863,1788180667.976369,1180856,194,1,1,-12.001948356628418,0.7109647393226624,-3.9027647972106934,0.7495277523994446,0.05510934814810753,-0.0456068217754364
1072.607574,1788180668.477080,1181356,222,1,1,-11.604856491088867,0.6937639713287354,-3.9045662879943848,0.9050955176353455,-0.07313594222068787,0.007185081951320171
1073.125078,1788180668.994584,1181858,251,1,1,-11.151021003723145,0.6371943950653076,-3.9141361713409424,0.8416176438331604,0.012201066128909588,0.013436627574265003
1073.588562,1788180669.458068,1182353,23,1,1,-10.775376319885254,0.6803165078163147,-3.8937902450561523,0.8086066842079163,0.06426901370286942,0.043651048094034195
1074.058032,1788180669.927538,1182856,52,1,1,-10.327445983886719,0.6562429070472717,-3.8700509071350098,0.9475834965705872,-0.08908792585134506,-0.0819438025355339
1074.631324,1788180670.500830,1183353,80,1,1,-9.925585746765137,0.6483822464942932,-3.8751254081726074,0.6999292373657227,-0.007076749112457037,-0.011766660958528519
1075.085971,1788180670.955477,1183858,109,1,1,-9.575839042663574,0.6271756887435913,-3.838916778564453,0.8454197645187378,-0.13658304512500763,0.021859679371118546
1075.663263,1788180671.532769,1184356,137,1,1,-9.152734756469727,0.5883046984672546,-3.845458745956421,0.9114064574241638,-0.046784330159425735,0.03923359885811806
1076.239134,1788180672.108640,1184858,166,1,1,-8.724390029907227,0.6560540199279785,-3.82494854927063,0.8849847316741943,0.05728035420179367,0.12119979411363602
1076.630886,1788180672.500392,1185353,194,1,1,-8.263592720031738,0.6763980388641357,-3.824878692626953,0.9041963815689087,-0.024676743894815445,-0.09239482134580612
1077.162419,1788180673.031925,1185858,223,1,1,-7.850586414337158,0.7403103113174438,-3.8312621116638184,0.7769321799278259,0.15238262712955475,0.009440955705940723
1077.631762,1788180673.501268,1186353,251,1,1,-7.4276275634765625,0.8214821815490723,-3.8137598037719727,0.9771571755409241,0.0989183709025383,0.028115645051002502
1078.082281,1788180673.951787,1186856,24,1,1,-6.946550369262695,0.928522527217865,-3.844184637069702,0.8399791717529297,0.18381093442440033,-0.014764987863600254
1078.707933,1788180674.577439,1187356,52,1,1,-6.556748390197754,1.0293011665344238,-3.8421545028686523,0.7722850441932678,0.045194655656814575,0.08585531264543533
1079.081053,1788180674.950559,1187853,81,1,1,-6.102015018463135,1.0670695304870605,-3.867790937423706,0.8349236249923706,0.02978603169322014,-0.06541319936513901
1079.583334,1788180675.452840,1188356,109,1,1,-5.661434173583984,1.1567375659942627,-3.8715736865997314,0.7334948778152466,0.11368650943040848,-0.024767829105257988
1080.158430,1788180676.027936,1188861,138,1,1,-5.230241298675537,1.2071239948272705,-3.847522497177124,0.8209172487258911,-0.07917525619268417,-0.02822229452431202
1080.612270,1788180676.481776,1189353,166,1,1,-4.825176239013672,1.2452512979507446,-3.863018751144409,0.7099829316139221,0.011053876020014286,0.05086138844490051
1081.077995,1788180676.947501,1189857,195,1,1,-4.468960285186768,1.3234530687332153,-3.8777403831481934,0.6739833950996399,-0.03036186657845974,-0.002392229624092579
1081.688154,1788180677.557660,1190353,224,1,1,-4.082967281341553,1.3690474033355713,-3.875196933746338,0.7102602124214172,0.032747216522693634,-0.029769685119390488
1082.048534,1788180677.918040,1190857,253,1,1,-3.7125892639160156,1.4350768327713013,-3.8622608184814453,0.6264905333518982,0.1327342540025711,0.001568990875966847
1082.560997,1788180678.430503,1191358,25,1,1,-3.365117073059082,1.441004753112793,-3.8245530128479004,0.7639244198799133,-0.0813511535525322,0.07341314107179642
1083.140393,1788180679.009899,1191856,54,1,1,-2.9664387702941895,1.4058303833007812,-3.822460889816284,0.7465817332267761,-0.0007824915810488164,0.0406399704515934
1083.609837,1788180679.479343,1192356,82,1,1,-2.613461971282959,1.4112582206726074,-3.817814350128174,0.690372109413147,0.005114361178129911,0.002413752255961299
1084.074093,1788180679.943599,1192856,111,1,1,-2.21557354927063,1.359342098236084,-3.827082633972168,0.8227634429931641,-0.06441303342580795,-0.04337340220808983
1084.636626,1788180680.506132,1193356,139,1,1,-1.890759825706482,1.3526217937469482,-3.8429319858551025,0.477877140045166,0.02557232975959778,0.003377390094101429
1085.090418,1788180680.959924,1193858,168,1,1,-1.7184442281723022,1.3340128660202026,-3.8498120307922363,0.3189324736595154,-0.12111730873584747,-0.006459451280534267
1085.557609,1788180681.427115,1194353,196,1,1,-1.5431246757507324,1.2459616661071777,-3.818667411804199,0.4311317205429077,-0.16890789568424225,0.05994178727269173
1086.058393,1788180681.927899,1194857,225,1,1,-1.2966084480285645,1.1796982288360596,-3.8102216720581055,0.6482751965522766,-0.09837552160024643,0.024467701092362404
1086.575083,1788180682.444589,1195353,253,1,1,-0.8915148973464966,1.1545230150222778,-3.8531956672668457,0.8991439342498779,-0.04094091057777405,-0.09416366368532181
1087.103548,1788180682.973054,1195857,26,1,1,-0.4542945623397827,1.1912559270858765,-3.8749258518218994,0.8322799801826477,0.09385328739881516,-0.006756579037755728
1087.633448,1788180683.502954,1196357,54,1,1,-0.05776011943817139,1.3048427104949951,-3.843950033187866,0.7472395300865173,0.18048503994941711,0.03319805487990379
1088.084303,1788180683.953809,1196857,83,1,1,0.29865261912345886,1.3983439207077026,-3.8544771671295166,0.7028904557228088,0.03480186685919762,-0.026332272216677666
1088.598511,1788180684.468017,1197356,111,1,1,0.6402264833450317,1.5333094596862793,-3.887503147125244,0.6503646373748779,0.33325624465942383,0.048950646072626114
1089.131490,1788180685.000996,1197853,140,1,1,0.9802907109260559,1.7450445890426636,-3.871060848236084,0.47615185379981995,0.2917570173740387,0.027044812217354774
1089.629384,1788180685.498890,1198358,168,1,1,1.1219526529312134,1.8777304887771606,-3.8042523860931396,-0.0654597282409668,-0.0421144925057888,0.056374624371528625
1090.158926,1788180686.028432,1198853,197,1,1,1.1329448223114014,1.8361355066299438,-3.779813766479492,0.011432691477239132,-0.3264719247817993,0.08724524080753326
1090.627427,1788180686.496933,1199353,225,1,1,1.2225321531295776,1.7741036415100098,-3.728032350540161,0.2747632563114166,-0.22421810030937195,0.07524068653583527
1091.130735,1788180687.000241,1199856,254,1,1,1.4371918439865112,1.7479397058486938,-3.685695171356201,0.46649453043937683,-0.20186954736709595,0.1442601978778839
1091.614124,1788180687.483630,1200353,27,1,1,1.5530006885528564,1.7955180406570435,-3.6431610584259033,0.07909426838159561,0.001337840803898871,0.1586930900812149
1092.066352,1788180687.935858,1200858,56,1,1,1.3827465772628784,1.8446030616760254,-3.507014751434326,-0.4059887230396271,-0.007343740668147802,0.5965562462806702
1092.627391,1788180688.496897,1201353,84,1,1,1.1322489976882935,1.8811320066452026,-3.1927826404571533,-0.22761213779449463,0.03782191872596741,0.4203823506832123
1093.265818,1788180689.135324,1201857,113,1,1,1.0300151109695435,1.9279934167861938,-3.287963390350342,0.05138982832431793,-0.004533532075583935,0.04473736137151718
1093.655386,1788180689.524892,1202356,141,1,1,1.0203921794891357,1.9718021154403687,-3.7115366458892822,0.06279101222753525,0.012662515044212341,-0.20945025980472565
1094.093119,1788180689.962625,1202853,170,1,1,1.0446103811264038,1.9802473783493042,-4.117405414581299,0.13220761716365814,0.007465891540050507,-0.32102876901626587
1094.637931,1788180690.507437,1203357,198,1,1,1.061447024345398,1.9847235679626465,-3.8056423664093018,0.11707542091608047,-0.000854294397868216,-0.3499159514904022
1095.104881,1788180690.974387,1203853,227,1,1,1.0780925750732422,2.000683546066284,-3.945511817932129,0.11734148114919662,0.025678148493170738,-0.3444287180900574
1095.621057,1788180691.490563,1204353,255,1,1,1.0389010906219482,1.9924439191818237,-4.062361717224121,0.08067958801984787,0.0078325429931283,-0.3332124948501587
1096.262525,1788180692.132031,1204853,28,1,1,0.9940624833106995,1.9866515398025513,-4.165629863739014,0.04693441838026047,0.008542580530047417,-0.32018646597862244
1096.682530,1788180692.552036,1205353,56,1,1,0.9828062653541565,1.9712594747543335,-4.219481468200684,0.040392257273197174,-0.0006846518372185528,-0.29156652092933655
1097.059767,1788180692.929273,1205853,85,1,1,0.9897968173027039,1.953568458557129,-4.256521224975586,0.039526648819446564,-0.013383673503994942,-0.2663481831550598
1097.573326,1788180693.442832,1206356,113,1,1,0.9914892911911011,1.9426183700561523,-4.261045932769775,0.03206079080700874,-0.015158337540924549,-0.23397314548492432
1098.103570,1788180693.973076,1206857,142,1,1,0.976434588432312,1.9405462741851807,-4.25046968460083,0.013816140592098236,-0.013320841826498508,-0.20126336812973022
1098.603824,1788180694.473330,1207353,170,1,1,0.9556123614311218,1.949755072593689,-4.2165045738220215,-0.003076456254348159,-0.0055329264141619205,-0.17075087130069733
1099.181427,1788180695.050933,1207853,199,1,1,0.9365970492362976,1.9452557563781738,-4.171359062194824,-0.015345192514359951,-0.009698061272501945,-0.141678124666214
1099.650064,1788180695.519570,1208353,227,1,1,0.9193431735038757,1.9408456087112427,-4.117554187774658,-0.02299460768699646,-0.008557673543691635,-0.113434337079525
1100.178269,1788180696.047775,1208853,1,1,1,0.9150372743606567,1.9476161003112793,-4.0619282722473145,-0.020802360028028488,-0.0043641189113259315,-0.08767127245664597
1100.569959,1788180696.439465,1209356,29,1,1,0.9198749661445618,1.954003930091858,-4.013890743255615,-0.015403012745082378,-6.624746310990304e-05,-0.06494774669408798
1101.099157,1788180696.968663,1209858,58,1,1,0.932140588760376,1.9614994525909424,-3.963123321533203,-0.005492433439940214,0.0004682991420850158,-0.04619702324271202
1101.598227,1788180697.467733,1210356,87,1,1,0.9435775876045227,1.9844385385513306,-3.9333348274230957,-0.0011840293882414699,0.00846515316516161,-0.03713705390691757
1102.129887,1788180697.999393,1210856,116,1,1,0.9570037722587585,2.0183820724487305,-3.905651569366455,0.0014767269603908062,0.01962173543870449,-0.028758499771356583
1102.581251,1788180698.450757,1211353,144,1,1,0.9704907536506653,2.0428125858306885,-3.883204221725464,0.0032778331078588963,0.02394384704530239,-0.025203512981534004
1103.097390,1788180698.966896,1211856,173,1,1,0.9929014444351196,2.067937135696411,-3.8650174140930176,0.007088338956236839,0.022680476307868958,-0.019372114911675453
1103.627534,1788180699.497040,1212356,201,1,1,1.0348811149597168,2.11544132232666,-3.843336582183838,0.018901903182268143,0.03238968178629875,-0.013202331960201263
1104.096891,1788180699.966397,1212858,230,1,1,1.077947974205017,2.1710095405578613,-3.814542770385742,0.025353509932756424,0.042442258447408676,-0.006797051522880793
1104.626673,1788180700.496179,1213357,2,1,1,1.127285122871399,2.231684923171997,-3.772066354751587,0.03162629157304764,0.053646743297576904,0.0014807075494900346
1105.156342,1788180701.025848,1213853,34,1,1,1.1705421209335327,2.2856061458587646,-3.7312707901000977,0.03362920507788658,0.05978202074766159,0.009770973585546017
1105.624360,1788180701.493866,1214358,63,1,1,1.2240573167800903,2.3241782188415527,-3.217226266860962,0.04205714911222458,0.05926000699400902,0.018038470298051834
1106.153500,1788180702.023006,1214858,92,1,1,1.2730135917663574,2.341628313064575,-3.2040228843688965,0.04364127293229103,0.051111575216054916,0.02027500793337822
1106.622269,1788180702.491775,1215353,120,1,1,1.3030779361724854,2.352912664413452,-3.2206339836120605,0.041175127029418945,0.03563128784298897,0.012138807214796543
