elapsed_s,log_timestamp_unix_s,source_message,source_time_boot_ms,packet_seq,sysid,compid,mission_item_seq,mission_total,mission_state,mission_mode,coordinate_frame,type_mask,target_lat_raw_e7,target_lon_raw_e7,target_lat_deg,target_lon_deg,target_alt_m,target_vx_mps,target_vy_mps,target_vz_mps,target_afx_mps2,target_afy_mps2,target_afz_mps2,target_yaw_rad,target_yaw_rate_rad_s
0.075705,1788179595.945211,MISSION_CURRENT,,211,1,1,0,7,2,0,,,,,,,,,,,,,,,
0.527782,1788179596.397288,MISSION_CURRENT,,239,1,1,0,7,2,0,,,,,,,,,,,,,,,
1.079098,1788179596.948604,MISSION_CURRENT,,12,1,1,0,7,2,0,,,,,,,,,,,,,,,
1.685156,1788179597.554662,MISSION_CURRENT,,42,1,1,0,7,2,0,,,,,,,,,,,,,,,
2.042071,1788179597.911577,MISSION_CURRENT,,71,1,1,0,7,2,0,,,,,,,,,,,,,,,
2.603541,1788179598.473047,MISSION_CURRENT,,99,1,1,0,7,2,0,,,,,,,,,,,,,,,
3.148512,1788179599.018018,MISSION_CURRENT,,128,1,1,0,7,2,0,,,,,,,,,,,,,,,
3.524408,1788179599.393914,MISSION_CURRENT,,156,1,1,0,7,2,0,,,,,,,,,,,,,,,
4.022662,1788179599.892168,MISSION_CURRENT,,185,1,1,0,7,2,0,,,,,,,,,,,,,,,
4.568833,1788179600.438339,MISSION_CURRENT,,219,1,1,0,7,2,0,,,,,,,,,,,,,,,
6.526368,1788179602.395874,MISSION_CURRENT,,32,1,1,0,7,2,0,,,,,,,,,,,,,,,
8.554403,1788179604.423909,MISSION_CURRENT,,95,1,1,0,7,2,0,,,,,,,,,,,,,,,
10.626730,1788179606.496236,MISSION_CURRENT,,153,1,1,0,7,2,0,,,,,,,,,,,,,,,
12.548033,1788179608.417539,MISSION_CURRENT,,211,1,1,0,7,2,0,,,,,,,,,,,,,,,
14.574148,1788179610.443654,MISSION_CURRENT,,6,1,1,0,7,2,0,,,,,,,,,,,,,,,
15.075595,1788179610.945101,MISSION_CURRENT,,35,1,1,0,7,2,0,,,,,,,,,,,,,,,
15.604210,1788179611.473716,MISSION_CURRENT,,60,1,1,0,7,2,0,,,,,,,,,,,,,,,
16.041962,1788179611.911468,MISSION_CURRENT,,89,1,1,0,7,2,0,,,,,,,,,,,,,,,
16.526050,1788179612.395556,MISSION_CURRENT,,117,1,1,0,7,2,0,,,,,,,,,,,,,,,
17.099536,1788179612.969042,MISSION_CURRENT,,146,1,1,0,7,2,0,,,,,,,,,,,,,,,
17.523089,1788179613.392595,MISSION_CURRENT,,174,1,1,0,7,2,0,,,,,,,,,,,,,,,
18.022377,1788179613.891883,MISSION_CURRENT,,203,1,1,0,7,2,0,,,,,,,,,,,,,,,
18.601285,1788179614.470791,MISSION_CURRENT,,231,1,1,0,7,2,0,,,,,,,,,,,,,,,
19.051888,1788179614.921394,MISSION_CURRENT,,4,1,1,0,7,2,0,,,,,,,,,,,,,,,
19.520547,1788179615.390053,MISSION_CURRENT,,32,1,1,0,7,2,0,,,,,,,,,,,,,,,
20.005908,1788179615.875414,MISSION_CURRENT,,61,1,1,0,7,2,0,,,,,,,,,,,,,,,
20.552790,1788179616.422296,MISSION_CURRENT,,89,1,1,0,7,2,0,,,,,,,,,,,,,,,
21.004506,1788179616.874012,MISSION_CURRENT,,118,1,1,0,7,2,0,,,,,,,,,,,,,,,
21.520405,1788179617.389911,MISSION_CURRENT,,147,1,1,0,7,2,0,,,,,,,,,,,,,,,
22.020764,1788179617.890270,MISSION_CURRENT,,176,1,1,0,7,2,0,,,,,,,,,,,,,,,
22.615639,1788179618.485145,MISSION_CURRENT,,204,1,1,0,7,2,0,,,,,,,,,,,,,,,
23.086912,1788179618.956418,MISSION_CURRENT,,233,1,1,0,7,2,0,,,,,,,,,,,,,,,
23.509494,1788179619.379000,MISSION_CURRENT,,5,1,1,0,7,2,0,,,,,,,,,,,,,,,
24.007221,1788179619.876727,MISSION_CURRENT,,34,1,1,0,7,2,0,,,,,,,,,,,,,,,
24.555171,1788179620.424677,MISSION_CURRENT,,62,1,1,0,7,2,0,,,,,,,,,,,,,,,
25.034999,1788179620.904505,MISSION_CURRENT,,91,1,1,0,7,2,0,,,,,,,,,,,,,,,
25.612440,1788179621.481946,MISSION_CURRENT,,119,1,1,0,7,2,0,,,,,,,,,,,,,,,
26.067007,1788179621.936513,MISSION_CURRENT,,148,1,1,0,7,2,0,,,,,,,,,,,,,,,
26.532316,1788179622.401822,MISSION_CURRENT,,176,1,1,0,7,2,0,,,,,,,,,,,,,,,
27.031077,1788179622.900583,MISSION_CURRENT,,205,1,1,0,7,2,0,,,,,,,,,,,,,,,
27.546366,1788179623.415872,MISSION_CURRENT,,233,1,1,0,7,2,0,,,,,,,,,,,,,,,
28.028457,1788179623.897963,MISSION_CURRENT,,6,1,1,0,7,2,0,,,,,,,,,,,,,,,
28.605322,1788179624.474828,MISSION_CURRENT,,34,1,1,0,7,2,0,,,,,,,,,,,,,,,
29.061421,1788179624.930927,MISSION_CURRENT,,63,1,1,0,7,2,0,,,,,,,,,,,,,,,
29.492711,1788179625.362217,MISSION_CURRENT,,91,1,1,0,7,2,0,,,,,,,,,,,,,,,
30.025260,1788179625.894766,MISSION_CURRENT,,120,1,1,0,7,2,0,,,,,,,,,,,,,,,
30.524728,1788179626.394234,MISSION_CURRENT,,148,1,1,0,7,2,0,,,,,,,,,,,,,,,
31.025450,1788179626.894956,MISSION_CURRENT,,177,1,1,0,7,2,0,,,,,,,,,,,,,,,
31.603447,1788179627.472953,MISSION_CURRENT,,206,1,1,0,7,2,0,,,,,,,,,,,,,,,
32.056527,1788179627.926033,MISSION_CURRENT,,235,1,1,0,7,2,0,,,,,,,,,,,,,,,
32.523367,1788179628.392873,MISSION_CURRENT,,7,1,1,0,7,2,0,,,,,,,,,,,,,,,
33.055415,1788179628.924921,MISSION_CURRENT,,36,1,1,0,7,2,0,,,,,,,,,,,,,,,
33.520117,1788179629.389623,MISSION_CURRENT,,65,1,1,0,7,2,0,,,,,,,,,,,,,,,
33.990435,1788179629.859941,MISSION_CURRENT,,94,1,1,0,7,2,0,,,,,,,,,,,,,,,
34.580512,1788179630.450018,MISSION_CURRENT,,122,1,1,0,7,2,0,,,,,,,,,,,,,,,
35.049946,1788179630.919452,MISSION_CURRENT,,151,1,1,0,7,2,0,,,,,,,,,,,,,,,
35.517616,1788179631.387122,MISSION_CURRENT,,179,1,1,0,7,2,0,,,,,,,,,,,,,,,
36.048173,1788179631.917679,MISSION_CURRENT,,208,1,1,0,7,2,0,,,,,,,,,,,,,,,
36.521208,1788179632.390714,MISSION_CURRENT,,236,1,1,0,7,2,0,,,,,,,,,,,,,,,
37.112172,1788179632.981678,MISSION_CURRENT,,9,1,1,0,7,2,0,,,,,,,,,,,,,,,
37.579140,1788179633.448646,MISSION_CURRENT,,37,1,1,0,7,2,0,,,,,,,,,,,,,,,
38.045709,1788179633.915215,MISSION_CURRENT,,66,1,1,0,7,2,0,,,,,,,,,,,,,,,
38.621939,1788179634.491445,MISSION_CURRENT,,94,1,1,0,7,2,0,,,,,,,,,,,,,,,
38.997765,1788179634.867271,MISSION_CURRENT,,123,1,1,0,7,2,0,,,,,,,,,,,,,,,
39.528958,1788179635.398464,MISSION_CURRENT,,154,1,1,0,7,2,0,,,,,,,,,,,,,,,
40.108027,1788179635.977533,MISSION_CURRENT,,184,1,1,0,7,2,0,,,,,,,,,,,,,,,
40.545454,1788179636.414960,MISSION_CURRENT,,212,1,1,0,7,2,0,,,,,,,,,,,,,,,
41.025296,1788179636.894802,MISSION_CURRENT,,241,1,1,0,7,2,0,,,,,,,,,,,,,,,
41.480233,1788179637.349739,MISSION_CURRENT,,14,1,1,0,7,2,0,,,,,,,,,,,,,,,
42.041628,1788179637.911134,MISSION_CURRENT,,43,1,1,0,7,2,0,,,,,,,,,,,,,,,
42.524154,1788179638.393660,MISSION_CURRENT,,71,1,1,0,7,2,0,,,,,,,,,,,,,,,
42.976599,1788179638.846105,MISSION_CURRENT,,100,1,1,0,7,2,0,,,,,,,,,,,,,,,
43.566954,1788179639.436460,MISSION_CURRENT,,128,1,1,0,7,2,0,,,,,,,,,,,,,,,
44.020468,1788179639.889974,MISSION_CURRENT,,157,1,1,0,7,2,0,,,,,,,,,,,,,,,
44.577147,1788179640.446653,MISSION_CURRENT,,186,1,1,0,7,2,0,,,,,,,,,,,,,,,
45.033117,1788179640.902623,MISSION_CURRENT,,215,1,1,0,7,2,0,,,,,,,,,,,,,,,
45.511749,1788179641.381255,MISSION_CURRENT,,243,1,1,0,7,2,0,,,,,,,,,,,,,,,
46.012403,1788179641.881909,MISSION_CURRENT,,16,1,1,0,7,2,0,,,,,,,,,,,,,,,
46.559865,1788179642.429371,MISSION_CURRENT,,44,1,1,0,7,2,0,,,,,,,,,,,,,,,
47.013511,1788179642.883017,MISSION_CURRENT,,73,1,1,0,7,2,0,,,,,,,,,,,,,,,
47.561019,1788179643.430525,MISSION_CURRENT,,101,1,1,0,7,2,0,,,,,,,,,,,,,,,
48.012371,1788179643.881877,MISSION_CURRENT,,130,1,1,0,7,2,0,,,,,,,,,,,,,,,
48.510898,1788179644.380404,MISSION_CURRENT,,158,1,1,0,7,2,0,,,,,,,,,,,,,,,
49.087772,1788179644.957278,MISSION_CURRENT,,187,1,1,0,7,2,0,,,,,,,,,,,,,,,
49.537769,1788179645.407275,MISSION_CURRENT,,215,1,1,0,7,2,0,,,,,,,,,,,,,,,
50.088047,1788179645.957553,MISSION_CURRENT,,244,1,1,0,7,2,0,,,,,,,,,,,,,,,
50.508901,1788179646.378407,MISSION_CURRENT,,16,1,1,0,7,2,0,,,,,,,,,,,,,,,
51.041596,1788179646.911102,MISSION_CURRENT,,45,1,1,0,7,2,0,,,,,,,,,,,,,,,
51.634265,1788179647.503771,MISSION_CURRENT,,74,1,1,0,7,2,0,,,,,,,,,,,,,,,
52.086015,1788179647.955521,MISSION_CURRENT,,103,1,1,0,7,2,0,,,,,,,,,,,,,,,
52.539133,1788179648.408639,MISSION_CURRENT,,131,1,1,0,7,2,0,,,,,,,,,,,,,,,
52.992763,1788179648.862269,MISSION_CURRENT,,160,1,1,0,7,2,0,,,,,,,,,,,,,,,
53.538894,1788179649.408400,MISSION_CURRENT,,188,1,1,0,7,2,0,,,,,,,,,,,,,,,
54.034953,1788179649.904459,MISSION_CURRENT,,217,1,1,0,7,2,0,,,,,,,,,,,,,,,
54.599341,1788179650.468847,MISSION_CURRENT,,245,1,1,0,7,2,0,,,,,,,,,,,,,,,
55.063313,1788179650.932819,MISSION_CURRENT,,18,1,1,0,7,2,0,,,,,,,,,,,,,,,
55.518859,1788179651.388365,MISSION_CURRENT,,46,1,1,0,7,2,0,,,,,,,,,,,,,,,
56.062624,1788179651.932130,MISSION_CURRENT,,75,1,1,0,7,2,0,,,,,,,,,,,,,,,
56.530191,1788179652.399697,MISSION_CURRENT,,103,1,1,0,7,2,0,,,,,,,,,,,,,,,
57.014199,1788179652.883705,MISSION_CURRENT,,132,1,1,0,7,2,0,,,,,,,,,,,,,,,
57.595159,1788179653.464665,MISSION_CURRENT,,160,1,1,0,7,2,0,,,,,,,,,,,,,,,
58.045366,1788179653.914872,MISSION_CURRENT,,189,1,1,0,7,2,0,,,,,,,,,,,,,,,
58.515406,1788179654.384912,MISSION_CURRENT,,217,1,1,0,7,2,0,,,,,,,,,,,,,,,
59.057005,1788179654.926511,MISSION_CURRENT,,246,1,1,0,7,2,0,,,,,,,,,,,,,,,
59.526515,1788179655.396021,MISSION_CURRENT,,18,1,1,0,7,2,0,,,,,,,,,,,,,,,
60.011370,1788179655.880876,MISSION_CURRENT,,47,1,1,0,7,2,0,,,,,,,,,,,,,,,
60.587657,1788179656.457163,MISSION_CURRENT,,75,1,1,0,7,2,0,,,,,,,,,,,,,,,
61.041625,1788179656.911131,MISSION_CURRENT,,104,1,1,0,7,2,0,,,,,,,,,,,,,,,
61.508737,1788179657.378243,MISSION_CURRENT,,133,1,1,0,7,2,0,,,,,,,,,,,,,,,
62.057496,1788179657.927002,MISSION_CURRENT,,162,1,1,0,7,2,0,,,,,,,,,,,,,,,
62.512946,1788179658.382452,MISSION_CURRENT,,190,1,1,0,7,2,0,,,,,,,,,,,,,,,
63.122002,1788179658.991508,MISSION_CURRENT,,219,1,1,0,7,2,0,,,,,,,,,,,,,,,
63.541641,1788179659.411147,MISSION_CURRENT,,247,1,1,0,7,2,0,,,,,,,,,,,,,,,
64.040641,1788179659.910147,MISSION_CURRENT,,20,1,1,0,7,2,0,,,,,,,,,,,,,,,
64.508213,1788179660.377719,MISSION_CURRENT,,48,1,1,0,7,2,0,,,,,,,,,,,,,,,
65.036359,1788179660.905865,MISSION_CURRENT,,77,1,1,0,7,2,0,,,,,,,,,,,,,,,
65.536864,1788179661.406370,MISSION_CURRENT,,105,1,1,0,7,2,0,,,,,,,,,,,,,,,
65.989633,1788179661.859139,MISSION_CURRENT,,134,1,1,0,7,2,0,,,,,,,,,,,,,,,
66.566831,1788179662.436337,MISSION_CURRENT,,162,1,1,0,7,2,0,,,,,,,,,,,,,,,
67.036947,1788179662.906453,MISSION_CURRENT,,191,1,1,0,7,2,0,,,,,,,,,,,,,,,
67.569045,1788179663.438551,MISSION_CURRENT,,219,1,1,0,7,2,0,,,,,,,,,,,,,,,
68.066106,1788179663.935612,MISSION_CURRENT,,248,1,1,0,7,2,0,,,,,,,,,,,,,,,
68.518473,1788179664.387979,MISSION_CURRENT,,20,1,1,0,7,2,0,,,,,,,,,,,,,,,
69.098148,1788179664.967654,MISSION_CURRENT,,49,1,1,0,7,2,0,,,,,,,,,,,,,,,
69.553765,1788179665.423271,MISSION_CURRENT,,77,1,1,0,7,2,0,,,,,,,,,,,,,,,
70.040210,1788179665.909716,MISSION_CURRENT,,106,1,1,0,7,2,0,,,,,,,,,,,,,,,
70.569605,1788179666.439111,MISSION_CURRENT,,134,1,1,0,7,2,0,,,,,,,,,,,,,,,
71.049771,1788179666.919277,MISSION_CURRENT,,163,1,1,0,7,2,0,,,,,,,,,,,,,,,
71.520141,1788179667.389647,MISSION_CURRENT,,192,1,1,0,7,2,0,,,,,,,,,,,,,,,
72.005058,1788179667.874564,MISSION_CURRENT,,221,1,1,0,7,2,0,,,,,,,,,,,,,,,
72.549965,1788179668.419471,MISSION_CURRENT,,249,1,1,0,7,2,0,,,,,,,,,,,,,,,
73.005140,1788179668.874646,MISSION_CURRENT,,22,1,1,0,7,2,0,,,,,,,,,,,,,,,
73.551108,1788179669.420614,MISSION_CURRENT,,50,1,1,0,7,2,0,,,,,,,,,,,,,,,
74.016898,1788179669.886404,MISSION_CURRENT,,79,1,1,0,7,2,0,,,,,,,,,,,,,,,
74.625925,1788179670.495431,MISSION_CURRENT,,107,1,1,0,7,2,0,,,,,,,,,,,,,,,
75.001837,1788179670.871343,MISSION_CURRENT,,136,1,1,0,7,2,0,,,,,,,,,,,,,,,
75.532040,1788179671.401546,MISSION_CURRENT,,165,1,1,0,7,2,0,,,,,,,,,,,,,,,
76.005016,1788179671.874522,MISSION_CURRENT,,194,1,1,0,7,2,0,,,,,,,,,,,,,,,
76.555204,1788179672.424710,MISSION_CURRENT,,222,1,1,0,7,2,0,,,,,,,,,,,,,,,
77.006582,1788179672.876088,MISSION_CURRENT,,251,1,1,0,7,2,0,,,,,,,,,,,,,,,
77.599549,1788179673.469055,MISSION_CURRENT,,26,1,1,0,7,2,0,,,,,,,,,,,,,,,
78.071368,1788179673.940874,MISSION_CURRENT,,56,1,1,0,7,2,0,,,,,,,,,,,,,,,
78.534594,1788179674.404100,MISSION_CURRENT,,84,1,1,0,7,2,0,,,,,,,,,,,,,,,
78.991800,1788179674.861306,MISSION_CURRENT,,113,1,1,0,7,2,0,,,,,,,,,,,,,,,
79.539256,1788179675.408762,MISSION_CURRENT,,141,1,1,0,7,2,0,,,,,,,,,,,,,,,
80.023772,1788179675.893278,MISSION_CURRENT,,170,1,1,0,7,2,0,,,,,,,,,,,,,,,
80.597905,1788179676.467411,MISSION_CURRENT,,198,1,1,0,7,2,0,,,,,,,,,,,,,,,
81.069524,1788179676.939030,MISSION_CURRENT,,227,1,1,0,7,2,0,,,,,,,,,,,,,,,
81.515636,1788179677.385142,MISSION_CURRENT,,0,1,1,0,7,2,0,,,,,,,,,,,,,,,
82.065662,1788179677.935168,MISSION_CURRENT,,29,1,1,0,7,2,0,,,,,,,,,,,,,,,
82.532192,1788179678.401698,MISSION_CURRENT,,57,1,1,0,7,2,0,,,,,,,,,,,,,,,
83.014136,1788179678.883642,MISSION_CURRENT,,86,1,1,0,7,2,0,,,,,,,,,,,,,,,
83.591370,1788179679.460876,MISSION_CURRENT,,114,1,1,0,7,2,0,,,,,,,,,,,,,,,
84.062280,1788179679.931786,MISSION_CURRENT,,143,1,1,0,7,2,0,,,,,,,,,,,,,,,
84.517867,1788179680.387373,MISSION_CURRENT,,171,1,1,0,7,2,0,,,,,,,,,,,,,,,
85.017283,1788179680.886789,MISSION_CURRENT,,200,1,1,0,7,2,0,,,,,,,,,,,,,,,
85.537177,1788179681.406683,MISSION_CURRENT,,228,1,1,0,7,2,0,,,,,,,,,,,,,,,
86.019292,1788179681.888798,MISSION_CURRENT,,1,1,1,0,7,2,0,,,,,,,,,,,,,,,
86.595300,1788179682.464806,MISSION_CURRENT,,29,1,1,0,7,2,0,,,,,,,,,,,,,,,
87.047509,1788179682.917015,MISSION_CURRENT,,58,1,1,0,7,2,0,,,,,,,,,,,,,,,
87.525642,1788179683.395148,MISSION_CURRENT,,86,1,1,0,7,2,0,,,,,,,,,,,,,,,
88.046721,1788179683.916227,MISSION_CURRENT,,115,1,1,0,7,2,0,,,,,,,,,,,,,,,
88.516526,1788179684.386032,MISSION_CURRENT,,143,1,1,0,7,2,0,,,,,,,,,,,,,,,
89.000224,1788179684.869730,MISSION_CURRENT,,172,1,1,0,7,2,0,,,,,,,,,,,,,,,
89.574527,1788179685.444033,MISSION_CURRENT,,200,1,1,0,7,2,0,,,,,,,,,,,,,,,
90.042731,1788179685.912237,MISSION_CURRENT,,229,1,1,0,7,2,0,,,,,,,,,,,,,,,
90.494211,1788179686.363717,MISSION_CURRENT,,1,1,1,0,7,2,0,,,,,,,,,,,,,,,
91.056135,1788179686.925641,MISSION_CURRENT,,30,1,1,0,7,2,0,,,,,,,,,,,,,,,
91.538838,1788179687.408344,MISSION_CURRENT,,59,1,1,0,7,2,0,,,,,,,,,,,,,,,
92.116049,1788179687.985555,MISSION_CURRENT,,88,1,1,0,7,2,0,,,,,,,,,,,,,,,
92.568557,1788179688.438063,MISSION_CURRENT,,116,1,1,0,7,2,0,,,,,,,,,,,,,,,
93.034616,1788179688.904122,MISSION_CURRENT,,145,1,1,0,7,2,0,,,,,,,,,,,,,,,
93.486435,1788179689.355941,MISSION_CURRENT,,173,1,1,0,7,2,0,,,,,,,,,,,,,,,
94.033119,1788179689.902625,MISSION_CURRENT,,202,1,1,0,7,2,0,,,,,,,,,,,,,,,
94.531719,1788179690.401225,MISSION_CURRENT,,230,1,1,0,7,2,0,,,,,,,,,,,,,,,
95.095164,1788179690.964670,MISSION_CURRENT,,3,1,1,0,7,2,0,,,,,,,,,,,,,,,
95.544678,1788179691.414184,MISSION_CURRENT,,31,1,1,0,7,2,0,,,,,,,,,,,,,,,
96.027567,1788179691.897073,MISSION_CURRENT,,60,1,1,0,7,2,0,,,,,,,,,,,,,,,
96.606230,1788179692.475736,MISSION_CURRENT,,88,1,1,0,7,2,0,,,,,,,,,,,,,,,
97.058436,1788179692.927942,MISSION_CURRENT,,117,1,1,0,7,2,0,,,,,,,,,,,,,,,
97.540759,1788179693.410265,MISSION_CURRENT,,145,1,1,0,7,2,0,,,,,,,,,,,,,,,
98.089136,1788179693.958642,MISSION_CURRENT,,174,1,1,0,7,2,0,,,,,,,,,,,,,,,
98.526437,1788179694.395943,MISSION_CURRENT,,202,1,1,0,7,2,0,,,,,,,,,,,,,,,
99.028280,1788179694.897786,MISSION_CURRENT,,231,1,1,0,7,2,0,,,,,,,,,,,,,,,
99.520539,1788179695.390045,MISSION_CURRENT,,3,1,1,0,7,2,0,,,,,,,,,,,,,,,
100.019374,1788179695.888880,MISSION_CURRENT,,32,1,1,0,7,2,0,,,,,,,,,,,,,,,
100.517124,1788179696.386630,MISSION_CURRENT,,60,1,1,0,7,2,0,,,,,,,,,,,,,,,
101.002978,1788179696.872484,MISSION_CURRENT,,89,1,1,0,7,2,0,,,,,,,,,,,,,,,
101.551012,1788179697.420518,MISSION_CURRENT,,118,1,1,0,7,2,0,,,,,,,,,,,,,,,
102.002624,1788179697.872130,MISSION_CURRENT,,147,1,1,0,7,2,0,,,,,,,,,,,,,,,
102.545709,1788179698.415215,MISSION_CURRENT,,175,1,1,0,7,2,0,,,,,,,,,,,,,,,
103.041405,1788179698.910911,MISSION_CURRENT,,204,1,1,0,7,2,0,,,,,,,,,,,,,,,
103.624241,1788179699.493747,MISSION_CURRENT,,232,1,1,0,7,2,0,,,,,,,,,,,,,,,
103.998509,1788179699.868015,MISSION_CURRENT,,5,1,1,0,7,2,0,,,,,,,,,,,,,,,
104.540739,1788179700.410245,MISSION_CURRENT,,33,1,1,0,7,2,0,,,,,,,,,,,,,,,
105.076693,1788179700.946199,MISSION_CURRENT,,62,1,1,0,7,2,0,,,,,,,,,,,,,,,
105.543981,1788179701.413487,MISSION_CURRENT,,90,1,1,0,7,2,0,,,,,,,,,,,,,,,
105.997236,1788179701.866742,MISSION_CURRENT,,119,1,1,0,7,2,0,,,,,,,,,,,,,,,
106.604868,1788179702.474374,MISSION_CURRENT,,148,1,1,0,7,2,0,,,,,,,,,,,,,,,
107.040733,1788179702.910239,MISSION_CURRENT,,177,1,1,0,7,2,0,,,,,,,,,,,,,,,
107.527097,1788179703.396603,MISSION_CURRENT,,205,1,1,0,7,2,0,,,,,,,,,,,,,,,
108.077376,1788179703.946882,MISSION_CURRENT,,234,1,1,0,7,2,0,,,,,,,,,,,,,,,
108.545321,1788179704.414827,MISSION_CURRENT,,6,1,1,0,7,2,0,,,,,,,,,,,,,,,
109.028625,1788179704.898131,MISSION_CURRENT,,35,1,1,0,7,2,0,,,,,,,,,,,,,,,
109.589947,1788179705.459453,MISSION_CURRENT,,63,1,1,0,7,2,0,,,,,,,,,,,,,,,
110.060017,1788179705.929523,MISSION_CURRENT,,92,1,1,0,7,2,0,,,,,,,,,,,,,,,
110.513969,1788179706.383475,MISSION_CURRENT,,120,1,1,0,7,2,0,,,,,,,,,,,,,,,
111.062010,1788179706.931516,MISSION_CURRENT,,149,1,1,0,7,2,0,,,,,,,,,,,,,,,
111.515079,1788179707.384585,MISSION_CURRENT,,178,1,1,0,7,2,0,,,,,,,,,,,,,,,
112.013396,1788179707.882902,MISSION_CURRENT,,207,1,1,0,7,2,0,,,,,,,,,,,,,,,
112.594564,1788179708.464070,MISSION_CURRENT,,235,1,1,0,7,2,0,,,,,,,,,,,,,,,
113.048095,1788179708.917601,MISSION_CURRENT,,8,1,1,0,7,2,0,,,,,,,,,,,,,,,
113.504572,1788179709.374078,MISSION_CURRENT,,36,1,1,0,7,2,0,,,,,,,,,,,,,,,
114.053217,1788179709.922723,MISSION_CURRENT,,65,1,1,0,7,2,0,,,,,,,,,,,,,,,
114.516725,1788179710.386231,MISSION_CURRENT,,93,1,1,0,7,2,0,,,,,,,,,,,,,,,
115.001159,1788179710.870665,MISSION_CURRENT,,122,1,1,0,7,2,0,,,,,,,,,,,,,,,
115.623360,1788179711.492866,MISSION_CURRENT,,152,1,1,0,7,2,0,,,,,,,,,,,,,,,
116.016771,1788179711.886277,MISSION_CURRENT,,183,1,1,0,7,2,0,,,,,,,,,,,,,,,
116.576562,1788179712.446068,MISSION_CURRENT,,211,1,1,0,7,2,0,,,,,,,,,,,,,,,
117.073747,1788179712.943253,MISSION_CURRENT,,240,1,1,0,7,2,0,,,,,,,,,,,,,,,
117.499000,1788179713.368506,MISSION_CURRENT,,12,1,1,0,7,2,0,,,,,,,,,,,,,,,
118.110457,1788179713.979963,MISSION_CURRENT,,41,1,1,0,7,2,0,,,,,,,,,,,,,,,
118.531630,1788179714.401136,MISSION_CURRENT,,69,1,1,0,7,2,0,,,,,,,,,,,,,,,
119.035036,1788179714.904542,MISSION_CURRENT,,98,1,1,0,7,2,0,,,,,,,,,,,,,,,
119.613894,1788179715.483400,MISSION_CURRENT,,126,1,1,0,7,2,0,,,,,,,,,,,,,,,
120.036452,1788179715.905958,MISSION_CURRENT,,155,1,1,0,7,2,0,,,,,,,,,,,,,,,
120.518708,1788179716.388214,MISSION_CURRENT,,183,1,1,0,7,2,0,,,,,,,,,,,,,,,
121.096331,1788179716.965837,MISSION_CURRENT,,212,1,1,0,7,2,0,,,,,,,,,,,,,,,
121.538302,1788179717.407808,MISSION_CURRENT,,241,1,1,0,7,2,0,,,,,,,,,,,,,,,
122.015351,1788179717.884857,MISSION_CURRENT,,14,1,1,0,7,2,0,,,,,,,,,,,,,,,
122.562309,1788179718.431815,MISSION_CURRENT,,42,1,1,0,7,2,0,,,,,,,,,,,,,,,
123.064511,1788179718.934017,MISSION_CURRENT,,71,1,1,0,7,2,0,,,,,,,,,,,,,,,
123.515184,1788179719.384690,MISSION_CURRENT,,99,1,1,0,7,2,0,,,,,,,,,,,,,,,
123.968172,1788179719.837678,MISSION_CURRENT,,128,1,1,0,7,2,0,,,,,,,,,,,,,,,
124.546718,1788179720.416224,MISSION_CURRENT,,156,1,1,0,7,2,0,,,,,,,,,,,,,,,
125.016528,1788179720.886034,MISSION_CURRENT,,185,1,1,0,7,2,0,,,,,,,,,,,,,,,
125.549849,1788179721.419355,MISSION_CURRENT,,213,1,1,0,7,2,0,,,,,,,,,,,,,,,
126.018094,1788179721.887600,MISSION_CURRENT,,242,1,1,0,7,2,0,,,,,,,,,,,,,,,
126.515079,1788179722.384585,MISSION_CURRENT,,14,1,1,0,7,2,0,,,,,,,,,,,,,,,
127.000420,1788179722.869926,MISSION_CURRENT,,43,1,1,0,7,2,0,,,,,,,,,,,,,,,
127.544985,1788179723.414491,MISSION_CURRENT,,71,1,1,0,7,2,0,,,,,,,,,,,,,,,
127.996081,1788179723.865587,MISSION_CURRENT,,100,1,1,0,7,2,0,,,,,,,,,,,,,,,
128.547636,1788179724.417142,MISSION_CURRENT,,128,1,1,0,7,2,0,,,,,,,,,,,,,,,
129.046873,1788179724.916379,MISSION_CURRENT,,157,1,1,0,7,2,0,,,,,,,,,,,,,,,
129.608199,1788179725.477705,MISSION_CURRENT,,185,1,1,0,7,2,0,,,,,,,,,,,,,,,
130.082392,1788179725.951898,MISSION_CURRENT,,214,1,1,0,7,2,0,,,,,,,,,,,,,,,
130.532624,1788179726.402130,MISSION_CURRENT,,242,1,1,0,7,2,0,,,,,,,,,,,,,,,
131.046058,1788179726.915564,MISSION_CURRENT,,15,1,1,0,7,2,0,,,,,,,,,,,,,,,
131.547376,1788179727.416882,MISSION_CURRENT,,44,1,1,0,7,2,0,,,,,,,,,,,,,,,
132.029800,1788179727.899306,MISSION_CURRENT,,73,1,1,0,7,2,0,,,,,,,,,,,,,,,
132.606161,1788179728.475667,MISSION_CURRENT,,101,1,1,0,7,2,0,,,,,,,,,,,,,,,
133.074379,1788179728.943885,MISSION_CURRENT,,130,1,1,0,7,2,0,,,,,,,,,,,,,,,
133.525173,1788179729.394679,MISSION_CURRENT,,158,1,1,0,7,2,0,,,,,,,,,,,,,,,
134.073183,1788179729.942689,MISSION_CURRENT,,187,1,1,0,7,2,0,,,,,,,,,,,,,,,
134.492593,1788179730.362099,MISSION_CURRENT,,215,1,1,0,7,2,0,,,,,,,,,,,,,,,
134.988747,1788179730.858253,MISSION_CURRENT,,244,1,1,0,7,2,0,,,,,,,,,,,,,,,
135.583466,1788179731.452972,MISSION_CURRENT,,16,1,1,0,7,2,0,,,,,,,,,,,,,,,
136.019020,1788179731.888526,MISSION_CURRENT,,45,1,1,0,7,2,0,,,,,,,,,,,,,,,
136.517834,1788179732.387340,MISSION_CURRENT,,73,1,1,0,7,2,0,,,,,,,,,,,,,,,
137.094211,1788179732.963717,MISSION_CURRENT,,102,1,1,0,7,2,0,,,,,,,,,,,,,,,
137.517054,1788179733.386560,MISSION_CURRENT,,131,1,1,0,7,2,0,,,,,,,,,,,,,,,
138.015277,1788179733.884783,MISSION_CURRENT,,160,1,1,0,7,2,0,,,,,,,,,,,,,,,
138.578416,1788179734.447922,MISSION_CURRENT,,188,1,1,0,7,2,0,,,,,,,,,,,,,,,
139.043694,1788179734.913200,MISSION_CURRENT,,217,1,1,0,7,2,0,,,,,,,,,,,,,,,
139.512307,1788179735.381813,MISSION_CURRENT,,245,1,1,0,7,2,0,,,,,,,,,,,,,,,
140.045360,1788179735.914866,MISSION_CURRENT,,18,1,1,0,7,2,0,,,,,,,,,,,,,,,
140.512290,1788179736.381796,MISSION_CURRENT,,46,1,1,0,7,2,0,,,,,,,,,,,,,,,
140.996813,1788179736.866319,MISSION_CURRENT,,75,1,1,0,7,2,0,,,,,,,,,,,,,,,
141.572732,1788179737.442238,MISSION_CURRENT,,104,1,1,0,7,2,0,,,,,,,,,,,,,,,
142.040290,1788179737.909796,MISSION_CURRENT,,133,1,1,0,7,2,0,,,,,,,,,,,,,,,
142.574809,1788179738.444315,MISSION_CURRENT,,161,1,1,0,7,2,0,,,,,,,,,,,,,,,
143.076158,1788179738.945664,MISSION_CURRENT,,190,1,1,0,7,2,0,,,,,,,,,,,,,,,
143.494752,1788179739.364258,MISSION_CURRENT,,218,1,1,0,7,2,0,,,,,,,,,,,,,,,
144.106618,1788179739.976124,MISSION_CURRENT,,247,1,1,0,7,2,0,,,,,,,,,,,,,,,
144.563125,1788179740.432631,MISSION_CURRENT,,19,1,1,0,7,2,0,,,,,,,,,,,,,,,
145.030551,1788179740.900057,MISSION_CURRENT,,48,1,1,0,7,2,0,,,,,,,,,,,,,,,
145.577755,1788179741.447261,MISSION_CURRENT,,76,1,1,0,7,2,0,,,,,,,,,,,,,,,
146.062057,1788179741.931563,MISSION_CURRENT,,105,1,1,0,7,2,0,,,,,,,,,,,,,,,
146.527517,1788179742.397023,MISSION_CURRENT,,133,1,1,0,7,2,0,,,,,,,,,,,,,,,
146.979875,1788179742.849381,MISSION_CURRENT,,162,1,1,0,7,2,0,,,,,,,,,,,,,,,
147.557081,1788179743.426587,MISSION_CURRENT,,190,1,1,0,7,2,0,,,,,,,,,,,,,,,
148.008286,1788179743.877792,MISSION_CURRENT,,219,1,1,0,7,2,0,,,,,,,,,,,,,,,
148.555180,1788179744.424686,MISSION_CURRENT,,247,1,1,0,7,2,0,,,,,,,,,,,,,,,
149.056226,1788179744.925732,MISSION_CURRENT,,20,1,1,0,7,2,0,,,,,,,,,,,,,,,
149.511226,1788179745.380732,MISSION_CURRENT,,48,1,1,0,7,2,0,,,,,,,,,,,,,,,
150.086090,1788179745.955596,MISSION_CURRENT,,77,1,1,0,7,2,0,,,,,,,,,,,,,,,
150.540707,1788179746.410213,MISSION_CURRENT,,105,1,1,0,7,2,0,,,,,,,,,,,,,,,
151.007968,1788179746.877474,MISSION_CURRENT,,134,1,1,0,7,2,0,,,,,,,,,,,,,,,
151.554972,1788179747.424478,MISSION_CURRENT,,163,1,1,0,7,2,0,,,,,,,,,,,,,,,
152.036331,1788179747.905837,MISSION_CURRENT,,192,1,1,0,7,2,0,,,,,,,,,,,,,,,
152.505457,1788179748.374963,MISSION_CURRENT,,220,1,1,0,7,2,0,,,,,,,,,,,,,,,
153.052812,1788179748.922318,MISSION_CURRENT,,249,1,1,0,7,2,0,,,,,,,,,,,,,,,
153.627829,1788179749.497335,MISSION_CURRENT,,21,1,1,0,7,2,0,,,,,,,,,,,,,,,
154.036562,1788179749.906068,MISSION_CURRENT,,53,1,1,0,7,2,0,,,,,,,,,,,,,,,
154.534852,1788179750.404358,MISSION_CURRENT,,82,1,1,0,7,2,0,,,,,,,,,,,,,,,
155.003969,1788179750.873475,MISSION_CURRENT,,111,1,1,0,7,2,0,,,,,,,,,,,,,,,
155.486730,1788179751.356236,MISSION_CURRENT,,139,1,1,0,7,2,0,,,,,,,,,,,,,,,
156.046501,1788179751.916007,MISSION_CURRENT,,168,1,1,0,7,2,0,,,,,,,,,,,,,,,
156.534392,1788179752.403898,MISSION_CURRENT,,196,1,1,0,7,2,0,,,,,,,,,,,,,,,
157.078741,1788179752.948247,MISSION_CURRENT,,225,1,1,0,7,2,0,,,,,,,,,,,,,,,
157.529228,1788179753.398734,MISSION_CURRENT,,253,1,1,0,7,2,0,,,,,,,,,,,,,,,
157.998166,1788179753.867672,MISSION_CURRENT,,26,1,1,0,7,2,0,,,,,,,,,,,,,,,
158.589892,1788179754.459398,MISSION_CURRENT,,54,1,1,0,7,2,0,,,,,,,,,,,,,,,
159.058698,1788179754.928204,MISSION_CURRENT,,83,1,1,0,7,2,0,,,,,,,,,,,,,,,
159.608263,1788179755.477769,MISSION_CURRENT,,111,1,1,0,7,2,0,,,,,,,,,,,,,,,
160.016804,1788179755.886310,MISSION_CURRENT,,140,1,1,0,7,2,0,,,,,,,,,,,,,,,
160.561056,1788179756.430562,MISSION_CURRENT,,168,1,1,0,7,2,0,,,,,,,,,,,,,,,
161.011029,1788179756.880535,MISSION_CURRENT,,197,1,1,0,7,2,0,,,,,,,,,,,,,,,
161.593342,1788179757.462848,MISSION_CURRENT,,226,1,1,0,7,2,0,,,,,,,,,,,,,,,
162.041787,1788179757.911293,MISSION_CURRENT,,255,1,1,0,7,2,0,,,,,,,,,,,,,,,
162.508959,1788179758.378465,MISSION_CURRENT,,27,1,1,0,7,2,0,,,,,,,,,,,,,,,
163.006956,1788179758.876462,MISSION_CURRENT,,56,1,1,0,7,2,0,,,,,,,,,,,,,,,
163.508067,1788179759.377573,MISSION_CURRENT,,84,1,1,0,7,2,0,,,,,,,,,,,,,,,
164.004357,1788179759.873863,MISSION_CURRENT,,113,1,1,0,7,2,0,,,,,,,,,,,,,,,
164.580556,1788179760.450062,MISSION_CURRENT,,141,1,1,0,7,2,0,,,,,,,,,,,,,,,
165.033104,1788179760.902610,MISSION_CURRENT,,170,1,1,0,7,2,0,,,,,,,,,,,,,,,
165.505737,1788179761.375243,MISSION_CURRENT,,198,1,1,0,7,2,0,,,,,,,,,,,,,,,
166.038787,1788179761.908293,MISSION_CURRENT,,227,1,1,0,7,2,0,,,,,,,,,,,,,,,
166.538421,1788179762.407927,MISSION_CURRENT,,255,1,1,0,7,2,0,,,,,,,,,,,,,,,
167.114594,1788179762.984100,MISSION_CURRENT,,28,1,1,0,7,2,0,,,,,,,,,,,,,,,
167.535342,1788179763.404848,MISSION_CURRENT,,57,1,1,0,7,2,0,,,,,,,,,,,,,,,
168.035099,1788179763.904605,MISSION_CURRENT,,86,1,1,0,7,2,0,,,,,,,,,,,,,,,
168.490642,1788179764.360148,MISSION_CURRENT,,114,1,1,0,7,2,0,,,,,,,,,,,,,,,
169.036133,1788179764.905639,MISSION_CURRENT,,143,1,1,0,7,2,0,,,,,,,,,,,,,,,
169.488703,1788179765.358209,MISSION_CURRENT,,171,1,1,0,7,2,0,,,,,,,,,,,,,,,
169.990255,1788179765.859761,MISSION_CURRENT,,200,1,1,0,7,2,0,,,,,,,,,,,,,,,
170.562217,1788179766.431723,MISSION_CURRENT,,228,1,1,0,7,2,0,,,,,,,,,,,,,,,
171.015272,1788179766.884778,MISSION_CURRENT,,1,1,1,0,7,2,0,,,,,,,,,,,,,,,
171.563096,1788179767.432602,MISSION_CURRENT,,30,1,1,0,7,2,0,,,,,,,,,,,,,,,
172.060176,1788179767.929682,MISSION_CURRENT,,59,1,1,0,7,2,0,,,,,,,,,,,,,,,
172.481207,1788179768.350713,MISSION_CURRENT,,87,1,1,0,7,2,0,,,,,,,,,,,,,,,
173.090652,1788179768.960158,MISSION_CURRENT,,116,1,1,0,7,2,0,,,,,,,,,,,,,,,
173.559733,1788179769.429239,MISSION_CURRENT,,144,1,1,0,7,2,0,,,,,,,,,,,,,,,
174.045232,1788179769.914738,MISSION_CURRENT,,173,1,1,0,7,2,0,,,,,,,,,,,,,,,
174.510727,1788179770.380233,MISSION_CURRENT,,201,1,1,0,7,2,0,,,,,,,,,,,,,,,
175.022214,1788179770.891720,MISSION_CURRENT,,230,1,1,0,7,2,0,,,,,,,,,,,,,,,
175.505932,1788179771.375438,MISSION_CURRENT,,2,1,1,0,7,2,0,,,,,,,,,,,,,,,
176.082022,1788179771.951528,MISSION_CURRENT,,31,1,1,0,7,2,0,,,,,,,,,,,,,,,
176.550967,1788179772.420473,MISSION_CURRENT,,59,1,1,0,7,2,0,,,,,,,,,,,,,,,
177.005882,1788179772.875388,MISSION_CURRENT,,88,1,1,0,7,2,0,,,,,,,,,,,,,,,
177.550382,1788179773.419888,MISSION_CURRENT,,116,1,1,0,7,2,0,,,,,,,,,,,,,,,
178.035132,1788179773.904638,MISSION_CURRENT,,145,1,1,0,7,2,0,,,,,,,,,,,,,,,
178.501587,1788179774.371093,MISSION_CURRENT,,173,1,1,0,7,2,0,,,,,,,,,,,,,,,
178.986478,1788179774.855984,MISSION_CURRENT,,202,1,1,0,7,2,0,,,,,,,,,,,,,,,
179.533153,1788179775.402659,MISSION_CURRENT,,230,1,1,0,7,2,0,,,,,,,,,,,,,,,
180.002363,1788179775.871869,MISSION_CURRENT,,3,1,1,0,7,2,0,,,,,,,,,,,,,,,
180.535289,1788179776.404795,MISSION_CURRENT,,31,1,1,0,7,2,0,,,,,,,,,,,,,,,
181.027751,1788179776.897257,MISSION_CURRENT,,60,1,1,0,7,2,0,,,,,,,,,,,,,,,
181.602307,1788179777.471813,MISSION_CURRENT,,89,1,1,0,7,2,0,,,,,,,,,,,,,,,
182.041259,1788179777.910765,MISSION_CURRENT,,118,1,1,0,7,2,0,,,,,,,,,,,,,,,
182.525588,1788179778.395094,MISSION_CURRENT,,146,1,1,0,7,2,0,,,,,,,,,,,,,,,
183.074624,1788179778.944130,MISSION_CURRENT,,175,1,1,0,7,2,0,,,,,,,,,,,,,,,
183.530028,1788179779.399534,MISSION_CURRENT,,203,1,1,0,7,2,0,,,,,,,,,,,,,,,
183.982444,1788179779.851950,MISSION_CURRENT,,232,1,1,0,7,2,0,,,,,,,,,,,,,,,
184.602411,1788179780.471917,MISSION_CURRENT,,4,1,1,0,7,2,0,,,,,,,,,,,,,,,
185.055745,1788179780.925251,MISSION_CURRENT,,33,1,1,0,7,2,0,,,,,,,,,,,,,,,
185.513912,1788179781.383418,MISSION_CURRENT,,61,1,1,0,7,2,0,,,,,,,,,,,,,,,
186.063603,1788179781.933109,MISSION_CURRENT,,90,1,1,0,7,2,0,,,,,,,,,,,,,,,
186.512444,1788179782.381950,MISSION_CURRENT,,118,1,1,0,7,2,0,,,,,,,,,,,,,,,
187.011274,1788179782.880780,MISSION_CURRENT,,147,1,1,0,7,2,0,,,,,,,,,,,,,,,
187.585687,1788179783.455193,MISSION_CURRENT,,175,1,1,0,7,2,0,,,,,,,,,,,,,,,
188.053666,1788179783.923172,MISSION_CURRENT,,204,1,1,0,7,2,0,,,,,,,,,,,,,,,
188.504465,1788179784.373971,MISSION_CURRENT,,232,1,1,0,7,2,0,,,,,,,,,,,,,,,
189.003926,1788179784.873432,MISSION_CURRENT,,5,1,1,0,7,2,0,,,,,,,,,,,,,,,
189.517557,1788179785.387063,MISSION_CURRENT,,33,1,1,0,7,2,0,,,,,,,,,,,,,,,
190.004922,1788179785.874428,MISSION_CURRENT,,62,1,1,0,7,2,0,,,,,,,,,,,,,,,
190.491582,1788179786.361088,MISSION_CURRENT,,90,1,1,0,7,2,0,,,,,,,,,,,,,,,
191.036958,1788179786.906464,MISSION_CURRENT,,119,1,1,0,7,2,0,,,,,,,,,,,,,,,
191.585456,1788179787.454962,MISSION_CURRENT,,148,1,1,0,7,2,0,,,,,,,,,,,,,,,
192.005908,1788179787.875414,MISSION_CURRENT,,180,1,1,0,7,2,0,,,,,,,,,,,,,,,
192.502726,1788179788.372232,MISSION_CURRENT,,209,1,1,0,7,2,0,,,,,,,,,,,,,,,
193.035660,1788179788.905166,MISSION_CURRENT,,238,1,1,0,7,2,0,,,,,,,,,,,,,,,
193.564783,1788179789.434289,MISSION_CURRENT,,10,1,1,0,7,2,0,,,,,,,,,,,,,,,
194.033295,1788179789.902801,MISSION_CURRENT,,39,1,1,0,7,2,0,,,,,,,,,,,,,,,
194.486532,1788179790.356038,MISSION_CURRENT,,67,1,1,0,7,2,0,,,,,,,,,,,,,,,
195.034047,1788179790.903553,MISSION_CURRENT,,96,1,1,0,7,2,0,,,,,,,,,,,,,,,
195.486787,1788179791.356293,MISSION_CURRENT,,124,1,1,0,7,2,0,,,,,,,,,,,,,,,
196.106413,1788179791.975919,MISSION_CURRENT,,153,1,1,0,7,2,0,,,,,,,,,,,,,,,
196.562465,1788179792.431971,MISSION_CURRENT,,181,1,1,0,7,2,0,,,,,,,,,,,,,,,
197.015240,1788179792.884746,MISSION_CURRENT,,210,1,1,0,7,2,0,,,,,,,,,,,,,,,
197.593912,1788179793.463418,MISSION_CURRENT,,238,1,1,0,7,2,0,,,,,,,,,,,,,,,
198.028984,1788179793.898490,MISSION_CURRENT,,11,1,1,0,7,2,0,,,,,,,,,,,,,,,
198.485728,1788179794.355234,MISSION_CURRENT,,40,1,1,0,7,2,0,,,,,,,,,,,,,,,
199.094927,1788179794.964433,MISSION_CURRENT,,69,1,1,0,7,2,0,,,,,,,,,,,,,,,
199.546719,1788179795.416225,MISSION_CURRENT,,97,1,1,0,7,2,0,,,,,,,,,,,,,,,
200.017763,1788179795.887269,MISSION_CURRENT,,126,1,1,0,7,2,0,,,,,,,,,,,,,,,
200.548282,1788179796.417788,MISSION_CURRENT,,154,1,1,0,7,2,0,,,,,,,,,,,,,,,
201.046757,1788179796.916263,MISSION_CURRENT,,183,1,1,0,7,2,0,,,,,,,,,,,,,,,
201.501381,1788179797.370887,MISSION_CURRENT,,212,1,1,0,7,2,0,,,,,,,,,,,,,,,
202.074718,1788179797.944224,MISSION_CURRENT,,241,1,1,0,7,2,0,,,,,,,,,,,,,,,
202.543661,1788179798.413167,MISSION_CURRENT,,13,1,1,0,7,2,0,,,,,,,,,,,,,,,
203.088926,1788179798.958432,MISSION_CURRENT,,42,1,1,0,7,2,0,,,,,,,,,,,,,,,
203.554197,1788179799.423703,MISSION_CURRENT,,70,1,1,0,7,2,0,,,,,,,,,,,,,,,
204.040957,1788179799.910463,MISSION_CURRENT,,99,1,1,0,7,2,0,,,,,,,,,,,,,,,
204.508684,1788179800.378190,MISSION_CURRENT,,127,1,1,0,7,2,0,,,,,,,,,,,,,,,
205.070207,1788179800.939713,MISSION_CURRENT,,156,1,1,0,7,2,0,,,,,,,,,,,,,,,
205.538416,1788179801.407922,MISSION_CURRENT,,184,1,1,0,7,2,0,,,,,,,,,,,,,,,
205.988804,1788179801.858310,MISSION_CURRENT,,213,1,1,0,7,2,0,,,,,,,,,,,,,,,
206.564955,1788179802.434461,MISSION_CURRENT,,241,1,1,0,7,2,0,,,,,,,,,,,,,,,
207.002894,1788179802.872400,MISSION_CURRENT,,14,1,1,0,7,2,0,,,,,,,,,,,,,,,
207.612925,1788179803.482431,MISSION_CURRENT,,42,1,1,0,7,2,0,,,,,,,,,,,,,,,
208.066438,1788179803.935944,MISSION_CURRENT,,71,1,1,0,7,2,0,,,,,,,,,,,,,,,
208.518760,1788179804.388266,MISSION_CURRENT,,99,1,1,0,7,2,0,,,,,,,,,,,,,,,
209.068614,1788179804.938120,MISSION_CURRENT,,128,1,1,0,7,2,0,,,,,,,,,,,,,,,
209.534382,1788179805.403888,MISSION_CURRENT,,156,1,1,0,7,2,0,,,,,,,,,,,,,,,
210.017399,1788179805.886905,MISSION_CURRENT,,185,1,1,0,7,2,0,,,,,,,,,,,,,,,
210.594346,1788179806.463852,MISSION_CURRENT,,213,1,1,0,7,2,0,,,,,,,,,,,,,,,
211.032257,1788179806.901763,MISSION_CURRENT,,242,1,1,0,7,2,0,,,,,,,,,,,,,,,
211.518881,1788179807.388387,MISSION_CURRENT,,15,1,1,0,7,2,0,,,,,,,,,,,,,,,
211.973793,1788179807.843299,MISSION_CURRENT,,44,1,1,0,7,2,0,,,,,,,,,,,,,,,
212.521323,1788179808.390829,MISSION_CURRENT,,72,1,1,0,7,2,0,,,,,,,,,,,,,,,
212.976006,1788179808.845512,MISSION_CURRENT,,101,1,1,0,7,2,0,,,,,,,,,,,,,,,
213.475848,1788179809.345354,MISSION_CURRENT,,129,1,1,0,7,2,0,,,,,,,,,,,,,,,
214.054922,1788179809.924428,MISSION_CURRENT,,158,1,1,0,7,2,0,,,,,,,,,,,,,,,
214.492438,1788179810.361944,MISSION_CURRENT,,186,1,1,0,7,2,0,,,,,,,,,,,,,,,
215.021361,1788179810.890867,MISSION_CURRENT,,215,1,1,0,7,2,0,,,,,,,,,,,,,,,
215.520777,1788179811.390283,MISSION_CURRENT,,243,1,1,0,7,2,0,,,,,,,,,,,,,,,
216.005305,1788179811.874811,MISSION_CURRENT,,16,1,1,0,7,2,0,,,,,,,,,,,,,,,
216.583227,1788179812.452733,MISSION_CURRENT,,44,1,1,0,7,2,0,,,,,,,,,,,,,,,
217.037531,1788179812.907037,MISSION_CURRENT,,73,1,1,0,7,2,0,,,,,,,,,,,,,,,
217.534787,1788179813.404293,MISSION_CURRENT,,102,1,1,0,7,2,0,,,,,,,,,,,,,,,
218.052963,1788179813.922469,MISSION_CURRENT,,131,1,1,0,7,2,0,,,,,,,,,,,,,,,
218.520541,1788179814.390047,MISSION_CURRENT,,159,1,1,0,7,2,0,,,,,,,,,,,,,,,
218.989771,1788179814.859277,MISSION_CURRENT,,188,1,1,0,7,2,0,,,,,,,,,,,,,,,
219.568673,1788179815.438179,MISSION_CURRENT,,216,1,1,0,7,2,0,,,,,,,,,,,,,,,
220.035984,1788179815.905490,MISSION_CURRENT,,245,1,1,0,7,2,0,,,,,,,,,,,,,,,
220.488585,1788179816.358091,MISSION_CURRENT,,17,1,1,0,7,2,0,,,,,,,,,,,,,,,
221.036308,1788179816.905814,MISSION_CURRENT,,46,1,1,0,7,2,0,,,,,,,,,,,,,,,
221.488238,1788179817.357744,MISSION_CURRENT,,75,1,1,0,7,2,0,,,,,,,,,,,,,,,
222.098211,1788179817.967717,MISSION_CURRENT,,104,1,1,0,7,2,0,,,,,,,,,,,,,,,
222.565807,1788179818.435313,MISSION_CURRENT,,132,1,1,0,7,2,0,,,,,,,,,,,,,,,
223.018613,1788179818.888119,MISSION_CURRENT,,161,1,1,0,7,2,0,,,,,,,,,,,,,,,
223.566678,1788179819.436184,MISSION_CURRENT,,189,1,1,0,7,2,0,,,,,,,,,,,,,,,
224.062544,1788179819.932050,MISSION_CURRENT,,218,1,1,0,7,2,0,,,,,,,,,,,,,,,
224.483305,1788179820.352811,MISSION_CURRENT,,246,1,1,0,7,2,0,,,,,,,,,,,,,,,
224.984224,1788179820.853730,MISSION_CURRENT,,19,1,1,0,7,2,0,,,,,,,,,,,,,,,
225.547920,1788179821.417426,MISSION_CURRENT,,47,1,1,0,7,2,0,,,,,,,,,,,,,,,
226.000656,1788179821.870162,MISSION_CURRENT,,76,1,1,0,7,2,0,,,,,,,,,,,,,,,
226.551661,1788179822.421167,MISSION_CURRENT,,104,1,1,0,7,2,0,,,,,,,,,,,,,,,
227.050053,1788179822.919559,MISSION_CURRENT,,133,1,1,0,7,2,0,,,,,,,,,,,,,,,
227.515499,1788179823.385005,MISSION_CURRENT,,161,1,1,0,7,2,0,,,,,,,,,,,,,,,
227.954072,1788179823.823578,MISSION_CURRENT,,190,1,1,0,7,2,0,,,,,,,,,,,,,,,
228.549969,1788179824.419475,MISSION_CURRENT,,219,1,1,0,7,2,0,,,,,,,,,,,,,,,
228.999522,1788179824.869028,MISSION_CURRENT,,248,1,1,0,7,2,0,,,,,,,,,,,,,,,
229.502505,1788179825.372011,MISSION_CURRENT,,20,1,1,0,7,2,0,,,,,,,,,,,,,,,
230.005359,1788179825.874865,MISSION_CURRENT,,52,1,1,0,7,2,0,,,,,,,,,,,,,,,
230.501566,1788179826.371072,MISSION_CURRENT,,84,1,1,0,7,2,0,,,,,,,,,,,,,,,
231.080016,1788179826.949522,MISSION_CURRENT,,114,1,1,0,7,2,0,,,,,,,,,,,,,,,
231.531647,1788179827.401153,MISSION_CURRENT,,143,1,1,0,7,2,0,,,,,,,,,,,,,,,
231.998462,1788179827.867968,MISSION_CURRENT,,172,1,1,0,7,2,0,,,,,,,,,,,,,,,
232.576080,1788179828.445586,MISSION_CURRENT,,200,1,1,0,7,2,0,,,,,,,,,,,,,,,
233.030592,1788179828.900098,MISSION_CURRENT,,229,1,1,0,7,2,0,,,,,,,,,,,,,,,
233.495808,1788179829.365314,MISSION_CURRENT,,1,1,1,0,7,2,0,,,,,,,,,,,,,,,
234.073286,1788179829.942792,MISSION_CURRENT,,33,1,1,1,7,3,1,,,,,,,,,,,,,,,
234.523205,1788179830.392711,MISSION_CURRENT,,61,1,1,1,7,3,1,,,,,,,,,,,,,,,
234.994634,1788179830.864140,MISSION_CURRENT,,90,1,1,1,7,3,1,,,,,,,,,,,,,,,
235.539539,1788179831.409045,MISSION_CURRENT,,118,1,1,1,7,3,1,,,,,,,,,,,,,,,
235.995294,1788179831.864800,MISSION_CURRENT,,147,1,1,1,7,3,1,,,,,,,,,,,,,,,
236.601445,1788179832.470951,MISSION_CURRENT,,175,1,1,1,7,3,1,,,,,,,,,,,,,,,
237.021101,1788179832.890607,MISSION_CURRENT,,205,1,1,1,7,3,1,,,,,,,,,,,,,,,
237.540847,1788179833.410353,MISSION_CURRENT,,233,1,1,1,7,3,1,,,,,,,,,,,,,,,
238.070304,1788179833.939810,MISSION_CURRENT,,6,1,1,1,7,3,1,,,,,,,,,,,,,,,
238.523185,1788179834.392691,MISSION_CURRENT,,34,1,1,1,7,3,1,,,,,,,,,,,,,,,
239.007804,1788179834.877310,MISSION_CURRENT,,63,1,1,1,7,3,1,,,,,,,,,,,,,,,
239.583853,1788179835.453359,MISSION_CURRENT,,91,1,1,1,7,3,1,,,,,,,,,,,,,,,
240.052002,1788179835.921508,MISSION_CURRENT,,120,1,1,1,7,3,1,,,,,,,,,,,,,,,
240.505301,1788179836.374807,MISSION_CURRENT,,149,1,1,1,7,3,1,,,,,,,,,,,,,,,
241.016469,1788179836.885975,MISSION_CURRENT,,178,1,1,1,7,3,1,,,,,,,,,,,,,,,
241.235619,1788179837.105125,MISSION_ITEM_REACHED,,197,1,1,1,,,,,,,,,,,,,,,,,,
241.516874,1788179837.386380,MISSION_CURRENT,,209,1,1,2,7,3,1,,,,,,,,,,,,,,,
241.734276,1788179837.603782,POSITION_TARGET_GLOBAL_INT,350353,224,1,1,,,,,0,65016,60773094,801907580,6.0773094,80.190758,32.47999954223633,0.0,0.0,0.0,0.0,0.0,0.0,0.0,0.0
241.998531,1788179837.868037,MISSION_CURRENT,,239,1,1,2,7,3,1,,,,,,,,,,,,,,,
242.216875,1788179838.086381,POSITION_TARGET_GLOBAL_INT,350856,254,1,1,,,,,0,65016,60773094,801907580,6.0773094,80.190758,32.47999954223633,0.0,0.0,0.0,0.0,0.0,0.0,0.0,0.0
242.575647,1788179838.445153,MISSION_CURRENT,,12,1,1,2,7,3,1,,,,,,,,,,,,,,,
242.779155,1788179838.648661,POSITION_TARGET_GLOBAL_INT,351355,27,1,1,,,,,0,65016,60773094,801907580,6.0773094,80.190758,32.47999954223633,0.0,0.0,0.0,0.0,0.0,0.0,0.0,0.0
242.999454,1788179838.868960,MISSION_CURRENT,,42,1,1,2,7,3,1,,,,,,,,,,,,,,,
243.235612,1788179839.105118,POSITION_TARGET_GLOBAL_INT,351853,57,1,1,,,,,0,65016,60773094,801907580,6.0773094,80.190758,32.47999954223633,0.0,0.0,0.0,0.0,0.0,0.0,0.0,0.0
243.500906,1788179839.370412,MISSION_CURRENT,,71,1,1,2,7,3,1,,,,,,,,,,,,,,,
243.721205,1788179839.590711,POSITION_TARGET_GLOBAL_INT,352354,86,1,1,,,,,0,65016,60773094,801907580,6.0773094,80.190758,32.47999954223633,0.0,0.0,0.0,0.0,0.0,0.0,0.0,0.0
244.049131,1788179839.918637,MISSION_CURRENT,,101,1,1,2,7,3,1,,,,,,,,,,,,,,,
244.268604,1788179840.138110,POSITION_TARGET_GLOBAL_INT,352853,116,1,1,,,,,0,65016,60773094,801907580,6.0773094,80.190758,32.47999954223633,0.0,0.0,0.0,0.0,0.0,0.0,0.0,0.0
244.502046,1788179840.371552,MISSION_CURRENT,,130,1,1,2,7,3,1,,,,,,,,,,,,,,,
244.799151,1788179840.668657,POSITION_TARGET_GLOBAL_INT,353359,145,1,1,,,,,0,65016,60773094,801907580,6.0773094,80.190758,32.47999954223633,0.0,0.0,0.0,0.0,0.0,0.0,0.0,0.0
245.000634,1788179840.870140,MISSION_CURRENT,,160,1,1,2,7,3,1,,,,,,,,,,,,,,,
245.204243,1788179841.073749,POSITION_TARGET_GLOBAL_INT,353856,175,1,1,,,,,0,65016,60773094,801907580,6.0773094,80.190758,32.47999954223633,0.0,0.0,0.0,0.0,0.0,0.0,0.0,0.0
245.579239,1788179841.448745,MISSION_CURRENT,,189,1,1,2,7,3,1,,,,,,,,,,,,,,,
245.889550,1788179841.759056,POSITION_TARGET_GLOBAL_INT,354361,204,1,1,,,,,0,65016,60773094,801907580,6.0773094,80.190758,32.47999954223633,0.0,0.0,0.0,0.0,0.0,0.0,0.0,0.0
246.076918,1788179841.946424,MISSION_CURRENT,,219,1,1,2,7,3,1,,,,,,,,,,,,,,,
246.265679,1788179842.135185,POSITION_TARGET_GLOBAL_INT,354854,234,1,1,,,,,0,65016,60773094,801907580,6.0773094,80.190758,32.47999954223633,0.0,0.0,0.0,0.0,0.0,0.0,0.0,0.0
246.482835,1788179842.352341,MISSION_CURRENT,,248,1,1,2,7,3,1,,,,,,,,,,,,,,,
246.717253,1788179842.586759,POSITION_TARGET_GLOBAL_INT,355358,7,1,1,,,,,0,65016,60773094,801907580,6.0773094,80.190758,32.47999954223633,0.0,0.0,0.0,0.0,0.0,0.0,0.0,0.0
247.060116,1788179842.929622,MISSION_CURRENT,,22,1,1,2,7,3,1,,,,,,,,,,,,,,,
247.263789,1788179843.133295,POSITION_TARGET_GLOBAL_INT,355859,37,1,1,,,,,0,65016,60773094,801907580,6.0773094,80.190758,32.47999954223633,0.0,0.0,0.0,0.0,0.0,0.0,0.0,0.0
247.516086,1788179843.385592,MISSION_CURRENT,,51,1,1,2,7,3,1,,,,,,,,,,,,,,,
247.718740,1788179843.588246,POSITION_TARGET_GLOBAL_INT,356359,66,1,1,,,,,0,65016,60773094,801907580,6.0773094,80.190758,32.47999954223633,0.0,0.0,0.0,0.0,0.0,0.0,0.0,0.0
248.094689,1788179843.964195,MISSION_CURRENT,,81,1,1,2,7,3,1,,,,,,,,,,,,,,,
248.296811,1788179844.166317,POSITION_TARGET_GLOBAL_INT,356858,96,1,1,,,,,0,65016,60773094,801907580,6.0773094,80.190758,32.47999954223633,0.0,0.0,0.0,0.0,0.0,0.0,0.0,0.0
248.529779,1788179844.399285,MISSION_CURRENT,,110,1,1,2,7,3,1,,,,,,,,,,,,,,,
248.826217,1788179844.695723,POSITION_TARGET_GLOBAL_INT,357358,125,1,1,,,,,0,65016,60773094,801907580,6.0773094,80.190758,32.47999954223633,0.0,0.0,0.0,0.0,0.0,0.0,0.0,0.0
249.013111,1788179844.882617,MISSION_CURRENT,,140,1,1,2,7,3,1,,,,,,,,,,,,,,,
249.223732,1788179845.093238,POSITION_TARGET_GLOBAL_INT,357859,155,1,1,,,,,0,65016,60773094,801907580,6.0773094,80.190758,32.47999954223633,0.0,0.0,0.0,0.0,0.0,0.0,0.0,0.0
249.479859,1788179845.349365,MISSION_CURRENT,,169,1,1,2,7,3,1,,,,,,,,,,,,,,,
249.696137,1788179845.565643,POSITION_TARGET_GLOBAL_INT,358356,184,1,1,,,,,0,65016,60773094,801907580,6.0773094,80.190758,32.47999954223633,0.0,0.0,0.0,0.0,0.0,0.0,0.0,0.0
250.027363,1788179845.896869,MISSION_CURRENT,,199,1,1,2,7,3,1,,,,,,,,,,,,,,,
250.372256,1788179846.241762,POSITION_TARGET_GLOBAL_INT,358853,214,1,1,,,,,0,65016,60773094,801907580,6.0773094,80.190758,32.47999954223633,0.0,0.0,0.0,0.0,0.0,0.0,0.0,0.0
250.512274,1788179846.381780,MISSION_CURRENT,,228,1,1,2,7,3,1,,,,,,,,,,,,,,,
250.716588,1788179846.586094,POSITION_TARGET_GLOBAL_INT,359353,243,1,1,,,,,0,65016,60773094,801907580,6.0773094,80.190758,32.47999954223633,0.0,0.0,0.0,0.0,0.0,0.0,0.0,0.0
251.088635,1788179846.958141,MISSION_CURRENT,,2,1,1,2,7,3,1,,,,,,,,,,,,,,,
251.308458,1788179847.177964,POSITION_TARGET_GLOBAL_INT,359858,17,1,1,,,,,0,65016,60773094,801907580,6.0773094,80.190758,32.47999954223633,0.0,0.0,0.0,0.0,0.0,0.0,0.0,0.0
251.526034,1788179847.395540,MISSION_CURRENT,,32,1,1,2,7,3,1,,,,,,,,,,,,,,,
251.743575,1788179847.613081,POSITION_TARGET_GLOBAL_INT,360361,47,1,1,,,,,0,65016,60773094,801907580,6.0773094,80.190758,32.47999954223633,0.0,0.0,0.0,0.0,0.0,0.0,0.0,0.0
252.011994,1788179847.881500,MISSION_CURRENT,,62,1,1,2,7,3,1,,,,,,,,,,,,,,,
252.200301,1788179848.069807,POSITION_TARGET_GLOBAL_INT,360853,77,1,1,,,,,0,65016,60773094,801907580,6.0773094,80.190758,32.47999954223633,0.0,0.0,0.0,0.0,0.0,0.0,0.0,0.0
252.558788,1788179848.428294,MISSION_CURRENT,,91,1,1,2,7,3,1,,,,,,,,,,,,,,,
252.852033,1788179848.721539,POSITION_TARGET_GLOBAL_INT,361353,106,1,1,,,,,0,65016,60773094,801907580,6.0773094,80.190758,32.47999954223633,0.0,0.0,0.0,0.0,0.0,0.0,0.0,0.0
253.041822,1788179848.911328,MISSION_CURRENT,,121,1,1,2,7,3,1,,,,,,,,,,,,,,,
253.243606,1788179849.113112,POSITION_TARGET_GLOBAL_INT,361853,136,1,1,,,,,0,65016,60773094,801907580,6.0773094,80.190758,32.47999954223633,0.0,0.0,0.0,0.0,0.0,0.0,0.0,0.0
253.510635,1788179849.380141,MISSION_CURRENT,,150,1,1,2,7,3,1,,,,,,,,,,,,,,,
253.696923,1788179849.566429,POSITION_TARGET_GLOBAL_INT,362355,165,1,1,,,,,0,65016,60773094,801907580,6.0773094,80.190758,32.47999954223633,0.0,0.0,0.0,0.0,0.0,0.0,0.0,0.0
254.074787,1788179849.944293,MISSION_CURRENT,,180,1,1,2,7,3,1,,,,,,,,,,,,,,,
254.306660,1788179850.176166,POSITION_TARGET_GLOBAL_INT,362853,195,1,1,,,,,0,65016,60773094,801907580,6.0773094,80.190758,32.47999954223633,0.0,0.0,0.0,0.0,0.0,0.0,0.0,0.0
254.540562,1788179850.410068,MISSION_CURRENT,,209,1,1,2,7,3,1,,,,,,,,,,,,,,,
254.694828,1788179850.564334,POSITION_TARGET_GLOBAL_INT,363356,224,1,1,,,,,0,65016,60773094,801907580,6.0773094,80.190758,32.47999954223633,0.0,0.0,0.0,0.0,0.0,0.0,0.0,0.0
255.009007,1788179850.878513,MISSION_CURRENT,,239,1,1,2,7,3,1,,,,,,,,,,,,,,,
255.226777,1788179851.096283,POSITION_TARGET_GLOBAL_INT,363853,254,1,1,,,,,0,65016,60773094,801907580,6.0773094,80.190758,32.47999954223633,0.0,0.0,0.0,0.0,0.0,0.0,0.0,0.0
255.554277,1788179851.423783,MISSION_CURRENT,,12,1,1,2,7,3,1,,,,,,,,,,,,,,,
255.849388,1788179851.718894,POSITION_TARGET_GLOBAL_INT,364358,27,1,1,,,,,0,65016,60773094,801907580,6.0773094,80.190758,32.47999954223633,0.0,0.0,0.0,0.0,0.0,0.0,0.0,0.0
256.036124,1788179851.905630,MISSION_CURRENT,,42,1,1,2,7,3,1,,,,,,,,,,,,,,,
256.238454,1788179852.107960,POSITION_TARGET_GLOBAL_INT,364855,57,1,1,,,,,0,65016,60773094,801907580,6.0773094,80.190758,32.47999954223633,0.0,0.0,0.0,0.0,0.0,0.0,0.0,0.0
256.348092,1788179852.217598,MISSION_ITEM_REACHED,,65,1,1,2,,,,,,,,,,,,,,,,,,
256.491072,1788179852.360578,MISSION_CURRENT,,74,1,1,3,7,3,1,,,,,,,,,,,,,,,
256.725797,1788179852.595303,POSITION_TARGET_GLOBAL_INT,365353,89,1,1,,,,,0,65016,60772670,801907626,6.077267,80.1907626,32.47999954223633,0.0,0.0,0.0,0.0,0.0,0.0,0.0,0.0
257.067947,1788179852.937453,MISSION_CURRENT,,104,1,1,3,7,3,1,,,,,,,,,,,,,,,
257.301168,1788179853.170674,POSITION_TARGET_GLOBAL_INT,365853,119,1,1,,,,,0,65016,60772670,801907626,6.077267,80.1907626,32.47999954223633,0.0,0.0,0.0,0.0,0.0,0.0,0.0,0.0
257.504389,1788179853.373895,MISSION_CURRENT,,133,1,1,3,7,3,1,,,,,,,,,,,,,,,
257.738020,1788179853.607526,POSITION_TARGET_GLOBAL_INT,366356,148,1,1,,,,,0,65016,60772670,801907626,6.077267,80.1907626,32.47999954223633,0.0,0.0,0.0,0.0,0.0,0.0,0.0,0.0
257.987316,1788179853.856822,MISSION_CURRENT,,163,1,1,3,7,3,1,,,,,,,,,,,,,,,
258.191243,1788179854.060749,POSITION_TARGET_GLOBAL_INT,366858,178,1,1,,,,,0,65016,60772670,801907626,6.077267,80.1907626,32.47999954223633,0.0,0.0,0.0,0.0,0.0,0.0,0.0,0.0
258.535471,1788179854.404977,MISSION_CURRENT,,194,1,1,3,7,3,1,,,,,,,,,,,,,,,
258.767802,1788179854.637308,POSITION_TARGET_GLOBAL_INT,367356,209,1,1,,,,,0,65016,60772670,801907626,6.077267,80.1907626,32.47999954223633,0.0,0.0,0.0,0.0,0.0,0.0,0.0,0.0
259.002922,1788179854.872428,MISSION_CURRENT,,224,1,1,3,7,3,1,,,,,,,,,,,,,,,
259.222888,1788179855.092394,POSITION_TARGET_GLOBAL_INT,367856,239,1,1,,,,,0,65016,60772670,801907626,6.077267,80.1907626,32.47999954223633,0.0,0.0,0.0,0.0,0.0,0.0,0.0,0.0
259.470470,1788179855.339976,MISSION_CURRENT,,253,1,1,3,7,3,1,,,,,,,,,,,,,,,
259.689764,1788179855.559270,POSITION_TARGET_GLOBAL_INT,368354,12,1,1,,,,,0,65016,60772670,801907626,6.077267,80.1907626,32.47999954223633,0.0,0.0,0.0,0.0,0.0,0.0,0.0,0.0
260.063388,1788179855.932894,MISSION_CURRENT,,27,1,1,3,7,3,1,,,,,,,,,,,,,,,
260.297384,1788179856.166890,POSITION_TARGET_GLOBAL_INT,368856,42,1,1,,,,,0,65016,60772670,801907626,6.077267,80.1907626,32.47999954223633,0.0,0.0,0.0,0.0,0.0,0.0,0.0,0.0
260.485258,1788179856.354764,MISSION_CURRENT,,56,1,1,3,7,3,1,,,,,,,,,,,,,,,
260.717918,1788179856.587424,POSITION_TARGET_GLOBAL_INT,369354,71,1,1,,,,,0,65016,60772670,801907626,6.077267,80.1907626,32.47999954223633,0.0,0.0,0.0,0.0,0.0,0.0,0.0,0.0
261.063209,1788179856.932715,MISSION_CURRENT,,86,1,1,3,7,3,1,,,,,,,,,,,,,,,
261.296548,1788179857.166054,POSITION_TARGET_GLOBAL_INT,369857,101,1,1,,,,,0,65016,60772670,801907626,6.077267,80.1907626,32.47999954223633,0.0,0.0,0.0,0.0,0.0,0.0,0.0,0.0
261.530738,1788179857.400244,MISSION_CURRENT,,116,1,1,3,7,3,1,,,,,,,,,,,,,,,
261.719286,1788179857.588792,POSITION_TARGET_GLOBAL_INT,370354,131,1,1,,,,,0,65016,60772670,801907626,6.077267,80.1907626,32.47999954223633,0.0,0.0,0.0,0.0,0.0,0.0,0.0,0.0
261.982785,1788179857.852291,MISSION_CURRENT,,146,1,1,3,7,3,1,,,,,,,,,,,,,,,
262.218480,1788179858.087986,POSITION_TARGET_GLOBAL_INT,370855,161,1,1,,,,,0,65016,60772670,801907626,6.077267,80.1907626,32.47999954223633,0.0,0.0,0.0,0.0,0.0,0.0,0.0,0.0
262.590400,1788179858.459906,MISSION_CURRENT,,175,1,1,3,7,3,1,,,,,,,,,,,,,,,
262.792138,1788179858.661644,POSITION_TARGET_GLOBAL_INT,371355,190,1,1,,,,,0,65016,60772670,801907626,6.077267,80.1907626,32.47999954223633,0.0,0.0,0.0,0.0,0.0,0.0,0.0,0.0
263.026667,1788179858.896173,MISSION_CURRENT,,205,1,1,3,7,3,1,,,,,,,,,,,,,,,
263.198179,1788179859.067685,POSITION_TARGET_GLOBAL_INT,371857,220,1,1,,,,,0,65016,60772670,801907626,6.077267,80.1907626,32.47999954223633,0.0,0.0,0.0,0.0,0.0,0.0,0.0,0.0
263.718606,1788179859.588112,MISSION_CURRENT,,234,1,1,3,7,3,1,,,,,,,,,,,,,,,
263.890410,1788179859.759916,POSITION_TARGET_GLOBAL_INT,372353,249,1,1,,,,,0,65016,60772670,801907626,6.077267,80.1907626,32.47999954223633,0.0,0.0,0.0,0.0,0.0,0.0,0.0,0.0
264.095338,1788179859.964844,MISSION_CURRENT,,8,1,1,3,7,3,1,,,,,,,,,,,,,,,
264.312117,1788179860.181623,POSITION_TARGET_GLOBAL_INT,372855,23,1,1,,,,,0,65016,60772670,801907626,6.077267,80.1907626,32.47999954223633,0.0,0.0,0.0,0.0,0.0,0.0,0.0,0.0
264.420453,1788179860.289959,MISSION_ITEM_REACHED,,31,1,1,3,,,,,,,,,,,,,,,,,,
264.542236,1788179860.411742,MISSION_CURRENT,,40,1,1,4,7,3,1,,,,,,,,,,,,,,,
264.746075,1788179860.615581,POSITION_TARGET_GLOBAL_INT,373358,55,1,1,,,,,0,65016,60772316,801907669,6.077231599999999,80.1907669,32.47999954223633,0.0,0.0,0.0,0.0,0.0,0.0,0.0,0.0
264.982809,1788179860.852315,MISSION_CURRENT,,70,1,1,4,7,3,1,,,,,,,,,,,,,,,
265.199156,1788179861.068662,POSITION_TARGET_GLOBAL_INT,373855,85,1,1,,,,,0,65016,60772316,801907669,6.077231599999999,80.1907669,32.47999954223633,0.0,0.0,0.0,0.0,0.0,0.0,0.0,0.0
265.576160,1788179861.445666,MISSION_CURRENT,,99,1,1,4,7,3,1,,,,,,,,,,,,,,,
265.776211,1788179861.645717,POSITION_TARGET_GLOBAL_INT,374355,114,1,1,,,,,0,65016,60772316,801907669,6.077231599999999,80.1907669,32.47999954223633,0.0,0.0,0.0,0.0,0.0,0.0,0.0,0.0
266.010547,1788179861.880053,MISSION_CURRENT,,129,1,1,4,7,3,1,,,,,,,,,,,,,,,
266.197213,1788179862.066719,POSITION_TARGET_GLOBAL_INT,374854,144,1,1,,,,,0,65016,60772316,801907669,6.077231599999999,80.1907669,32.47999954223633,0.0,0.0,0.0,0.0,0.0,0.0,0.0,0.0
266.508054,1788179862.377560,MISSION_CURRENT,,158,1,1,4,7,3,1,,,,,,,,,,,,,,,
266.694645,1788179862.564151,POSITION_TARGET_GLOBAL_INT,375353,173,1,1,,,,,0,65016,60772316,801907669,6.077231599999999,80.1907669,32.47999954223633,0.0,0.0,0.0,0.0,0.0,0.0,0.0,0.0
267.056005,1788179862.925511,MISSION_CURRENT,,188,1,1,4,7,3,1,,,,,,,,,,,,,,,
267.259805,1788179863.129311,POSITION_TARGET_GLOBAL_INT,375859,203,1,1,,,,,0,65016,60772316,801907669,6.077231599999999,80.1907669,32.47999954223633,0.0,0.0,0.0,0.0,0.0,0.0,0.0,0.0
267.509789,1788179863.379295,MISSION_CURRENT,,217,1,1,4,7,3,1,,,,,,,,,,,,,,,
267.808091,1788179863.677597,POSITION_TARGET_GLOBAL_INT,376359,232,1,1,,,,,0,65016,60772316,801907669,6.077231599999999,80.1907669,32.47999954223633,0.0,0.0,0.0,0.0,0.0,0.0,0.0,0.0
267.997119,1788179863.866625,MISSION_CURRENT,,250,1,1,4,7,3,1,,,,,,,,,,,,,,,
268.229852,1788179864.099358,POSITION_TARGET_GLOBAL_INT,376854,9,1,1,,,,,0,65016,60772316,801907669,6.077231599999999,80.1907669,32.47999954223633,0.0,0.0,0.0,0.0,0.0,0.0,0.0,0.0
268.542623,1788179864.412129,MISSION_CURRENT,,24,1,1,4,7,3,1,,,,,,,,,,,,,,,
268.683352,1788179864.552858,POSITION_TARGET_GLOBAL_INT,377362,39,1,1,,,,,0,65016,60772316,801907669,6.077231599999999,80.1907669,32.47999954223633,0.0,0.0,0.0,0.0,0.0,0.0,0.0,0.0
269.041195,1788179864.910701,MISSION_CURRENT,,54,1,1,4,7,3,1,,,,,,,,,,,,,,,
269.228361,1788179865.097867,POSITION_TARGET_GLOBAL_INT,377857,69,1,1,,,,,0,65016,60772316,801907669,6.077231599999999,80.1907669,32.47999954223633,0.0,0.0,0.0,0.0,0.0,0.0,0.0,0.0
269.508053,1788179865.377559,MISSION_CURRENT,,83,1,1,4,7,3,1,,,,,,,,,,,,,,,
269.711830,1788179865.581336,POSITION_TARGET_GLOBAL_INT,378359,98,1,1,,,,,0,65016,60772316,801907669,6.077231599999999,80.1907669,32.47999954223633,0.0,0.0,0.0,0.0,0.0,0.0,0.0,0.0
270.039478,1788179865.908984,MISSION_CURRENT,,113,1,1,4,7,3,1,,,,,,,,,,,,,,,
270.271915,1788179866.141421,POSITION_TARGET_GLOBAL_INT,378857,128,1,1,,,,,0,65016,60772316,801907669,6.077231599999999,80.1907669,32.47999954223633,0.0,0.0,0.0,0.0,0.0,0.0,0.0,0.0
270.507152,1788179866.376658,MISSION_CURRENT,,142,1,1,4,7,3,1,,,,,,,,,,,,,,,
270.726421,1788179866.595927,POSITION_TARGET_GLOBAL_INT,379357,157,1,1,,,,,0,65016,60772316,801907669,6.077231599999999,80.1907669,32.47999954223633,0.0,0.0,0.0,0.0,0.0,0.0,0.0,0.0
270.913761,1788179866.783267,MISSION_ITEM_REACHED,,166,1,1,4,,,,,,,,,,,,,,,,,,
270.990867,1788179866.860373,MISSION_CURRENT,,175,1,1,5,7,3,1,,,,,,,,,,,,,,,
271.193682,1788179867.063188,POSITION_TARGET_GLOBAL_INT,379860,190,1,1,,,,,0,65016,60771867,801907744,6.0771866999999995,80.1907744,32.47999954223633,0.0,0.0,0.0,0.0,0.0,0.0,0.0,0.0
271.568826,1788179867.438332,MISSION_CURRENT,,205,1,1,5,7,3,1,,,,,,,,,,,,,,,
271.772698,1788179867.642204,POSITION_TARGET_GLOBAL_INT,380355,220,1,1,,,,,0,65016,60771867,801907744,6.0771866999999995,80.1907744,32.47999954223633,0.0,0.0,0.0,0.0,0.0,0.0,0.0,0.0
272.036443,1788179867.905949,MISSION_CURRENT,,235,1,1,5,7,3,1,,,,,,,,,,,,,,,
272.222908,1788179868.092414,POSITION_TARGET_GLOBAL_INT,380858,250,1,1,,,,,0,65016,60771867,801907744,6.0771866999999995,80.1907744,32.47999954223633,0.0,0.0,0.0,0.0,0.0,0.0,0.0,0.0
272.487367,1788179868.356873,MISSION_CURRENT,,8,1,1,5,7,3,1,,,,,,,,,,,,,,,
272.688468,1788179868.557974,POSITION_TARGET_GLOBAL_INT,381355,23,1,1,,,,,0,65016,60771867,801907744,6.0771866999999995,80.1907744,32.47999954223633,0.0,0.0,0.0,0.0,0.0,0.0,0.0,0.0
273.033445,1788179868.902951,MISSION_CURRENT,,38,1,1,5,7,3,1,,,,,,,,,,,,,,,
273.266839,1788179869.136345,POSITION_TARGET_GLOBAL_INT,381857,53,1,1,,,,,0,65016,60771867,801907744,6.0771866999999995,80.1907744,32.47999954223633,0.0,0.0,0.0,0.0,0.0,0.0,0.0,0.0
273.501213,1788179869.370719,MISSION_CURRENT,,67,1,1,5,7,3,1,,,,,,,,,,,,,,,
273.718193,1788179869.587699,POSITION_TARGET_GLOBAL_INT,382358,82,1,1,,,,,0,65016,60771867,801907744,6.0771866999999995,80.1907744,32.47999954223633,0.0,0.0,0.0,0.0,0.0,0.0,0.0,0.0
273.985737,1788179869.855243,MISSION_CURRENT,,97,1,1,5,7,3,1,,,,,,,,,,,,,,,
274.219228,1788179870.088734,POSITION_TARGET_GLOBAL_INT,382857,112,1,1,,,,,0,65016,60771867,801907744,6.0771866999999995,80.1907744,32.47999954223633,0.0,0.0,0.0,0.0,0.0,0.0,0.0,0.0
274.563124,1788179870.432630,MISSION_CURRENT,,126,1,1,5,7,3,1,,,,,,,,,,,,,,,
274.751490,1788179870.620996,POSITION_TARGET_GLOBAL_INT,383355,141,1,1,,,,,0,65016,60771867,801907744,6.0771866999999995,80.1907744,32.47999954223633,0.0,0.0,0.0,0.0,0.0,0.0,0.0,0.0
275.016666,1788179870.886172,MISSION_CURRENT,,156,1,1,5,7,3,1,,,,,,,,,,,,,,,
275.219231,1788179871.088737,POSITION_TARGET_GLOBAL_INT,383857,171,1,1,,,,,0,65016,60771867,801907744,6.0771866999999995,80.1907744,32.47999954223633,0.0,0.0,0.0,0.0,0.0,0.0,0.0,0.0
275.484246,1788179871.353752,MISSION_CURRENT,,185,1,1,5,7,3,1,,,,,,,,,,,,,,,
275.717955,1788179871.587461,POSITION_TARGET_GLOBAL_INT,384357,200,1,1,,,,,0,65016,60771867,801907744,6.0771866999999995,80.1907744,32.47999954223633,0.0,0.0,0.0,0.0,0.0,0.0,0.0,0.0
276.060311,1788179871.929817,MISSION_CURRENT,,215,1,1,5,7,3,1,,,,,,,,,,,,,,,
276.262522,1788179872.132028,POSITION_TARGET_GLOBAL_INT,384853,230,1,1,,,,,0,65016,60771867,801907744,6.0771866999999995,80.1907744,32.47999954223633,0.0,0.0,0.0,0.0,0.0,0.0,0.0,0.0
276.480322,1788179872.349828,MISSION_CURRENT,,244,1,1,5,7,3,1,,,,,,,,,,,,,,,
276.713909,1788179872.583415,POSITION_TARGET_GLOBAL_INT,385358,3,1,1,,,,,0,65016,60771867,801907744,6.0771866999999995,80.1907744,32.47999954223633,0.0,0.0,0.0,0.0,0.0,0.0,0.0,0.0
277.087658,1788179872.957164,MISSION_CURRENT,,18,1,1,5,7,3,1,,,,,,,,,,,,,,,
277.306284,1788179873.175790,POSITION_TARGET_GLOBAL_INT,385855,33,1,1,,,,,0,65016,60771867,801907744,6.0771866999999995,80.1907744,32.47999954223633,0.0,0.0,0.0,0.0,0.0,0.0,0.0,0.0
277.527799,1788179873.397305,MISSION_CURRENT,,47,1,1,5,7,3,1,,,,,,,,,,,,,,,
277.700165,1788179873.569671,POSITION_TARGET_GLOBAL_INT,386353,62,1,1,,,,,0,65016,60771867,801907744,6.0771866999999995,80.1907744,32.47999954223633,0.0,0.0,0.0,0.0,0.0,0.0,0.0,0.0
278.011872,1788179873.881378,MISSION_CURRENT,,77,1,1,5,7,3,1,,,,,,,,,,,,,,,
278.214556,1788179874.084062,POSITION_TARGET_GLOBAL_INT,386853,92,1,1,,,,,0,65016,60771867,801907744,6.0771866999999995,80.1907744,32.47999954223633,0.0,0.0,0.0,0.0,0.0,0.0,0.0,0.0
278.496623,1788179874.366129,MISSION_CURRENT,,106,1,1,5,7,3,1,,,,,,,,,,,,,,,
278.698180,1788179874.567686,POSITION_TARGET_GLOBAL_INT,387353,121,1,1,,,,,0,65016,60771867,801907744,6.0771866999999995,80.1907744,32.47999954223633,0.0,0.0,0.0,0.0,0.0,0.0,0.0,0.0
279.012391,1788179874.881897,MISSION_CURRENT,,136,1,1,5,7,3,1,,,,,,,,,,,,,,,
279.244947,1788179875.114453,POSITION_TARGET_GLOBAL_INT,387855,151,1,1,,,,,0,65016,60771867,801907744,6.0771866999999995,80.1907744,32.47999954223633,0.0,0.0,0.0,0.0,0.0,0.0,0.0,0.0
279.481581,1788179875.351087,MISSION_CURRENT,,165,1,1,5,7,3,1,,,,,,,,,,,,,,,
279.700300,1788179875.569806,POSITION_TARGET_GLOBAL_INT,388358,180,1,1,,,,,0,65016,60771867,801907744,6.0771866999999995,80.1907744,32.47999954223633,0.0,0.0,0.0,0.0,0.0,0.0,0.0,0.0
279.778999,1788179875.648505,MISSION_ITEM_REACHED,,185,1,1,5,,,,,,,,,,,,,,,,,,
280.088957,1788179875.958463,MISSION_CURRENT,,198,1,1,6,7,3,1,,,,,,,,,,,,,,,
280.308267,1788179876.177773,POSITION_TARGET_GLOBAL_INT,388855,213,1,1,,,,,0,65016,60771236,801907822,6.077123599999999,80.1907822,32.47999954223633,0.0,0.0,0.0,0.0,0.0,0.0,0.0,0.0
280.512104,1788179876.381610,MISSION_CURRENT,,227,1,1,6,7,3,1,,,,,,,,,,,,,,,
280.731177,1788179876.600683,POSITION_TARGET_GLOBAL_INT,389353,242,1,1,,,,,0,65016,60771236,801907822,6.077123599999999,80.1907822,32.47999954223633,0.0,0.0,0.0,0.0,0.0,0.0,0.0,0.0
280.993804,1788179876.863310,MISSION_CURRENT,,1,1,1,6,7,3,1,,,,,,,,,,,,,,,
281.228761,1788179877.098267,POSITION_TARGET_GLOBAL_INT,389853,16,1,1,,,,,0,65016,60771236,801907822,6.077123599999999,80.1907822,32.47999954223633,0.0,0.0,0.0,0.0,0.0,0.0,0.0,0.0
281.510074,1788179877.379580,MISSION_CURRENT,,32,1,1,6,7,2,0,,,,,,,,,,,,,,,
282.039733,1788179877.909239,MISSION_CURRENT,,61,1,1,6,7,2,0,,,,,,,,,,,,,,,
282.493746,1788179878.363252,MISSION_CURRENT,,89,1,1,6,7,2,0,,,,,,,,,,,,,,,
283.069071,1788179878.938577,MISSION_CURRENT,,118,1,1,6,7,2,0,,,,,,,,,,,,,,,
283.508218,1788179879.377724,MISSION_CURRENT,,146,1,1,6,7,2,0,,,,,,,,,,,,,,,
283.977419,1788179879.846925,MISSION_CURRENT,,175,1,1,6,7,2,0,,,,,,,,,,,,,,,
284.538820,1788179880.408326,MISSION_CURRENT,,203,1,1,6,7,2,0,,,,,,,,,,,,,,,
285.004592,1788179880.874098,MISSION_CURRENT,,232,1,1,6,7,2,0,,,,,,,,,,,,,,,
285.484270,1788179881.353776,MISSION_CURRENT,,4,1,1,6,7,2,0,,,,,,,,,,,,,,,
285.985781,1788179881.855287,MISSION_CURRENT,,33,1,1,6,7,2,0,,,,,,,,,,,,,,,
286.517256,1788179882.386762,MISSION_CURRENT,,61,1,1,6,7,2,0,,,,,,,,,,,,,,,
286.985990,1788179882.855496,MISSION_CURRENT,,90,1,1,6,7,2,0,,,,,,,,,,,,,,,
287.531661,1788179883.401167,MISSION_CURRENT,,118,1,1,6,7,2,0,,,,,,,,,,,,,,,
287.984787,1788179883.854293,MISSION_CURRENT,,147,1,1,6,7,2,0,,,,,,,,,,,,,,,
288.472028,1788179884.341534,MISSION_CURRENT,,177,1,1,6,7,2,0,,,,,,,,,,,,,,,
289.050044,1788179884.919550,MISSION_CURRENT,,206,1,1,6,7,2,0,,,,,,,,,,,,,,,
289.517214,1788179885.386720,MISSION_CURRENT,,234,1,1,6,7,2,0,,,,,,,,,,,,,,,
290.066501,1788179885.936007,MISSION_CURRENT,,7,1,1,6,7,2,0,,,,,,,,,,,,,,,
290.534694,1788179886.404200,MISSION_CURRENT,,35,1,1,6,7,2,0,,,,,,,,,,,,,,,
290.971552,1788179886.841058,MISSION_CURRENT,,64,1,1,6,7,2,0,,,,,,,,,,,,,,,
291.470340,1788179887.339846,MISSION_CURRENT,,93,1,1,6,7,2,0,,,,,,,,,,,,,,,
292.046239,1788179887.915745,MISSION_CURRENT,,122,1,1,6,7,2,0,,,,,,,,,,,,,,,
292.500086,1788179888.369592,MISSION_CURRENT,,150,1,1,6,7,2,0,,,,,,,,,,,,,,,
293.043568,1788179888.913074,MISSION_CURRENT,,179,1,1,6,7,2,0,,,,,,,,,,,,,,,
293.527002,1788179889.396508,MISSION_CURRENT,,207,1,1,6,7,2,0,,,,,,,,,,,,,,,
293.698518,1788179889.568024,POSITION_TARGET_GLOBAL_INT,402359,222,1,1,,,,,0,65016,60771759,801907757,6.077175899999999,80.1907757,30.479999542236328,0.0,0.0,0.0,0.0,0.0,0.0,0.0,0.0
293.994701,1788179889.864207,MISSION_CURRENT,,237,1,1,6,7,2,0,,,,,,,,,,,,,,,
294.183804,1788179890.053310,POSITION_TARGET_GLOBAL_INT,402853,252,1,1,,,,,0,65016,60771759,801907757,6.077175899999999,80.1907757,30.479999542236328,0.0,0.0,0.0,0.0,0.0,0.0,0.0,0.0
294.574602,1788179890.444108,MISSION_CURRENT,,10,1,1,6,7,2,0,,,,,,,,,,,,,,,
294.775149,1788179890.644655,POSITION_TARGET_GLOBAL_INT,403358,25,1,1,,,,,0,65016,60771759,801907757,6.077175899999999,80.1907757,30.479999542236328,0.0,0.0,0.0,0.0,0.0,0.0,0.0,0.0
295.041194,1788179890.910700,MISSION_CURRENT,,40,1,1,6,7,2,0,,,,,,,,,,,,,,,
295.229146,1788179891.098652,POSITION_TARGET_GLOBAL_INT,403853,55,1,1,,,,,0,65016,60771759,801907757,6.077175899999999,80.1907757,30.479999542236328,0.0,0.0,0.0,0.0,0.0,0.0,0.0,0.0
295.495145,1788179891.364651,MISSION_CURRENT,,69,1,1,6,7,2,0,,,,,,,,,,,,,,,
295.698107,1788179891.567613,POSITION_TARGET_GLOBAL_INT,404356,84,1,1,,,,,0,65016,60771759,801907757,6.077175899999999,80.1907757,30.479999542236328,0.0,0.0,0.0,0.0,0.0,0.0,0.0,0.0
296.041358,1788179891.910864,MISSION_CURRENT,,99,1,1,6,7,2,0,,,,,,,,,,,,,,,
296.228171,1788179892.097677,POSITION_TARGET_GLOBAL_INT,404853,114,1,1,,,,,0,65016,60771759,801907757,6.077175899999999,80.1907757,30.479999542236328,0.0,0.0,0.0,0.0,0.0,0.0,0.0,0.0
296.508563,1788179892.378069,MISSION_CURRENT,,128,1,1,6,7,2,0,,,,,,,,,,,,,,,
296.725346,1788179892.594852,POSITION_TARGET_GLOBAL_INT,405358,143,1,1,,,,,0,65016,60771759,801907757,6.077175899999999,80.1907757,30.479999542236328,0.0,0.0,0.0,0.0,0.0,0.0,0.0,0.0
296.990411,1788179892.859917,MISSION_CURRENT,,158,1,1,6,7,2,0,,,,,,,,,,,,,,,
297.190945,1788179893.060451,POSITION_TARGET_GLOBAL_INT,405853,173,1,1,,,,,0,65016,60771759,801907757,6.077175899999999,80.1907757,30.479999542236328,0.0,0.0,0.0,0.0,0.0,0.0,0.0,0.0
297.567561,1788179893.437067,MISSION_CURRENT,,187,1,1,6,7,2,0,,,,,,,,,,,,,,,
297.770673,1788179893.640179,POSITION_TARGET_GLOBAL_INT,406356,202,1,1,,,,,0,65016,60771759,801907757,6.077175899999999,80.1907757,30.479999542236328,0.0,0.0,0.0,0.0,0.0,0.0,0.0,0.0
298.004944,1788179893.874450,MISSION_CURRENT,,217,1,1,6,7,2,0,,,,,,,,,,,,,,,
298.174785,1788179894.044291,POSITION_TARGET_GLOBAL_INT,406854,232,1,1,,,,,0,65016,60771759,801907757,6.077175899999999,80.1907757,30.479999542236328,0.0,0.0,0.0,0.0,0.0,0.0,0.0,0.0
298.566117,1788179894.435623,MISSION_CURRENT,,246,1,1,6,7,2,0,,,,,,,,,,,,,,,
298.799797,1788179894.669303,POSITION_TARGET_GLOBAL_INT,407356,5,1,1,,,,,0,65016,60771756,801907761,6.0771755999999995,80.1907761,30.369998931884766,0.0,0.0,0.0,0.0,0.0,0.0,0.0,0.0
299.034500,1788179894.904006,MISSION_CURRENT,,20,1,1,6,7,2,0,,,,,,,,,,,,,,,
299.268028,1788179895.137534,POSITION_TARGET_GLOBAL_INT,407855,35,1,1,,,,,0,65016,60771757,801907763,6.0771757,80.1907763,30.369998931884766,0.0,0.0,0.0,0.0,0.0,0.0,0.0,0.0
299.485391,1788179895.354897,MISSION_CURRENT,,49,1,1,6,7,2,0,,,,,,,,,,,,,,,
299.718540,1788179895.588046,POSITION_TARGET_GLOBAL_INT,408356,64,1,1,,,,,0,65016,60771759,801907764,6.077175899999999,80.19077639999999,30.369998931884766,0.0,0.0,0.0,0.0,0.0,0.0,0.0,0.0
299.982444,1788179895.851950,MISSION_CURRENT,,79,1,1,6,7,2,0,,,,,,,,,,,,,,,
300.306320,1788179896.175826,POSITION_TARGET_GLOBAL_INT,408853,94,1,1,,,,,0,65016,60771759,801907764,6.077175899999999,80.19077639999999,30.369998931884766,0.0,0.0,0.0,0.0,0.0,0.0,0.0,0.0
300.542363,1788179896.411869,MISSION_CURRENT,,108,1,1,6,7,2,0,,,,,,,,,,,,,,,
300.715345,1788179896.584851,POSITION_TARGET_GLOBAL_INT,409356,123,1,1,,,,,0,65016,60771759,801907764,6.077175899999999,80.19077639999999,30.369998931884766,0.0,0.0,0.0,0.0,0.0,0.0,0.0,0.0
301.012393,1788179896.881899,MISSION_CURRENT,,138,1,1,6,7,2,0,,,,,,,,,,,,,,,
301.214391,1788179897.083897,POSITION_TARGET_GLOBAL_INT,409853,153,1,1,,,,,0,65016,60771757,801907764,6.0771757,80.19077639999999,30.369998931884766,0.0,0.0,0.0,0.0,0.0,0.0,0.0,0.0
301.512755,1788179897.382261,MISSION_CURRENT,,168,1,1,6,7,2,0,,,,,,,,,,,,,,,
301.702450,1788179897.571956,POSITION_TARGET_GLOBAL_INT,410355,183,1,1,,,,,0,65016,60771757,801907765,6.0771757,80.1907765,30.369998931884766,0.0,0.0,0.0,0.0,0.0,0.0,0.0,0.0
302.015691,1788179897.885197,MISSION_CURRENT,,198,1,1,6,7,2,0,,,,,,,,,,,,,,,
302.248788,1788179898.118294,POSITION_TARGET_GLOBAL_INT,410853,213,1,1,,,,,0,65016,60771757,801907765,6.0771757,80.1907765,30.369998931884766,0.0,0.0,0.0,0.0,0.0,0.0,0.0,0.0
302.481594,1788179898.351100,MISSION_CURRENT,,227,1,1,6,7,2,0,,,,,,,,,,,,,,,
302.715953,1788179898.585459,POSITION_TARGET_GLOBAL_INT,411355,242,1,1,,,,,0,65016,60771754,801907763,6.0771754,80.1907763,30.369998931884766,0.0,0.0,0.0,0.0,0.0,0.0,0.0,0.0
303.011027,1788179898.880533,MISSION_CURRENT,,1,1,1,6,7,2,0,,,,,,,,,,,,,,,
303.199526,1788179899.069032,POSITION_TARGET_GLOBAL_INT,411853,16,1,1,,,,,0,65016,60771754,801907763,6.0771754,80.1907763,30.369998931884766,0.0,0.0,0.0,0.0,0.0,0.0,0.0,0.0
303.543252,1788179899.412758,MISSION_CURRENT,,30,1,1,6,7,2,0,,,,,,,,,,,,,,,
303.778613,1788179899.648119,POSITION_TARGET_GLOBAL_INT,412355,45,1,1,,,,,0,65016,60771752,801907760,6.0771752,80.190776,32.47999954223633,0.0,0.0,0.0,0.0,0.0,0.0,0.0,0.0
304.014468,1788179899.883974,MISSION_CURRENT,,60,1,1,6,7,2,0,,,,,,,,,,,,,,,
304.203582,1788179900.073088,POSITION_TARGET_GLOBAL_INT,412856,75,1,1,,,,,0,65016,60771752,801907760,6.0771752,80.190776,32.47999954223633,0.0,0.0,0.0,0.0,0.0,0.0,0.0,0.0
304.550527,1788179900.420033,MISSION_CURRENT,,89,1,1,6,7,2,0,,,,,,,,,,,,,,,
304.786731,1788179900.656237,POSITION_TARGET_GLOBAL_INT,413355,104,1,1,,,,,0,65016,60771752,801907760,6.0771752,80.190776,32.47999954223633,0.0,0.0,0.0,0.0,0.0,0.0,0.0,0.0
305.022302,1788179900.891808,MISSION_CURRENT,,119,1,1,6,7,2,0,,,,,,,,,,,,,,,
305.194682,1788179901.064188,POSITION_TARGET_GLOBAL_INT,413854,134,1,1,,,,,0,65016,60771752,801907760,6.0771752,80.190776,32.47999954223633,0.0,0.0,0.0,0.0,0.0,0.0,0.0,0.0
305.502627,1788179901.372133,MISSION_CURRENT,,148,1,1,6,7,2,0,,,,,,,,,,,,,,,
305.892249,1788179901.761755,POSITION_TARGET_GLOBAL_INT,414359,163,1,1,,,,,0,65016,60771752,801907760,6.0771752,80.190776,32.47999954223633,0.0,0.0,0.0,0.0,0.0,0.0,0.0,0.0
306.081820,1788179901.951326,MISSION_CURRENT,,181,1,1,6,7,2,0,,,,,,,,,,,,,,,
306.314419,1788179902.183925,POSITION_TARGET_GLOBAL_INT,414853,196,1,1,,,,,0,65016,60771752,801907760,6.0771752,80.190776,32.47999954223633,0.0,0.0,0.0,0.0,0.0,0.0,0.0,0.0
306.532593,1788179902.402099,MISSION_CURRENT,,211,1,1,6,7,2,0,,,,,,,,,,,,,,,
306.734799,1788179902.604305,POSITION_TARGET_GLOBAL_INT,415363,226,1,1,,,,,0,65016,60771752,801907760,6.0771752,80.190776,32.47999954223633,0.0,0.0,0.0,0.0,0.0,0.0,0.0,0.0
306.996721,1788179902.866227,MISSION_CURRENT,,243,1,1,6,7,3,1,,,,,,,,,,,,,,,
307.200981,1788179903.070487,POSITION_TARGET_GLOBAL_INT,415863,2,1,1,,,,,0,65016,60771236,801907822,6.077123599999999,80.1907822,32.47999954223633,0.0,0.0,0.0,0.0,0.0,0.0,0.0,0.0
307.546640,1788179903.416146,MISSION_CURRENT,,16,1,1,6,7,3,1,,,,,,,,,,,,,,,
307.765084,1788179903.634590,POSITION_TARGET_GLOBAL_INT,416361,31,1,1,,,,,0,65016,60771236,801907822,6.077123599999999,80.1907822,32.47999954223633,0.0,0.0,0.0,0.0,0.0,0.0,0.0,0.0
307.998686,1788179903.868192,MISSION_CURRENT,,46,1,1,6,7,3,1,,,,,,,,,,,,,,,
308.234708,1788179904.104214,POSITION_TARGET_GLOBAL_INT,416860,61,1,1,,,,,0,65016,60771236,801907822,6.077123599999999,80.1907822,32.47999954223633,0.0,0.0,0.0,0.0,0.0,0.0,0.0,0.0
308.485740,1788179904.355246,MISSION_CURRENT,,75,1,1,6,7,3,1,,,,,,,,,,,,,,,
308.690675,1788179904.560181,POSITION_TARGET_GLOBAL_INT,417363,90,1,1,,,,,0,65016,60771236,801907822,6.077123599999999,80.1907822,32.47999954223633,0.0,0.0,0.0,0.0,0.0,0.0,0.0,0.0
309.068573,1788179904.938079,MISSION_CURRENT,,105,1,1,6,7,3,1,,,,,,,,,,,,,,,
309.271650,1788179905.141156,POSITION_TARGET_GLOBAL_INT,417858,120,1,1,,,,,0,65016,60771236,801907822,6.077123599999999,80.1907822,32.47999954223633,0.0,0.0,0.0,0.0,0.0,0.0,0.0,0.0
309.491196,1788179905.360702,MISSION_CURRENT,,134,1,1,6,7,3,1,,,,,,,,,,,,,,,
309.725511,1788179905.595017,POSITION_TARGET_GLOBAL_INT,418358,149,1,1,,,,,0,65016,60771236,801907822,6.077123599999999,80.1907822,32.47999954223633,0.0,0.0,0.0,0.0,0.0,0.0,0.0,0.0
309.991403,1788179905.860909,MISSION_CURRENT,,164,1,1,6,7,3,1,,,,,,,,,,,,,,,
310.193326,1788179906.062832,POSITION_TARGET_GLOBAL_INT,418855,179,1,1,,,,,0,65016,60771236,801907822,6.077123599999999,80.1907822,32.47999954223633,0.0,0.0,0.0,0.0,0.0,0.0,0.0,0.0
310.552644,1788179906.422150,MISSION_CURRENT,,193,1,1,6,7,3,1,,,,,,,,,,,,,,,
310.787393,1788179906.656899,POSITION_TARGET_GLOBAL_INT,419364,208,1,1,,,,,0,65016,60771236,801907822,6.077123599999999,80.1907822,32.47999954223633,0.0,0.0,0.0,0.0,0.0,0.0,0.0,0.0
311.113740,1788179906.983246,MISSION_CURRENT,,223,1,1,6,7,3,1,,,,,,,,,,,,,,,
311.254658,1788179907.124164,POSITION_TARGET_GLOBAL_INT,419853,238,1,1,,,,,0,65016,60771236,801907822,6.077123599999999,80.1907822,32.47999954223633,0.0,0.0,0.0,0.0,0.0,0.0,0.0,0.0
311.596112,1788179907.465618,MISSION_CURRENT,,253,1,1,6,7,3,1,,,,,,,,,,,,,,,
311.815641,1788179907.685147,POSITION_TARGET_GLOBAL_INT,420354,12,1,1,,,,,0,65016,60771236,801907822,6.077123599999999,80.1907822,32.47999954223633,0.0,0.0,0.0,0.0,0.0,0.0,0.0,0.0
312.035811,1788179907.905317,MISSION_CURRENT,,27,1,1,6,7,3,1,,,,,,,,,,,,,,,
312.177672,1788179908.047178,POSITION_TARGET_GLOBAL_INT,420853,42,1,1,,,,,0,65016,60771236,801907822,6.077123599999999,80.1907822,32.47999954223633,0.0,0.0,0.0,0.0,0.0,0.0,0.0,0.0
312.538495,1788179908.408001,MISSION_CURRENT,,56,1,1,6,7,3,1,,,,,,,,,,,,,,,
312.727889,1788179908.597395,POSITION_TARGET_GLOBAL_INT,421354,71,1,1,,,,,0,65016,60771236,801907822,6.077123599999999,80.1907822,32.47999954223633,0.0,0.0,0.0,0.0,0.0,0.0,0.0,0.0
312.975148,1788179908.844654,MISSION_CURRENT,,86,1,1,6,7,3,1,,,,,,,,,,,,,,,
313.195280,1788179909.064786,POSITION_TARGET_GLOBAL_INT,421857,101,1,1,,,,,0,65016,60771236,801907822,6.077123599999999,80.1907822,32.47999954223633,0.0,0.0,0.0,0.0,0.0,0.0,0.0,0.0
313.522222,1788179909.391728,MISSION_CURRENT,,115,1,1,6,7,3,1,,,,,,,,,,,,,,,
313.756975,1788179909.626481,POSITION_TARGET_GLOBAL_INT,422356,130,1,1,,,,,0,65016,60771236,801907822,6.077123599999999,80.1907822,32.47999954223633,0.0,0.0,0.0,0.0,0.0,0.0,0.0,0.0
313.991051,1788179909.860557,MISSION_CURRENT,,145,1,1,6,7,3,1,,,,,,,,,,,,,,,
314.209501,1788179910.079007,POSITION_TARGET_GLOBAL_INT,422854,160,1,1,,,,,0,65016,60771236,801907822,6.077123599999999,80.1907822,32.47999954223633,0.0,0.0,0.0,0.0,0.0,0.0,0.0,0.0
314.472852,1788179910.342358,MISSION_CURRENT,,174,1,1,6,7,3,1,,,,,,,,,,,,,,,
314.675424,1788179910.544930,POSITION_TARGET_GLOBAL_INT,423355,189,1,1,,,,,0,65016,60771236,801907822,6.077123599999999,80.1907822,32.47999954223633,0.0,0.0,0.0,0.0,0.0,0.0,0.0,0.0
315.050585,1788179910.920091,MISSION_CURRENT,,204,1,1,6,7,3,1,,,,,,,,,,,,,,,
315.252341,1788179911.121847,POSITION_TARGET_GLOBAL_INT,423856,219,1,1,,,,,0,65016,60771236,801907822,6.077123599999999,80.1907822,32.47999954223633,0.0,0.0,0.0,0.0,0.0,0.0,0.0,0.0
315.517299,1788179911.386805,MISSION_CURRENT,,233,1,1,6,7,3,1,,,,,,,,,,,,,,,
315.735180,1788179911.604686,POSITION_TARGET_GLOBAL_INT,424357,248,1,1,,,,,0,65016,60771236,801907822,6.077123599999999,80.1907822,32.47999954223633,0.0,0.0,0.0,0.0,0.0,0.0,0.0,0.0
316.079236,1788179911.948742,MISSION_CURRENT,,7,1,1,6,7,3,1,,,,,,,,,,,,,,,
316.282400,1788179912.151906,POSITION_TARGET_GLOBAL_INT,424857,22,1,1,,,,,0,65016,60771236,801907822,6.077123599999999,80.1907822,32.47999954223633,0.0,0.0,0.0,0.0,0.0,0.0,0.0,0.0
316.517991,1788179912.387497,MISSION_CURRENT,,36,1,1,6,7,3,1,,,,,,,,,,,,,,,
316.706115,1788179912.575621,POSITION_TARGET_GLOBAL_INT,425358,51,1,1,,,,,0,65016,60771236,801907822,6.077123599999999,80.1907822,32.47999954223633,0.0,0.0,0.0,0.0,0.0,0.0,0.0,0.0
316.973308,1788179912.842814,MISSION_CURRENT,,66,1,1,6,7,3,1,,,,,,,,,,,,,,,
317.206660,1788179913.076166,POSITION_TARGET_GLOBAL_INT,425855,81,1,1,,,,,0,65016,60771236,801907822,6.077123599999999,80.1907822,32.47999954223633,0.0,0.0,0.0,0.0,0.0,0.0,0.0,0.0
317.580705,1788179913.450211,MISSION_CURRENT,,95,1,1,6,7,3,1,,,,,,,,,,,,,,,
317.784649,1788179913.654155,POSITION_TARGET_GLOBAL_INT,426355,110,1,1,,,,,0,65016,60771236,801907822,6.077123599999999,80.1907822,32.47999954223633,0.0,0.0,0.0,0.0,0.0,0.0,0.0,0.0
318.017965,1788179913.887471,MISSION_CURRENT,,125,1,1,6,7,3,1,,,,,,,,,,,,,,,
318.189307,1788179914.058813,POSITION_TARGET_GLOBAL_INT,426856,140,1,1,,,,,0,65016,60771236,801907822,6.077123599999999,80.1907822,32.47999954223633,0.0,0.0,0.0,0.0,0.0,0.0,0.0,0.0
318.501421,1788179914.370927,MISSION_CURRENT,,154,1,1,6,7,3,1,,,,,,,,,,,,,,,
318.737161,1788179914.606667,POSITION_TARGET_GLOBAL_INT,427358,169,1,1,,,,,0,65016,60771236,801907822,6.077123599999999,80.1907822,32.47999954223633,0.0,0.0,0.0,0.0,0.0,0.0,0.0,0.0
318.954726,1788179914.824232,MISSION_CURRENT,,186,1,1,6,7,3,1,,,,,,,,,,,,,,,
319.189063,1788179915.058569,POSITION_TARGET_GLOBAL_INT,427853,201,1,1,,,,,0,65016,60771236,801907822,6.077123599999999,80.1907822,32.47999954223633,0.0,0.0,0.0,0.0,0.0,0.0,0.0,0.0
319.363055,1788179915.232561,MISSION_ITEM_REACHED,,209,1,1,6,,,,,,,,,,,,,,,,,,
319.504417,1788179915.373923,MISSION_CURRENT,,218,1,1,7,7,3,1,,,,,,,,,,,,,,,
319.738203,1788179915.607709,POSITION_TARGET_GLOBAL_INT,428356,233,1,1,,,,,0,65016,60771236,801907822,6.077123599999999,80.1907822,32.5099983215332,0.0,0.0,0.0,0.0,0.0,0.0,0.0,0.0
320.081648,1788179915.951154,MISSION_CURRENT,,248,1,1,7,7,3,1,,,,,,,,,,,,,,,
320.317536,1788179916.187042,POSITION_TARGET_GLOBAL_INT,428856,7,1,1,,,,,0,65016,60771236,801907822,6.077123599999999,80.1907822,32.5099983215332,0.0,0.0,0.0,0.0,0.0,0.0,0.0,0.0
320.582718,1788179916.452224,MISSION_CURRENT,,21,1,1,7,7,3,1,,,,,,,,,,,,,,,
320.771127,1788179916.640633,POSITION_TARGET_GLOBAL_INT,429361,36,1,1,,,,,0,65016,60771236,801907822,6.077123599999999,80.1907822,32.5099983215332,0.0,0.0,0.0,0.0,0.0,0.0,0.0,0.0
321.006497,1788179916.876003,MISSION_CURRENT,,51,1,1,7,7,3,1,,,,,,,,,,,,,,,
321.241383,1788179917.110889,POSITION_TARGET_GLOBAL_INT,429856,66,1,1,,,,,0,65016,60771236,801907822,6.077123599999999,80.1907822,32.5099983215332,0.0,0.0,0.0,0.0,0.0,0.0,0.0,0.0
321.473708,1788179917.343214,MISSION_CURRENT,,81,1,1,7,7,3,1,,,,,,,,,,,,,,,
322.036070,1788179917.905576,MISSION_CURRENT,,110,1,1,7,7,3,1,,,,,,,,,,,,,,,
322.503363,1788179918.372869,MISSION_CURRENT,,138,1,1,7,7,3,1,,,,,,,,,,,,,,,
322.983285,1788179918.852791,MISSION_CURRENT,,167,1,1,7,7,3,1,,,,,,,,,,,,,,,
323.560916,1788179919.430422,MISSION_CURRENT,,195,1,1,7,7,3,1,,,,,,,,,,,,,,,
324.000126,1788179919.869632,MISSION_CURRENT,,224,1,1,7,7,3,1,,,,,,,,,,,,,,,
324.467435,1788179920.336941,MISSION_CURRENT,,252,1,1,7,7,3,1,,,,,,,,,,,,,,,
325.033506,1788179920.903012,MISSION_CURRENT,,25,1,1,7,7,3,1,,,,,,,,,,,,,,,
325.489913,1788179921.359419,MISSION_CURRENT,,53,1,1,7,7,3,1,,,,,,,,,,,,,,,
326.100287,1788179921.969793,MISSION_CURRENT,,82,1,1,7,7,3,1,,,,,,,,,,,,,,,
326.477200,1788179922.346706,MISSION_CURRENT,,110,1,1,7,7,3,1,,,,,,,,,,,,,,,
327.026072,1788179922.895578,MISSION_CURRENT,,139,1,1,7,7,3,1,,,,,,,,,,,,,,,
327.481132,1788179923.350638,MISSION_CURRENT,,169,1,1,7,7,3,1,,,,,,,,,,,,,,,
328.060179,1788179923.929685,MISSION_CURRENT,,200,1,1,1,7,3,1,,,,,,,,,,,,,,,
328.513182,1788179924.382688,MISSION_CURRENT,,228,1,1,1,7,3,1,,,,,,,,,,,,,,,
329.076780,1788179924.946286,MISSION_CURRENT,,1,1,1,1,7,3,1,,,,,,,,,,,,,,,
329.543769,1788179925.413275,MISSION_CURRENT,,29,1,1,1,7,3,1,,,,,,,,,,,,,,,
330.089760,1788179925.959266,MISSION_CURRENT,,58,1,1,1,7,3,1,,,,,,,,,,,,,,,
330.509650,1788179926.379156,MISSION_CURRENT,,86,1,1,1,7,3,1,,,,,,,,,,,,,,,
331.010278,1788179926.879784,MISSION_CURRENT,,115,1,1,1,7,3,1,,,,,,,,,,,,,,,
331.510346,1788179927.379852,MISSION_CURRENT,,144,1,1,1,7,3,1,,,,,,,,,,,,,,,
332.073462,1788179927.942968,MISSION_CURRENT,,173,1,1,1,7,3,1,,,,,,,,,,,,,,,
332.509617,1788179928.379123,MISSION_CURRENT,,201,1,1,1,7,3,1,,,,,,,,,,,,,,,
332.991926,1788179928.861432,MISSION_CURRENT,,230,1,1,1,7,3,1,,,,,,,,,,,,,,,
333.558428,1788179929.427934,MISSION_CURRENT,,2,1,1,1,7,3,1,,,,,,,,,,,,,,,
334.012136,1788179929.881642,MISSION_CURRENT,,31,1,1,1,7,3,1,,,,,,,,,,,,,,,
334.507925,1788179930.377431,MISSION_CURRENT,,59,1,1,1,7,3,1,,,,,,,,,,,,,,,
335.071079,1788179930.940585,MISSION_CURRENT,,88,1,1,1,7,3,1,,,,,,,,,,,,,,,
335.523538,1788179931.393044,MISSION_CURRENT,,116,1,1,1,7,3,1,,,,,,,,,,,,,,,
335.990312,1788179931.859818,MISSION_CURRENT,,145,1,1,1,7,3,1,,,,,,,,,,,,,,,
336.539156,1788179932.408662,MISSION_CURRENT,,173,1,1,1,7,3,1,,,,,,,,,,,,,,,
336.994376,1788179932.863882,MISSION_CURRENT,,202,1,1,1,7,3,1,,,,,,,,,,,,,,,
337.487979,1788179933.357485,MISSION_CURRENT,,230,1,1,1,7,3,1,,,,,,,,,,,,,,,
338.053269,1788179933.922775,MISSION_CURRENT,,3,1,1,1,7,3,1,,,,,,,,,,,,,,,
338.523073,1788179934.392579,MISSION_CURRENT,,31,1,1,1,7,3,1,,,,,,,,,,,,,,,
338.974223,1788179934.843729,MISSION_CURRENT,,60,1,1,1,7,3,1,,,,,,,,,,,,,,,
339.520211,1788179935.389717,MISSION_CURRENT,,88,1,1,1,7,3,1,,,,,,,,,,,,,,,
340.021135,1788179935.890641,MISSION_CURRENT,,117,1,1,1,7,3,1,,,,,,,,,,,,,,,
340.479237,1788179936.348743,MISSION_CURRENT,,145,1,1,1,7,3,1,,,,,,,,,,,,,,,
341.095587,1788179936.965093,MISSION_CURRENT,,174,1,1,1,7,3,1,,,,,,,,,,,,,,,
341.516814,1788179937.386320,MISSION_CURRENT,,203,1,1,1,7,3,1,,,,,,,,,,,,,,,
342.093276,1788179937.962782,MISSION_CURRENT,,232,1,1,1,7,3,1,,,,,,,,,,,,,,,
342.547423,1788179938.416929,MISSION_CURRENT,,4,1,1,1,7,3,1,,,,,,,,,,,,,,,
342.969712,1788179938.839218,MISSION_CURRENT,,33,1,1,1,7,3,1,,,,,,,,,,,,,,,
343.475213,1788179939.344719,MISSION_CURRENT,,61,1,1,1,7,3,1,,,,,,,,,,,,,,,
344.036112,1788179939.905618,MISSION_CURRENT,,93,1,1,1,7,3,1,,,,,,,,,,,,,,,
344.503482,1788179940.372988,MISSION_CURRENT,,122,1,1,1,7,3,1,,,,,,,,,,,,,,,
345.084608,1788179940.954114,MISSION_CURRENT,,151,1,1,1,7,3,1,,,,,,,,,,,,,,,
345.501978,1788179941.371484,MISSION_CURRENT,,179,1,1,1,7,3,1,,,,,,,,,,,,,,,
345.999848,1788179941.869354,MISSION_CURRENT,,208,1,1,1,7,3,1,,,,,,,,,,,,,,,
346.574762,1788179942.444268,MISSION_CURRENT,,236,1,1,1,7,3,1,,,,,,,,,,,,,,,
347.018669,1788179942.888175,MISSION_CURRENT,,9,1,1,1,7,3,1,,,,,,,,,,,,,,,
347.500514,1788179943.370020,MISSION_CURRENT,,37,1,1,1,7,3,1,,,,,,,,,,,,,,,
348.064235,1788179943.933741,MISSION_CURRENT,,66,1,1,1,7,3,1,,,,,,,,,,,,,,,
348.528267,1788179944.397773,MISSION_CURRENT,,94,1,1,1,7,3,1,,,,,,,,,,,,,,,
348.985018,1788179944.854524,MISSION_CURRENT,,123,1,1,1,7,3,1,,,,,,,,,,,,,,,
349.554630,1788179945.424136,MISSION_CURRENT,,151,1,1,1,7,3,1,,,,,,,,,,,,,,,
350.025180,1788179945.894686,MISSION_CURRENT,,180,1,1,1,7,3,1,,,,,,,,,,,,,,,
350.477926,1788179946.347432,MISSION_CURRENT,,208,1,1,1,7,3,1,,,,,,,,,,,,,,,
351.024970,1788179946.894476,MISSION_CURRENT,,237,1,1,1,7,3,1,,,,,,,,,,,,,,,
351.491863,1788179947.361369,MISSION_CURRENT,,10,1,1,1,7,3,1,,,,,,,,,,,,,,,
351.973460,1788179947.842966,MISSION_CURRENT,,39,1,1,1,7,3,1,,,,,,,,,,,,,,,
352.551482,1788179948.420988,MISSION_CURRENT,,67,1,1,1,7,3,1,,,,,,,,,,,,,,,
353.019447,1788179948.888953,MISSION_CURRENT,,97,1,1,1,7,2,0,,,,,,,,,,,,,,,
353.473000,1788179949.342506,MISSION_CURRENT,,125,1,1,1,7,2,0,,,,,,,,,,,,,,,
354.021869,1788179949.891375,MISSION_CURRENT,,154,1,1,1,7,2,0,,,,,,,,,,,,,,,
354.488593,1788179950.358099,MISSION_CURRENT,,182,1,1,1,7,2,0,,,,,,,,,,,,,,,
354.706585,1788179950.576091,POSITION_TARGET_GLOBAL_INT,463360,197,1,1,,,,,0,65016,60771724,801907806,6.077172399999999,80.1907806,30.479999542236328,0.0,0.0,0.0,0.0,0.0,0.0,0.0,0.0
355.080600,1788179950.950106,MISSION_CURRENT,,212,1,1,1,7,2,0,,,,,,,,,,,,,,,
355.283537,1788179951.153043,POSITION_TARGET_GLOBAL_INT,463854,227,1,1,,,,,0,65016,60771724,801907806,6.077172399999999,80.1907806,30.479999542236328,0.0,0.0,0.0,0.0,0.0,0.0,0.0,0.0
355.518294,1788179951.387800,MISSION_CURRENT,,241,1,1,1,7,2,0,,,,,,,,,,,,,,,
355.750555,1788179951.620061,POSITION_TARGET_GLOBAL_INT,464360,0,1,1,,,,,0,65016,60771724,801907806,6.077172399999999,80.1907806,30.479999542236328,0.0,0.0,0.0,0.0,0.0,0.0,0.0,0.0
356.014901,1788179951.884407,MISSION_CURRENT,,15,1,1,1,7,2,0,,,,,,,,,,,,,,,
356.200529,1788179952.070035,POSITION_TARGET_GLOBAL_INT,464855,30,1,1,,,,,0,65016,60771724,801907806,6.077172399999999,80.1907806,30.479999542236328,0.0,0.0,0.0,0.0,0.0,0.0,0.0,0.0
356.468741,1788179952.338247,MISSION_CURRENT,,44,1,1,1,7,2,0,,,,,,,,,,,,,,,
356.701797,1788179952.571303,POSITION_TARGET_GLOBAL_INT,465360,59,1,1,,,,,0,65016,60771724,801907806,6.077172399999999,80.1907806,30.479999542236328,0.0,0.0,0.0,0.0,0.0,0.0,0.0,0.0
357.015159,1788179952.884665,MISSION_CURRENT,,74,1,1,1,7,2,0,,,,,,,,,,,,,,,
357.249088,1788179953.118594,POSITION_TARGET_GLOBAL_INT,465855,89,1,1,,,,,0,65016,60771724,801907806,6.077172399999999,80.1907806,30.479999542236328,0.0,0.0,0.0,0.0,0.0,0.0,0.0,0.0
357.468385,1788179953.337891,MISSION_CURRENT,,103,1,1,1,7,2,0,,,,,,,,,,,,,,,
357.702210,1788179953.571716,POSITION_TARGET_GLOBAL_INT,466355,118,1,1,,,,,0,65016,60771724,801907806,6.077172399999999,80.1907806,30.479999542236328,0.0,0.0,0.0,0.0,0.0,0.0,0.0,0.0
358.091106,1788179953.960612,MISSION_CURRENT,,134,1,1,1,7,2,0,,,,,,,,,,,,,,,
358.402221,1788179954.271727,POSITION_TARGET_GLOBAL_INT,466854,149,1,1,,,,,0,65016,60771724,801907806,6.077172399999999,80.1907806,30.479999542236328,0.0,0.0,0.0,0.0,0.0,0.0,0.0,0.0
358.588374,1788179954.457880,MISSION_CURRENT,,163,1,1,1,7,2,0,,,,,,,,,,,,,,,
358.773695,1788179954.643201,POSITION_TARGET_GLOBAL_INT,467355,178,1,1,,,,,0,65016,60771724,801907806,6.077172399999999,80.1907806,30.479999542236328,0.0,0.0,0.0,0.0,0.0,0.0,0.0,0.0
359.006675,1788179954.876181,MISSION_CURRENT,,193,1,1,1,7,2,0,,,,,,,,,,,,,,,
359.319341,1788179955.188847,POSITION_TARGET_GLOBAL_INT,467855,208,1,1,,,,,0,65016,60771724,801907806,6.077172399999999,80.1907806,30.479999542236328,0.0,0.0,0.0,0.0,0.0,0.0,0.0,0.0
359.506621,1788179955.376127,MISSION_CURRENT,,222,1,1,1,7,2,0,,,,,,,,,,,,,,,
359.695305,1788179955.564811,POSITION_TARGET_GLOBAL_INT,468360,237,1,1,,,,,0,65016,60771724,801907806,6.077172399999999,80.1907806,30.479999542236328,0.0,0.0,0.0,0.0,0.0,0.0,0.0,0.0
360.021013,1788179955.890519,MISSION_CURRENT,,252,1,1,1,7,2,0,,,,,,,,,,,,,,,
360.254138,1788179956.123644,POSITION_TARGET_GLOBAL_INT,468854,11,1,1,,,,,0,65016,60771724,801907806,6.077172399999999,80.1907806,30.479999542236328,0.0,0.0,0.0,0.0,0.0,0.0,0.0,0.0
360.487861,1788179956.357367,MISSION_CURRENT,,25,1,1,1,7,2,0,,,,,,,,,,,,,,,
360.691124,1788179956.560630,POSITION_TARGET_GLOBAL_INT,469360,40,1,1,,,,,0,65016,60771724,801907806,6.077172399999999,80.1907806,30.479999542236328,0.0,0.0,0.0,0.0,0.0,0.0,0.0,0.0
361.066030,1788179956.935536,MISSION_CURRENT,,55,1,1,1,7,2,0,,,,,,,,,,,,,,,
361.299201,1788179957.168707,POSITION_TARGET_GLOBAL_INT,469860,70,1,1,,,,,0,65016,60771724,801907806,6.077172399999999,80.1907806,30.479999542236328,0.0,0.0,0.0,0.0,0.0,0.0,0.0,0.0
361.532833,1788179957.402339,MISSION_CURRENT,,85,1,1,1,7,2,0,,,,,,,,,,,,,,,
361.721237,1788179957.590743,POSITION_TARGET_GLOBAL_INT,470357,100,1,1,,,,,0,65016,60771724,801907806,6.077172399999999,80.1907806,30.479999542236328,0.0,0.0,0.0,0.0,0.0,0.0,0.0,0.0
361.987011,1788179957.856517,MISSION_CURRENT,,115,1,1,1,7,2,0,,,,,,,,,,,,,,,
362.188921,1788179958.058427,POSITION_TARGET_GLOBAL_INT,470855,130,1,1,,,,,0,65016,60771724,801907806,6.077172399999999,80.1907806,30.479999542236328,0.0,0.0,0.0,0.0,0.0,0.0,0.0,0.0
362.533085,1788179958.402591,MISSION_CURRENT,,144,1,1,1,7,2,0,,,,,,,,,,,,,,,
362.766716,1788179958.636222,POSITION_TARGET_GLOBAL_INT,471360,159,1,1,,,,,0,65016,60771724,801907806,6.077172399999999,80.1907806,30.479999542236328,0.0,0.0,0.0,0.0,0.0,0.0,0.0,0.0
362.987757,1788179958.857263,MISSION_CURRENT,,174,1,1,1,7,2,0,,,,,,,,,,,,,,,
363.188223,1788179959.057729,POSITION_TARGET_GLOBAL_INT,471855,189,1,1,,,,,0,65016,60771724,801907806,6.077172399999999,80.1907806,30.479999542236328,0.0,0.0,0.0,0.0,0.0,0.0,0.0,0.0
363.484166,1788179959.353672,MISSION_CURRENT,,203,1,1,1,7,2,0,,,,,,,,,,,,,,,
363.796429,1788179959.665935,POSITION_TARGET_GLOBAL_INT,472360,218,1,1,,,,,0,65016,60771724,801907806,6.077172399999999,80.1907806,30.479999542236328,0.0,0.0,0.0,0.0,0.0,0.0,0.0,0.0
363.983686,1788179959.853192,MISSION_CURRENT,,233,1,1,1,7,2,0,,,,,,,,,,,,,,,
364.170567,1788179960.040073,POSITION_TARGET_GLOBAL_INT,472855,248,1,1,,,,,0,65016,60771724,801907806,6.077172399999999,80.1907806,30.479999542236328,0.0,0.0,0.0,0.0,0.0,0.0,0.0,0.0
364.527296,1788179960.396802,MISSION_CURRENT,,6,1,1,1,7,2,0,,,,,,,,,,,,,,,
364.716247,1788179960.585753,POSITION_TARGET_GLOBAL_INT,473357,21,1,1,,,,,0,65016,60771724,801907806,6.077172399999999,80.1907806,30.479999542236328,0.0,0.0,0.0,0.0,0.0,0.0,0.0,0.0
364.982519,1788179960.852025,MISSION_CURRENT,,36,1,1,1,7,2,0,,,,,,,,,,,,,,,
365.182862,1788179961.052368,POSITION_TARGET_GLOBAL_INT,473857,51,1,1,,,,,0,65016,60771724,801907806,6.077172399999999,80.1907806,30.479999542236328,0.0,0.0,0.0,0.0,0.0,0.0,0.0,0.0
365.528156,1788179961.397662,MISSION_CURRENT,,65,1,1,1,7,2,0,,,,,,,,,,,,,,,
365.716050,1788179961.585556,POSITION_TARGET_GLOBAL_INT,474357,80,1,1,,,,,0,65016,60771724,801907806,6.077172399999999,80.1907806,30.479999542236328,0.0,0.0,0.0,0.0,0.0,0.0,0.0,0.0
365.981789,1788179961.851295,MISSION_CURRENT,,95,1,1,1,7,2,0,,,,,,,,,,,,,,,
366.165588,1788179962.035094,POSITION_TARGET_GLOBAL_INT,474855,110,1,1,,,,,0,65016,60771724,801907806,6.077172399999999,80.1907806,30.479999542236328,0.0,0.0,0.0,0.0,0.0,0.0,0.0,0.0
366.480988,1788179962.350494,MISSION_CURRENT,,124,1,1,1,7,2,0,,,,,,,,,,,,,,,
366.667183,1788179962.536689,POSITION_TARGET_GLOBAL_INT,475357,139,1,1,,,,,0,65016,60771724,801907806,6.077172399999999,80.1907806,30.479999542236328,0.0,0.0,0.0,0.0,0.0,0.0,0.0,0.0
367.056174,1788179962.925680,MISSION_CURRENT,,154,1,1,1,7,2,0,,,,,,,,,,,,,,,
367.241913,1788179963.111419,POSITION_TARGET_GLOBAL_INT,475855,169,1,1,,,,,0,65016,60771724,801907806,6.077172399999999,80.1907806,30.479999542236328,0.0,0.0,0.0,0.0,0.0,0.0,0.0,0.0
367.509863,1788179963.379369,MISSION_CURRENT,,183,1,1,1,7,2,0,,,,,,,,,,,,,,,
367.711968,1788179963.581474,POSITION_TARGET_GLOBAL_INT,476355,198,1,1,,,,,0,65016,60771724,801907806,6.077172399999999,80.1907806,30.479999542236328,0.0,0.0,0.0,0.0,0.0,0.0,0.0,0.0
367.976619,1788179963.846125,MISSION_CURRENT,,213,1,1,1,7,2,0,,,,,,,,,,,,,,,
368.162843,1788179964.032349,POSITION_TARGET_GLOBAL_INT,476857,228,1,1,,,,,0,65016,60771724,801907806,6.077172399999999,80.1907806,30.479999542236328,0.0,0.0,0.0,0.0,0.0,0.0,0.0,0.0
368.523675,1788179964.393181,MISSION_CURRENT,,242,1,1,1,7,2,0,,,,,,,,,,,,,,,
368.743563,1788179964.613069,POSITION_TARGET_GLOBAL_INT,477357,1,1,1,,,,,0,65016,60771724,801907806,6.077172399999999,80.1907806,30.479999542236328,0.0,0.0,0.0,0.0,0.0,0.0,0.0,0.0
368.979546,1788179964.849052,MISSION_CURRENT,,16,1,1,1,7,2,0,,,,,,,,,,,,,,,
369.163641,1788179965.033147,POSITION_TARGET_GLOBAL_INT,477854,31,1,1,,,,,0,65016,60771724,801907806,6.077172399999999,80.1907806,30.479999542236328,0.0,0.0,0.0,0.0,0.0,0.0,0.0,0.0
369.584309,1788179965.453815,MISSION_CURRENT,,45,1,1,1,7,2,0,,,,,,,,,,,,,,,
369.772747,1788179965.642253,POSITION_TARGET_GLOBAL_INT,478357,60,1,1,,,,,0,65016,60771724,801907806,6.077172399999999,80.1907806,30.479999542236328,0.0,0.0,0.0,0.0,0.0,0.0,0.0,0.0
370.006035,1788179965.875541,MISSION_CURRENT,,75,1,1,1,7,2,0,,,,,,,,,,,,,,,
370.162939,1788179966.032445,POSITION_TARGET_GLOBAL_INT,478855,90,1,1,,,,,0,65016,60771724,801907806,6.077172399999999,80.1907806,30.479999542236328,0.0,0.0,0.0,0.0,0.0,0.0,0.0,0.0
370.505876,1788179966.375382,MISSION_CURRENT,,104,1,1,1,7,2,0,,,,,,,,,,,,,,,
370.707824,1788179966.577330,POSITION_TARGET_GLOBAL_INT,479355,119,1,1,,,,,0,65016,60771724,801907806,6.077172399999999,80.1907806,30.479999542236328,0.0,0.0,0.0,0.0,0.0,0.0,0.0,0.0
371.054069,1788179966.923575,MISSION_CURRENT,,134,1,1,1,7,2,0,,,,,,,,,,,,,,,
371.394534,1788179967.264040,POSITION_TARGET_GLOBAL_INT,479854,149,1,1,,,,,0,65016,60771724,801907806,6.077172399999999,80.1907806,30.479999542236328,0.0,0.0,0.0,0.0,0.0,0.0,0.0,0.0
371.629007,1788179967.498513,MISSION_CURRENT,,164,1,1,1,7,2,0,,,,,,,,,,,,,,,
371.800513,1788179967.670019,POSITION_TARGET_GLOBAL_INT,480357,179,1,1,,,,,0,65016,60771724,801907806,6.077172399999999,80.1907806,30.479999542236328,0.0,0.0,0.0,0.0,0.0,0.0,0.0,0.0
372.003428,1788179967.872934,MISSION_CURRENT,,194,1,1,1,7,2,0,,,,,,,,,,,,,,,
372.316977,1788179968.186483,POSITION_TARGET_GLOBAL_INT,480855,209,1,1,,,,,0,65016,60771724,801907806,6.077172399999999,80.1907806,30.479999542236328,0.0,0.0,0.0,0.0,0.0,0.0,0.0,0.0
372.568172,1788179968.437678,MISSION_CURRENT,,223,1,1,1,7,2,0,,,,,,,,,,,,,,,
372.773224,1788179968.642730,POSITION_TARGET_GLOBAL_INT,481360,238,1,1,,,,,0,65016,60771724,801907806,6.077172399999999,80.1907806,30.479999542236328,0.0,0.0,0.0,0.0,0.0,0.0,0.0,0.0
372.980463,1788179968.849969,MISSION_CURRENT,,253,1,1,1,7,2,0,,,,,,,,,,,,,,,
373.179314,1788179969.048820,POSITION_TARGET_GLOBAL_INT,481855,12,1,1,,,,,0,65016,60771724,801907806,6.077172399999999,80.1907806,30.479999542236328,0.0,0.0,0.0,0.0,0.0,0.0,0.0,0.0
373.495038,1788179969.364544,MISSION_CURRENT,,26,1,1,1,7,2,0,,,,,,,,,,,,,,,
373.696344,1788179969.565850,POSITION_TARGET_GLOBAL_INT,482355,41,1,1,,,,,0,65016,60771724,801907806,6.077172399999999,80.1907806,30.479999542236328,0.0,0.0,0.0,0.0,0.0,0.0,0.0,0.0
374.042419,1788179969.911925,MISSION_CURRENT,,56,1,1,1,7,2,0,,,,,,,,,,,,,,,
374.259635,1788179970.129141,POSITION_TARGET_GLOBAL_INT,482855,71,1,1,,,,,0,65016,60771724,801907806,6.077172399999999,80.1907806,30.479999542236328,0.0,0.0,0.0,0.0,0.0,0.0,0.0,0.0
374.492660,1788179970.362166,MISSION_CURRENT,,85,1,1,1,7,2,0,,,,,,,,,,,,,,,
374.695819,1788179970.565325,POSITION_TARGET_GLOBAL_INT,483354,100,1,1,,,,,0,65016,60771724,801907806,6.077172399999999,80.1907806,30.479999542236328,0.0,0.0,0.0,0.0,0.0,0.0,0.0,0.0
374.980085,1788179970.849591,MISSION_CURRENT,,115,1,1,1,7,2,0,,,,,,,,,,,,,,,
375.183494,1788179971.053000,POSITION_TARGET_GLOBAL_INT,483854,130,1,1,,,,,0,65016,60771724,801907806,6.077172399999999,80.1907806,30.479999542236328,0.0,0.0,0.0,0.0,0.0,0.0,0.0,0.0
375.557669,1788179971.427175,MISSION_CURRENT,,144,1,1,1,7,2,0,,,,,,,,,,,,,,,
375.761665,1788179971.631171,POSITION_TARGET_GLOBAL_INT,484357,159,1,1,,,,,0,65016,60771724,801907806,6.077172399999999,80.1907806,30.479999542236328,0.0,0.0,0.0,0.0,0.0,0.0,0.0,0.0
375.997566,1788179971.867072,MISSION_CURRENT,,174,1,1,1,7,2,0,,,,,,,,,,,,,,,
376.213110,1788179972.082616,POSITION_TARGET_GLOBAL_INT,484857,189,1,1,,,,,0,65016,60771724,801907806,6.077172399999999,80.1907806,30.479999542236328,0.0,0.0,0.0,0.0,0.0,0.0,0.0,0.0
376.481448,1788179972.350954,MISSION_CURRENT,,203,1,1,1,7,2,0,,,,,,,,,,,,,,,
376.682637,1788179972.552143,POSITION_TARGET_GLOBAL_INT,485355,218,1,1,,,,,0,65016,60771724,801907806,6.077172399999999,80.1907806,30.479999542236328,0.0,0.0,0.0,0.0,0.0,0.0,0.0,0.0
377.028657,1788179972.898163,MISSION_CURRENT,,233,1,1,1,7,2,0,,,,,,,,,,,,,,,
377.262771,1788179973.132277,POSITION_TARGET_GLOBAL_INT,485855,248,1,1,,,,,0,65016,60771724,801907806,6.077172399999999,80.1907806,30.479999542236328,0.0,0.0,0.0,0.0,0.0,0.0,0.0,0.0
377.508196,1788179973.377702,MISSION_CURRENT,,6,1,1,1,7,2,0,,,,,,,,,,,,,,,
377.710761,1788179973.580267,POSITION_TARGET_GLOBAL_INT,486355,21,1,1,,,,,0,65016,60771724,801907806,6.077172399999999,80.1907806,30.479999542236328,0.0,0.0,0.0,0.0,0.0,0.0,0.0,0.0
377.981605,1788179973.851111,MISSION_CURRENT,,36,1,1,1,7,2,0,,,,,,,,,,,,,,,
378.198505,1788179974.068011,POSITION_TARGET_GLOBAL_INT,486857,51,1,1,,,,,0,65016,60771724,801907806,6.077172399999999,80.1907806,30.479999542236328,0.0,0.0,0.0,0.0,0.0,0.0,0.0,0.0
378.557294,1788179974.426800,MISSION_CURRENT,,65,1,1,1,7,2,0,,,,,,,,,,,,,,,
378.758539,1788179974.628045,POSITION_TARGET_GLOBAL_INT,487359,80,1,1,,,,,0,65016,60771724,801907806,6.077172399999999,80.1907806,30.479999542236328,0.0,0.0,0.0,0.0,0.0,0.0,0.0,0.0
379.004102,1788179974.873608,MISSION_CURRENT,,95,1,1,1,7,2,0,,,,,,,,,,,,,,,
379.210215,1788179975.079721,POSITION_TARGET_GLOBAL_INT,487857,110,1,1,,,,,0,65016,60771724,801907806,6.077172399999999,80.1907806,30.479999542236328,0.0,0.0,0.0,0.0,0.0,0.0,0.0,0.0
379.555114,1788179975.424620,MISSION_CURRENT,,124,1,1,1,7,2,0,,,,,,,,,,,,,,,
379.788591,1788179975.658097,POSITION_TARGET_GLOBAL_INT,488355,139,1,1,,,,,0,65016,60771724,801907806,6.077172399999999,80.1907806,30.479999542236328,0.0,0.0,0.0,0.0,0.0,0.0,0.0,0.0
379.976401,1788179975.845907,MISSION_CURRENT,,154,1,1,1,7,2,0,,,,,,,,,,,,,,,
380.210337,1788179976.079843,POSITION_TARGET_GLOBAL_INT,488855,169,1,1,,,,,0,65016,60771724,801907806,6.077172399999999,80.1907806,30.479999542236328,0.0,0.0,0.0,0.0,0.0,0.0,0.0,0.0
380.475374,1788179976.344880,MISSION_CURRENT,,183,1,1,1,7,2,0,,,,,,,,,,,,,,,
380.708614,1788179976.578120,POSITION_TARGET_GLOBAL_INT,489357,198,1,1,,,,,0,65016,60771724,801907806,6.077172399999999,80.1907806,30.479999542236328,0.0,0.0,0.0,0.0,0.0,0.0,0.0,0.0
381.084210,1788179976.953716,MISSION_CURRENT,,213,1,1,1,7,2,0,,,,,,,,,,,,,,,
381.319840,1788179977.189346,POSITION_TARGET_GLOBAL_INT,489857,228,1,1,,,,,0,65016,60771724,801907806,6.077172399999999,80.1907806,30.479999542236328,0.0,0.0,0.0,0.0,0.0,0.0,0.0,0.0
381.509119,1788179977.378625,MISSION_CURRENT,,243,1,1,1,7,2,0,,,,,,,,,,,,,,,
381.848997,1788179977.718503,POSITION_TARGET_GLOBAL_INT,490357,2,1,1,,,,,0,65016,60771724,801907806,6.077172399999999,80.1907806,30.479999542236328,0.0,0.0,0.0,0.0,0.0,0.0,0.0,0.0
382.082862,1788179977.952368,MISSION_CURRENT,,19,1,1,1,7,2,0,,,,,,,,,,,,,,,
382.317023,1788179978.186529,POSITION_TARGET_GLOBAL_INT,490857,34,1,1,,,,,0,65016,60771724,801907806,6.077172399999999,80.1907806,30.479999542236328,0.0,0.0,0.0,0.0,0.0,0.0,0.0,0.0
382.551936,1788179978.421442,MISSION_CURRENT,,50,1,1,1,7,2,0,,,,,,,,,,,,,,,
382.737207,1788179978.606713,POSITION_TARGET_GLOBAL_INT,491357,65,1,1,,,,,0,65016,60771724,801907806,6.077172399999999,80.1907806,30.479999542236328,0.0,0.0,0.0,0.0,0.0,0.0,0.0,0.0
383.015530,1788179978.885036,MISSION_CURRENT,,80,1,1,1,7,2,0,,,,,,,,,,,,,,,
383.228740,1788179979.098246,POSITION_TARGET_GLOBAL_INT,491857,95,1,1,,,,,0,65016,60771724,801907806,6.077172399999999,80.1907806,30.479999542236328,0.0,0.0,0.0,0.0,0.0,0.0,0.0,0.0
383.493627,1788179979.363133,MISSION_CURRENT,,109,1,1,1,7,2,0,,,,,,,,,,,,,,,
383.691900,1788179979.561406,POSITION_TARGET_GLOBAL_INT,492357,124,1,1,,,,,0,65016,60771724,801907806,6.077172399999999,80.1907806,30.479999542236328,0.0,0.0,0.0,0.0,0.0,0.0,0.0,0.0
384.068897,1788179979.938403,MISSION_CURRENT,,139,1,1,1,7,2,0,,,,,,,,,,,,,,,
384.271620,1788179980.141126,POSITION_TARGET_GLOBAL_INT,492855,154,1,1,,,,,0,65016,60771724,801907806,6.077172399999999,80.1907806,30.479999542236328,0.0,0.0,0.0,0.0,0.0,0.0,0.0,0.0
384.536323,1788179980.405829,MISSION_CURRENT,,168,1,1,1,7,2,0,,,,,,,,,,,,,,,
384.725192,1788179980.594698,POSITION_TARGET_GLOBAL_INT,493357,183,1,1,,,,,0,65016,60771724,801907806,6.077172399999999,80.1907806,30.479999542236328,0.0,0.0,0.0,0.0,0.0,0.0,0.0,0.0
384.987995,1788179980.857501,MISSION_CURRENT,,198,1,1,1,7,2,0,,,,,,,,,,,,,,,
385.189730,1788179981.059236,POSITION_TARGET_GLOBAL_INT,493857,213,1,1,,,,,0,65016,60771981,801907605,6.0771980999999995,80.1907605,33.14999771118164,0.0,0.0,0.0,0.0,0.0,0.0,0.0,0.0
385.535247,1788179981.404753,MISSION_CURRENT,,227,1,1,1,7,2,0,,,,,,,,,,,,,,,
385.729537,1788179981.599043,POSITION_TARGET_GLOBAL_INT,494360,242,1,1,,,,,0,65016,60771981,801907605,6.0771980999999995,80.1907605,33.14999771118164,0.0,0.0,0.0,0.0,0.0,0.0,0.0,0.0
386.021010,1788179981.890516,MISSION_CURRENT,,1,1,1,1,7,2,0,,,,,,,,,,,,,,,
386.222422,1788179982.091928,POSITION_TARGET_GLOBAL_INT,494857,16,1,1,,,,,0,65016,60771985,801907607,6.0771985,80.1907607,33.14999771118164,0.0,0.0,0.0,0.0,0.0,0.0,0.0,0.0
386.491362,1788179982.360868,MISSION_CURRENT,,30,1,1,1,7,2,0,,,,,,,,,,,,,,,
386.679330,1788179982.548836,POSITION_TARGET_GLOBAL_INT,495359,45,1,1,,,,,0,65016,60772005,801907615,6.0772005,80.1907615,33.14999771118164,0.0,0.0,0.0,0.0,0.0,0.0,0.0,0.0
387.057571,1788179982.927077,MISSION_CURRENT,,60,1,1,1,7,2,0,,,,,,,,,,,,,,,
387.259666,1788179983.129172,POSITION_TARGET_GLOBAL_INT,495855,75,1,1,,,,,0,65016,60772027,801907615,6.0772027,80.1907615,33.14999771118164,0.0,0.0,0.0,0.0,0.0,0.0,0.0,0.0
387.537169,1788179983.406675,MISSION_CURRENT,,89,1,1,1,7,2,0,,,,,,,,,,,,,,,
387.720276,1788179983.589782,POSITION_TARGET_GLOBAL_INT,496357,104,1,1,,,,,0,65016,60772038,801907611,6.0772037999999995,80.1907611,33.14999771118164,0.0,0.0,0.0,0.0,0.0,0.0,0.0,0.0
387.987415,1788179983.856921,MISSION_CURRENT,,119,1,1,1,7,2,0,,,,,,,,,,,,,,,
388.184128,1788179984.053634,POSITION_TARGET_GLOBAL_INT,496857,134,1,1,,,,,0,65016,60772038,801907608,6.0772037999999995,80.19076079999999,33.14999771118164,0.0,0.0,0.0,0.0,0.0,0.0,0.0,0.0
388.527044,1788179984.396550,MISSION_CURRENT,,148,1,1,1,7,2,0,,,,,,,,,,,,,,,
388.715609,1788179984.585115,POSITION_TARGET_GLOBAL_INT,497359,163,1,1,,,,,0,65016,60772038,801907608,6.0772037999999995,80.19076079999999,33.14999771118164,0.0,0.0,0.0,0.0,0.0,0.0,0.0,0.0
388.980775,1788179984.850281,MISSION_CURRENT,,179,1,1,1,7,2,0,,,,,,,,,,,,,,,
389.181824,1788179985.051330,POSITION_TARGET_GLOBAL_INT,497857,194,1,1,,,,,0,65016,60772039,801907608,6.0772039,80.19076079999999,33.14999771118164,0.0,0.0,0.0,0.0,0.0,0.0,0.0,0.0
389.682317,1788179985.551823,MISSION_CURRENT,,208,1,1,1,7,2,0,,,,,,,,,,,,,,,
389.900665,1788179985.770171,POSITION_TARGET_GLOBAL_INT,498357,223,1,1,,,,,0,65016,60772041,801907608,6.077204099999999,80.19076079999999,33.14999771118164,0.0,0.0,0.0,0.0,0.0,0.0,0.0,0.0
390.058499,1788179985.928005,MISSION_CURRENT,,238,1,1,1,7,2,0,,,,,,,,,,,,,,,
390.260100,1788179986.129606,POSITION_TARGET_GLOBAL_INT,498857,253,1,1,,,,,0,65016,60772041,801907608,6.077204099999999,80.19076079999999,33.14999771118164,0.0,0.0,0.0,0.0,0.0,0.0,0.0,0.0
390.508270,1788179986.377776,MISSION_CURRENT,,11,1,1,1,7,2,0,,,,,,,,,,,,,,,
390.707446,1788179986.576952,POSITION_TARGET_GLOBAL_INT,499357,26,1,1,,,,,0,65016,60772041,801907608,6.077204099999999,80.19076079999999,33.47999954223633,0.0,0.0,0.0,0.0,0.0,0.0,0.0,0.0
390.973442,1788179986.842948,MISSION_CURRENT,,41,1,1,1,7,2,0,,,,,,,,,,,,,,,
391.175925,1788179987.045431,POSITION_TARGET_GLOBAL_INT,499857,56,1,1,,,,,0,65016,60772041,801907608,6.077204099999999,80.19076079999999,33.47999954223633,0.0,0.0,0.0,0.0,0.0,0.0,0.0,0.0
391.522801,1788179987.392307,MISSION_CURRENT,,71,1,1,1,7,2,0,,,,,,,,,,,,,,,
391.708659,1788179987.578165,POSITION_TARGET_GLOBAL_INT,500357,86,1,1,,,,,0,65016,60772041,801907608,6.077204099999999,80.19076079999999,33.47999954223633,0.0,0.0,0.0,0.0,0.0,0.0,0.0,0.0
391.974281,1788179987.843787,MISSION_CURRENT,,101,1,1,1,7,2,0,,,,,,,,,,,,,,,
392.161670,1788179988.031176,POSITION_TARGET_GLOBAL_INT,500857,116,1,1,,,,,0,65016,60772041,801907608,6.077204099999999,80.19076079999999,33.47999954223633,0.0,0.0,0.0,0.0,0.0,0.0,0.0,0.0
392.582369,1788179988.451875,MISSION_CURRENT,,130,1,1,1,7,2,0,,,,,,,,,,,,,,,
392.785284,1788179988.654790,POSITION_TARGET_GLOBAL_INT,501357,145,1,1,,,,,0,65016,60772041,801907608,6.077204099999999,80.19076079999999,33.47999954223633,0.0,0.0,0.0,0.0,0.0,0.0,0.0,0.0
393.003968,1788179988.873474,MISSION_CURRENT,,160,1,1,1,7,2,0,,,,,,,,,,,,,,,
393.159576,1788179989.029082,POSITION_TARGET_GLOBAL_INT,501855,175,1,1,,,,,0,65016,60772041,801907608,6.077204099999999,80.19076079999999,33.47999954223633,0.0,0.0,0.0,0.0,0.0,0.0,0.0,0.0
393.581976,1788179989.451482,MISSION_CURRENT,,189,1,1,1,7,2,0,,,,,,,,,,,,,,,
393.766439,1788179989.635945,POSITION_TARGET_GLOBAL_INT,502357,204,1,1,,,,,0,65016,60772041,801907608,6.077204099999999,80.19076079999999,33.47999954223633,0.0,0.0,0.0,0.0,0.0,0.0,0.0,0.0
393.968997,1788179989.838503,MISSION_CURRENT,,219,1,1,1,7,2,0,,,,,,,,,,,,,,,
394.156178,1788179990.025684,POSITION_TARGET_GLOBAL_INT,502857,234,1,1,,,,,0,65016,60772041,801907608,6.077204099999999,80.19076079999999,33.47999954223633,0.0,0.0,0.0,0.0,0.0,0.0,0.0,0.0
394.532180,1788179990.401686,MISSION_CURRENT,,248,1,1,1,7,2,0,,,,,,,,,,,,,,,
394.738367,1788179990.607873,POSITION_TARGET_GLOBAL_INT,503359,7,1,1,,,,,0,65016,60772041,801907608,6.077204099999999,80.19076079999999,33.47999954223633,0.0,0.0,0.0,0.0,0.0,0.0,0.0,0.0
395.004699,1788179990.874205,MISSION_CURRENT,,22,1,1,1,7,2,0,,,,,,,,,,,,,,,
395.191221,1788179991.060727,POSITION_TARGET_GLOBAL_INT,503857,37,1,1,,,,,0,65016,60772041,801907608,6.077204099999999,80.19076079999999,33.47999954223633,0.0,0.0,0.0,0.0,0.0,0.0,0.0,0.0
395.459844,1788179991.329350,MISSION_CURRENT,,51,1,1,1,7,2,0,,,,,,,,,,,,,,,
395.693096,1788179991.562602,POSITION_TARGET_GLOBAL_INT,504357,66,1,1,,,,,0,65016,60772041,801907608,6.077204099999999,80.19076079999999,33.47999954223633,0.0,0.0,0.0,0.0,0.0,0.0,0.0,0.0
396.035435,1788179991.904941,MISSION_CURRENT,,81,1,1,1,7,2,0,,,,,,,,,,,,,,,
396.238774,1788179992.108280,POSITION_TARGET_GLOBAL_INT,504857,96,1,1,,,,,0,65016,60772041,801907608,6.077204099999999,80.19076079999999,33.47999954223633,0.0,0.0,0.0,0.0,0.0,0.0,0.0,0.0
396.488260,1788179992.357766,MISSION_CURRENT,,110,1,1,1,7,2,0,,,,,,,,,,,,,,,
396.690687,1788179992.560193,POSITION_TARGET_GLOBAL_INT,505355,125,1,1,,,,,0,65016,60772041,801907608,6.077204099999999,80.19076079999999,33.47999954223633,0.0,0.0,0.0,0.0,0.0,0.0,0.0,0.0
397.066752,1788179992.936258,MISSION_CURRENT,,140,1,1,1,7,2,0,,,,,,,,,,,,,,,
397.270676,1788179993.140182,POSITION_TARGET_GLOBAL_INT,505857,155,1,1,,,,,0,65016,60772041,801907608,6.077204099999999,80.19076079999999,33.47999954223633,0.0,0.0,0.0,0.0,0.0,0.0,0.0,0.0
397.504683,1788179993.374189,MISSION_CURRENT,,169,1,1,1,7,2,0,,,,,,,,,,,,,,,
397.690212,1788179993.559718,POSITION_TARGET_GLOBAL_INT,506362,184,1,1,,,,,0,65016,60772041,801907608,6.077204099999999,80.19076079999999,33.47999954223633,0.0,0.0,0.0,0.0,0.0,0.0,0.0,0.0
397.997299,1788179993.866805,MISSION_CURRENT,,199,1,1,1,7,2,0,,,,,,,,,,,,,,,
398.195832,1788179994.065338,POSITION_TARGET_GLOBAL_INT,506855,214,1,1,,,,,0,65016,60772041,801907608,6.077204099999999,80.19076079999999,33.47999954223633,0.0,0.0,0.0,0.0,0.0,0.0,0.0,0.0
398.537755,1788179994.407261,MISSION_CURRENT,,228,1,1,1,7,2,0,,,,,,,,,,,,,,,
398.708789,1788179994.578295,POSITION_TARGET_GLOBAL_INT,507358,243,1,1,,,,,0,65016,60772041,801907608,6.077204099999999,80.19076079999999,33.47999954223633,0.0,0.0,0.0,0.0,0.0,0.0,0.0,0.0
399.024574,1788179994.894080,MISSION_CURRENT,,2,1,1,1,7,2,0,,,,,,,,,,,,,,,
399.228168,1788179995.097674,POSITION_TARGET_GLOBAL_INT,507862,17,1,1,,,,,0,65016,60772041,801907608,6.077204099999999,80.19076079999999,33.47999954223633,0.0,0.0,0.0,0.0,0.0,0.0,0.0,0.0
399.537129,1788179995.406635,MISSION_CURRENT,,31,1,1,1,7,2,0,,,,,,,,,,,,,,,
399.685053,1788179995.554559,POSITION_TARGET_GLOBAL_INT,508358,46,1,1,,,,,0,65016,60772041,801907608,6.077204099999999,80.19076079999999,33.47999954223633,0.0,0.0,0.0,0.0,0.0,0.0,0.0,0.0
400.071679,1788179995.941185,MISSION_CURRENT,,61,1,1,1,7,2,0,,,,,,,,,,,,,,,
400.243176,1788179996.112682,POSITION_TARGET_GLOBAL_INT,508858,76,1,1,,,,,0,65016,60772041,801907608,6.077204099999999,80.19076079999999,33.47999954223633,0.0,0.0,0.0,0.0,0.0,0.0,0.0,0.0
400.493869,1788179996.363375,MISSION_CURRENT,,90,1,1,1,7,2,0,,,,,,,,,,,,,,,
400.668259,1788179996.537765,POSITION_TARGET_GLOBAL_INT,509358,105,1,1,,,,,0,65016,60772041,801907608,6.077204099999999,80.19076079999999,33.47999954223633,0.0,0.0,0.0,0.0,0.0,0.0,0.0,0.0
400.983349,1788179996.852855,MISSION_CURRENT,,120,1,1,1,7,2,0,,,,,,,,,,,,,,,
401.184514,1788179997.054020,POSITION_TARGET_GLOBAL_INT,509858,135,1,1,,,,,0,65016,60772041,801907608,6.077204099999999,80.19076079999999,33.47999954223633,0.0,0.0,0.0,0.0,0.0,0.0,0.0,0.0
401.558121,1788179997.427627,MISSION_CURRENT,,150,1,1,1,7,2,0,,,,,,,,,,,,,,,
401.758458,1788179997.627964,POSITION_TARGET_GLOBAL_INT,510358,165,1,1,,,,,0,65016,60772041,801907608,6.077204099999999,80.19076079999999,33.47999954223633,0.0,0.0,0.0,0.0,0.0,0.0,0.0,0.0
402.022382,1788179997.891888,MISSION_CURRENT,,180,1,1,1,7,2,0,,,,,,,,,,,,,,,
402.209861,1788179998.079367,POSITION_TARGET_GLOBAL_INT,510862,195,1,1,,,,,0,65016,60772041,801907608,6.077204099999999,80.19076079999999,33.47999954223633,0.0,0.0,0.0,0.0,0.0,0.0,0.0,0.0
402.474988,1788179998.344494,MISSION_CURRENT,,209,1,1,1,7,2,0,,,,,,,,,,,,,,,
402.677546,1788179998.547052,POSITION_TARGET_GLOBAL_INT,511358,224,1,1,,,,,0,65016,60772041,801907608,6.077204099999999,80.19076079999999,33.47999954223633,0.0,0.0,0.0,0.0,0.0,0.0,0.0,0.0
403.021989,1788179998.891495,MISSION_CURRENT,,239,1,1,1,7,2,0,,,,,,,,,,,,,,,
403.255218,1788179999.124724,POSITION_TARGET_GLOBAL_INT,511858,254,1,1,,,,,0,65016,60772041,801907608,6.077204099999999,80.19076079999999,33.47999954223633,0.0,0.0,0.0,0.0,0.0,0.0,0.0,0.0
403.490253,1788179999.359759,MISSION_CURRENT,,12,1,1,1,7,2,0,,,,,,,,,,,,,,,
403.676088,1788179999.545594,POSITION_TARGET_GLOBAL_INT,512360,27,1,1,,,,,0,65016,60772041,801907608,6.077204099999999,80.19076079999999,33.47999954223633,0.0,0.0,0.0,0.0,0.0,0.0,0.0,0.0
403.971284,1788179999.840790,MISSION_CURRENT,,42,1,1,1,7,2,0,,,,,,,,,,,,,,,
404.174892,1788180000.044398,POSITION_TARGET_GLOBAL_INT,512855,57,1,1,,,,,0,65016,60772041,801907608,6.077204099999999,80.19076079999999,33.47999954223633,0.0,0.0,0.0,0.0,0.0,0.0,0.0,0.0
404.542111,1788180000.411617,MISSION_CURRENT,,71,1,1,1,7,2,0,,,,,,,,,,,,,,,
404.744923,1788180000.614429,POSITION_TARGET_GLOBAL_INT,513358,86,1,1,,,,,0,65016,60772041,801907608,6.077204099999999,80.19076079999999,33.47999954223633,0.0,0.0,0.0,0.0,0.0,0.0,0.0,0.0
405.016601,1788180000.886107,MISSION_CURRENT,,101,1,1,1,7,2,0,,,,,,,,,,,,,,,
405.212072,1788180001.081578,POSITION_TARGET_GLOBAL_INT,513858,116,1,1,,,,,0,65016,60772041,801907608,6.077204099999999,80.19076079999999,33.47999954223633,0.0,0.0,0.0,0.0,0.0,0.0,0.0,0.0
405.558447,1788180001.427953,MISSION_CURRENT,,130,1,1,1,7,2,0,,,,,,,,,,,,,,,
405.760553,1788180001.630059,POSITION_TARGET_GLOBAL_INT,514360,145,1,1,,,,,0,65016,60772041,801907608,6.077204099999999,80.19076079999999,33.47999954223633,0.0,0.0,0.0,0.0,0.0,0.0,0.0,0.0
405.978623,1788180001.848129,MISSION_CURRENT,,160,1,1,1,7,2,0,,,,,,,,,,,,,,,
406.162928,1788180002.032434,POSITION_TARGET_GLOBAL_INT,514858,175,1,1,,,,,0,65016,60772041,801907608,6.077204099999999,80.19076079999999,33.47999954223633,0.0,0.0,0.0,0.0,0.0,0.0,0.0,0.0
406.487159,1788180002.356665,MISSION_CURRENT,,189,1,1,1,7,2,0,,,,,,,,,,,,,,,
406.663617,1788180002.533123,POSITION_TARGET_GLOBAL_INT,515360,204,1,1,,,,,0,65016,60772041,801907608,6.077204099999999,80.19076079999999,33.47999954223633,0.0,0.0,0.0,0.0,0.0,0.0,0.0,0.0
406.960219,1788180002.829725,MISSION_CURRENT,,219,1,1,1,7,2,0,,,,,,,,,,,,,,,
407.162112,1788180003.031618,POSITION_TARGET_GLOBAL_INT,515855,234,1,1,,,,,0,65016,60772041,801907608,6.077204099999999,80.19076079999999,33.47999954223633,0.0,0.0,0.0,0.0,0.0,0.0,0.0,0.0
407.533934,1788180003.403440,MISSION_CURRENT,,248,1,1,1,7,2,0,,,,,,,,,,,,,,,
407.737354,1788180003.606860,POSITION_TARGET_GLOBAL_INT,516358,7,1,1,,,,,0,65016,60772041,801907608,6.077204099999999,80.19076079999999,33.47999954223633,0.0,0.0,0.0,0.0,0.0,0.0,0.0,0.0
408.004985,1788180003.874491,MISSION_CURRENT,,22,1,1,1,7,2,0,,,,,,,,,,,,,,,
408.191605,1788180004.061111,POSITION_TARGET_GLOBAL_INT,516858,37,1,1,,,,,0,65016,60772041,801907608,6.077204099999999,80.19076079999999,33.47999954223633,0.0,0.0,0.0,0.0,0.0,0.0,0.0,0.0
408.535911,1788180004.405417,MISSION_CURRENT,,51,1,1,1,7,2,0,,,,,,,,,,,,,,,
408.736260,1788180004.605766,POSITION_TARGET_GLOBAL_INT,517360,66,1,1,,,,,0,65016,60772041,801907608,6.077204099999999,80.19076079999999,33.47999954223633,0.0,0.0,0.0,0.0,0.0,0.0,0.0,0.0
409.002570,1788180004.872076,MISSION_CURRENT,,81,1,1,1,7,2,0,,,,,,,,,,,,,,,
409.189137,1788180005.058643,POSITION_TARGET_GLOBAL_INT,517857,96,1,1,,,,,0,65016,60772041,801907608,6.077204099999999,80.19076079999999,33.47999954223633,0.0,0.0,0.0,0.0,0.0,0.0,0.0,0.0
409.487478,1788180005.356984,MISSION_CURRENT,,110,1,1,1,7,2,0,,,,,,,,,,,,,,,
409.685106,1788180005.554612,POSITION_TARGET_GLOBAL_INT,518360,125,1,1,,,,,0,65016,60772041,801907608,6.077204099999999,80.19076079999999,33.47999954223633,0.0,0.0,0.0,0.0,0.0,0.0,0.0,0.0
410.076051,1788180005.945557,MISSION_CURRENT,,140,1,1,1,7,2,0,,,,,,,,,,,,,,,
410.264508,1788180006.134014,POSITION_TARGET_GLOBAL_INT,518857,155,1,1,,,,,0,65016,60772041,801907608,6.077204099999999,80.19076079999999,33.47999954223633,0.0,0.0,0.0,0.0,0.0,0.0,0.0,0.0
410.528782,1788180006.398288,MISSION_CURRENT,,169,1,1,1,7,2,0,,,,,,,,,,,,,,,
410.733541,1788180006.603047,POSITION_TARGET_GLOBAL_INT,519356,184,1,1,,,,,0,65016,60772041,801907608,6.077204099999999,80.19076079999999,33.47999954223633,0.0,0.0,0.0,0.0,0.0,0.0,0.0,0.0
410.982682,1788180006.852188,MISSION_CURRENT,,199,1,1,1,7,2,0,,,,,,,,,,,,,,,
411.186136,1788180007.055642,POSITION_TARGET_GLOBAL_INT,519856,214,1,1,,,,,0,65016,60772041,801907608,6.077204099999999,80.19076079999999,33.47999954223633,0.0,0.0,0.0,0.0,0.0,0.0,0.0,0.0
411.497695,1788180007.367201,MISSION_CURRENT,,229,1,1,1,7,2,0,,,,,,,,,,,,,,,
411.661321,1788180007.530827,POSITION_TARGET_GLOBAL_INT,520360,244,1,1,,,,,0,65016,60772041,801907608,6.077204099999999,80.19076079999999,33.47999954223633,0.0,0.0,0.0,0.0,0.0,0.0,0.0,0.0
412.030514,1788180007.900020,MISSION_CURRENT,,3,1,1,1,7,2,0,,,,,,,,,,,,,,,
412.217160,1788180008.086666,POSITION_TARGET_GLOBAL_INT,520856,18,1,1,,,,,0,65016,60772041,801907608,6.077204099999999,80.19076079999999,33.47999954223633,0.0,0.0,0.0,0.0,0.0,0.0,0.0,0.0
412.481923,1788180008.351429,MISSION_CURRENT,,32,1,1,1,7,2,0,,,,,,,,,,,,,,,
412.685403,1788180008.554909,POSITION_TARGET_GLOBAL_INT,521358,47,1,1,,,,,0,65016,60772041,801907608,6.077204099999999,80.19076079999999,33.47999954223633,0.0,0.0,0.0,0.0,0.0,0.0,0.0,0.0
413.059685,1788180008.929191,MISSION_CURRENT,,62,1,1,1,7,2,0,,,,,,,,,,,,,,,
413.263321,1788180009.132827,POSITION_TARGET_GLOBAL_INT,521858,77,1,1,,,,,0,65016,60772041,801907608,6.077204099999999,80.19076079999999,33.47999954223633,0.0,0.0,0.0,0.0,0.0,0.0,0.0,0.0
413.526252,1788180009.395758,MISSION_CURRENT,,91,1,1,1,7,2,0,,,,,,,,,,,,,,,
413.713815,1788180009.583321,POSITION_TARGET_GLOBAL_INT,522355,106,1,1,,,,,0,65016,60772041,801907608,6.077204099999999,80.19076079999999,33.47999954223633,0.0,0.0,0.0,0.0,0.0,0.0,0.0,0.0
413.977468,1788180009.846974,MISSION_CURRENT,,121,1,1,1,7,2,0,,,,,,,,,,,,,,,
414.179995,1788180010.049501,POSITION_TARGET_GLOBAL_INT,522858,136,1,1,,,,,0,65016,60772041,801907608,6.077204099999999,80.19076079999999,33.47999954223633,0.0,0.0,0.0,0.0,0.0,0.0,0.0,0.0
414.491185,1788180010.360691,MISSION_CURRENT,,150,1,1,1,7,2,0,,,,,,,,,,,,,,,
414.664285,1788180010.533791,POSITION_TARGET_GLOBAL_INT,523363,165,1,1,,,,,0,65016,60772041,801907608,6.077204099999999,80.19076079999999,33.47999954223633,0.0,0.0,0.0,0.0,0.0,0.0,0.0,0.0
414.991749,1788180010.861255,MISSION_CURRENT,,180,1,1,1,7,2,0,,,,,,,,,,,,,,,
415.271655,1788180011.141161,POSITION_TARGET_GLOBAL_INT,523857,195,1,1,,,,,0,65016,60772041,801907608,6.077204099999999,80.19076079999999,33.47999954223633,0.0,0.0,0.0,0.0,0.0,0.0,0.0,0.0
415.473625,1788180011.343131,MISSION_CURRENT,,209,1,1,1,7,2,0,,,,,,,,,,,,,,,
415.673724,1788180011.543230,POSITION_TARGET_GLOBAL_INT,524360,224,1,1,,,,,0,65016,60772041,801907608,6.077204099999999,80.19076079999999,33.47999954223633,0.0,0.0,0.0,0.0,0.0,0.0,0.0,0.0
416.048258,1788180011.917764,MISSION_CURRENT,,239,1,1,1,7,2,0,,,,,,,,,,,,,,,
416.250075,1788180012.119581,POSITION_TARGET_GLOBAL_INT,524855,254,1,1,,,,,0,65016,60772041,801907608,6.077204099999999,80.19076079999999,33.47999954223633,0.0,0.0,0.0,0.0,0.0,0.0,0.0,0.0
416.515500,1788180012.385006,MISSION_CURRENT,,12,1,1,1,7,2,0,,,,,,,,,,,,,,,
416.703974,1788180012.573480,POSITION_TARGET_GLOBAL_INT,525360,27,1,1,,,,,0,65016,60772041,801907608,6.077204099999999,80.19076079999999,33.47999954223633,0.0,0.0,0.0,0.0,0.0,0.0,0.0,0.0
416.970956,1788180012.840462,MISSION_CURRENT,,42,1,1,1,7,2,0,,,,,,,,,,,,,,,
417.173000,1788180013.042506,POSITION_TARGET_GLOBAL_INT,525855,57,1,1,,,,,0,65016,60772041,801907608,6.077204099999999,80.19076079999999,33.47999954223633,0.0,0.0,0.0,0.0,0.0,0.0,0.0,0.0
417.515817,1788180013.385323,MISSION_CURRENT,,71,1,1,1,7,2,0,,,,,,,,,,,,,,,
417.748824,1788180013.618330,POSITION_TARGET_GLOBAL_INT,526361,86,1,1,,,,,0,65016,60772041,801907608,6.077204099999999,80.19076079999999,33.47999954223633,0.0,0.0,0.0,0.0,0.0,0.0,0.0,0.0
417.984451,1788180013.853957,MISSION_CURRENT,,101,1,1,1,7,2,0,,,,,,,,,,,,,,,
418.200883,1788180014.070389,POSITION_TARGET_GLOBAL_INT,526853,116,1,1,,,,,0,65016,60772041,801907608,6.077204099999999,80.19076079999999,33.47999954223633,0.0,0.0,0.0,0.0,0.0,0.0,0.0,0.0
418.465477,1788180014.334983,MISSION_CURRENT,,130,1,1,1,7,2,0,,,,,,,,,,,,,,,
418.697681,1788180014.567187,POSITION_TARGET_GLOBAL_INT,527358,145,1,1,,,,,0,65016,60772041,801907608,6.077204099999999,80.19076079999999,33.47999954223633,0.0,0.0,0.0,0.0,0.0,0.0,0.0,0.0
419.042757,1788180014.912263,MISSION_CURRENT,,161,1,1,1,7,2,0,,,,,,,,,,,,,,,
419.258255,1788180015.127761,POSITION_TARGET_GLOBAL_INT,527855,176,1,1,,,,,0,65016,60772041,801907608,6.077204099999999,80.19076079999999,33.47999954223633,0.0,0.0,0.0,0.0,0.0,0.0,0.0,0.0
419.509898,1788180015.379404,MISSION_CURRENT,,190,1,1,1,7,2,0,,,,,,,,,,,,,,,
419.821928,1788180015.691434,POSITION_TARGET_GLOBAL_INT,528358,205,1,1,,,,,0,65016,60772041,801907608,6.077204099999999,80.19076079999999,33.47999954223633,0.0,0.0,0.0,0.0,0.0,0.0,0.0,0.0
420.042518,1788180015.912024,MISSION_CURRENT,,223,1,1,1,7,2,0,,,,,,,,,,,,,,,
420.274795,1788180016.144301,POSITION_TARGET_GLOBAL_INT,528855,238,1,1,,,,,0,65016,60772041,801907608,6.077204099999999,80.19076079999999,33.47999954223633,0.0,0.0,0.0,0.0,0.0,0.0,0.0,0.0
420.512839,1788180016.382345,MISSION_CURRENT,,255,1,1,1,7,3,1,,,,,,,,,,,,,,,
420.961694,1788180016.831200,MISSION_CURRENT,,28,1,1,1,7,3,1,,,,,,,,,,,,,,,
421.615409,1788180017.484915,MISSION_CURRENT,,57,1,1,1,7,3,1,,,,,,,,,,,,,,,
422.004142,1788180017.873648,MISSION_CURRENT,,86,1,1,1,7,3,1,,,,,,,,,,,,,,,
422.500436,1788180018.369942,MISSION_CURRENT,,114,1,1,1,7,3,1,,,,,,,,,,,,,,,
423.048460,1788180018.917966,MISSION_CURRENT,,143,1,1,1,7,3,1,,,,,,,,,,,,,,,
423.529779,1788180019.399285,MISSION_CURRENT,,171,1,1,1,7,3,1,,,,,,,,,,,,,,,
423.982436,1788180019.851942,MISSION_CURRENT,,200,1,1,1,7,3,1,,,,,,,,,,,,,,,
424.563979,1788180020.433485,MISSION_CURRENT,,228,1,1,1,7,3,1,,,,,,,,,,,,,,,
425.018322,1788180020.887828,MISSION_CURRENT,,1,1,1,1,7,3,1,,,,,,,,,,,,,,,
425.482487,1788180021.351993,MISSION_CURRENT,,29,1,1,1,7,3,1,,,,,,,,,,,,,,,
426.061658,1788180021.931164,MISSION_CURRENT,,58,1,1,1,7,3,1,,,,,,,,,,,,,,,
426.497504,1788180022.367010,MISSION_CURRENT,,86,1,1,1,7,3,1,,,,,,,,,,,,,,,
426.979118,1788180022.848624,MISSION_CURRENT,,115,1,1,1,7,3,1,,,,,,,,,,,,,,,
427.560780,1788180023.430286,MISSION_CURRENT,,143,1,1,1,7,3,1,,,,,,,,,,,,,,,
428.016898,1788180023.886404,MISSION_CURRENT,,172,1,1,1,7,3,1,,,,,,,,,,,,,,,
428.471805,1788180024.341311,MISSION_CURRENT,,200,1,1,1,7,3,1,,,,,,,,,,,,,,,
429.024226,1788180024.893732,MISSION_CURRENT,,229,1,1,1,7,3,1,,,,,,,,,,,,,,,
429.513670,1788180025.383176,MISSION_CURRENT,,1,1,1,1,7,3,1,,,,,,,,,,,,,,,
429.963144,1788180025.832650,MISSION_CURRENT,,30,1,1,1,7,3,1,,,,,,,,,,,,,,,
430.554989,1788180026.424495,MISSION_CURRENT,,58,1,1,1,7,3,1,,,,,,,,,,,,,,,
431.008498,1788180026.878004,MISSION_CURRENT,,87,1,1,1,7,3,1,,,,,,,,,,,,,,,
431.474728,1788180027.344234,MISSION_CURRENT,,116,1,1,1,7,3,1,,,,,,,,,,,,,,,
431.973811,1788180027.843317,MISSION_CURRENT,,145,1,1,1,7,3,1,,,,,,,,,,,,,,,
432.473474,1788180028.342980,MISSION_CURRENT,,173,1,1,1,7,3,1,,,,,,,,,,,,,,,
433.080845,1788180028.950351,MISSION_CURRENT,,202,1,1,1,7,3,1,,,,,,,,,,,,,,,
433.518097,1788180029.387603,MISSION_CURRENT,,230,1,1,1,7,3,1,,,,,,,,,,,,,,,
434.000007,1788180029.869513,MISSION_CURRENT,,3,1,1,1,7,3,1,,,,,,,,,,,,,,,
434.577094,1788180030.446600,MISSION_CURRENT,,31,1,1,1,7,3,1,,,,,,,,,,,,,,,
435.032008,1788180030.901514,MISSION_CURRENT,,60,1,1,1,7,3,1,,,,,,,,,,,,,,,
435.469607,1788180031.339113,MISSION_CURRENT,,88,1,1,1,7,3,1,,,,,,,,,,,,,,,
435.954698,1788180031.824204,MISSION_CURRENT,,117,1,1,1,7,3,1,,,,,,,,,,,,,,,
436.531570,1788180032.401076,MISSION_CURRENT,,145,1,1,1,7,3,1,,,,,,,,,,,,,,,
436.985879,1788180032.855385,MISSION_CURRENT,,174,1,1,1,7,3,1,,,,,,,,,,,,,,,
437.533310,1788180033.402816,MISSION_CURRENT,,202,1,1,1,7,3,1,,,,,,,,,,,,,,,
438.029384,1788180033.898890,MISSION_CURRENT,,231,1,1,1,7,3,1,,,,,,,,,,,,,,,
438.480139,1788180034.349645,MISSION_CURRENT,,3,1,1,1,7,3,1,,,,,,,,,,,,,,,
438.978753,1788180034.848259,MISSION_CURRENT,,32,1,1,1,7,3,1,,,,,,,,,,,,,,,
439.526039,1788180035.395545,MISSION_CURRENT,,60,1,1,1,7,3,1,,,,,,,,,,,,,,,
439.980737,1788180035.850243,MISSION_CURRENT,,89,1,1,1,7,3,1,,,,,,,,,,,,,,,
440.572495,1788180036.442001,MISSION_CURRENT,,117,1,1,1,7,3,1,,,,,,,,,,,,,,,
441.091498,1788180036.961004,MISSION_CURRENT,,146,1,1,1,7,3,1,,,,,,,,,,,,,,,
441.480551,1788180037.350057,MISSION_CURRENT,,175,1,1,1,7,3,1,,,,,,,,,,,,,,,
442.060090,1788180037.929596,MISSION_CURRENT,,204,1,1,1,7,3,1,,,,,,,,,,,,,,,
442.512268,1788180038.381774,MISSION_CURRENT,,232,1,1,1,7,3,1,,,,,,,,,,,,,,,
442.964034,1788180038.833540,MISSION_CURRENT,,5,1,1,1,7,3,1,,,,,,,,,,,,,,,
443.541329,1788180039.410835,MISSION_CURRENT,,33,1,1,1,7,3,1,,,,,,,,,,,,,,,
444.007415,1788180039.876921,MISSION_CURRENT,,62,1,1,1,7,3,1,,,,,,,,,,,,,,,
444.587410,1788180040.456916,MISSION_CURRENT,,90,1,1,1,7,3,1,,,,,,,,,,,,,,,
445.023365,1788180040.892871,MISSION_CURRENT,,119,1,1,1,7,3,1,,,,,,,,,,,,,,,
445.503819,1788180041.373325,MISSION_CURRENT,,147,1,1,1,7,3,1,,,,,,,,,,,,,,,
445.973200,1788180041.842706,MISSION_CURRENT,,176,1,1,1,7,3,1,,,,,,,,,,,,,,,
446.504083,1788180042.373589,MISSION_CURRENT,,204,1,1,1,7,3,1,,,,,,,,,,,,,,,
446.972692,1788180042.842198,MISSION_CURRENT,,233,1,1,1,7,3,1,,,,,,,,,,,,,,,
447.579407,1788180043.448913,MISSION_CURRENT,,5,1,1,1,7,3,1,,,,,,,,,,,,,,,
448.032594,1788180043.902100,MISSION_CURRENT,,34,1,1,1,7,3,1,,,,,,,,,,,,,,,
448.500490,1788180044.369996,MISSION_CURRENT,,62,1,1,1,7,3,1,,,,,,,,,,,,,,,
449.034724,1788180044.904230,MISSION_CURRENT,,91,1,1,1,7,3,1,,,,,,,,,,,,,,,
449.458587,1788180045.328093,MISSION_CURRENT,,119,1,1,1,7,3,1,,,,,,,,,,,,,,,
449.983792,1788180045.853298,MISSION_CURRENT,,149,1,1,1,7,3,1,,,,,,,,,,,,,,,
450.561365,1788180046.430871,MISSION_CURRENT,,177,1,1,1,7,3,1,,,,,,,,,,,,,,,
451.029832,1788180046.899338,MISSION_CURRENT,,206,1,1,1,7,3,1,,,,,,,,,,,,,,,
451.483298,1788180047.352804,MISSION_CURRENT,,235,1,1,1,7,3,1,,,,,,,,,,,,,,,
451.985079,1788180047.854585,MISSION_CURRENT,,8,1,1,1,7,3,1,,,,,,,,,,,,,,,
452.496854,1788180048.366360,MISSION_CURRENT,,36,1,1,1,7,3,1,,,,,,,,,,,,,,,
452.984888,1788180048.854394,MISSION_CURRENT,,65,1,1,1,7,3,1,,,,,,,,,,,,,,,
453.563542,1788180049.433048,MISSION_CURRENT,,93,1,1,1,7,3,1,,,,,,,,,,,,,,,
454.014525,1788180049.884031,MISSION_CURRENT,,122,1,1,1,7,3,1,,,,,,,,,,,,,,,
454.481886,1788180050.351392,MISSION_CURRENT,,150,1,1,1,7,3,1,,,,,,,,,,,,,,,
454.982039,1788180050.851545,MISSION_CURRENT,,179,1,1,1,7,3,1,,,,,,,,,,,,,,,
455.483205,1788180051.352711,MISSION_CURRENT,,207,1,1,1,7,3,1,,,,,,,,,,,,,,,
455.978903,1788180051.848409,MISSION_CURRENT,,236,1,1,1,7,3,1,,,,,,,,,,,,,,,
456.555324,1788180052.424830,MISSION_CURRENT,,8,1,1,1,7,3,1,,,,,,,,,,,,,,,
457.008726,1788180052.878232,MISSION_CURRENT,,37,1,1,1,7,3,1,,,,,,,,,,,,,,,
457.464238,1788180053.333744,MISSION_CURRENT,,65,1,1,1,7,3,1,,,,,,,,,,,,,,,
458.037997,1788180053.907503,MISSION_CURRENT,,94,1,1,1,7,3,1,,,,,,,,,,,,,,,
458.523582,1788180054.393088,MISSION_CURRENT,,126,1,1,1,7,3,1,,,,,,,,,,,,,,,
458.956277,1788180054.825783,MISSION_CURRENT,,155,1,1,1,7,3,1,,,,,,,,,,,,,,,
459.550132,1788180055.419638,MISSION_CURRENT,,183,1,1,1,7,3,1,,,,,,,,,,,,,,,
460.001503,1788180055.871009,MISSION_CURRENT,,212,1,1,1,7,3,1,,,,,,,,,,,,,,,
460.577264,1788180056.446770,MISSION_CURRENT,,240,1,1,1,7,3,1,,,,,,,,,,,,,,,
460.967305,1788180056.836811,MISSION_CURRENT,,13,1,1,1,7,3,1,,,,,,,,,,,,,,,
461.483441,1788180057.352947,MISSION_CURRENT,,42,1,1,1,7,3,1,,,,,,,,,,,,,,,
461.965453,1788180057.834959,MISSION_CURRENT,,71,1,1,1,7,3,1,,,,,,,,,,,,,,,
462.542331,1788180058.411837,MISSION_CURRENT,,99,1,1,1,7,3,1,,,,,,,,,,,,,,,
462.996051,1788180058.865557,MISSION_CURRENT,,128,1,1,1,7,3,1,,,,,,,,,,,,,,,
463.541869,1788180059.411375,MISSION_CURRENT,,156,1,1,1,7,3,1,,,,,,,,,,,,,,,
464.023859,1788180059.893365,MISSION_CURRENT,,185,1,1,1,7,3,1,,,,,,,,,,,,,,,
464.461246,1788180060.330752,MISSION_CURRENT,,213,1,1,1,7,3,1,,,,,,,,,,,,,,,
464.959916,1788180060.829422,MISSION_CURRENT,,242,1,1,1,7,3,1,,,,,,,,,,,,,,,
465.521930,1788180061.391436,MISSION_CURRENT,,14,1,1,1,7,3,1,,,,,,,,,,,,,,,
465.987896,1788180061.857402,MISSION_CURRENT,,43,1,1,1,7,3,1,,,,,,,,,,,,,,,
466.532832,1788180062.402338,MISSION_CURRENT,,71,1,1,1,7,3,1,,,,,,,,,,,,,,,
467.030013,1788180062.899519,MISSION_CURRENT,,100,1,1,1,7,3,1,,,,,,,,,,,,,,,
467.481315,1788180063.350821,MISSION_CURRENT,,128,1,1,1,7,3,1,,,,,,,,,,,,,,,
468.056212,1788180063.925718,MISSION_CURRENT,,157,1,1,1,7,3,1,,,,,,,,,,,,,,,
468.524440,1788180064.393946,MISSION_CURRENT,,185,1,1,1,7,3,1,,,,,,,,,,,,,,,
468.976180,1788180064.845686,MISSION_CURRENT,,214,1,1,1,7,3,1,,,,,,,,,,,,,,,
469.473533,1788180065.343039,MISSION_CURRENT,,242,1,1,1,7,3,1,,,,,,,,,,,,,,,
469.989980,1788180065.859486,MISSION_CURRENT,,15,1,1,1,7,3,1,,,,,,,,,,,,,,,
470.471469,1788180066.340975,MISSION_CURRENT,,43,1,1,1,7,3,1,,,,,,,,,,,,,,,
471.046991,1788180066.916497,MISSION_CURRENT,,72,1,1,1,7,3,1,,,,,,,,,,,,,,,
471.517289,1788180067.386795,MISSION_CURRENT,,101,1,1,1,7,3,1,,,,,,,,,,,,,,,
471.967540,1788180067.837046,MISSION_CURRENT,,130,1,1,1,7,3,1,,,,,,,,,,,,,,,
472.513474,1788180068.382980,MISSION_CURRENT,,158,1,1,1,7,3,1,,,,,,,,,,,,,,,
473.012006,1788180068.881512,MISSION_CURRENT,,187,1,1,1,7,3,1,,,,,,,,,,,,,,,
473.587888,1788180069.457394,MISSION_CURRENT,,215,1,1,1,7,3,1,,,,,,,,,,,,,,,
474.011124,1788180069.880630,MISSION_CURRENT,,244,1,1,1,7,3,1,,,,,,,,,,,,,,,
474.495321,1788180070.364827,MISSION_CURRENT,,16,1,1,1,7,3,1,,,,,,,,,,,,,,,
476.401800,1788180072.271306,MISSION_CURRENT,,45,1,1,1,7,3,1,,,,,,,,,,,,,,,
476.407250,1788180072.276756,MISSION_CURRENT,,73,1,1,1,7,3,1,,,,,,,,,,,,,,,
476.412724,1788180072.282230,MISSION_CURRENT,,102,1,1,1,7,3,1,,,,,,,,,,,,,,,
476.463139,1788180072.332645,MISSION_CURRENT,,130,1,1,1,7,3,1,,,,,,,,,,,,,,,
477.103240,1788180072.972746,MISSION_CURRENT,,159,1,1,1,7,3,1,,,,,,,,,,,,,,,
477.490281,1788180073.359787,MISSION_CURRENT,,187,1,1,1,7,3,1,,,,,,,,,,,,,,,
478.041786,1788180073.911292,MISSION_CURRENT,,216,1,1,1,7,3,1,,,,,,,,,,,,,,,
478.499904,1788180074.369410,MISSION_CURRENT,,244,1,1,1,7,3,1,,,,,,,,,,,,,,,
478.983975,1788180074.853481,MISSION_CURRENT,,17,1,1,1,7,3,1,,,,,,,,,,,,,,,
479.559643,1788180075.429149,MISSION_CURRENT,,45,1,1,1,7,3,1,,,,,,,,,,,,,,,
480.030794,1788180075.900300,MISSION_CURRENT,,75,1,1,1,7,3,1,,,,,,,,,,,,,,,
480.469257,1788180076.338763,MISSION_CURRENT,,103,1,1,1,7,3,1,,,,,,,,,,,,,,,
480.984253,1788180076.853759,MISSION_CURRENT,,132,1,1,1,7,3,1,,,,,,,,,,,,,,,
481.482788,1788180077.352294,MISSION_CURRENT,,161,1,1,1,7,3,1,,,,,,,,,,,,,,,
481.978562,1788180077.848068,MISSION_CURRENT,,190,1,1,1,7,3,1,,,,,,,,,,,,,,,
482.556985,1788180078.426491,MISSION_CURRENT,,218,1,1,1,7,3,1,,,,,,,,,,,,,,,
483.009676,1788180078.879182,MISSION_CURRENT,,247,1,1,1,7,3,1,,,,,,,,,,,,,,,
483.476267,1788180079.345773,MISSION_CURRENT,,19,1,1,1,7,3,1,,,,,,,,,,,,,,,
483.976321,1788180079.845827,MISSION_CURRENT,,48,1,1,1,7,3,1,,,,,,,,,,,,,,,
484.478426,1788180080.347932,MISSION_CURRENT,,76,1,1,1,7,3,1,,,,,,,,,,,,,,,
484.974861,1788180080.844367,MISSION_CURRENT,,105,1,1,1,7,3,1,,,,,,,,,,,,,,,
485.552353,1788180081.421859,MISSION_CURRENT,,133,1,1,1,7,3,1,,,,,,,,,,,,,,,
486.005582,1788180081.875088,MISSION_CURRENT,,162,1,1,1,7,3,1,,,,,,,,,,,,,,,
486.472946,1788180082.342452,MISSION_CURRENT,,190,1,1,1,7,3,1,,,,,,,,,,,,,,,
487.006947,1788180082.876453,MISSION_CURRENT,,219,1,1,1,7,3,1,,,,,,,,,,,,,,,
487.477792,1788180083.347298,MISSION_CURRENT,,247,1,1,1,7,3,1,,,,,,,,,,,,,,,
487.962423,1788180083.831929,MISSION_CURRENT,,20,1,1,1,7,3,1,,,,,,,,,,,,,,,
488.539593,1788180084.409099,MISSION_CURRENT,,48,1,1,1,7,3,1,,,,,,,,,,,,,,,
488.992530,1788180084.862036,MISSION_CURRENT,,77,1,1,1,7,3,1,,,,,,,,,,,,,,,
489.569744,1788180085.439250,MISSION_CURRENT,,105,1,1,1,7,3,1,,,,,,,,,,,,,,,
489.959688,1788180085.829194,MISSION_CURRENT,,134,1,1,1,7,3,1,,,,,,,,,,,,,,,
490.459852,1788180086.329358,MISSION_CURRENT,,162,1,1,1,7,3,1,,,,,,,,,,,,,,,
491.074184,1788180086.943690,MISSION_CURRENT,,191,1,1,1,7,3,1,,,,,,,,,,,,,,,
491.511079,1788180087.380585,MISSION_CURRENT,,220,1,1,1,7,3,1,,,,,,,,,,,,,,,
491.993382,1788180087.862888,MISSION_CURRENT,,249,1,1,1,7,3,1,,,,,,,,,,,,,,,
492.493717,1788180088.363223,MISSION_CURRENT,,21,1,1,1,7,3,1,,,,,,,,,,,,,,,
493.008767,1788180088.878273,MISSION_CURRENT,,50,1,1,1,7,3,1,,,,,,,,,,,,,,,
493.474922,1788180089.344428,MISSION_CURRENT,,78,1,1,1,7,3,1,,,,,,,,,,,,,,,
494.051366,1788180089.920872,MISSION_CURRENT,,107,1,1,1,7,3,1,,,,,,,,,,,,,,,
494.518828,1788180090.388334,MISSION_CURRENT,,135,1,1,1,7,3,1,,,,,,,,,,,,,,,
494.971847,1788180090.841353,MISSION_CURRENT,,164,1,1,1,7,3,1,,,,,,,,,,,,,,,
495.673499,1788180091.543005,MISSION_CURRENT,,192,1,1,1,7,3,1,,,,,,,,,,,,,,,
496.125940,1788180091.995446,MISSION_CURRENT,,221,1,1,1,7,3,1,,,,,,,,,,,,,,,
496.562680,1788180092.432186,MISSION_CURRENT,,252,1,1,1,7,3,1,,,,,,,,,,,,,,,
497.014118,1788180092.883624,MISSION_CURRENT,,26,1,1,1,7,3,1,,,,,,,,,,,,,,,
497.513705,1788180093.383211,MISSION_CURRENT,,54,1,1,1,7,3,1,,,,,,,,,,,,,,,
497.965041,1788180093.834547,MISSION_CURRENT,,83,1,1,1,7,3,1,,,,,,,,,,,,,,,
498.541344,1788180094.410850,MISSION_CURRENT,,111,1,1,1,7,3,1,,,,,,,,,,,,,,,
499.010225,1788180094.879731,MISSION_CURRENT,,140,1,1,1,7,3,1,,,,,,,,,,,,,,,
499.464641,1788180095.334147,MISSION_CURRENT,,168,1,1,1,7,3,1,,,,,,,,,,,,,,,
500.118179,1788180095.987685,MISSION_CURRENT,,197,1,1,1,7,3,1,,,,,,,,,,,,,,,
500.506661,1788180096.376167,MISSION_CURRENT,,225,1,1,1,7,3,1,,,,,,,,,,,,,,,
501.005738,1788180096.875244,MISSION_CURRENT,,254,1,1,1,7,3,1,,,,,,,,,,,,,,,
501.505991,1788180097.375497,MISSION_CURRENT,,27,1,1,1,7,3,1,,,,,,,,,,,,,,,
501.990464,1788180097.859970,MISSION_CURRENT,,56,1,1,1,7,3,1,,,,,,,,,,,,,,,
502.567282,1788180098.436788,MISSION_CURRENT,,84,1,1,1,7,3,1,,,,,,,,,,,,,,,
503.034305,1788180098.903811,MISSION_CURRENT,,113,1,1,1,7,3,1,,,,,,,,,,,,,,,
503.487498,1788180099.357004,MISSION_CURRENT,,141,1,1,1,7,3,1,,,,,,,,,,,,,,,
504.035265,1788180099.904771,MISSION_CURRENT,,170,1,1,1,7,3,1,,,,,,,,,,,,,,,
504.499552,1788180100.369058,MISSION_CURRENT,,198,1,1,1,7,3,1,,,,,,,,,,,,,,,
504.952689,1788180100.822195,MISSION_CURRENT,,227,1,1,1,7,3,1,,,,,,,,,,,,,,,
505.559807,1788180101.429313,MISSION_CURRENT,,255,1,1,1,7,3,1,,,,,,,,,,,,,,,
506.026331,1788180101.895837,MISSION_CURRENT,,28,1,1,1,7,3,1,,,,,,,,,,,,,,,
506.481850,1788180102.351356,MISSION_CURRENT,,56,1,1,1,7,3,1,,,,,,,,,,,,,,,
507.028414,1788180102.897920,MISSION_CURRENT,,85,1,1,1,7,3,1,,,,,,,,,,,,,,,
507.479980,1788180103.349486,MISSION_CURRENT,,113,1,1,1,7,3,1,,,,,,,,,,,,,,,
507.992466,1788180103.861972,MISSION_CURRENT,,142,1,1,1,7,3,1,,,,,,,,,,,,,,,
508.521288,1788180104.390794,MISSION_CURRENT,,170,1,1,1,7,3,1,,,,,,,,,,,,,,,
509.004808,1788180104.874314,MISSION_CURRENT,,199,1,1,1,7,3,1,,,,,,,,,,,,,,,
509.473598,1788180105.343104,MISSION_CURRENT,,227,1,1,1,7,3,1,,,,,,,,,,,,,,,
510.047883,1788180105.917389,MISSION_CURRENT,,0,1,1,1,7,3,1,,,,,,,,,,,,,,,
510.470532,1788180106.340038,MISSION_CURRENT,,28,1,1,1,7,3,1,,,,,,,,,,,,,,,
510.973117,1788180106.842623,MISSION_CURRENT,,58,1,1,1,7,3,1,,,,,,,,,,,,,,,
511.532780,1788180107.402286,MISSION_CURRENT,,87,1,1,1,7,3,1,,,,,,,,,,,,,,,
511.969043,1788180107.838549,MISSION_CURRENT,,116,1,1,1,7,3,1,,,,,,,,,,,,,,,
512.469903,1788180108.339409,MISSION_CURRENT,,144,1,1,1,7,3,1,,,,,,,,,,,,,,,
512.998691,1788180108.868197,MISSION_CURRENT,,173,1,1,1,7,3,1,,,,,,,,,,,,,,,
513.468377,1788180109.337883,MISSION_CURRENT,,201,1,1,1,7,3,1,,,,,,,,,,,,,,,
514.074892,1788180109.944398,MISSION_CURRENT,,230,1,1,1,7,3,1,,,,,,,,,,,,,,,
514.529071,1788180110.398577,MISSION_CURRENT,,2,1,1,1,7,3,1,,,,,,,,,,,,,,,
514.996328,1788180110.865834,MISSION_CURRENT,,31,1,1,1,7,3,1,,,,,,,,,,,,,,,
515.574203,1788180111.443709,MISSION_CURRENT,,59,1,1,1,7,3,1,,,,,,,,,,,,,,,
515.950684,1788180111.820190,MISSION_CURRENT,,88,1,1,1,7,3,1,,,,,,,,,,,,,,,
516.461714,1788180112.331220,MISSION_CURRENT,,116,1,1,1,7,3,1,,,,,,,,,,,,,,,
516.948358,1788180112.817864,MISSION_CURRENT,,145,1,1,1,7,3,1,,,,,,,,,,,,,,,
517.529304,1788180113.398810,MISSION_CURRENT,,173,1,1,1,7,3,1,,,,,,,,,,,,,,,
517.981707,1788180113.851213,MISSION_CURRENT,,202,1,1,1,7,3,1,,,,,,,,,,,,,,,
518.558476,1788180114.427982,MISSION_CURRENT,,230,1,1,1,7,3,1,,,,,,,,,,,,,,,
519.008990,1788180114.878496,MISSION_CURRENT,,3,1,1,1,7,3,1,,,,,,,,,,,,,,,
519.482062,1788180115.351568,MISSION_CURRENT,,31,1,1,1,7,3,1,,,,,,,,,,,,,,,
520.047438,1788180115.916944,MISSION_CURRENT,,60,1,1,1,7,3,1,,,,,,,,,,,,,,,
520.511478,1788180116.380984,MISSION_CURRENT,,88,1,1,1,7,3,1,,,,,,,,,,,,,,,
520.982558,1788180116.852064,MISSION_CURRENT,,117,1,1,1,7,3,1,,,,,,,,,,,,,,,
521.512198,1788180117.381704,MISSION_CURRENT,,146,1,1,1,7,3,1,,,,,,,,,,,,,,,
522.012980,1788180117.882486,MISSION_CURRENT,,175,1,1,1,7,3,1,,,,,,,,,,,,,,,
522.464889,1788180118.334395,MISSION_CURRENT,,203,1,1,1,7,3,1,,,,,,,,,,,,,,,
523.055926,1788180118.925432,MISSION_CURRENT,,232,1,1,1,7,3,1,,,,,,,,,,,,,,,
523.507980,1788180119.377486,MISSION_CURRENT,,4,1,1,1,7,3,1,,,,,,,,,,,,,,,
523.973744,1788180119.843250,MISSION_CURRENT,,33,1,1,1,7,3,1,,,,,,,,,,,,,,,
524.502418,1788180120.371924,MISSION_CURRENT,,61,1,1,1,7,3,1,,,,,,,,,,,,,,,
525.003727,1788180120.873233,MISSION_CURRENT,,90,1,1,1,7,3,1,,,,,,,,,,,,,,,
525.502362,1788180121.371868,MISSION_CURRENT,,118,1,1,1,7,3,1,,,,,,,,,,,,,,,
526.128817,1788180121.998323,MISSION_CURRENT,,147,1,1,1,7,3,1,,,,,,,,,,,,,,,
526.507631,1788180122.377137,MISSION_CURRENT,,175,1,1,1,7,3,1,,,,,,,,,,,,,,,
526.962341,1788180122.831847,MISSION_CURRENT,,204,1,1,1,7,3,1,,,,,,,,,,,,,,,
527.505824,1788180123.375330,MISSION_CURRENT,,232,1,1,1,7,3,1,,,,,,,,,,,,,,,
528.004930,1788180123.874436,MISSION_CURRENT,,5,1,1,1,7,3,1,,,,,,,,,,,,,,,
528.578615,1788180124.448121,MISSION_CURRENT,,33,1,1,1,7,3,1,,,,,,,,,,,,,,,
529.031553,1788180124.901059,MISSION_CURRENT,,62,1,1,1,7,3,1,,,,,,,,,,,,,,,
529.499966,1788180125.369472,MISSION_CURRENT,,90,1,1,1,7,3,1,,,,,,,,,,,,,,,
529.952735,1788180125.822241,MISSION_CURRENT,,119,1,1,1,7,3,1,,,,,,,,,,,,,,,
530.499615,1788180126.369121,MISSION_CURRENT,,147,1,1,1,7,3,1,,,,,,,,,,,,,,,
530.995143,1788180126.864649,MISSION_CURRENT,,176,1,1,1,7,3,1,,,,,,,,,,,,,,,
531.560173,1788180127.429679,MISSION_CURRENT,,205,1,1,1,7,3,1,,,,,,,,,,,,,,,
531.996418,1788180127.865924,MISSION_CURRENT,,234,1,1,1,7,3,1,,,,,,,,,,,,,,,
532.481454,1788180128.350960,MISSION_CURRENT,,6,1,1,1,7,3,1,,,,,,,,,,,,,,,
532.950301,1788180128.819807,MISSION_CURRENT,,35,1,1,1,7,3,1,,,,,,,,,,,,,,,
533.496794,1788180129.366300,MISSION_CURRENT,,63,1,1,1,7,3,1,,,,,,,,,,,,,,,
533.979818,1788180129.849324,MISSION_CURRENT,,92,1,1,1,7,3,1,,,,,,,,,,,,,,,
534.521820,1788180130.391326,MISSION_CURRENT,,123,1,1,1,7,3,1,,,,,,,,,,,,,,,
535.024635,1788180130.894141,MISSION_CURRENT,,153,1,1,1,7,3,1,,,,,,,,,,,,,,,
535.475616,1788180131.345122,MISSION_CURRENT,,181,1,1,1,7,3,1,,,,,,,,,,,,,,,
536.040158,1788180131.909664,MISSION_CURRENT,,210,1,1,1,7,3,1,,,,,,,,,,,,,,,
536.477350,1788180132.346856,MISSION_CURRENT,,238,1,1,1,7,3,1,,,,,,,,,,,,,,,
536.973149,1788180132.842655,MISSION_CURRENT,,11,1,1,1,7,3,1,,,,,,,,,,,,,,,
537.549895,1788180133.419401,MISSION_CURRENT,,39,1,1,1,7,3,1,,,,,,,,,,,,,,,
538.017062,1788180133.886568,MISSION_CURRENT,,68,1,1,1,7,3,1,,,,,,,,,,,,,,,
538.614300,1788180134.483806,MISSION_CURRENT,,96,1,1,1,7,3,1,,,,,,,,,,,,,,,
539.013037,1788180134.882543,MISSION_CURRENT,,125,1,1,1,7,3,1,,,,,,,,,,,,,,,
539.495568,1788180135.365074,MISSION_CURRENT,,153,1,1,1,7,3,1,,,,,,,,,,,,,,,
540.087259,1788180135.956765,MISSION_CURRENT,,182,1,1,1,7,3,1,,,,,,,,,,,,,,,
540.554671,1788180136.424177,MISSION_CURRENT,,210,1,1,1,7,3,1,,,,,,,,,,,,,,,
540.997574,1788180136.867080,MISSION_CURRENT,,239,1,1,1,7,3,1,,,,,,,,,,,,,,,
541.459858,1788180137.329364,MISSION_CURRENT,,12,1,1,1,7,3,1,,,,,,,,,,,,,,,
542.006768,1788180137.876274,MISSION_CURRENT,,42,1,1,1,7,3,1,,,,,,,,,,,,,,,
542.471208,1788180138.340714,MISSION_CURRENT,,70,1,1,1,7,3,1,,,,,,,,,,,,,,,
542.988291,1788180138.857797,MISSION_CURRENT,,99,1,1,1,7,3,1,,,,,,,,,,,,,,,
543.537918,1788180139.407424,MISSION_CURRENT,,127,1,1,1,7,3,1,,,,,,,,,,,,,,,
543.960760,1788180139.830266,MISSION_CURRENT,,156,1,1,1,7,3,1,,,,,,,,,,,,,,,
544.569880,1788180140.439386,MISSION_CURRENT,,184,1,1,1,7,3,1,,,,,,,,,,,,,,,
545.036693,1788180140.906199,MISSION_CURRENT,,213,1,1,1,7,3,1,,,,,,,,,,,,,,,
545.488152,1788180141.357658,MISSION_CURRENT,,241,1,1,1,7,3,1,,,,,,,,,,,,,,,
546.064176,1788180141.933682,MISSION_CURRENT,,14,1,1,1,7,3,1,,,,,,,,,,,,,,,
546.499534,1788180142.369040,MISSION_CURRENT,,42,1,1,1,7,3,1,,,,,,,,,,,,,,,
546.982430,1788180142.851936,MISSION_CURRENT,,71,1,1,1,7,3,1,,,,,,,,,,,,,,,
547.438843,1788180143.308349,MISSION_CURRENT,,99,1,1,1,7,3,1,,,,,,,,,,,,,,,
548.016923,1788180143.886429,MISSION_CURRENT,,128,1,1,1,7,3,1,,,,,,,,,,,,,,,
548.481538,1788180144.351044,MISSION_CURRENT,,156,1,1,1,7,3,1,,,,,,,,,,,,,,,
549.053488,1788180144.922994,MISSION_CURRENT,,185,1,1,1,7,3,1,,,,,,,,,,,,,,,
549.520403,1788180145.389909,MISSION_CURRENT,,213,1,1,1,7,3,1,,,,,,,,,,,,,,,
549.973494,1788180145.843000,MISSION_CURRENT,,242,1,1,1,7,3,1,,,,,,,,,,,,,,,
550.520408,1788180146.389914,MISSION_CURRENT,,14,1,1,1,7,3,1,,,,,,,,,,,,,,,
551.015814,1788180146.885320,MISSION_CURRENT,,43,1,1,1,7,3,1,,,,,,,,,,,,,,,
551.470087,1788180147.339593,MISSION_CURRENT,,72,1,1,1,7,3,1,,,,,,,,,,,,,,,
551.969440,1788180147.838946,MISSION_CURRENT,,101,1,1,1,7,3,1,,,,,,,,,,,,,,,
552.508456,1788180148.377962,MISSION_CURRENT,,129,1,1,1,7,3,1,,,,,,,,,,,,,,,
552.968353,1788180148.837859,MISSION_CURRENT,,158,1,1,1,7,3,1,,,,,,,,,,,,,,,
553.543382,1788180149.412888,MISSION_CURRENT,,186,1,1,1,7,3,1,,,,,,,,,,,,,,,
553.976559,1788180149.846065,MISSION_CURRENT,,215,1,1,1,7,3,1,,,,,,,,,,,,,,,
554.462048,1788180150.331554,MISSION_CURRENT,,243,1,1,1,7,3,1,,,,,,,,,,,,,,,
554.960633,1788180150.830139,MISSION_CURRENT,,16,1,1,1,7,3,1,,,,,,,,,,,,,,,
555.502135,1788180151.371641,MISSION_CURRENT,,44,1,1,1,7,3,1,,,,,,,,,,,,,,,
555.967188,1788180151.836694,MISSION_CURRENT,,73,1,1,1,7,3,1,,,,,,,,,,,,,,,
556.543141,1788180152.412647,MISSION_CURRENT,,101,1,1,1,7,3,1,,,,,,,,,,,,,,,
556.968950,1788180152.838456,MISSION_CURRENT,,130,1,1,1,7,3,1,,,,,,,,,,,,,,,
557.572881,1788180153.442387,MISSION_CURRENT,,158,1,1,1,7,3,1,,,,,,,,,,,,,,,
558.026811,1788180153.896317,MISSION_CURRENT,,187,1,1,1,7,3,1,,,,,,,,,,,,,,,
558.494653,1788180154.364159,MISSION_CURRENT,,215,1,1,1,7,3,1,,,,,,,,,,,,,,,
559.038856,1788180154.908362,MISSION_CURRENT,,244,1,1,1,7,3,1,,,,,,,,,,,,,,,
559.537951,1788180155.407457,MISSION_CURRENT,,16,1,1,1,7,3,1,,,,,,,,,,,,,,,
559.959798,1788180155.829304,MISSION_CURRENT,,45,1,1,1,7,3,1,,,,,,,,,,,,,,,
560.568237,1788180156.437743,MISSION_CURRENT,,73,1,1,1,7,3,1,,,,,,,,,,,,,,,
561.020128,1788180156.889634,MISSION_CURRENT,,102,1,1,1,7,3,1,,,,,,,,,,,,,,,
561.482776,1788180157.352282,MISSION_CURRENT,,131,1,1,1,7,3,1,,,,,,,,,,,,,,,
561.975751,1788180157.845257,MISSION_CURRENT,,160,1,1,1,7,3,1,,,,,,,,,,,,,,,
562.506479,1788180158.375985,MISSION_CURRENT,,188,1,1,1,7,3,1,,,,,,,,,,,,,,,
562.974353,1788180158.843859,MISSION_CURRENT,,217,1,1,1,7,3,1,,,,,,,,,,,,,,,
563.548745,1788180159.418251,MISSION_CURRENT,,245,1,1,1,7,3,1,,,,,,,,,,,,,,,
564.023460,1788180159.892966,MISSION_CURRENT,,18,1,1,1,7,3,1,,,,,,,,,,,,,,,
564.470424,1788180160.339930,MISSION_CURRENT,,46,1,1,1,7,3,1,,,,,,,,,,,,,,,
565.048527,1788180160.918033,MISSION_CURRENT,,75,1,1,1,7,3,1,,,,,,,,,,,,,,,
565.484608,1788180161.354114,MISSION_CURRENT,,103,1,1,1,7,3,1,,,,,,,,,,,,,,,
565.964658,1788180161.834164,MISSION_CURRENT,,132,1,1,1,7,3,1,,,,,,,,,,,,,,,
566.541802,1788180162.411308,MISSION_CURRENT,,160,1,1,1,7,3,1,,,,,,,,,,,,,,,
567.006042,1788180162.875548,MISSION_CURRENT,,189,1,1,1,7,3,1,,,,,,,,,,,,,,,
567.472052,1788180163.341558,MISSION_CURRENT,,217,1,1,1,7,3,1,,,,,,,,,,,,,,,
567.970935,1788180163.840441,MISSION_CURRENT,,246,1,1,1,7,3,1,,,,,,,,,,,,,,,
568.470132,1788180164.339638,MISSION_CURRENT,,18,1,1,1,7,3,1,,,,,,,,,,,,,,,
568.997217,1788180164.866723,MISSION_CURRENT,,47,1,1,1,7,3,1,,,,,,,,,,,,,,,
569.529237,1788180165.398743,MISSION_CURRENT,,75,1,1,1,7,3,1,,,,,,,,,,,,,,,
570.001917,1788180165.871423,MISSION_CURRENT,,104,1,1,1,7,3,1,,,,,,,,,,,,,,,
570.451676,1788180166.321182,MISSION_CURRENT,,132,1,1,1,7,3,1,,,,,,,,,,,,,,,
571.111916,1788180166.981422,MISSION_CURRENT,,161,1,1,1,7,3,1,,,,,,,,,,,,,,,
571.466931,1788180167.336437,MISSION_CURRENT,,190,1,1,1,7,3,1,,,,,,,,,,,,,,,
572.108869,1788180167.978375,MISSION_CURRENT,,219,1,1,1,7,3,1,,,,,,,,,,,,,,,
572.500935,1788180168.370441,MISSION_CURRENT,,250,1,1,1,7,3,1,,,,,,,,,,,,,,,
572.982131,1788180168.851637,MISSION_CURRENT,,24,1,1,1,7,3,1,,,,,,,,,,,,,,,
573.452714,1788180169.322220,MISSION_CURRENT,,52,1,1,1,7,3,1,,,,,,,,,,,,,,,
573.995271,1788180169.864777,MISSION_CURRENT,,81,1,1,1,7,3,1,,,,,,,,,,,,,,,
574.444023,1788180170.313529,MISSION_CURRENT,,110,1,1,1,7,3,1,,,,,,,,,,,,,,,
575.070390,1788180170.939896,MISSION_CURRENT,,140,1,1,1,7,3,1,,,,,,,,,,,,,,,
575.522269,1788180171.391775,MISSION_CURRENT,,168,1,1,1,7,3,1,,,,,,,,,,,,,,,
575.974166,1788180171.843672,MISSION_CURRENT,,197,1,1,1,7,3,1,,,,,,,,,,,,,,,
576.548388,1788180172.417894,MISSION_CURRENT,,225,1,1,1,7,3,1,,,,,,,,,,,,,,,
577.016791,1788180172.886297,MISSION_CURRENT,,254,1,1,1,7,3,1,,,,,,,,,,,,,,,
577.437842,1788180173.307348,MISSION_CURRENT,,26,1,1,1,7,3,1,,,,,,,,,,,,,,,
577.970636,1788180173.840142,MISSION_CURRENT,,55,1,1,1,7,3,1,,,,,,,,,,,,,,,
578.519196,1788180174.388702,MISSION_CURRENT,,83,1,1,1,7,3,1,,,,,,,,,,,,,,,
578.973389,1788180174.842895,MISSION_CURRENT,,112,1,1,1,7,3,1,,,,,,,,,,,,,,,
579.552816,1788180175.422322,MISSION_CURRENT,,140,1,1,1,7,3,1,,,,,,,,,,,,,,,
579.973447,1788180175.842953,MISSION_CURRENT,,169,1,1,1,7,3,1,,,,,,,,,,,,,,,
580.460476,1788180176.329982,MISSION_CURRENT,,197,1,1,1,7,3,1,,,,,,,,,,,,,,,
581.041366,1788180176.910872,MISSION_CURRENT,,226,1,1,1,7,3,1,,,,,,,,,,,,,,,
581.495155,1788180177.364661,MISSION_CURRENT,,255,1,1,1,7,3,1,,,,,,,,,,,,,,,
582.043868,1788180177.913374,MISSION_CURRENT,,28,1,1,1,7,3,1,,,,,,,,,,,,,,,
582.510782,1788180178.380288,MISSION_CURRENT,,56,1,1,1,7,3,1,,,,,,,,,,,,,,,
582.994212,1788180178.863718,MISSION_CURRENT,,85,1,1,1,7,3,1,,,,,,,,,,,,,,,
583.555773,1788180179.425279,MISSION_CURRENT,,113,1,1,1,7,3,1,,,,,,,,,,,,,,,
584.006552,1788180179.876058,MISSION_CURRENT,,142,1,1,1,7,3,1,,,,,,,,,,,,,,,
584.488334,1788180180.357840,MISSION_CURRENT,,170,1,1,1,7,3,1,,,,,,,,,,,,,,,
584.955760,1788180180.825266,MISSION_CURRENT,,199,1,1,1,7,3,1,,,,,,,,,,,,,,,
585.502320,1788180181.371826,MISSION_CURRENT,,227,1,1,1,7,3,1,,,,,,,,,,,,,,,
585.985405,1788180181.854911,MISSION_CURRENT,,0,1,1,1,7,3,1,,,,,,,,,,,,,,,
586.560139,1788180182.429645,MISSION_CURRENT,,28,1,1,1,7,3,1,,,,,,,,,,,,,,,
587.071425,1788180182.940931,MISSION_CURRENT,,57,1,1,1,7,3,1,,,,,,,,,,,,,,,
587.479146,1788180183.348652,MISSION_CURRENT,,85,1,1,1,7,3,1,,,,,,,,,,,,,,,
587.961568,1788180183.831074,MISSION_CURRENT,,114,1,1,1,7,3,1,,,,,,,,,,,,,,,
588.493906,1788180184.363412,MISSION_CURRENT,,142,1,1,1,7,3,1,,,,,,,,,,,,,,,
588.977616,1788180184.847122,MISSION_CURRENT,,171,1,1,1,7,3,1,,,,,,,,,,,,,,,
589.606978,1788180185.476484,MISSION_CURRENT,,199,1,1,1,7,3,1,,,,,,,,,,,,,,,
590.025759,1788180185.895265,MISSION_CURRENT,,228,1,1,1,7,3,1,,,,,,,,,,,,,,,
590.492478,1788180186.361984,MISSION_CURRENT,,0,1,1,1,7,3,1,,,,,,,,,,,,,,,
590.975895,1788180186.845401,MISSION_CURRENT,,29,1,1,1,7,3,1,,,,,,,,,,,,,,,
591.472831,1788180187.342337,MISSION_CURRENT,,58,1,1,1,7,3,1,,,,,,,,,,,,,,,
591.968696,1788180187.838202,MISSION_CURRENT,,87,1,1,1,7,3,1,,,,,,,,,,,,,,,
592.547698,1788180188.417204,MISSION_CURRENT,,115,1,1,1,7,3,1,,,,,,,,,,,,,,,
593.048603,1788180188.918109,MISSION_CURRENT,,144,1,1,1,7,3,1,,,,,,,,,,,,,,,
593.468882,1788180189.338388,MISSION_CURRENT,,172,1,1,1,7,3,1,,,,,,,,,,,,,,,
593.967693,1788180189.837199,MISSION_CURRENT,,201,1,1,1,7,3,1,,,,,,,,,,,,,,,
594.465687,1788180190.335193,MISSION_CURRENT,,229,1,1,1,7,3,1,,,,,,,,,,,,,,,
594.963879,1788180190.833385,MISSION_CURRENT,,2,1,1,1,7,3,1,,,,,,,,,,,,,,,
595.558055,1788180191.427561,MISSION_CURRENT,,30,1,1,1,7,3,1,,,,,,,,,,,,,,,
596.005570,1788180191.875076,MISSION_CURRENT,,59,1,1,1,7,3,1,,,,,,,,,,,,,,,
596.458526,1788180192.328032,MISSION_CURRENT,,87,1,1,1,7,3,1,,,,,,,,,,,,,,,
597.005543,1788180192.875049,MISSION_CURRENT,,116,1,1,1,7,3,1,,,,,,,,,,,,,,,
597.455636,1788180193.325142,MISSION_CURRENT,,144,1,1,1,7,3,1,,,,,,,,,,,,,,,
597.958151,1788180193.827657,MISSION_CURRENT,,173,1,1,1,7,3,1,,,,,,,,,,,,,,,
598.535247,1788180194.404753,MISSION_CURRENT,,201,1,1,1,7,3,1,,,,,,,,,,,,,,,
598.986944,1788180194.856450,MISSION_CURRENT,,230,1,1,1,7,3,1,,,,,,,,,,,,,,,
599.564079,1788180195.433585,MISSION_CURRENT,,2,1,1,1,7,3,1,,,,,,,,,,,,,,,
599.957109,1788180195.826615,MISSION_CURRENT,,31,1,1,1,7,3,1,,,,,,,,,,,,,,,
600.454356,1788180196.323862,MISSION_CURRENT,,59,1,1,1,7,3,1,,,,,,,,,,,,,,,
600.937105,1788180196.806611,MISSION_CURRENT,,88,1,1,1,7,3,1,,,,,,,,,,,,,,,
601.513506,1788180197.383012,MISSION_CURRENT,,117,1,1,1,7,3,1,,,,,,,,,,,,,,,
601.983510,1788180197.853016,MISSION_CURRENT,,146,1,1,1,7,3,1,,,,,,,,,,,,,,,
602.557064,1788180198.426570,MISSION_CURRENT,,174,1,1,1,7,3,1,,,,,,,,,,,,,,,
602.977602,1788180198.847108,MISSION_CURRENT,,203,1,1,1,7,3,1,,,,,,,,,,,,,,,
603.449014,1788180199.318520,MISSION_CURRENT,,231,1,1,1,7,3,1,,,,,,,,,,,,,,,
603.979228,1788180199.848734,MISSION_CURRENT,,5,1,1,1,7,3,1,,,,,,,,,,,,,,,
604.504952,1788180200.374458,MISSION_CURRENT,,33,1,1,1,7,3,1,,,,,,,,,,,,,,,
604.974590,1788180200.844096,MISSION_CURRENT,,62,1,1,1,7,3,1,,,,,,,,,,,,,,,
605.521755,1788180201.391261,MISSION_CURRENT,,90,1,1,1,7,3,1,,,,,,,,,,,,,,,
606.008634,1788180201.878140,MISSION_CURRENT,,119,1,1,1,7,3,1,,,,,,,,,,,,,,,
606.472900,1788180202.342406,MISSION_CURRENT,,147,1,1,1,7,3,1,,,,,,,,,,,,,,,
607.050027,1788180202.919533,MISSION_CURRENT,,176,1,1,1,7,3,1,,,,,,,,,,,,,,,
607.504711,1788180203.374217,MISSION_CURRENT,,204,1,1,1,7,3,1,,,,,,,,,,,,,,,
607.973924,1788180203.843430,MISSION_CURRENT,,233,1,1,1,7,3,1,,,,,,,,,,,,,,,
608.507461,1788180204.376967,MISSION_CURRENT,,5,1,1,1,7,3,1,,,,,,,,,,,,,,,
609.005040,1788180204.874546,MISSION_CURRENT,,34,1,1,1,7,3,1,,,,,,,,,,,,,,,
609.456837,1788180205.326343,MISSION_CURRENT,,62,1,1,1,7,3,1,,,,,,,,,,,,,,,
610.084623,1788180205.954129,MISSION_CURRENT,,91,1,1,1,7,3,1,,,,,,,,,,,,,,,
610.532807,1788180206.402313,MISSION_CURRENT,,122,1,1,1,7,3,1,,,,,,,,,,,,,,,
610.955528,1788180206.825034,MISSION_CURRENT,,151,1,1,1,7,3,1,,,,,,,,,,,,,,,
611.505176,1788180207.374682,MISSION_CURRENT,,180,1,1,1,7,3,1,,,,,,,,,,,,,,,
611.959616,1788180207.829122,MISSION_CURRENT,,209,1,1,1,7,3,1,,,,,,,,,,,,,,,
612.444905,1788180208.314411,MISSION_CURRENT,,238,1,1,1,7,3,1,,,,,,,,,,,,,,,
612.995019,1788180208.864525,MISSION_CURRENT,,12,1,1,1,7,3,1,,,,,,,,,,,,,,,
613.494357,1788180209.363863,MISSION_CURRENT,,40,1,1,1,7,3,1,,,,,,,,,,,,,,,
613.947688,1788180209.817194,MISSION_CURRENT,,69,1,1,1,7,3,1,,,,,,,,,,,,,,,
614.494612,1788180210.364118,MISSION_CURRENT,,97,1,1,1,7,3,1,,,,,,,,,,,,,,,
614.976087,1788180210.845593,MISSION_CURRENT,,126,1,1,1,7,3,1,,,,,,,,,,,,,,,
615.552642,1788180211.422148,MISSION_CURRENT,,154,1,1,1,7,3,1,,,,,,,,,,,,,,,
616.019854,1788180211.889360,MISSION_CURRENT,,183,1,1,1,7,3,1,,,,,,,,,,,,,,,
616.485953,1788180212.355459,MISSION_CURRENT,,211,1,1,1,7,3,1,,,,,,,,,,,,,,,
617.048067,1788180212.917573,MISSION_CURRENT,,240,1,1,1,7,3,1,,,,,,,,,,,,,,,
617.518646,1788180213.388152,MISSION_CURRENT,,12,1,1,1,7,3,1,,,,,,,,,,,,,,,
617.943466,1788180213.812972,MISSION_CURRENT,,41,1,1,1,7,3,1,,,,,,,,,,,,,,,
618.549001,1788180214.418507,MISSION_CURRENT,,69,1,1,1,7,3,1,,,,,,,,,,,,,,,
619.005086,1788180214.874592,MISSION_CURRENT,,98,1,1,1,7,3,1,,,,,,,,,,,,,,,
619.471665,1788180215.341171,MISSION_CURRENT,,126,1,1,1,7,3,1,,,,,,,,,,,,,,,
620.015855,1788180215.885361,MISSION_CURRENT,,155,1,1,1,7,3,1,,,,,,,,,,,,,,,
620.499546,1788180216.369052,MISSION_CURRENT,,183,1,1,1,7,3,1,,,,,,,,,,,,,,,
620.969353,1788180216.838859,MISSION_CURRENT,,212,1,1,1,7,3,1,,,,,,,,,,,,,,,
621.548294,1788180217.417800,MISSION_CURRENT,,241,1,1,1,7,3,1,,,,,,,,,,,,,,,
622.003603,1788180217.873109,MISSION_CURRENT,,14,1,1,1,7,3,1,,,,,,,,,,,,,,,
622.456703,1788180218.326209,MISSION_CURRENT,,42,1,1,1,7,3,1,,,,,,,,,,,,,,,
623.030315,1788180218.899821,MISSION_CURRENT,,71,1,1,1,7,3,1,,,,,,,,,,,,,,,
623.467171,1788180219.336677,MISSION_CURRENT,,99,1,1,1,7,3,1,,,,,,,,,,,,,,,
623.950678,1788180219.820184,MISSION_CURRENT,,128,1,1,1,7,3,1,,,,,,,,,,,,,,,
624.527268,1788180220.396774,MISSION_CURRENT,,156,1,1,1,7,3,1,,,,,,,,,,,,,,,
624.964822,1788180220.834328,MISSION_CURRENT,,185,1,1,1,7,3,1,,,,,,,,,,,,,,,
625.449373,1788180221.318879,MISSION_CURRENT,,213,1,1,1,7,3,1,,,,,,,,,,,,,,,
626.028449,1788180221.897955,MISSION_CURRENT,,242,1,1,1,7,3,1,,,,,,,,,,,,,,,
626.466275,1788180222.335781,MISSION_CURRENT,,14,1,1,1,7,3,1,,,,,,,,,,,,,,,
626.944498,1788180222.814004,MISSION_CURRENT,,43,1,1,1,7,3,1,,,,,,,,,,,,,,,
627.523120,1788180223.392626,MISSION_CURRENT,,71,1,1,1,7,3,1,,,,,,,,,,,,,,,
627.976490,1788180223.845996,MISSION_CURRENT,,100,1,1,1,7,3,1,,,,,,,,,,,,,,,
628.557820,1788180224.427326,MISSION_CURRENT,,128,1,1,1,7,3,1,,,,,,,,,,,,,,,
628.948292,1788180224.817798,MISSION_CURRENT,,157,1,1,1,7,3,1,,,,,,,,,,,,,,,
629.453732,1788180225.323238,MISSION_CURRENT,,185,1,1,1,7,3,1,,,,,,,,,,,,,,,
629.947024,1788180225.816530,MISSION_CURRENT,,214,1,1,1,7,3,1,,,,,,,,,,,,,,,
630.510522,1788180226.380028,MISSION_CURRENT,,242,1,1,1,7,3,1,,,,,,,,,,,,,,,
630.976473,1788180226.845979,MISSION_CURRENT,,15,1,1,1,7,3,1,,,,,,,,,,,,,,,
631.526456,1788180227.395962,MISSION_CURRENT,,44,1,1,1,7,3,1,,,,,,,,,,,,,,,
631.977579,1788180227.847085,MISSION_CURRENT,,73,1,1,1,7,3,1,,,,,,,,,,,,,,,
632.445662,1788180228.315168,MISSION_CURRENT,,101,1,1,1,7,3,1,,,,,,,,,,,,,,,
632.964568,1788180228.834074,MISSION_CURRENT,,130,1,1,1,7,3,1,,,,,,,,,,,,,,,
633.509745,1788180229.379251,MISSION_CURRENT,,158,1,1,1,7,3,1,,,,,,,,,,,,,,,
633.962618,1788180229.832124,MISSION_CURRENT,,187,1,1,1,7,3,1,,,,,,,,,,,,,,,
634.508322,1788180230.377828,MISSION_CURRENT,,215,1,1,1,7,3,1,,,,,,,,,,,,,,,
634.976271,1788180230.845777,MISSION_CURRENT,,245,1,1,1,7,3,1,,,,,,,,,,,,,,,
635.458874,1788180231.328380,MISSION_CURRENT,,17,1,1,1,7,3,1,,,,,,,,,,,,,,,
636.036324,1788180231.905830,MISSION_CURRENT,,46,1,1,1,7,3,1,,,,,,,,,,,,,,,
636.490674,1788180232.360180,MISSION_CURRENT,,74,1,1,1,7,3,1,,,,,,,,,,,,,,,
636.957242,1788180232.826748,MISSION_CURRENT,,103,1,1,1,7,3,1,,,,,,,,,,,,,,,
637.506034,1788180233.375540,MISSION_CURRENT,,131,1,1,1,7,3,1,,,,,,,,,,,,,,,
637.989335,1788180233.858841,MISSION_CURRENT,,160,1,1,1,7,3,1,,,,,,,,,,,,,,,
638.459926,1788180234.329432,MISSION_CURRENT,,188,1,1,1,7,3,1,,,,,,,,,,,,,,,
639.031029,1788180234.900535,MISSION_CURRENT,,217,1,1,1,7,3,1,,,,,,,,,,,,,,,
639.487377,1788180235.356883,MISSION_CURRENT,,245,1,1,1,7,3,1,,,,,,,,,,,,,,,
639.944174,1788180235.813680,MISSION_CURRENT,,18,1,1,1,7,3,1,,,,,,,,,,,,,,,
640.488439,1788180236.357945,MISSION_CURRENT,,46,1,1,1,7,3,1,,,,,,,,,,,,,,,
640.985832,1788180236.855338,MISSION_CURRENT,,75,1,1,1,7,3,1,,,,,,,,,,,,,,,
641.564828,1788180237.434334,MISSION_CURRENT,,104,1,1,1,7,3,1,,,,,,,,,,,,,,,
641.986191,1788180237.855697,MISSION_CURRENT,,133,1,1,1,7,3,1,,,,,,,,,,,,,,,
642.482279,1788180238.351785,MISSION_CURRENT,,161,1,1,1,7,3,1,,,,,,,,,,,,,,,
642.936201,1788180238.805707,MISSION_CURRENT,,190,1,1,1,7,3,1,,,,,,,,,,,,,,,
643.482739,1788180239.352245,MISSION_CURRENT,,218,1,1,1,7,3,1,,,,,,,,,,,,,,,
643.964454,1788180239.833960,MISSION_CURRENT,,247,1,1,1,7,3,1,,,,,,,,,,,,,,,
644.543986,1788180240.413492,MISSION_CURRENT,,19,1,1,1,7,3,1,,,,,,,,,,,,,,,
645.014333,1788180240.883839,MISSION_CURRENT,,48,1,1,1,7,3,1,,,,,,,,,,,,,,,
645.467140,1788180241.336646,MISSION_CURRENT,,76,1,1,1,7,3,1,,,,,,,,,,,,,,,
646.028030,1788180241.897536,MISSION_CURRENT,,105,1,1,1,7,3,1,,,,,,,,,,,,,,,
646.511155,1788180242.380661,MISSION_CURRENT,,133,1,1,1,7,3,1,,,,,,,,,,,,,,,
647.057119,1788180242.926625,MISSION_CURRENT,,162,1,1,1,7,3,1,,,,,,,,,,,,,,,
647.462212,1788180243.331718,MISSION_CURRENT,,190,1,1,1,7,3,1,,,,,,,,,,,,,,,
648.087965,1788180243.957471,MISSION_CURRENT,,219,1,1,1,7,3,1,,,,,,,,,,,,,,,
648.508154,1788180244.377660,MISSION_CURRENT,,250,1,1,1,7,3,1,,,,,,,,,,,,,,,
649.035489,1788180244.904995,MISSION_CURRENT,,24,1,1,1,7,3,1,,,,,,,,,,,,,,,
649.491729,1788180245.361235,MISSION_CURRENT,,52,1,1,1,7,3,1,,,,,,,,,,,,,,,
649.960508,1788180245.830014,MISSION_CURRENT,,81,1,1,1,7,3,1,,,,,,,,,,,,,,,
650.524082,1788180246.393588,MISSION_CURRENT,,109,1,1,1,7,3,1,,,,,,,,,,,,,,,
650.989302,1788180246.858808,MISSION_CURRENT,,138,1,1,1,7,3,1,,,,,,,,,,,,,,,
651.459072,1788180247.328578,MISSION_CURRENT,,167,1,1,1,7,3,1,,,,,,,,,,,,,,,
652.002343,1788180247.871849,MISSION_CURRENT,,196,1,1,1,7,3,1,,,,,,,,,,,,,,,
652.452020,1788180248.321526,MISSION_CURRENT,,224,1,1,1,7,3,1,,,,,,,,,,,,,,,
652.951651,1788180248.821157,MISSION_CURRENT,,253,1,1,1,7,3,1,,,,,,,,,,,,,,,
653.515131,1788180249.384637,MISSION_CURRENT,,25,1,1,1,7,3,1,,,,,,,,,,,,,,,
653.987693,1788180249.857199,MISSION_CURRENT,,54,1,1,1,7,3,1,,,,,,,,,,,,,,,
654.445248,1788180250.314754,MISSION_CURRENT,,82,1,1,1,7,3,1,,,,,,,,,,,,,,,
654.983336,1788180250.852842,MISSION_CURRENT,,111,1,1,1,7,3,1,,,,,,,,,,,,,,,
655.451561,1788180251.321067,MISSION_CURRENT,,139,1,1,1,7,3,1,,,,,,,,,,,,,,,
655.968643,1788180251.838149,MISSION_CURRENT,,168,1,1,1,7,3,1,,,,,,,,,,,,,,,
656.515032,1788180252.384538,MISSION_CURRENT,,196,1,1,1,7,3,1,,,,,,,,,,,,,,,
656.966417,1788180252.835923,MISSION_CURRENT,,225,1,1,1,7,3,1,,,,,,,,,,,,,,,
657.514743,1788180253.384249,MISSION_CURRENT,,253,1,1,1,7,3,1,,,,,,,,,,,,,,,
657.984459,1788180253.853965,MISSION_CURRENT,,26,1,1,1,7,3,1,,,,,,,,,,,,,,,
658.433398,1788180254.302904,MISSION_CURRENT,,54,1,1,1,7,3,1,,,,,,,,,,,,,,,
658.963422,1788180254.832928,MISSION_CURRENT,,83,1,1,1,7,3,1,,,,,,,,,,,,,,,
659.508809,1788180255.378315,MISSION_CURRENT,,111,1,1,1,7,3,1,,,,,,,,,,,,,,,
659.973716,1788180255.843222,MISSION_CURRENT,,140,1,1,1,7,3,1,,,,,,,,,,,,,,,
660.547205,1788180256.416711,MISSION_CURRENT,,168,1,1,1,7,3,1,,,,,,,,,,,,,,,
660.968354,1788180256.837860,MISSION_CURRENT,,197,1,1,1,7,3,1,,,,,,,,,,,,,,,
661.468117,1788180257.337623,MISSION_CURRENT,,226,1,1,1,7,3,1,,,,,,,,,,,,,,,
661.966197,1788180257.835703,MISSION_CURRENT,,255,1,1,1,7,3,1,,,,,,,,,,,,,,,
662.495188,1788180258.364694,MISSION_CURRENT,,27,1,1,1,7,3,1,,,,,,,,,,,,,,,
662.962769,1788180258.832275,MISSION_CURRENT,,56,1,1,1,7,3,1,,,,,,,,,,,,,,,
663.496421,1788180259.365927,MISSION_CURRENT,,84,1,1,1,7,3,1,,,,,,,,,,,,,,,
663.962973,1788180259.832479,MISSION_CURRENT,,113,1,1,1,7,3,1,,,,,,,,,,,,,,,
664.512317,1788180260.381823,MISSION_CURRENT,,141,1,1,1,7,3,1,,,,,,,,,,,,,,,
665.009037,1788180260.878543,MISSION_CURRENT,,170,1,1,1,7,3,1,,,,,,,,,,,,,,,
665.488336,1788180261.357842,MISSION_CURRENT,,198,1,1,1,7,3,1,,,,,,,,,,,,,,,
666.034407,1788180261.903913,MISSION_CURRENT,,228,1,1,1,7,3,1,,,,,,,,,,,,,,,
666.517079,1788180262.386585,MISSION_CURRENT,,0,1,1,1,7,3,1,,,,,,,,,,,,,,,
666.954844,1788180262.824350,MISSION_CURRENT,,29,1,1,1,7,3,1,,,,,,,,,,,,,,,
667.437336,1788180263.306842,MISSION_CURRENT,,57,1,1,1,7,3,1,,,,,,,,,,,,,,,
668.018180,1788180263.887686,MISSION_CURRENT,,86,1,1,1,7,3,1,,,,,,,,,,,,,,,
668.471591,1788180264.341097,MISSION_CURRENT,,114,1,1,1,7,3,1,,,,,,,,,,,,,,,
668.938321,1788180264.807827,MISSION_CURRENT,,143,1,1,1,7,3,1,,,,,,,,,,,,,,,
669.513286,1788180265.382792,MISSION_CURRENT,,171,1,1,1,7,3,1,,,,,,,,,,,,,,,
669.982502,1788180265.852008,MISSION_CURRENT,,200,1,1,1,7,3,1,,,,,,,,,,,,,,,
670.545893,1788180266.415399,MISSION_CURRENT,,228,1,1,1,7,3,1,,,,,,,,,,,,,,,
671.017909,1788180266.887415,MISSION_CURRENT,,1,1,1,1,7,3,1,,,,,,,,,,,,,,,
671.472622,1788180267.342128,MISSION_CURRENT,,30,1,1,1,7,3,1,,,,,,,,,,,,,,,
672.019153,1788180267.888659,MISSION_CURRENT,,59,1,1,1,7,3,1,,,,,,,,,,,,,,,
672.485262,1788180268.354768,MISSION_CURRENT,,87,1,1,1,7,3,1,,,,,,,,,,,,,,,
672.968451,1788180268.837957,MISSION_CURRENT,,116,1,1,1,7,3,1,,,,,,,,,,,,,,,
673.545473,1788180269.414979,MISSION_CURRENT,,144,1,1,1,7,3,1,,,,,,,,,,,,,,,
673.965243,1788180269.834749,MISSION_CURRENT,,173,1,1,1,7,3,1,,,,,,,,,,,,,,,
674.465562,1788180270.335068,MISSION_CURRENT,,201,1,1,1,7,3,1,,,,,,,,,,,,,,,
674.977027,1788180270.846533,MISSION_CURRENT,,230,1,1,1,7,3,1,,,,,,,,,,,,,,,
675.587810,1788180271.457316,MISSION_CURRENT,,2,1,1,1,7,3,1,,,,,,,,,,,,,,,
675.962604,1788180271.832110,MISSION_CURRENT,,31,1,1,1,7,3,1,,,,,,,,,,,,,,,
676.509934,1788180272.379440,MISSION_CURRENT,,59,1,1,1,7,3,1,,,,,,,,,,,,,,,
676.992696,1788180272.862202,MISSION_CURRENT,,88,1,1,1,7,3,1,,,,,,,,,,,,,,,
677.462971,1788180273.332477,MISSION_CURRENT,,116,1,1,1,7,3,1,,,,,,,,,,,,,,,
678.037631,1788180273.907137,MISSION_CURRENT,,145,1,1,1,7,3,1,,,,,,,,,,,,,,,
678.508798,1788180274.378304,MISSION_CURRENT,,173,1,1,1,7,3,1,,,,,,,,,,,,,,,
678.943497,1788180274.813003,MISSION_CURRENT,,202,1,1,1,7,3,1,,,,,,,,,,,,,,,
679.525430,1788180275.394936,MISSION_CURRENT,,230,1,1,1,7,3,1,,,,,,,,,,,,,,,
679.963940,1788180275.833446,MISSION_CURRENT,,3,1,1,1,7,3,1,,,,,,,,,,,,,,,
680.447578,1788180276.317084,MISSION_CURRENT,,31,1,1,1,7,3,1,,,,,,,,,,,,,,,
680.998210,1788180276.867716,MISSION_CURRENT,,60,1,1,1,7,3,1,,,,,,,,,,,,,,,
681.450782,1788180277.320288,MISSION_CURRENT,,89,1,1,1,7,3,1,,,,,,,,,,,,,,,
681.948389,1788180277.817895,MISSION_CURRENT,,118,1,1,1,7,3,1,,,,,,,,,,,,,,,
682.511079,1788180278.380585,MISSION_CURRENT,,146,1,1,1,7,3,1,,,,,,,,,,,,,,,
682.980765,1788180278.850271,MISSION_CURRENT,,175,1,1,1,7,3,1,,,,,,,,,,,,,,,
683.552943,1788180279.422449,MISSION_CURRENT,,203,1,1,1,7,3,1,,,,,,,,,,,,,,,
683.942991,1788180279.812497,MISSION_CURRENT,,232,1,1,1,7,3,1,,,,,,,,,,,,,,,
684.474056,1788180280.343562,MISSION_CURRENT,,4,1,1,1,7,3,1,,,,,,,,,,,,,,,
685.050525,1788180280.920031,MISSION_CURRENT,,33,1,1,1,7,3,1,,,,,,,,,,,,,,,
685.469577,1788180281.339083,MISSION_CURRENT,,61,1,1,1,7,3,1,,,,,,,,,,,,,,,
685.971571,1788180281.841077,MISSION_CURRENT,,90,1,1,1,7,3,1,,,,,,,,,,,,,,,
686.536939,1788180282.406445,MISSION_CURRENT,,119,1,1,1,7,3,1,,,,,,,,,,,,,,,
686.972916,1788180282.842422,MISSION_CURRENT,,151,1,1,1,7,3,1,,,,,,,,,,,,,,,
687.455687,1788180283.325193,MISSION_CURRENT,,179,1,1,1,7,3,1,,,,,,,,,,,,,,,
687.953740,1788180283.823246,MISSION_CURRENT,,208,1,1,1,7,3,1,,,,,,,,,,,,,,,
688.500663,1788180284.370169,MISSION_CURRENT,,236,1,1,1,7,3,1,,,,,,,,,,,,,,,
688.965990,1788180284.835496,MISSION_CURRENT,,9,1,1,1,7,3,1,,,,,,,,,,,,,,,
689.496645,1788180285.366151,MISSION_CURRENT,,37,1,1,1,7,3,1,,,,,,,,,,,,,,,
689.963914,1788180285.833420,MISSION_CURRENT,,66,1,1,1,7,3,1,,,,,,,,,,,,,,,
690.447863,1788180286.317369,MISSION_CURRENT,,94,1,1,1,7,3,1,,,,,,,,,,,,,,,
691.031237,1788180286.900743,MISSION_CURRENT,,123,1,1,1,7,3,1,,,,,,,,,,,,,,,
691.496991,1788180287.366497,MISSION_CURRENT,,152,1,1,1,7,3,1,,,,,,,,,,,,,,,
691.950414,1788180287.819920,MISSION_CURRENT,,181,1,1,1,7,3,1,,,,,,,,,,,,,,,
692.499052,1788180288.368558,MISSION_CURRENT,,209,1,1,1,7,3,1,,,,,,,,,,,,,,,
692.984461,1788180288.853967,MISSION_CURRENT,,238,1,1,1,7,3,1,,,,,,,,,,,,,,,
693.439339,1788180289.308845,MISSION_CURRENT,,10,1,1,1,7,3,1,,,,,,,,,,,,,,,
694.021440,1788180289.890946,MISSION_CURRENT,,40,1,1,1,7,3,1,,,,,,,,,,,,,,,
694.475404,1788180290.344910,MISSION_CURRENT,,68,1,1,1,7,3,1,,,,,,,,,,,,,,,
695.020509,1788180290.890015,MISSION_CURRENT,,97,1,1,1,7,3,1,,,,,,,,,,,,,,,
695.519475,1788180291.388981,MISSION_CURRENT,,125,1,1,1,7,3,1,,,,,,,,,,,,,,,
695.970252,1788180291.839758,MISSION_CURRENT,,154,1,1,1,7,3,1,,,,,,,,,,,,,,,
696.535506,1788180292.405012,MISSION_CURRENT,,182,1,1,1,7,3,1,,,,,,,,,,,,,,,
696.975347,1788180292.844853,MISSION_CURRENT,,212,1,1,1,7,3,1,,,,,,,,,,,,,,,
697.472815,1788180293.342321,MISSION_CURRENT,,240,1,1,1,7,3,1,,,,,,,,,,,,,,,
697.925453,1788180293.794959,MISSION_CURRENT,,13,1,1,1,7,3,1,,,,,,,,,,,,,,,
698.502120,1788180294.371626,MISSION_CURRENT,,41,1,1,1,7,3,1,,,,,,,,,,,,,,,
698.970840,1788180294.840346,MISSION_CURRENT,,70,1,1,1,7,3,1,,,,,,,,,,,,,,,
699.627171,1788180295.496677,MISSION_CURRENT,,98,1,1,1,7,3,1,,,,,,,,,,,,,,,
699.968236,1788180295.837742,MISSION_CURRENT,,127,1,1,1,7,3,1,,,,,,,,,,,,,,,
700.467808,1788180296.337314,MISSION_CURRENT,,155,1,1,1,7,3,1,,,,,,,,,,,,,,,
700.999136,1788180296.868642,MISSION_CURRENT,,184,1,1,1,7,3,1,,,,,,,,,,,,,,,
701.465905,1788180297.335411,MISSION_CURRENT,,213,1,1,1,7,3,1,,,,,,,,,,,,,,,
701.953289,1788180297.822795,MISSION_CURRENT,,242,1,1,1,7,3,1,,,,,,,,,,,,,,,
702.527800,1788180298.397306,MISSION_CURRENT,,14,1,1,1,7,3,1,,,,,,,,,,,,,,,
702.996924,1788180298.866430,MISSION_CURRENT,,43,1,1,1,7,3,1,,,,,,,,,,,,,,,
703.448604,1788180299.318110,MISSION_CURRENT,,71,1,1,1,7,3,1,,,,,,,,,,,,,,,
703.994082,1788180299.863588,MISSION_CURRENT,,100,1,1,1,7,3,1,,,,,,,,,,,,,,,
704.478920,1788180300.348426,MISSION_CURRENT,,129,1,1,1,7,3,1,,,,,,,,,,,,,,,
704.945269,1788180300.814775,MISSION_CURRENT,,158,1,1,1,7,3,1,,,,,,,,,,,,,,,
705.522254,1788180301.391760,MISSION_CURRENT,,186,1,1,1,7,3,1,,,,,,,,,,,,,,,
705.948115,1788180301.817621,MISSION_CURRENT,,215,1,1,1,7,3,1,,,,,,,,,,,,,,,
706.435227,1788180302.304733,MISSION_CURRENT,,243,1,1,1,7,3,1,,,,,,,,,,,,,,,
706.980184,1788180302.849690,MISSION_CURRENT,,16,1,1,1,7,3,1,,,,,,,,,,,,,,,
707.445973,1788180303.315479,MISSION_CURRENT,,44,1,1,1,7,3,1,,,,,,,,,,,,,,,
707.975861,1788180303.845367,MISSION_CURRENT,,73,1,1,1,7,3,1,,,,,,,,,,,,,,,
708.510102,1788180304.379608,MISSION_CURRENT,,101,1,1,1,7,3,1,,,,,,,,,,,,,,,
708.978041,1788180304.847547,MISSION_CURRENT,,130,1,1,1,7,3,1,,,,,,,,,,,,,,,
709.546046,1788180305.415552,MISSION_CURRENT,,158,1,1,1,7,3,1,,,,,,,,,,,,,,,
709.982257,1788180305.851763,MISSION_CURRENT,,187,1,1,1,7,3,1,,,,,,,,,,,,,,,
710.435089,1788180306.304595,MISSION_CURRENT,,215,1,1,1,7,3,1,,,,,,,,,,,,,,,
711.042120,1788180306.911626,MISSION_CURRENT,,244,1,1,1,7,3,1,,,,,,,,,,,,,,,
711.478881,1788180307.348387,MISSION_CURRENT,,17,1,1,1,7,3,1,,,,,,,,,,,,,,,
711.962340,1788180307.831846,MISSION_CURRENT,,46,1,1,1,7,3,1,,,,,,,,,,,,,,,
712.462098,1788180308.331604,MISSION_CURRENT,,74,1,1,1,7,3,1,,,,,,,,,,,,,,,
712.976105,1788180308.845611,MISSION_CURRENT,,103,1,1,1,7,3,1,,,,,,,,,,,,,,,
713.458397,1788180309.327903,MISSION_CURRENT,,131,1,1,1,7,3,1,,,,,,,,,,,,,,,
714.035372,1788180309.904878,MISSION_CURRENT,,160,1,1,1,7,3,1,,,,,,,,,,,,,,,
714.503825,1788180310.373331,MISSION_CURRENT,,188,1,1,1,7,3,1,,,,,,,,,,,,,,,
714.957223,1788180310.826729,MISSION_CURRENT,,217,1,1,1,7,3,1,,,,,,,,,,,,,,,
715.502197,1788180311.371703,MISSION_CURRENT,,245,1,1,1,7,3,1,,,,,,,,,,,,,,,
715.966399,1788180311.835905,MISSION_CURRENT,,18,1,1,1,7,3,1,,,,,,,,,,,,,,,
716.447829,1788180312.317335,MISSION_CURRENT,,46,1,1,1,7,3,1,,,,,,,,,,,,,,,
717.021070,1788180312.890576,MISSION_CURRENT,,75,1,1,1,7,3,1,,,,,,,,,,,,,,,
717.492175,1788180313.361681,MISSION_CURRENT,,103,1,1,1,7,3,1,,,,,,,,,,,,,,,
717.943661,1788180313.813167,MISSION_CURRENT,,132,1,1,1,7,3,1,,,,,,,,,,,,,,,
718.456044,1788180314.325550,MISSION_CURRENT,,160,1,1,1,7,3,1,,,,,,,,,,,,,,,
718.960169,1788180314.829675,MISSION_CURRENT,,189,1,1,1,7,3,1,,,,,,,,,,,,,,,
719.444502,1788180315.314008,MISSION_CURRENT,,217,1,1,1,7,3,1,,,,,,,,,,,,,,,
719.941521,1788180315.811027,MISSION_CURRENT,,246,1,1,1,7,3,1,,,,,,,,,,,,,,,
720.486209,1788180316.355715,MISSION_CURRENT,,18,1,1,1,7,3,1,,,,,,,,,,,,,,,
720.935948,1788180316.805454,MISSION_CURRENT,,47,1,1,1,7,3,1,,,,,,,,,,,,,,,
721.436367,1788180317.305873,MISSION_CURRENT,,76,1,1,1,7,3,1,,,,,,,,,,,,,,,
721.949528,1788180317.819034,MISSION_CURRENT,,105,1,1,1,7,3,1,,,,,,,,,,,,,,,
722.564569,1788180318.434075,MISSION_CURRENT,,133,1,1,1,7,3,1,,,,,,,,,,,,,,,
723.013162,1788180318.882668,MISSION_CURRENT,,162,1,1,1,7,3,1,,,,,,,,,,,,,,,
723.464837,1788180319.334343,MISSION_CURRENT,,190,1,1,1,7,3,1,,,,,,,,,,,,,,,
724.027733,1788180319.897239,MISSION_CURRENT,,219,1,1,1,7,3,1,,,,,,,,,,,,,,,
724.598162,1788180320.467668,MISSION_CURRENT,,250,1,1,1,7,3,1,,,,,,,,,,,,,,,
724.960327,1788180320.829833,MISSION_CURRENT,,24,1,1,1,7,3,1,,,,,,,,,,,,,,,
725.537193,1788180321.406699,MISSION_CURRENT,,52,1,1,1,7,3,1,,,,,,,,,,,,,,,
726.002652,1788180321.872158,MISSION_CURRENT,,81,1,1,1,7,3,1,,,,,,,,,,,,,,,
726.455638,1788180322.325144,MISSION_CURRENT,,109,1,1,1,7,3,1,,,,,,,,,,,,,,,
727.007717,1788180322.877223,MISSION_CURRENT,,138,1,1,1,7,3,1,,,,,,,,,,,,,,,
727.468757,1788180323.338263,MISSION_CURRENT,,166,1,1,1,7,3,1,,,,,,,,,,,,,,,
727.951247,1788180323.820753,MISSION_CURRENT,,196,1,1,1,7,3,1,,,,,,,,,,,,,,,
728.530958,1788180324.400464,MISSION_CURRENT,,224,1,1,1,7,3,1,,,,,,,,,,,,,,,
728.950883,1788180324.820389,MISSION_CURRENT,,253,1,1,1,7,3,1,,,,,,,,,,,,,,,
729.450579,1788180325.320085,MISSION_CURRENT,,25,1,1,1,7,3,1,,,,,,,,,,,,,,,
729.951889,1788180325.821395,MISSION_CURRENT,,54,1,1,1,7,3,1,,,,,,,,,,,,,,,
730.450546,1788180326.320052,MISSION_CURRENT,,82,1,1,1,7,3,1,,,,,,,,,,,,,,,
730.946307,1788180326.815813,MISSION_CURRENT,,111,1,1,1,7,3,1,,,,,,,,,,,,,,,
731.527526,1788180327.397032,MISSION_CURRENT,,140,1,1,1,7,3,1,,,,,,,,,,,,,,,
731.979436,1788180327.848942,MISSION_CURRENT,,169,1,1,1,7,3,1,,,,,,,,,,,,,,,
732.448471,1788180328.317977,MISSION_CURRENT,,197,1,1,1,7,3,1,,,,,,,,,,,,,,,
732.994842,1788180328.864348,MISSION_CURRENT,,226,1,1,1,7,3,1,,,,,,,,,,,,,,,
733.477291,1788180329.346797,MISSION_CURRENT,,254,1,1,1,7,3,1,,,,,,,,,,,,,,,
733.932637,1788180329.802143,MISSION_CURRENT,,27,1,1,1,7,3,1,,,,,,,,,,,,,,,
734.507073,1788180330.376579,MISSION_CURRENT,,55,1,1,1,7,3,1,,,,,,,,,,,,,,,
734.973450,1788180330.842956,MISSION_CURRENT,,84,1,1,1,7,3,1,,,,,,,,,,,,,,,
735.547822,1788180331.417328,MISSION_CURRENT,,112,1,1,1,7,3,1,,,,,,,,,,,,,,,
735.972813,1788180331.842319,MISSION_CURRENT,,141,1,1,1,7,3,1,,,,,,,,,,,,,,,
736.471527,1788180332.341033,MISSION_CURRENT,,169,1,1,1,7,3,1,,,,,,,,,,,,,,,
736.924094,1788180332.793600,MISSION_CURRENT,,198,1,1,1,7,3,1,,,,,,,,,,,,,,,
737.501154,1788180333.370660,MISSION_CURRENT,,226,1,1,1,7,3,1,,,,,,,,,,,,,,,
737.970987,1788180333.840493,MISSION_CURRENT,,255,1,1,1,7,3,1,,,,,,,,,,,,,,,
738.501438,1788180334.370944,MISSION_CURRENT,,27,1,1,1,7,3,1,,,,,,,,,,,,,,,
738.965363,1788180334.834869,MISSION_CURRENT,,56,1,1,1,7,3,1,,,,,,,,,,,,,,,
739.463651,1788180335.333157,MISSION_CURRENT,,84,1,1,1,7,3,1,,,,,,,,,,,,,,,
740.039439,1788180335.908945,MISSION_CURRENT,,113,1,1,1,7,3,1,,,,,,,,,,,,,,,
740.491130,1788180336.360636,MISSION_CURRENT,,141,1,1,1,7,3,1,,,,,,,,,,,,,,,
740.947039,1788180336.816545,MISSION_CURRENT,,170,1,1,1,7,3,1,,,,,,,,,,,,,,,
741.460238,1788180337.329744,MISSION_CURRENT,,199,1,1,1,7,3,1,,,,,,,,,,,,,,,
741.958417,1788180337.827923,MISSION_CURRENT,,228,1,1,1,7,3,1,,,,,,,,,,,,,,,
742.442494,1788180338.312000,MISSION_CURRENT,,0,1,1,1,7,3,1,,,,,,,,,,,,,,,
742.939114,1788180338.808620,MISSION_CURRENT,,29,1,1,1,7,3,1,,,,,,,,,,,,,,,
743.532864,1788180339.402370,MISSION_CURRENT,,57,1,1,1,7,3,1,,,,,,,,,,,,,,,
743.938989,1788180339.808495,MISSION_CURRENT,,86,1,1,1,7,3,1,,,,,,,,,,,,,,,
744.623496,1788180340.493002,MISSION_CURRENT,,114,1,1,1,7,3,1,,,,,,,,,,,,,,,
744.951729,1788180340.821235,MISSION_CURRENT,,143,1,1,1,7,3,1,,,,,,,,,,,,,,,
745.434487,1788180341.303993,MISSION_CURRENT,,171,1,1,1,7,3,1,,,,,,,,,,,,,,,
746.011194,1788180341.880700,MISSION_CURRENT,,200,1,1,1,7,3,1,,,,,,,,,,,,,,,
746.476839,1788180342.346345,MISSION_CURRENT,,228,1,1,1,7,3,1,,,,,,,,,,,,,,,
746.928960,1788180342.798466,MISSION_CURRENT,,1,1,1,1,7,3,1,,,,,,,,,,,,,,,
747.439065,1788180343.308571,MISSION_CURRENT,,29,1,1,1,7,3,1,,,,,,,,,,,,,,,
747.937272,1788180343.806778,MISSION_CURRENT,,58,1,1,1,7,3,1,,,,,,,,,,,,,,,
748.543777,1788180344.413283,MISSION_CURRENT,,86,1,1,1,7,3,1,,,,,,,,,,,,,,,
749.012069,1788180344.881575,MISSION_CURRENT,,115,1,1,1,7,3,1,,,,,,,,,,,,,,,
749.464139,1788180345.333645,MISSION_CURRENT,,143,1,1,1,7,3,1,,,,,,,,,,,,,,,
750.013022,1788180345.882528,MISSION_CURRENT,,172,1,1,1,7,3,1,,,,,,,,,,,,,,,
750.464943,1788180346.334449,MISSION_CURRENT,,200,1,1,1,7,3,1,,,,,,,,,,,,,,,
750.930732,1788180346.800238,MISSION_CURRENT,,229,1,1,1,7,3,1,,,,,,,,,,,,,,,
751.510323,1788180347.379829,MISSION_CURRENT,,2,1,1,1,7,3,1,,,,,,,,,,,,,,,
751.992237,1788180347.861743,MISSION_CURRENT,,31,1,1,1,7,3,1,,,,,,,,,,,,,,,
752.462146,1788180348.331652,MISSION_CURRENT,,59,1,1,1,7,3,1,,,,,,,,,,,,,,,
752.959854,1788180348.829360,MISSION_CURRENT,,88,1,1,1,7,3,1,,,,,,,,,,,,,,,
753.458842,1788180349.328348,MISSION_CURRENT,,116,1,1,1,7,3,1,,,,,,,,,,,,,,,
753.957477,1788180349.826983,MISSION_CURRENT,,145,1,1,1,7,3,1,,,,,,,,,,,,,,,
754.534339,1788180350.403845,MISSION_CURRENT,,173,1,1,1,7,3,1,,,,,,,,,,,,,,,
754.988728,1788180350.858234,MISSION_CURRENT,,202,1,1,1,7,3,1,,,,,,,,,,,,,,,
755.442708,1788180351.312214,MISSION_CURRENT,,230,1,1,1,7,3,1,,,,,,,,,,,,,,,
756.020627,1788180351.890133,MISSION_CURRENT,,3,1,1,1,7,3,1,,,,,,,,,,,,,,,
756.484922,1788180352.354428,MISSION_CURRENT,,31,1,1,1,7,3,1,,,,,,,,,,,,,,,
756.942625,1788180352.812131,MISSION_CURRENT,,60,1,1,1,7,3,1,,,,,,,,,,,,,,,
757.520864,1788180353.390370,MISSION_CURRENT,,88,1,1,1,7,3,1,,,,,,,,,,,,,,,
757.986691,1788180353.856197,MISSION_CURRENT,,117,1,1,1,7,3,1,,,,,,,,,,,,,,,
758.439687,1788180354.309193,MISSION_CURRENT,,145,1,1,1,7,3,1,,,,,,,,,,,,,,,
758.986157,1788180354.855663,MISSION_CURRENT,,175,1,1,1,7,3,1,,,,,,,,,,,,,,,
759.452342,1788180355.321848,MISSION_CURRENT,,203,1,1,1,7,3,1,,,,,,,,,,,,,,,
759.939143,1788180355.808649,MISSION_CURRENT,,232,1,1,1,7,3,1,,,,,,,,,,,,,,,
760.514707,1788180356.384213,MISSION_CURRENT,,4,1,1,1,7,3,1,,,,,,,,,,,,,,,
760.970186,1788180356.839692,MISSION_CURRENT,,33,1,1,1,7,3,1,,,,,,,,,,,,,,,
761.472903,1788180357.342409,MISSION_CURRENT,,62,1,1,1,7,3,1,,,,,,,,,,,,,,,
761.973232,1788180357.842738,MISSION_CURRENT,,91,1,1,1,7,3,1,,,,,,,,,,,,,,,
762.471480,1788180358.340986,MISSION_CURRENT,,122,1,1,1,7,3,1,,,,,,,,,,,,,,,
763.035353,1788180358.904859,MISSION_CURRENT,,151,1,1,1,7,3,1,,,,,,,,,,,,,,,
763.471863,1788180359.341369,MISSION_CURRENT,,179,1,1,1,7,3,1,,,,,,,,,,,,,,,
764.001102,1788180359.870608,MISSION_CURRENT,,208,1,1,1,7,3,1,,,,,,,,,,,,,,,
764.469244,1788180360.338750,MISSION_CURRENT,,237,1,1,1,7,3,1,,,,,,,,,,,,,,,
764.966631,1788180360.836137,MISSION_CURRENT,,10,1,1,1,7,3,1,,,,,,,,,,,,,,,
765.420074,1788180361.289580,MISSION_CURRENT,,38,1,1,1,7,3,1,,,,,,,,,,,,,,,
766.153144,1788180362.022650,MISSION_CURRENT,,67,1,1,1,7,3,1,,,,,,,,,,,,,,,
766.572171,1788180362.441677,MISSION_CURRENT,,96,1,1,1,7,3,1,,,,,,,,,,,,,,,
766.945095,1788180362.814601,MISSION_CURRENT,,125,1,1,1,7,3,1,,,,,,,,,,,,,,,
767.492580,1788180363.362086,MISSION_CURRENT,,153,1,1,1,7,3,1,,,,,,,,,,,,,,,
767.962021,1788180363.831527,MISSION_CURRENT,,182,1,1,1,7,3,1,,,,,,,,,,,,,,,
768.442383,1788180364.311889,MISSION_CURRENT,,211,1,1,1,7,3,1,,,,,,,,,,,,,,,
769.021483,1788180364.890989,MISSION_CURRENT,,241,1,1,1,7,3,1,,,,,,,,,,,,,,,
769.474497,1788180365.344003,MISSION_CURRENT,,13,1,1,1,7,3,1,,,,,,,,,,,,,,,
769.941824,1788180365.811330,MISSION_CURRENT,,42,1,1,1,7,3,1,,,,,,,,,,,,,,,
770.487780,1788180366.357286,MISSION_CURRENT,,70,1,1,1,7,3,1,,,,,,,,,,,,,,,
770.972197,1788180366.841703,MISSION_CURRENT,,99,1,1,1,7,3,1,,,,,,,,,,,,,,,
771.438363,1788180367.307869,MISSION_CURRENT,,128,1,1,1,7,3,1,,,,,,,,,,,,,,,
772.014096,1788180367.883602,MISSION_CURRENT,,157,1,1,1,7,3,1,,,,,,,,,,,,,,,
772.466298,1788180368.335804,MISSION_CURRENT,,185,1,1,1,7,3,1,,,,,,,,,,,,,,,
772.934804,1788180368.804310,MISSION_CURRENT,,214,1,1,1,7,3,1,,,,,,,,,,,,,,,
773.482124,1788180369.351630,MISSION_CURRENT,,242,1,1,1,7,3,1,,,,,,,,,,,,,,,
773.935156,1788180369.804662,MISSION_CURRENT,,15,1,1,1,7,3,1,,,,,,,,,,,,,,,
774.437658,1788180370.307164,MISSION_CURRENT,,43,1,1,1,7,3,1,,,,,,,,,,,,,,,
774.999424,1788180370.868930,MISSION_CURRENT,,72,1,1,1,7,3,1,,,,,,,,,,,,,,,
775.466689,1788180371.336195,MISSION_CURRENT,,100,1,1,1,7,3,1,,,,,,,,,,,,,,,
776.014125,1788180371.883631,MISSION_CURRENT,,129,1,1,1,7,3,1,,,,,,,,,,,,,,,
776.465575,1788180372.335081,MISSION_CURRENT,,157,1,1,1,7,3,1,,,,,,,,,,,,,,,
776.965272,1788180372.834778,MISSION_CURRENT,,186,1,1,1,7,3,1,,,,,,,,,,,,,,,
777.542834,1788180373.412340,MISSION_CURRENT,,214,1,1,1,7,3,1,,,,,,,,,,,,,,,
777.994878,1788180373.864384,MISSION_CURRENT,,243,1,1,1,7,3,1,,,,,,,,,,,,,,,
778.462871,1788180374.332377,MISSION_CURRENT,,15,1,1,1,7,3,1,,,,,,,,,,,,,,,
778.914229,1788180374.783735,MISSION_CURRENT,,44,1,1,1,7,3,1,,,,,,,,,,,,,,,
779.458854,1788180375.328360,MISSION_CURRENT,,72,1,1,1,7,3,1,,,,,,,,,,,,,,,
779.959602,1788180375.829108,MISSION_CURRENT,,101,1,1,1,7,3,1,,,,,,,,,,,,,,,
780.522385,1788180376.391891,MISSION_CURRENT,,129,1,1,1,7,3,1,,,,,,,,,,,,,,,
780.989052,1788180376.858558,MISSION_CURRENT,,158,1,1,1,7,3,1,,,,,,,,,,,,,,,
781.456752,1788180377.326258,MISSION_CURRENT,,187,1,1,1,7,3,1,,,,,,,,,,,,,,,
781.987948,1788180377.857454,MISSION_CURRENT,,216,1,1,1,7,3,1,,,,,,,,,,,,,,,
782.456518,1788180378.326024,MISSION_CURRENT,,244,1,1,1,7,3,1,,,,,,,,,,,,,,,
782.941820,1788180378.811326,MISSION_CURRENT,,17,1,1,1,7,3,1,,,,,,,,,,,,,,,
783.488311,1788180379.357817,MISSION_CURRENT,,45,1,1,1,7,3,1,,,,,,,,,,,,,,,
783.973972,1788180379.843478,MISSION_CURRENT,,74,1,1,1,7,3,1,,,,,,,,,,,,,,,
784.440735,1788180380.310241,MISSION_CURRENT,,102,1,1,1,7,3,1,,,,,,,,,,,,,,,
784.939366,1788180380.808872,MISSION_CURRENT,,131,1,1,1,7,3,1,,,,,,,,,,,,,,,
785.441431,1788180381.310937,MISSION_CURRENT,,159,1,1,1,7,3,1,,,,,,,,,,,,,,,
785.971150,1788180381.840656,MISSION_CURRENT,,188,1,1,1,7,3,1,,,,,,,,,,,,,,,
786.515242,1788180382.384748,MISSION_CURRENT,,216,1,1,1,7,3,1,,,,,,,,,,,,,,,
786.967201,1788180382.836707,MISSION_CURRENT,,245,1,1,1,7,3,1,,,,,,,,,,,,,,,
787.432447,1788180383.301953,MISSION_CURRENT,,17,1,1,1,7,3,1,,,,,,,,,,,,,,,
787.978853,1788180383.848359,MISSION_CURRENT,,46,1,1,1,7,3,1,,,,,,,,,,,,,,,
788.434915,1788180384.304421,MISSION_CURRENT,,74,1,1,1,7,3,1,,,,,,,,,,,,,,,
788.962209,1788180384.831715,MISSION_CURRENT,,103,1,1,1,7,3,1,,,,,,,,,,,,,,,
789.506757,1788180385.376263,MISSION_CURRENT,,131,1,1,1,7,3,1,,,,,,,,,,,,,,,
789.961857,1788180385.831363,MISSION_CURRENT,,161,1,1,1,7,3,1,,,,,,,,,,,,,,,
790.458766,1788180386.328272,MISSION_CURRENT,,189,1,1,1,7,3,1,,,,,,,,,,,,,,,
790.962630,1788180386.832136,MISSION_CURRENT,,218,1,1,1,7,3,1,,,,,,,,,,,,,,,
791.462655,1788180387.332161,MISSION_CURRENT,,247,1,1,1,7,3,1,,,,,,,,,,,,,,,
792.039625,1788180387.909131,MISSION_CURRENT,,20,1,1,1,7,3,1,,,,,,,,,,,,,,,
792.494289,1788180388.363795,MISSION_CURRENT,,48,1,1,1,7,3,1,,,,,,,,,,,,,,,
792.964234,1788180388.833740,MISSION_CURRENT,,77,1,1,1,7,3,1,,,,,,,,,,,,,,,
793.522554,1788180389.392060,MISSION_CURRENT,,105,1,1,1,7,3,1,,,,,,,,,,,,,,,
793.959562,1788180389.829068,MISSION_CURRENT,,134,1,1,1,7,3,1,,,,,,,,,,,,,,,
794.444980,1788180390.314486,MISSION_CURRENT,,162,1,1,1,7,3,1,,,,,,,,,,,,,,,
795.022156,1788180390.891662,MISSION_CURRENT,,191,1,1,1,7,3,1,,,,,,,,,,,,,,,
795.491237,1788180391.360743,MISSION_CURRENT,,219,1,1,1,7,3,1,,,,,,,,,,,,,,,
795.946387,1788180391.815893,MISSION_CURRENT,,248,1,1,1,7,3,1,,,,,,,,,,,,,,,
796.494616,1788180392.364122,MISSION_CURRENT,,20,1,1,1,7,3,1,,,,,,,,,,,,,,,
796.965002,1788180392.834508,MISSION_CURRENT,,49,1,1,1,7,3,1,,,,,,,,,,,,,,,
797.446320,1788180393.315826,MISSION_CURRENT,,77,1,1,1,7,3,1,,,,,,,,,,,,,,,
798.009705,1788180393.879211,MISSION_CURRENT,,106,1,1,1,7,3,1,,,,,,,,,,,,,,,
798.478186,1788180394.347692,MISSION_CURRENT,,134,1,1,1,7,3,1,,,,,,,,,,,,,,,
798.929658,1788180394.799164,MISSION_CURRENT,,163,1,1,1,7,3,1,,,,,,,,,,,,,,,
799.518039,1788180395.387545,MISSION_CURRENT,,191,1,1,1,7,3,1,,,,,,,,,,,,,,,
799.974036,1788180395.843542,MISSION_CURRENT,,220,1,1,1,7,3,1,,,,,,,,,,,,,,,
800.427746,1788180396.297252,MISSION_CURRENT,,251,1,1,1,7,3,1,,,,,,,,,,,,,,,
801.001144,1788180396.870650,MISSION_CURRENT,,25,1,1,1,7,3,1,,,,,,,,,,,,,,,
801.469426,1788180397.338932,MISSION_CURRENT,,54,1,1,1,7,3,1,,,,,,,,,,,,,,,
801.921351,1788180397.790857,MISSION_CURRENT,,83,1,1,1,7,3,1,,,,,,,,,,,,,,,
802.423781,1788180398.293287,MISSION_CURRENT,,111,1,1,1,7,3,1,,,,,,,,,,,,,,,
802.936897,1788180398.806403,MISSION_CURRENT,,140,1,1,1,7,3,1,,,,,,,,,,,,,,,
803.543913,1788180399.413419,MISSION_CURRENT,,168,1,1,1,7,3,1,,,,,,,,,,,,,,,
803.996274,1788180399.865780,MISSION_CURRENT,,197,1,1,1,7,3,1,,,,,,,,,,,,,,,
804.462981,1788180400.332487,MISSION_CURRENT,,225,1,1,1,7,3,1,,,,,,,,,,,,,,,
804.963442,1788180400.832948,MISSION_CURRENT,,254,1,1,1,7,3,1,,,,,,,,,,,,,,,
805.464534,1788180401.334040,MISSION_CURRENT,,26,1,1,1,7,3,1,,,,,,,,,,,,,,,
805.962671,1788180401.832177,MISSION_CURRENT,,55,1,1,1,7,3,1,,,,,,,,,,,,,,,
806.539409,1788180402.408915,MISSION_CURRENT,,83,1,1,1,7,3,1,,,,,,,,,,,,,,,
806.991559,1788180402.861065,MISSION_CURRENT,,112,1,1,1,7,3,1,,,,,,,,,,,,,,,
807.458202,1788180403.327708,MISSION_CURRENT,,140,1,1,1,7,3,1,,,,,,,,,,,,,,,
808.022865,1788180403.892371,MISSION_CURRENT,,169,1,1,1,7,3,1,,,,,,,,,,,,,,,
808.489326,1788180404.358832,MISSION_CURRENT,,197,1,1,1,7,3,1,,,,,,,,,,,,,,,
808.943698,1788180404.813204,MISSION_CURRENT,,226,1,1,1,7,3,1,,,,,,,,,,,,,,,
809.508791,1788180405.378297,MISSION_CURRENT,,254,1,1,1,7,3,1,,,,,,,,,,,,,,,
809.976021,1788180405.845527,MISSION_CURRENT,,27,1,1,1,7,3,1,,,,,,,,,,,,,,,
810.443540,1788180406.313046,MISSION_CURRENT,,55,1,1,1,7,3,1,,,,,,,,,,,,,,,
810.989813,1788180406.859319,MISSION_CURRENT,,84,1,1,1,7,3,1,,,,,,,,,,,,,,,
811.456183,1788180407.325689,MISSION_CURRENT,,113,1,1,1,7,3,1,,,,,,,,,,,,,,,
811.937803,1788180407.807309,MISSION_CURRENT,,142,1,1,1,7,3,1,,,,,,,,,,,,,,,
812.516901,1788180408.386407,MISSION_CURRENT,,170,1,1,1,7,3,1,,,,,,,,,,,,,,,
812.980279,1788180408.849785,MISSION_CURRENT,,199,1,1,1,7,3,1,,,,,,,,,,,,,,,
813.434141,1788180409.303647,MISSION_CURRENT,,227,1,1,1,7,3,1,,,,,,,,,,,,,,,
813.934156,1788180409.803662,MISSION_CURRENT,,0,1,1,1,7,3,1,,,,,,,,,,,,,,,
814.433217,1788180410.302723,MISSION_CURRENT,,28,1,1,1,7,3,1,,,,,,,,,,,,,,,
814.916214,1788180410.785720,MISSION_CURRENT,,57,1,1,1,7,3,1,,,,,,,,,,,,,,,
815.505992,1788180411.375498,MISSION_CURRENT,,85,1,1,1,7,3,1,,,,,,,,,,,,,,,
815.960793,1788180411.830299,MISSION_CURRENT,,114,1,1,1,7,3,1,,,,,,,,,,,,,,,
816.429540,1788180412.299046,MISSION_CURRENT,,142,1,1,1,7,3,1,,,,,,,,,,,,,,,
817.003581,1788180412.873087,MISSION_CURRENT,,171,1,1,1,7,3,1,,,,,,,,,,,,,,,
817.467232,1788180413.336738,MISSION_CURRENT,,199,1,1,1,7,3,1,,,,,,,,,,,,,,,
818.032076,1788180413.901582,MISSION_CURRENT,,228,1,1,1,7,3,1,,,,,,,,,,,,,,,
818.497548,1788180414.367054,MISSION_CURRENT,,0,1,1,1,7,3,1,,,,,,,,,,,,,,,
818.965146,1788180414.834652,MISSION_CURRENT,,29,1,1,1,7,3,1,,,,,,,,,,,,,,,
819.557996,1788180415.427502,MISSION_CURRENT,,57,1,1,1,7,3,1,,,,,,,,,,,,,,,
819.963184,1788180415.832690,MISSION_CURRENT,,86,1,1,1,7,3,1,,,,,,,,,,,,,,,
820.419633,1788180416.289139,MISSION_CURRENT,,114,1,1,1,7,3,1,,,,,,,,,,,,,,,
820.946711,1788180416.816217,MISSION_CURRENT,,144,1,1,1,7,3,1,,,,,,,,,,,,,,,
821.493958,1788180417.363464,MISSION_CURRENT,,173,1,1,1,7,3,1,,,,,,,,,,,,,,,
821.947553,1788180417.817059,MISSION_CURRENT,,202,1,1,1,7,3,1,,,,,,,,,,,,,,,
822.446040,1788180418.315546,MISSION_CURRENT,,230,1,1,1,7,3,1,,,,,,,,,,,,,,,
822.986671,1788180418.856177,MISSION_CURRENT,,3,1,1,1,7,3,1,,,,,,,,,,,,,,,
823.446252,1788180419.315758,MISSION_CURRENT,,31,1,1,1,7,3,1,,,,,,,,,,,,,,,
824.018869,1788180419.888375,MISSION_CURRENT,,60,1,1,1,7,3,1,,,,,,,,,,,,,,,
824.488101,1788180420.357607,MISSION_CURRENT,,88,1,1,1,7,3,1,,,,,,,,,,,,,,,
824.940580,1788180420.810086,MISSION_CURRENT,,117,1,1,1,7,3,1,,,,,,,,,,,,,,,
825.487802,1788180421.357308,MISSION_CURRENT,,145,1,1,1,7,3,1,,,,,,,,,,,,,,,
825.968035,1788180421.837541,MISSION_CURRENT,,174,1,1,1,7,3,1,,,,,,,,,,,,,,,
826.442552,1788180422.312058,MISSION_CURRENT,,202,1,1,1,7,3,1,,,,,,,,,,,,,,,
826.934175,1788180422.803681,MISSION_CURRENT,,231,1,1,1,7,3,1,,,,,,,,,,,,,,,
827.465277,1788180423.334783,MISSION_CURRENT,,3,1,1,1,7,3,1,,,,,,,,,,,,,,,
827.935003,1788180423.804509,MISSION_CURRENT,,32,1,1,1,7,3,1,,,,,,,,,,,,,,,
828.478917,1788180424.348423,MISSION_CURRENT,,60,1,1,1,7,3,1,,,,,,,,,,,,,,,
828.963432,1788180424.832938,MISSION_CURRENT,,89,1,1,1,7,3,1,,,,,,,,,,,,,,,
829.433329,1788180425.302835,MISSION_CURRENT,,117,1,1,1,7,3,1,,,,,,,,,,,,,,,
829.996555,1788180425.866061,MISSION_CURRENT,,146,1,1,1,7,3,1,,,,,,,,,,,,,,,
830.468237,1788180426.337743,MISSION_CURRENT,,174,1,1,1,7,3,1,,,,,,,,,,,,,,,
830.923421,1788180426.792927,MISSION_CURRENT,,203,1,1,1,7,3,1,,,,,,,,,,,,,,,
831.472440,1788180427.341946,MISSION_CURRENT,,232,1,1,1,7,3,1,,,,,,,,,,,,,,,
831.923210,1788180427.792716,MISSION_CURRENT,,5,1,1,1,7,3,1,,,,,,,,,,,,,,,
832.533359,1788180428.402865,MISSION_CURRENT,,33,1,1,1,7,3,1,,,,,,,,,,,,,,,
832.956407,1788180428.825913,MISSION_CURRENT,,62,1,1,1,7,3,1,,,,,,,,,,,,,,,
833.454510,1788180429.324016,MISSION_CURRENT,,90,1,1,1,7,3,1,,,,,,,,,,,,,,,
834.002680,1788180429.872186,MISSION_CURRENT,,119,1,1,1,7,3,1,,,,,,,,,,,,,,,
834.484064,1788180430.353570,MISSION_CURRENT,,147,1,1,1,7,3,1,,,,,,,,,,,,,,,
834.951320,1788180430.820826,MISSION_CURRENT,,176,1,1,1,7,3,1,,,,,,,,,,,,,,,
835.528176,1788180431.397682,MISSION_CURRENT,,204,1,1,1,7,3,1,,,,,,,,,,,,,,,
835.983135,1788180431.852641,MISSION_CURRENT,,233,1,1,1,7,3,1,,,,,,,,,,,,,,,
836.450484,1788180432.319990,MISSION_CURRENT,,5,1,1,1,7,3,1,,,,,,,,,,,,,,,
836.983871,1788180432.853377,MISSION_CURRENT,,34,1,1,1,7,3,1,,,,,,,,,,,,,,,
837.452718,1788180433.322224,MISSION_CURRENT,,62,1,1,1,7,3,1,,,,,,,,,,,,,,,
837.935185,1788180433.804691,MISSION_CURRENT,,91,1,1,1,7,3,1,,,,,,,,,,,,,,,
838.514050,1788180434.383556,MISSION_CURRENT,,119,1,1,1,7,3,1,,,,,,,,,,,,,,,
839.059601,1788180434.929107,MISSION_CURRENT,,151,1,1,1,7,3,1,,,,,,,,,,,,,,,
839.480588,1788180435.350094,MISSION_CURRENT,,180,1,1,1,7,3,1,,,,,,,,,,,,,,,
840.011980,1788180435.881486,MISSION_CURRENT,,209,1,1,1,7,3,1,,,,,,,,,,,,,,,
840.435532,1788180436.305038,MISSION_CURRENT,,237,1,1,1,7,3,1,,,,,,,,,,,,,,,
840.930520,1788180436.800026,MISSION_CURRENT,,10,1,1,1,7,3,1,,,,,,,,,,,,,,,
841.510460,1788180437.379966,MISSION_CURRENT,,39,1,1,1,7,3,1,,,,,,,,,,,,,,,
841.963375,1788180437.832881,MISSION_CURRENT,,68,1,1,1,7,3,1,,,,,,,,,,,,,,,
842.511113,1788180438.380619,MISSION_CURRENT,,96,1,1,1,7,3,1,,,,,,,,,,,,,,,
842.963259,1788180438.832765,MISSION_CURRENT,,125,1,1,1,7,3,1,,,,,,,,,,,,,,,
843.446177,1788180439.315683,MISSION_CURRENT,,153,1,1,1,7,3,1,,,,,,,,,,,,,,,
843.950123,1788180439.819629,MISSION_CURRENT,,182,1,1,1,7,3,1,,,,,,,,,,,,,,,
844.493450,1788180440.362956,MISSION_CURRENT,,210,1,1,1,7,3,1,,,,,,,,,,,,,,,
844.963378,1788180440.832884,MISSION_CURRENT,,239,1,1,1,7,3,1,,,,,,,,,,,,,,,
845.538605,1788180441.408111,MISSION_CURRENT,,11,1,1,1,7,3,1,,,,,,,,,,,,,,,
845.993131,1788180441.862637,MISSION_CURRENT,,40,1,1,1,7,3,1,,,,,,,,,,,,,,,
846.415007,1788180442.284513,MISSION_CURRENT,,68,1,1,1,7,3,1,,,,,,,,,,,,,,,
847.024835,1788180442.894341,MISSION_CURRENT,,97,1,1,1,7,3,1,,,,,,,,,,,,,,,
847.489770,1788180443.359276,MISSION_CURRENT,,125,1,1,1,7,3,1,,,,,,,,,,,,,,,
847.942120,1788180443.811626,MISSION_CURRENT,,154,1,1,1,7,3,1,,,,,,,,,,,,,,,
848.486590,1788180444.356096,MISSION_CURRENT,,182,1,1,1,7,3,1,,,,,,,,,,,,,,,
848.986145,1788180444.855651,MISSION_CURRENT,,211,1,1,1,7,3,1,,,,,,,,,,,,,,,
849.435701,1788180445.305207,MISSION_CURRENT,,239,1,1,1,7,3,1,,,,,,,,,,,,,,,
850.012903,1788180445.882409,MISSION_CURRENT,,12,1,1,1,7,3,1,,,,,,,,,,,,,,,
850.482569,1788180446.352075,MISSION_CURRENT,,40,1,1,1,7,3,1,,,,,,,,,,,,,,,
851.028402,1788180446.897908,MISSION_CURRENT,,69,1,1,1,7,3,1,,,,,,,,,,,,,,,
851.433711,1788180447.303217,MISSION_CURRENT,,98,1,1,1,7,3,1,,,,,,,,,,,,,,,
851.934468,1788180447.803974,MISSION_CURRENT,,128,1,1,1,7,3,1,,,,,,,,,,,,,,,
852.434475,1788180448.303981,MISSION_CURRENT,,156,1,1,1,7,3,1,,,,,,,,,,,,,,,
853.010779,1788180448.880285,MISSION_CURRENT,,185,1,1,1,7,3,1,,,,,,,,,,,,,,,
853.461968,1788180449.331474,MISSION_CURRENT,,213,1,1,1,7,3,1,,,,,,,,,,,,,,,
853.925930,1788180449.795436,MISSION_CURRENT,,242,1,1,1,7,3,1,,,,,,,,,,,,,,,
854.471784,1788180450.341290,MISSION_CURRENT,,14,1,1,1,7,3,1,,,,,,,,,,,,,,,
854.958148,1788180450.827654,MISSION_CURRENT,,43,1,1,1,7,3,1,,,,,,,,,,,,,,,
855.536299,1788180451.405805,MISSION_CURRENT,,71,1,1,1,7,3,1,,,,,,,,,,,,,,,
855.970204,1788180451.839710,MISSION_CURRENT,,100,1,1,1,7,3,1,,,,,,,,,,,,,,,
856.457785,1788180452.327291,MISSION_CURRENT,,128,1,1,1,7,3,1,,,,,,,,,,,,,,,
856.931571,1788180452.801077,MISSION_CURRENT,,157,1,1,1,7,3,1,,,,,,,,,,,,,,,
857.459482,1788180453.328988,MISSION_CURRENT,,185,1,1,1,7,3,1,,,,,,,,,,,,,,,
857.960297,1788180453.829803,MISSION_CURRENT,,214,1,1,1,7,3,1,,,,,,,,,,,,,,,
858.539236,1788180454.408742,MISSION_CURRENT,,242,1,1,1,7,3,1,,,,,,,,,,,,,,,
858.976099,1788180454.845605,MISSION_CURRENT,,15,1,1,1,7,3,1,,,,,,,,,,,,,,,
859.461747,1788180455.331253,MISSION_CURRENT,,43,1,1,1,7,3,1,,,,,,,,,,,,,,,
860.024983,1788180455.894489,MISSION_CURRENT,,72,1,1,1,7,3,1,,,,,,,,,,,,,,,
860.464513,1788180456.334019,MISSION_CURRENT,,100,1,1,1,7,3,1,,,,,,,,,,,,,,,
860.915080,1788180456.784586,MISSION_CURRENT,,129,1,1,1,7,3,1,,,,,,,,,,,,,,,
861.523074,1788180457.392580,MISSION_CURRENT,,158,1,1,1,7,3,1,,,,,,,,,,,,,,,
861.990459,1788180457.859965,MISSION_CURRENT,,187,1,1,1,7,3,1,,,,,,,,,,,,,,,
862.442085,1788180458.311591,MISSION_CURRENT,,215,1,1,1,7,3,1,,,,,,,,,,,,,,,
862.988412,1788180458.857918,MISSION_CURRENT,,244,1,1,1,7,3,1,,,,,,,,,,,,,,,
863.472140,1788180459.341646,MISSION_CURRENT,,16,1,1,1,7,3,1,,,,,,,,,,,,,,,
863.939199,1788180459.808705,MISSION_CURRENT,,45,1,1,1,7,3,1,,,,,,,,,,,,,,,
864.482919,1788180460.352425,MISSION_CURRENT,,73,1,1,1,7,3,1,,,,,,,,,,,,,,,
864.982198,1788180460.851704,MISSION_CURRENT,,102,1,1,1,7,3,1,,,,,,,,,,,,,,,
865.434931,1788180461.304437,MISSION_CURRENT,,130,1,1,1,7,3,1,,,,,,,,,,,,,,,
865.983006,1788180461.852512,MISSION_CURRENT,,159,1,1,1,7,3,1,,,,,,,,,,,,,,,
866.433259,1788180462.302765,MISSION_CURRENT,,187,1,1,1,7,3,1,,,,,,,,,,,,,,,
866.963398,1788180462.832904,MISSION_CURRENT,,216,1,1,1,7,3,1,,,,,,,,,,,,,,,
867.508131,1788180463.377637,MISSION_CURRENT,,244,1,1,1,7,3,1,,,,,,,,,,,,,,,
867.965956,1788180463.835462,MISSION_CURRENT,,17,1,1,1,7,3,1,,,,,,,,,,,,,,,
868.431044,1788180464.300550,MISSION_CURRENT,,45,1,1,1,7,3,1,,,,,,,,,,,,,,,
868.932425,1788180464.801931,MISSION_CURRENT,,74,1,1,1,7,3,1,,,,,,,,,,,,,,,
869.429764,1788180465.299270,MISSION_CURRENT,,102,1,1,1,7,3,1,,,,,,,,,,,,,,,
870.037786,1788180465.907292,MISSION_CURRENT,,131,1,1,1,7,3,1,,,,,,,,,,,,,,,
870.505779,1788180466.375285,MISSION_CURRENT,,159,1,1,1,7,3,1,,,,,,,,,,,,,,,
870.960090,1788180466.829596,MISSION_CURRENT,,188,1,1,1,7,3,1,,,,,,,,,,,,,,,
871.411858,1788180467.281364,MISSION_CURRENT,,217,1,1,1,7,3,1,,,,,,,,,,,,,,,
871.958226,1788180467.827732,MISSION_CURRENT,,246,1,1,1,7,3,1,,,,,,,,,,,,,,,
872.427883,1788180468.297389,MISSION_CURRENT,,18,1,1,1,7,3,1,,,,,,,,,,,,,,,
873.032078,1788180468.901584,MISSION_CURRENT,,47,1,1,1,7,3,1,,,,,,,,,,,,,,,
873.484598,1788180469.354104,MISSION_CURRENT,,75,1,1,1,7,3,1,,,,,,,,,,,,,,,
873.947082,1788180469.816588,MISSION_CURRENT,,104,1,1,1,7,3,1,,,,,,,,,,,,,,,
874.523934,1788180470.393440,MISSION_CURRENT,,132,1,1,1,7,3,1,,,,,,,,,,,,,,,
874.960740,1788180470.830246,MISSION_CURRENT,,161,1,1,1,7,3,1,,,,,,,,,,,,,,,
875.445607,1788180471.315113,MISSION_CURRENT,,189,1,1,1,7,3,1,,,,,,,,,,,,,,,
875.944104,1788180471.813610,MISSION_CURRENT,,218,1,1,1,7,3,1,,,,,,,,,,,,,,,
876.473069,1788180472.342575,MISSION_CURRENT,,246,1,1,1,7,3,1,,,,,,,,,,,,,,,
876.941871,1788180472.811377,MISSION_CURRENT,,22,1,1,1,7,3,1,,,,,,,,,,,,,,,
877.518436,1788180473.387942,MISSION_CURRENT,,50,1,1,1,7,3,1,,,,,,,,,,,,,,,
877.938728,1788180473.808234,MISSION_CURRENT,,79,1,1,1,7,3,1,,,,,,,,,,,,,,,
878.435396,1788180474.304902,MISSION_CURRENT,,107,1,1,1,7,3,1,,,,,,,,,,,,,,,
879.012082,1788180474.881588,MISSION_CURRENT,,137,1,1,1,7,3,1,,,,,,,,,,,,,,,
879.466445,1788180475.335951,MISSION_CURRENT,,166,1,1,1,7,3,1,,,,,,,,,,,,,,,
879.933934,1788180475.803440,MISSION_CURRENT,,195,1,1,1,7,3,1,,,,,,,,,,,,,,,
880.479261,1788180476.348767,MISSION_CURRENT,,223,1,1,1,7,3,1,,,,,,,,,,,,,,,
880.948123,1788180476.817629,MISSION_CURRENT,,252,1,1,1,7,3,1,,,,,,,,,,,,,,,
881.414116,1788180477.283622,MISSION_CURRENT,,25,1,1,1,7,3,1,,,,,,,,,,,,,,,
881.998854,1788180477.868360,MISSION_CURRENT,,54,1,1,1,7,3,1,,,,,,,,,,,,,,,
882.465640,1788180478.335146,MISSION_CURRENT,,82,1,1,1,7,3,1,,,,,,,,,,,,,,,
882.990393,1788180478.859899,MISSION_CURRENT,,112,1,1,1,7,3,1,,,,,,,,,,,,,,,
883.477458,1788180479.346964,MISSION_CURRENT,,140,1,1,1,7,3,1,,,,,,,,,,,,,,,
883.928563,1788180479.798069,MISSION_CURRENT,,169,1,1,1,7,3,1,,,,,,,,,,,,,,,
884.530561,1788180480.400067,MISSION_CURRENT,,197,1,1,1,7,3,1,,,,,,,,,,,,,,,
885.009554,1788180480.879060,MISSION_CURRENT,,226,1,1,1,7,3,1,,,,,,,,,,,,,,,
885.450071,1788180481.319577,MISSION_CURRENT,,254,1,1,1,7,3,1,,,,,,,,,,,,,,,
885.914362,1788180481.783868,MISSION_CURRENT,,27,1,1,1,7,3,1,,,,,,,,,,,,,,,
886.425935,1788180482.295441,MISSION_CURRENT,,55,1,1,1,7,3,1,,,,,,,,,,,,,,,
886.924198,1788180482.793704,MISSION_CURRENT,,84,1,1,1,7,3,1,,,,,,,,,,,,,,,
887.533933,1788180483.403439,MISSION_CURRENT,,112,1,1,1,7,3,1,,,,,,,,,,,,,,,
887.986502,1788180483.856008,MISSION_CURRENT,,141,1,1,1,7,3,1,,,,,,,,,,,,,,,
888.454927,1788180484.324433,MISSION_CURRENT,,169,1,1,1,7,3,1,,,,,,,,,,,,,,,
889.004558,1788180484.874064,MISSION_CURRENT,,198,1,1,1,7,3,1,,,,,,,,,,,,,,,
889.452843,1788180485.322349,MISSION_CURRENT,,226,1,1,1,7,3,1,,,,,,,,,,,,,,,
889.953675,1788180485.823181,MISSION_CURRENT,,255,1,1,1,7,3,1,,,,,,,,,,,,,,,
890.526131,1788180486.395637,MISSION_CURRENT,,27,1,1,1,7,3,1,,,,,,,,,,,,,,,
890.978628,1788180486.848134,MISSION_CURRENT,,56,1,1,1,7,3,1,,,,,,,,,,,,,,,
891.477886,1788180487.347392,MISSION_CURRENT,,85,1,1,1,7,3,1,,,,,,,,,,,,,,,
891.978193,1788180487.847699,MISSION_CURRENT,,114,1,1,1,7,3,1,,,,,,,,,,,,,,,
892.446465,1788180488.315971,MISSION_CURRENT,,142,1,1,1,7,3,1,,,,,,,,,,,,,,,
892.929729,1788180488.799235,MISSION_CURRENT,,171,1,1,1,7,3,1,,,,,,,,,,,,,,,
893.521132,1788180489.390638,MISSION_CURRENT,,199,1,1,1,7,3,1,,,,,,,,,,,,,,,
893.975586,1788180489.845092,MISSION_CURRENT,,228,1,1,1,7,3,1,,,,,,,,,,,,,,,
894.428835,1788180490.298341,MISSION_CURRENT,,0,1,1,1,7,3,1,,,,,,,,,,,,,,,
894.978338,1788180490.847844,MISSION_CURRENT,,29,1,1,1,7,3,1,,,,,,,,,,,,,,,
895.494386,1788180491.363892,MISSION_CURRENT,,57,1,1,1,7,3,1,,,,,,,,,,,,,,,
895.931307,1788180491.800813,MISSION_CURRENT,,86,1,1,1,7,3,1,,,,,,,,,,,,,,,
896.495213,1788180492.364719,MISSION_CURRENT,,114,1,1,1,7,3,1,,,,,,,,,,,,,,,
896.947200,1788180492.816706,MISSION_CURRENT,,143,1,1,1,7,3,1,,,,,,,,,,,,,,,
897.433110,1788180493.302616,MISSION_CURRENT,,171,1,1,1,7,3,1,,,,,,,,,,,,,,,
897.917708,1788180493.787214,MISSION_CURRENT,,200,1,1,1,7,3,1,,,,,,,,,,,,,,,
898.433363,1788180494.302869,MISSION_CURRENT,,228,1,1,1,7,3,1,,,,,,,,,,,,,,,
899.027204,1788180494.896710,MISSION_CURRENT,,1,1,1,1,7,3,1,,,,,,,,,,,,,,,
899.494262,1788180495.363768,MISSION_CURRENT,,29,1,1,1,7,3,1,,,,,,,,,,,,,,,
899.968892,1788180495.838398,MISSION_CURRENT,,58,1,1,1,7,3,1,,,,,,,,,,,,,,,
900.506188,1788180496.375694,MISSION_CURRENT,,86,1,1,1,7,3,1,,,,,,,,,,,,,,,
900.926797,1788180496.796303,MISSION_CURRENT,,115,1,1,1,7,3,1,,,,,,,,,,,,,,,
901.427534,1788180497.297040,MISSION_CURRENT,,144,1,1,1,7,3,1,,,,,,,,,,,,,,,
902.020737,1788180497.890243,MISSION_CURRENT,,173,1,1,1,7,3,1,,,,,,,,,,,,,,,
902.487235,1788180498.356741,MISSION_CURRENT,,201,1,1,1,7,3,1,,,,,,,,,,,,,,,
902.953352,1788180498.822858,MISSION_CURRENT,,230,1,1,1,7,3,1,,,,,,,,,,,,,,,
903.440962,1788180499.310468,MISSION_CURRENT,,2,1,1,1,7,3,1,,,,,,,,,,,,,,,
903.955018,1788180499.824524,MISSION_CURRENT,,31,1,1,1,7,3,1,,,,,,,,,,,,,,,
904.647871,1788180500.517377,MISSION_CURRENT,,59,1,1,1,7,3,1,,,,,,,,,,,,,,,
905.019657,1788180500.889163,MISSION_CURRENT,,88,1,1,1,7,3,1,,,,,,,,,,,,,,,
905.491292,1788180501.360798,MISSION_CURRENT,,116,1,1,1,7,3,1,,,,,,,,,,,,,,,
905.937347,1788180501.806853,MISSION_CURRENT,,145,1,1,1,7,3,1,,,,,,,,,,,,,,,
906.515355,1788180502.384861,MISSION_CURRENT,,173,1,1,1,7,3,1,,,,,,,,,,,,,,,
906.937683,1788180502.807189,MISSION_CURRENT,,202,1,1,1,7,3,1,,,,,,,,,,,,,,,
907.438357,1788180503.307863,MISSION_CURRENT,,230,1,1,1,7,3,1,,,,,,,,,,,,,,,
908.017474,1788180503.886980,MISSION_CURRENT,,3,1,1,1,7,3,1,,,,,,,,,,,,,,,
908.467503,1788180504.337009,MISSION_CURRENT,,31,1,1,1,7,3,1,,,,,,,,,,,,,,,
908.947907,1788180504.817413,MISSION_CURRENT,,60,1,1,1,7,3,1,,,,,,,,,,,,,,,
909.433652,1788180505.303158,MISSION_CURRENT,,88,1,1,1,7,3,1,,,,,,,,,,,,,,,
910.203492,1788180506.072998,MISSION_CURRENT,,117,1,1,1,7,3,1,,,,,,,,,,,,,,,
910.532824,1788180506.402330,MISSION_CURRENT,,145,1,1,1,7,3,1,,,,,,,,,,,,,,,
911.004142,1788180506.873648,MISSION_CURRENT,,174,1,1,1,7,3,1,,,,,,,,,,,,,,,
911.455057,1788180507.324563,MISSION_CURRENT,,203,1,1,1,7,3,1,,,,,,,,,,,,,,,
912.004140,1788180507.873646,MISSION_CURRENT,,232,1,1,1,7,3,1,,,,,,,,,,,,,,,
912.502799,1788180508.372305,MISSION_CURRENT,,4,1,1,1,7,3,1,,,,,,,,,,,,,,,
912.926228,1788180508.795734,MISSION_CURRENT,,33,1,1,1,7,3,1,,,,,,,,,,,,,,,
913.535324,1788180509.404830,MISSION_CURRENT,,61,1,1,1,7,3,1,,,,,,,,,,,,,,,
913.956363,1788180509.825869,MISSION_CURRENT,,91,1,1,1,7,3,1,,,,,,,,,,,,,,,
914.563418,1788180510.432924,MISSION_CURRENT,,119,1,1,1,7,3,1,,,,,,,,,,,,,,,
915.001348,1788180510.870854,MISSION_CURRENT,,151,1,1,1,7,3,1,,,,,,,,,,,,,,,
915.453106,1788180511.322612,MISSION_CURRENT,,179,1,1,1,7,3,1,,,,,,,,,,,,,,,
915.921467,1788180511.790973,MISSION_CURRENT,,208,1,1,1,7,3,1,,,,,,,,,,,,,,,
916.559490,1788180512.428996,MISSION_CURRENT,,236,1,1,1,7,3,1,,,,,,,,,,,,,,,
916.949638,1788180512.819144,MISSION_CURRENT,,10,1,1,1,7,3,1,,,,,,,,,,,,,,,
917.447438,1788180513.316944,MISSION_CURRENT,,38,1,1,1,7,3,1,,,,,,,,,,,,,,,
918.014211,1788180513.883717,MISSION_CURRENT,,67,1,1,1,7,3,1,,,,,,,,,,,,,,,
918.440504,1788180514.310010,MISSION_CURRENT,,95,1,1,1,7,3,1,,,,,,,,,,,,,,,
918.940075,1788180514.809581,MISSION_CURRENT,,125,1,1,1,7,3,1,,,,,,,,,,,,,,,
919.517851,1788180515.387357,MISSION_CURRENT,,153,1,1,1,7,3,1,,,,,,,,,,,,,,,
919.969853,1788180515.839359,MISSION_CURRENT,,182,1,1,1,7,3,1,,,,,,,,,,,,,,,
920.466044,1788180516.335550,MISSION_CURRENT,,210,1,1,1,7,3,1,,,,,,,,,,,,,,,
920.938955,1788180516.808461,MISSION_CURRENT,,241,1,1,1,7,3,1,,,,,,,,,,,,,,,
921.438957,1788180517.308463,MISSION_CURRENT,,14,1,1,1,7,3,1,,,,,,,,,,,,,,,
921.925985,1788180517.795491,MISSION_CURRENT,,43,1,1,1,7,3,1,,,,,,,,,,,,,,,
922.468217,1788180518.337723,MISSION_CURRENT,,71,1,1,1,7,3,1,,,,,,,,,,,,,,,
922.964170,1788180518.833676,MISSION_CURRENT,,100,1,1,1,7,3,1,,,,,,,,,,,,,,,
923.420677,1788180519.290183,MISSION_CURRENT,,128,1,1,1,7,3,1,,,,,,,,,,,,,,,
923.975423,1788180519.844929,MISSION_CURRENT,,157,1,1,1,7,3,1,,,,,,,,,,,,,,,
924.551098,1788180520.420604,MISSION_CURRENT,,185,1,1,1,7,3,1,,,,,,,,,,,,,,,
925.034324,1788180520.903830,MISSION_CURRENT,,214,1,1,1,7,3,1,,,,,,,,,,,,,,,
925.457275,1788180521.326781,MISSION_CURRENT,,242,1,1,1,7,3,1,,,,,,,,,,,,,,,
925.936625,1788180521.806131,MISSION_CURRENT,,15,1,1,1,7,3,1,,,,,,,,,,,,,,,
926.414495,1788180522.284001,MISSION_CURRENT,,43,1,1,1,7,3,1,,,,,,,,,,,,,,,
926.999434,1788180522.868940,MISSION_CURRENT,,72,1,1,1,7,3,1,,,,,,,,,,,,,,,
927.419973,1788180523.289479,MISSION_CURRENT,,100,1,1,1,7,3,1,,,,,,,,,,,,,,,
928.023078,1788180523.892584,MISSION_CURRENT,,129,1,1,1,7,3,1,,,,,,,,,,,,,,,
928.490126,1788180524.359632,MISSION_CURRENT,,157,1,1,1,7,3,1,,,,,,,,,,,,,,,
928.940496,1788180524.810002,MISSION_CURRENT,,186,1,1,1,7,3,1,,,,,,,,,,,,,,,
929.513777,1788180525.383283,MISSION_CURRENT,,214,1,1,1,7,3,1,,,,,,,,,,,,,,,
929.952615,1788180525.822121,MISSION_CURRENT,,243,1,1,1,7,3,1,,,,,,,,,,,,,,,
930.435219,1788180526.304725,MISSION_CURRENT,,15,1,1,1,7,3,1,,,,,,,,,,,,,,,
931.014011,1788180526.883517,MISSION_CURRENT,,44,1,1,1,7,3,1,,,,,,,,,,,,,,,
931.479910,1788180527.349416,MISSION_CURRENT,,73,1,1,1,7,3,1,,,,,,,,,,,,,,,
931.935917,1788180527.805423,MISSION_CURRENT,,102,1,1,1,7,3,1,,,,,,,,,,,,,,,
932.510565,1788180528.380071,MISSION_CURRENT,,130,1,1,1,7,3,1,,,,,,,,,,,,,,,
932.961882,1788180528.831388,MISSION_CURRENT,,159,1,1,1,7,3,1,,,,,,,,,,,,,,,
933.430593,1788180529.300099,MISSION_CURRENT,,187,1,1,1,7,3,1,,,,,,,,,,,,,,,
934.006206,1788180529.875712,MISSION_CURRENT,,216,1,1,1,7,3,1,,,,,,,,,,,,,,,
934.474089,1788180530.343595,MISSION_CURRENT,,244,1,1,1,7,3,1,,,,,,,,,,,,,,,
934.925973,1788180530.795479,MISSION_CURRENT,,17,1,1,1,7,3,1,,,,,,,,,,,,,,,
935.504330,1788180531.373836,MISSION_CURRENT,,45,1,1,1,7,3,1,,,,,,,,,,,,,,,
935.929340,1788180531.798846,MISSION_CURRENT,,74,1,1,1,7,3,1,,,,,,,,,,,,,,,
936.415814,1788180532.285320,MISSION_CURRENT,,102,1,1,1,7,3,1,,,,,,,,,,,,,,,
936.990970,1788180532.860476,MISSION_CURRENT,,131,1,1,1,7,3,1,,,,,,,,,,,,,,,
937.457789,1788180533.327295,MISSION_CURRENT,,159,1,1,1,7,3,1,,,,,,,,,,,,,,,
937.912582,1788180533.782088,MISSION_CURRENT,,188,1,1,1,7,3,1,,,,,,,,,,,,,,,
938.455640,1788180534.325146,MISSION_CURRENT,,216,1,1,1,7,3,1,,,,,,,,,,,,,,,
938.954476,1788180534.823982,MISSION_CURRENT,,245,1,1,1,7,3,1,,,,,,,,,,,,,,,
939.408204,1788180535.277710,MISSION_CURRENT,,17,1,1,1,7,3,1,,,,,,,,,,,,,,,
939.983382,1788180535.852888,MISSION_CURRENT,,46,1,1,1,7,3,1,,,,,,,,,,,,,,,
940.454357,1788180536.323863,MISSION_CURRENT,,74,1,1,1,7,3,1,,,,,,,,,,,,,,,
941.002771,1788180536.872277,MISSION_CURRENT,,103,1,1,1,7,3,1,,,,,,,,,,,,,,,
941.454582,1788180537.324088,MISSION_CURRENT,,132,1,1,1,7,3,1,,,,,,,,,,,,,,,
941.939274,1788180537.808780,MISSION_CURRENT,,161,1,1,1,7,3,1,,,,,,,,,,,,,,,
942.519461,1788180538.388967,MISSION_CURRENT,,189,1,1,1,7,3,1,,,,,,,,,,,,,,,
942.988426,1788180538.857932,MISSION_CURRENT,,218,1,1,1,7,3,1,,,,,,,,,,,,,,,
943.439240,1788180539.308746,MISSION_CURRENT,,246,1,1,1,7,3,1,,,,,,,,,,,,,,,
943.958893,1788180539.828399,MISSION_CURRENT,,19,1,1,1,7,3,1,,,,,,,,,,,,,,,
944.439802,1788180540.309308,MISSION_CURRENT,,47,1,1,1,7,3,1,,,,,,,,,,,,,,,
944.937598,1788180540.807104,MISSION_CURRENT,,77,1,1,1,7,3,1,,,,,,,,,,,,,,,
945.437450,1788180541.306956,MISSION_CURRENT,,105,1,1,1,7,3,1,,,,,,,,,,,,,,,
945.979391,1788180541.848897,MISSION_CURRENT,,134,1,1,1,7,3,1,,,,,,,,,,,,,,,
946.431953,1788180542.301459,MISSION_CURRENT,,162,1,1,1,7,3,1,,,,,,,,,,,,,,,
946.994925,1788180542.864431,MISSION_CURRENT,,191,1,1,1,7,3,1,,,,,,,,,,,,,,,
947.434144,1788180543.303650,MISSION_CURRENT,,219,1,1,1,7,3,1,,,,,,,,,,,,,,,
947.901833,1788180543.771339,MISSION_CURRENT,,248,1,1,1,7,3,1,,,,,,,,,,,,,,,
948.506412,1788180544.375918,MISSION_CURRENT,,20,1,1,1,7,3,1,,,,,,,,,,,,,,,
948.962064,1788180544.831570,MISSION_CURRENT,,49,1,1,1,7,3,1,,,,,,,,,,,,,,,
949.420945,1788180545.290451,MISSION_CURRENT,,77,1,1,1,7,3,1,,,,,,,,,,,,,,,
949.960814,1788180545.830320,MISSION_CURRENT,,106,1,1,1,7,3,1,,,,,,,,,,,,,,,
950.428971,1788180546.298477,MISSION_CURRENT,,134,1,1,1,7,3,1,,,,,,,,,,,,,,,
950.924896,1788180546.794402,MISSION_CURRENT,,163,1,1,1,7,3,1,,,,,,,,,,,,,,,
951.500105,1788180547.369611,MISSION_CURRENT,,192,1,1,1,7,3,1,,,,,,,,,,,,,,,
951.949286,1788180547.818792,MISSION_CURRENT,,221,1,1,1,7,3,1,,,,,,,,,,,,,,,
952.527562,1788180548.397068,MISSION_CURRENT,,249,1,1,1,7,3,1,,,,,,,,,,,,,,,
953.102782,1788180548.972288,MISSION_CURRENT,,25,1,1,1,7,3,1,,,,,,,,,,,,,,,
953.555638,1788180549.425144,MISSION_CURRENT,,54,1,1,1,7,3,1,,,,,,,,,,,,,,,
953.901853,1788180549.771359,MISSION_CURRENT,,83,1,1,1,7,3,1,,,,,,,,,,,,,,,
954.489299,1788180550.358805,MISSION_CURRENT,,111,1,1,1,7,3,1,,,,,,,,,,,,,,,
954.940588,1788180550.810094,MISSION_CURRENT,,140,1,1,1,7,3,1,,,,,,,,,,,,,,,
955.520342,1788180551.389848,MISSION_CURRENT,,168,1,1,1,7,3,1,,,,,,,,,,,,,,,
955.955213,1788180551.824719,MISSION_CURRENT,,197,1,1,1,7,3,1,,,,,,,,,,,,,,,
956.439909,1788180552.309415,MISSION_CURRENT,,225,1,1,1,7,3,1,,,,,,,,,,,,,,,
957.470964,1788180553.340470,MISSION_CURRENT,,26,1,1,1,7,3,1,,,,,,,,,,,,,,,
957.937018,1788180553.806524,MISSION_CURRENT,,55,1,1,1,7,3,1,,,,,,,,,,,,,,,
958.516261,1788180554.385767,MISSION_CURRENT,,83,1,1,1,7,3,1,,,,,,,,,,,,,,,
958.934289,1788180554.803795,MISSION_CURRENT,,112,1,1,1,7,3,1,,,,,,,,,,,,,,,
959.432258,1788180555.301764,MISSION_CURRENT,,140,1,1,1,7,3,1,,,,,,,,,,,,,,,
960.010131,1788180555.879637,MISSION_CURRENT,,169,1,1,1,7,3,1,,,,,,,,,,,,,,,
960.464168,1788180556.333674,MISSION_CURRENT,,197,1,1,1,7,3,1,,,,,,,,,,,,,,,
960.962014,1788180556.831520,MISSION_CURRENT,,226,1,1,1,7,3,1,,,,,,,,,,,,,,,
961.432097,1788180557.301603,MISSION_CURRENT,,255,1,1,1,7,3,1,,,,,,,,,,,,,,,
961.944945,1788180557.814451,MISSION_CURRENT,,28,1,1,1,7,3,1,,,,,,,,,,,,,,,
962.413666,1788180558.283172,MISSION_CURRENT,,56,1,1,1,7,3,1,,,,,,,,,,,,,,,
962.991204,1788180558.860710,MISSION_CURRENT,,85,1,1,1,7,3,1,,,,,,,,,,,,,,,
963.456910,1788180559.326416,MISSION_CURRENT,,113,1,1,1,7,3,1,,,,,,,,,,,,,,,
963.909965,1788180559.779471,MISSION_CURRENT,,142,1,1,1,7,3,1,,,,,,,,,,,,,,,
964.456943,1788180560.326449,MISSION_CURRENT,,170,1,1,1,7,3,1,,,,,,,,,,,,,,,
964.931459,1788180560.800965,MISSION_CURRENT,,199,1,1,1,7,3,1,,,,,,,,,,,,,,,
965.408506,1788180561.278012,MISSION_CURRENT,,227,1,1,1,7,3,1,,,,,,,,,,,,,,,
965.994398,1788180561.863904,MISSION_CURRENT,,0,1,1,1,7,3,1,,,,,,,,,,,,,,,
966.451375,1788180562.320881,MISSION_CURRENT,,28,1,1,1,7,3,1,,,,,,,,,,,,,,,
967.012828,1788180562.882334,MISSION_CURRENT,,57,1,1,1,7,3,1,,,,,,,,,,,,,,,
967.449637,1788180563.319143,MISSION_CURRENT,,85,1,1,1,7,3,1,,,,,,,,,,,,,,,
967.900333,1788180563.769839,MISSION_CURRENT,,114,1,1,1,7,3,1,,,,,,,,,,,,,,,
968.506920,1788180564.376426,MISSION_CURRENT,,142,1,1,1,7,3,1,,,,,,,,,,,,,,,
968.978499,1788180564.848005,MISSION_CURRENT,,171,1,1,1,7,3,1,,,,,,,,,,,,,,,
969.428964,1788180565.298470,MISSION_CURRENT,,199,1,1,1,7,3,1,,,,,,,,,,,,,,,
969.931782,1788180565.801288,MISSION_CURRENT,,228,1,1,1,7,3,1,,,,,,,,,,,,,,,
970.461448,1788180566.330954,MISSION_CURRENT,,0,1,1,1,7,3,1,,,,,,,,,,,,,,,
970.926879,1788180566.796385,MISSION_CURRENT,,29,1,1,1,7,3,1,,,,,,,,,,,,,,,
971.473915,1788180567.343421,MISSION_CURRENT,,58,1,1,1,7,3,1,,,,,,,,,,,,,,,
971.958359,1788180567.827865,MISSION_CURRENT,,87,1,1,1,7,3,1,,,,,,,,,,,,,,,
972.425758,1788180568.295264,MISSION_CURRENT,,115,1,1,1,7,3,1,,,,,,,,,,,,,,,
972.970710,1788180568.840216,MISSION_CURRENT,,144,1,1,1,7,3,1,,,,,,,,,,,,,,,
973.429467,1788180569.298973,MISSION_CURRENT,,172,1,1,1,7,3,1,,,,,,,,,,,,,,,
973.921988,1788180569.791494,MISSION_CURRENT,,201,1,1,1,7,3,1,,,,,,,,,,,,,,,
974.579538,1788180570.449044,MISSION_CURRENT,,229,1,1,1,7,3,1,,,,,,,,,,,,,,,
974.952487,1788180570.821993,MISSION_CURRENT,,2,1,1,1,7,3,1,,,,,,,,,,,,,,,
975.421351,1788180571.290857,MISSION_CURRENT,,30,1,1,1,7,3,1,,,,,,,,,,,,,,,
975.955290,1788180571.824796,MISSION_CURRENT,,60,1,1,1,7,3,1,,,,,,,,,,,,,,,
976.412075,1788180572.281581,MISSION_CURRENT,,88,1,1,1,7,3,1,,,,,,,,,,,,,,,
976.912476,1788180572.781982,MISSION_CURRENT,,117,1,1,1,7,3,1,,,,,,,,,,,,,,,
977.485126,1788180573.354632,MISSION_CURRENT,,145,1,1,1,7,3,1,,,,,,,,,,,,,,,
977.952277,1788180573.821783,MISSION_CURRENT,,174,1,1,1,7,3,1,,,,,,,,,,,,,,,
978.516082,1788180574.385588,MISSION_CURRENT,,202,1,1,1,7,3,1,,,,,,,,,,,,,,,
978.950871,1788180574.820377,MISSION_CURRENT,,231,1,1,1,7,3,1,,,,,,,,,,,,,,,
979.435546,1788180575.305052,MISSION_CURRENT,,3,1,1,1,7,3,1,,,,,,,,,,,,,,,
980.012847,1788180575.882353,MISSION_CURRENT,,32,1,1,1,7,3,1,,,,,,,,,,,,,,,
980.451310,1788180576.320816,MISSION_CURRENT,,60,1,1,1,7,3,1,,,,,,,,,,,,,,,
980.931788,1788180576.801294,MISSION_CURRENT,,89,1,1,1,7,3,1,,,,,,,,,,,,,,,
981.479637,1788180577.349143,MISSION_CURRENT,,118,1,1,1,7,3,1,,,,,,,,,,,,,,,
981.948926,1788180577.818432,MISSION_CURRENT,,147,1,1,1,7,3,1,,,,,,,,,,,,,,,
982.445488,1788180578.314994,MISSION_CURRENT,,175,1,1,1,7,3,1,,,,,,,,,,,,,,,
983.024273,1788180578.893779,MISSION_CURRENT,,204,1,1,1,7,3,1,,,,,,,,,,,,,,,
983.475960,1788180579.345466,MISSION_CURRENT,,232,1,1,1,7,3,1,,,,,,,,,,,,,,,
983.928758,1788180579.798264,MISSION_CURRENT,,5,1,1,1,7,3,1,,,,,,,,,,,,,,,
984.506583,1788180580.376089,MISSION_CURRENT,,33,1,1,1,7,3,1,,,,,,,,,,,,,,,
984.956779,1788180580.826285,MISSION_CURRENT,,62,1,1,1,7,3,1,,,,,,,,,,,,,,,
985.426034,1788180581.295540,MISSION_CURRENT,,90,1,1,1,7,3,1,,,,,,,,,,,,,,,
986.002615,1788180581.872121,MISSION_CURRENT,,119,1,1,1,7,3,1,,,,,,,,,,,,,,,
986.455221,1788180582.324727,MISSION_CURRENT,,147,1,1,1,7,3,1,,,,,,,,,,,,,,,
986.922376,1788180582.791882,MISSION_CURRENT,,176,1,1,1,7,3,1,,,,,,,,,,,,,,,
987.499022,1788180583.368528,MISSION_CURRENT,,204,1,1,1,7,3,1,,,,,,,,,,,,,,,
987.920331,1788180583.789837,MISSION_CURRENT,,233,1,1,1,7,3,1,,,,,,,,,,,,,,,
988.526233,1788180584.395739,MISSION_CURRENT,,5,1,1,1,7,3,1,,,,,,,,,,,,,,,
988.996664,1788180584.866170,MISSION_CURRENT,,34,1,1,1,7,3,1,,,,,,,,,,,,,,,
989.447549,1788180585.317055,MISSION_CURRENT,,62,1,1,1,7,3,1,,,,,,,,,,,,,,,
989.918053,1788180585.787559,MISSION_CURRENT,,91,1,1,1,7,3,1,,,,,,,,,,,,,,,
990.448717,1788180586.318223,MISSION_CURRENT,,119,1,1,1,7,3,1,,,,,,,,,,,,,,,
991.027251,1788180586.896757,MISSION_CURRENT,,151,1,1,1,7,3,1,,,,,,,,,,,,,,,
991.401817,1788180587.271323,MISSION_CURRENT,,181,1,1,1,7,3,1,,,,,,,,,,,,,,,
991.979288,1788180587.848794,MISSION_CURRENT,,210,1,1,1,7,3,1,,,,,,,,,,,,,,,
992.443705,1788180588.313211,MISSION_CURRENT,,238,1,1,1,7,3,1,,,,,,,,,,,,,,,
992.992666,1788180588.862172,MISSION_CURRENT,,11,1,1,1,7,3,1,,,,,,,,,,,,,,,
993.473664,1788180589.343170,MISSION_CURRENT,,39,1,1,1,7,3,1,,,,,,,,,,,,,,,
993.913789,1788180589.783295,MISSION_CURRENT,,68,1,1,1,7,3,1,,,,,,,,,,,,,,,
994.410128,1788180590.279634,MISSION_CURRENT,,96,1,1,1,7,3,1,,,,,,,,,,,,,,,
994.972059,1788180590.841565,MISSION_CURRENT,,125,1,1,1,7,3,1,,,,,,,,,,,,,,,
995.425891,1788180591.295397,MISSION_CURRENT,,153,1,1,1,7,3,1,,,,,,,,,,,,,,,
995.972415,1788180591.841921,MISSION_CURRENT,,182,1,1,1,7,3,1,,,,,,,,,,,,,,,
996.441867,1788180592.311373,MISSION_CURRENT,,210,1,1,1,7,3,1,,,,,,,,,,,,,,,
996.920908,1788180592.790414,MISSION_CURRENT,,239,1,1,1,7,3,1,,,,,,,,,,,,,,,
997.500541,1788180593.370047,MISSION_CURRENT,,11,1,1,1,7,3,1,,,,,,,,,,,,,,,
997.964620,1788180593.834126,MISSION_CURRENT,,40,1,1,1,7,3,1,,,,,,,,,,,,,,,
998.512150,1788180594.381656,MISSION_CURRENT,,68,1,1,1,7,3,1,,,,,,,,,,,,,,,
998.964226,1788180594.833732,MISSION_CURRENT,,97,1,1,1,7,3,1,,,,,,,,,,,,,,,
999.418719,1788180595.288225,MISSION_CURRENT,,125,1,1,1,7,3,1,,,,,,,,,,,,,,,
999.917712,1788180595.787218,MISSION_CURRENT,,154,1,1,1,7,3,1,,,,,,,,,,,,,,,
1000.493868,1788180596.363374,MISSION_CURRENT,,182,1,1,1,7,3,1,,,,,,,,,,,,,,,
1000.949289,1788180596.818795,MISSION_CURRENT,,211,1,1,1,7,3,1,,,,,,,,,,,,,,,
1001.461067,1788180597.330573,MISSION_CURRENT,,240,1,1,1,7,3,1,,,,,,,,,,,,,,,
1001.961199,1788180597.830705,MISSION_CURRENT,,13,1,1,1,7,3,1,,,,,,,,,,,,,,,
1002.418435,1788180598.287941,MISSION_CURRENT,,41,1,1,1,7,3,1,,,,,,,,,,,,,,,
1002.939120,1788180598.808626,MISSION_CURRENT,,70,1,1,1,7,3,1,,,,,,,,,,,,,,,
1003.487943,1788180599.357449,MISSION_CURRENT,,98,1,1,1,7,3,1,,,,,,,,,,,,,,,
1003.942223,1788180599.811729,MISSION_CURRENT,,127,1,1,1,7,3,1,,,,,,,,,,,,,,,
1004.520707,1788180600.390213,MISSION_CURRENT,,155,1,1,1,7,3,1,,,,,,,,,,,,,,,
1004.926928,1788180600.796434,MISSION_CURRENT,,184,1,1,1,7,3,1,,,,,,,,,,,,,,,
1005.409701,1788180601.279207,MISSION_CURRENT,,212,1,1,1,7,3,1,,,,,,,,,,,,,,,
1005.926100,1788180601.795606,MISSION_CURRENT,,241,1,1,1,7,3,1,,,,,,,,,,,,,,,
1006.472480,1788180602.341986,MISSION_CURRENT,,13,1,1,1,7,3,1,,,,,,,,,,,,,,,
1006.925378,1788180602.794884,MISSION_CURRENT,,43,1,1,1,7,3,1,,,,,,,,,,,,,,,
1007.502495,1788180603.372001,MISSION_CURRENT,,71,1,1,1,7,3,1,,,,,,,,,,,,,,,
1007.939331,1788180603.808837,MISSION_CURRENT,,100,1,1,1,7,3,1,,,,,,,,,,,,,,,
1008.423279,1788180604.292785,MISSION_CURRENT,,128,1,1,1,7,3,1,,,,,,,,,,,,,,,
1008.920972,1788180604.790478,MISSION_CURRENT,,157,1,1,1,7,3,1,,,,,,,,,,,,,,,
1009.463962,1788180605.333468,MISSION_CURRENT,,185,1,1,1,7,3,1,,,,,,,,,,,,,,,
1009.930460,1788180605.799966,MISSION_CURRENT,,214,1,1,1,7,3,1,,,,,,,,,,,,,,,
1010.494615,1788180606.364121,MISSION_CURRENT,,242,1,1,1,7,3,1,,,,,,,,,,,,,,,
1010.932805,1788180606.802311,MISSION_CURRENT,,15,1,1,1,7,3,1,,,,,,,,,,,,,,,
1011.417948,1788180607.287454,MISSION_CURRENT,,44,1,1,1,7,3,1,,,,,,,,,,,,,,,
1011.989858,1788180607.859364,MISSION_CURRENT,,73,1,1,1,7,3,1,,,,,,,,,,,,,,,
1012.458639,1788180608.328145,MISSION_CURRENT,,101,1,1,1,7,3,1,,,,,,,,,,,,,,,
1012.911933,1788180608.781439,MISSION_CURRENT,,130,1,1,1,7,3,1,,,,,,,,,,,,,,,
1013.485238,1788180609.354744,MISSION_CURRENT,,158,1,1,1,7,3,1,,,,,,,,,,,,,,,
1013.922142,1788180609.791648,MISSION_CURRENT,,187,1,1,1,7,3,1,,,,,,,,,,,,,,,
1014.414003,1788180610.283509,MISSION_CURRENT,,215,1,1,1,7,3,1,,,,,,,,,,,,,,,
1014.983081,1788180610.852587,MISSION_CURRENT,,244,1,1,1,7,3,1,,,,,,,,,,,,,,,
1015.449284,1788180611.318790,MISSION_CURRENT,,16,1,1,1,7,3,1,,,,,,,,,,,,,,,
1015.993413,1788180611.862919,MISSION_CURRENT,,45,1,1,1,7,3,1,,,,,,,,,,,,,,,
1016.444176,1788180612.313682,MISSION_CURRENT,,73,1,1,1,7,3,1,,,,,,,,,,,,,,,
1016.941739,1788180612.811245,MISSION_CURRENT,,102,1,1,1,7,3,1,,,,,,,,,,,,,,,
1017.519993,1788180613.389499,MISSION_CURRENT,,130,1,1,1,7,3,1,,,,,,,,,,,,,,,
1017.941380,1788180613.810886,MISSION_CURRENT,,159,1,1,1,7,3,1,,,,,,,,,,,,,,,
1018.444482,1788180614.313988,MISSION_CURRENT,,187,1,1,1,7,3,1,,,,,,,,,,,,,,,
1018.975311,1788180614.844817,MISSION_CURRENT,,216,1,1,1,7,3,1,,,,,,,,,,,,,,,
1019.474486,1788180615.343992,MISSION_CURRENT,,244,1,1,1,7,3,1,,,,,,,,,,,,,,,
1019.926547,1788180615.796053,MISSION_CURRENT,,17,1,1,1,7,3,1,,,,,,,,,,,,,,,
1020.408652,1788180616.278158,MISSION_CURRENT,,45,1,1,1,7,3,1,,,,,,,,,,,,,,,
1020.972281,1788180616.841787,MISSION_CURRENT,,74,1,1,1,7,3,1,,,,,,,,,,,,,,,
1021.412229,1788180617.281735,MISSION_CURRENT,,103,1,1,1,7,3,1,,,,,,,,,,,,,,,
1021.967917,1788180617.837423,MISSION_CURRENT,,132,1,1,1,7,3,1,,,,,,,,,,,,,,,
1022.435252,1788180618.304758,MISSION_CURRENT,,160,1,1,1,7,3,1,,,,,,,,,,,,,,,
1022.921626,1788180618.791132,MISSION_CURRENT,,189,1,1,1,7,3,1,,,,,,,,,,,,,,,
1023.495772,1788180619.365278,MISSION_CURRENT,,217,1,1,1,7,3,1,,,,,,,,,,,,,,,
1023.962165,1788180619.831671,MISSION_CURRENT,,246,1,1,1,7,3,1,,,,,,,,,,,,,,,
1024.414109,1788180620.283615,MISSION_CURRENT,,18,1,1,1,7,3,1,,,,,,,,,,,,,,,
1024.961596,1788180620.831102,MISSION_CURRENT,,47,1,1,1,7,3,1,,,,,,,,,,,,,,,
1025.431240,1788180621.300746,MISSION_CURRENT,,75,1,1,1,7,3,1,,,,,,,,,,,,,,,
1025.915651,1788180621.785157,MISSION_CURRENT,,104,1,1,1,7,3,1,,,,,,,,,,,,,,,
1026.489030,1788180622.358536,MISSION_CURRENT,,132,1,1,1,7,3,1,,,,,,,,,,,,,,,
1026.941571,1788180622.811077,MISSION_CURRENT,,161,1,1,1,7,3,1,,,,,,,,,,,,,,,
1027.517613,1788180623.387119,MISSION_CURRENT,,189,1,1,1,7,3,1,,,,,,,,,,,,,,,
1027.909886,1788180623.779392,MISSION_CURRENT,,218,1,1,1,7,3,1,,,,,,,,,,,,,,,
1028.408676,1788180624.278182,MISSION_CURRENT,,246,1,1,1,7,3,1,,,,,,,,,,,,,,,
1028.986212,1788180624.855718,MISSION_CURRENT,,22,1,1,1,7,3,1,,,,,,,,,,,,,,,
1029.482178,1788180625.351684,MISSION_CURRENT,,51,1,1,1,7,3,1,,,,,,,,,,,,,,,
1029.938770,1788180625.808276,MISSION_CURRENT,,80,1,1,1,7,3,1,,,,,,,,,,,,,,,
1030.517268,1788180626.386774,MISSION_CURRENT,,108,1,1,1,7,3,1,,,,,,,,,,,,,,,
1030.945138,1788180626.814644,MISSION_CURRENT,,137,1,1,1,7,3,1,,,,,,,,,,,,,,,
1031.427015,1788180627.296521,MISSION_CURRENT,,166,1,1,1,7,3,1,,,,,,,,,,,,,,,
1032.006919,1788180627.876425,MISSION_CURRENT,,195,1,1,1,7,3,1,,,,,,,,,,,,,,,
1032.476433,1788180628.345939,MISSION_CURRENT,,223,1,1,1,7,3,1,,,,,,,,,,,,,,,
1032.913157,1788180628.782663,MISSION_CURRENT,,252,1,1,1,7,3,1,,,,,,,,,,,,,,,
1033.380292,1788180629.249798,MISSION_CURRENT,,24,1,1,1,7,3,1,,,,,,,,,,,,,,,
1033.942514,1788180629.812020,MISSION_CURRENT,,53,1,1,1,7,3,1,,,,,,,,,,,,,,,
1034.421525,1788180630.291031,MISSION_CURRENT,,81,1,1,1,7,3,1,,,,,,,,,,,,,,,
1034.996432,1788180630.865938,MISSION_CURRENT,,110,1,1,1,7,3,1,,,,,,,,,,,,,,,
1035.462861,1788180631.332367,MISSION_CURRENT,,138,1,1,1,7,3,1,,,,,,,,,,,,,,,
1035.930277,1788180631.799783,MISSION_CURRENT,,167,1,1,1,7,3,1,,,,,,,,,,,,,,,
1036.492818,1788180632.362324,MISSION_CURRENT,,195,1,1,1,7,3,1,,,,,,,,,,,,,,,
1036.960743,1788180632.830249,MISSION_CURRENT,,224,1,1,1,7,3,1,,,,,,,,,,,,,,,
1037.403097,1788180633.272603,MISSION_CURRENT,,252,1,1,1,7,3,1,,,,,,,,,,,,,,,
1037.994148,1788180633.863654,MISSION_CURRENT,,26,1,1,1,7,3,1,,,,,,,,,,,,,,,
1038.447255,1788180634.316761,MISSION_CURRENT,,54,1,1,1,7,3,1,,,,,,,,,,,,,,,
1038.913441,1788180634.782947,MISSION_CURRENT,,83,1,1,1,7,3,1,,,,,,,,,,,,,,,
1039.414634,1788180635.284140,MISSION_CURRENT,,111,1,1,1,7,3,1,,,,,,,,,,,,,,,
1039.913178,1788180635.782684,MISSION_CURRENT,,140,1,1,1,7,3,1,,,,,,,,,,,,,,,
1040.407908,1788180636.277414,MISSION_CURRENT,,168,1,1,1,7,3,1,,,,,,,,,,,,,,,
1040.911274,1788180636.780780,MISSION_CURRENT,,197,1,1,1,7,3,1,,,,,,,,,,,,,,,
1041.439771,1788180637.309277,MISSION_CURRENT,,226,1,1,1,7,3,1,,,,,,,,,,,,,,,
1041.892022,1788180637.761528,MISSION_CURRENT,,255,1,1,1,7,3,1,,,,,,,,,,,,,,,
1042.455595,1788180638.325101,MISSION_CURRENT,,27,1,1,1,7,3,1,,,,,,,,,,,,,,,
1042.942251,1788180638.811757,MISSION_CURRENT,,56,1,1,1,7,3,1,,,,,,,,,,,,,,,
1043.519487,1788180639.388993,MISSION_CURRENT,,84,1,1,1,7,3,1,,,,,,,,,,,,,,,
1043.970776,1788180639.840282,MISSION_CURRENT,,113,1,1,1,7,3,1,,,,,,,,,,,,,,,
1044.434202,1788180640.303708,MISSION_CURRENT,,141,1,1,1,7,3,1,,,,,,,,,,,,,,,
1044.901708,1788180640.771214,MISSION_CURRENT,,170,1,1,1,7,3,1,,,,,,,,,,,,,,,
1045.451772,1788180641.321278,MISSION_CURRENT,,198,1,1,1,7,3,1,,,,,,,,,,,,,,,
1045.928726,1788180641.798232,MISSION_CURRENT,,227,1,1,1,7,3,1,,,,,,,,,,,,,,,
1046.506594,1788180642.376100,MISSION_CURRENT,,255,1,1,1,7,3,1,,,,,,,,,,,,,,,
1046.942186,1788180642.811692,MISSION_CURRENT,,28,1,1,1,7,3,1,,,,,,,,,,,,,,,
1047.445077,1788180643.314583,MISSION_CURRENT,,56,1,1,1,7,3,1,,,,,,,,,,,,,,,
1047.939631,1788180643.809137,MISSION_CURRENT,,85,1,1,1,7,3,1,,,,,,,,,,,,,,,
1048.439274,1788180644.308780,MISSION_CURRENT,,113,1,1,1,7,3,1,,,,,,,,,,,,,,,
1048.938195,1788180644.807701,MISSION_CURRENT,,142,1,1,1,7,3,1,,,,,,,,,,,,,,,
1049.500820,1788180645.370326,MISSION_CURRENT,,170,1,1,1,7,3,1,,,,,,,,,,,,,,,
1049.934723,1788180645.804229,MISSION_CURRENT,,199,1,1,1,7,3,1,,,,,,,,,,,,,,,
1050.433801,1788180646.303307,MISSION_CURRENT,,227,1,1,1,7,3,1,,,,,,,,,,,,,,,
1050.997841,1788180646.867347,MISSION_CURRENT,,0,1,1,1,7,3,1,,,,,,,,,,,,,,,
1051.446361,1788180647.315867,MISSION_CURRENT,,29,1,1,1,7,3,1,,,,,,,,,,,,,,,
1051.962377,1788180647.831883,MISSION_CURRENT,,58,1,1,1,7,3,1,,,,,,,,,,,,,,,
1052.507307,1788180648.376813,MISSION_CURRENT,,86,1,1,1,7,3,1,,,,,,,,,,,,,,,
1052.991804,1788180648.861310,MISSION_CURRENT,,115,1,1,1,7,3,1,,,,,,,,,,,,,,,
1053.413797,1788180649.283303,MISSION_CURRENT,,143,1,1,1,7,3,1,,,,,,,,,,,,,,,
1053.960734,1788180649.830240,MISSION_CURRENT,,172,1,1,1,7,3,1,,,,,,,,,,,,,,,
1054.457779,1788180650.327285,MISSION_CURRENT,,200,1,1,1,7,3,1,,,,,,,,,,,,,,,
1054.912335,1788180650.781841,MISSION_CURRENT,,229,1,1,1,7,3,1,,,,,,,,,,,,,,,
1055.488607,1788180651.358113,MISSION_CURRENT,,1,1,1,1,7,3,1,,,,,,,,,,,,,,,
1055.957071,1788180651.826577,MISSION_CURRENT,,30,1,1,1,7,3,1,,,,,,,,,,,,,,,
1056.408478,1788180652.277984,MISSION_CURRENT,,58,1,1,1,7,3,1,,,,,,,,,,,,,,,
1056.954748,1788180652.824254,MISSION_CURRENT,,87,1,1,1,7,3,1,,,,,,,,,,,,,,,
1057.422244,1788180653.291750,MISSION_CURRENT,,115,1,1,1,7,3,1,,,,,,,,,,,,,,,
1057.905546,1788180653.775052,MISSION_CURRENT,,144,1,1,1,7,3,1,,,,,,,,,,,,,,,
1058.482858,1788180654.352364,MISSION_CURRENT,,172,1,1,1,7,3,1,,,,,,,,,,,,,,,
1058.938418,1788180654.807924,MISSION_CURRENT,,201,1,1,1,7,3,1,,,,,,,,,,,,,,,
1059.411317,1788180655.280823,MISSION_CURRENT,,229,1,1,1,7,3,1,,,,,,,,,,,,,,,
1060.066504,1788180655.936010,MISSION_CURRENT,,2,1,1,1,7,3,1,,,,,,,,,,,,,,,
1060.411470,1788180656.280976,MISSION_CURRENT,,30,1,1,1,7,3,1,,,,,,,,,,,,,,,
1060.941026,1788180656.810532,MISSION_CURRENT,,59,1,1,1,7,3,1,,,,,,,,,,,,,,,
1061.476492,1788180657.345998,MISSION_CURRENT,,88,1,1,1,7,3,1,,,,,,,,,,,,,,,
1061.930866,1788180657.800372,MISSION_CURRENT,,117,1,1,1,7,3,1,,,,,,,,,,,,,,,
1062.508430,1788180658.377936,MISSION_CURRENT,,145,1,1,1,7,3,1,,,,,,,,,,,,,,,
1062.904045,1788180658.773551,MISSION_CURRENT,,174,1,1,1,7,3,1,,,,,,,,,,,,,,,
1063.405345,1788180659.274851,MISSION_CURRENT,,202,1,1,1,7,3,1,,,,,,,,,,,,,,,
1063.917339,1788180659.786845,MISSION_CURRENT,,231,1,1,1,7,3,1,,,,,,,,,,,,,,,
1064.464809,1788180660.334315,MISSION_CURRENT,,3,1,1,1,7,3,1,,,,,,,,,,,,,,,
1064.930873,1788180660.800379,MISSION_CURRENT,,32,1,1,1,7,3,1,,,,,,,,,,,,,,,
1065.508280,1788180661.377786,MISSION_CURRENT,,60,1,1,1,7,3,1,,,,,,,,,,,,,,,
1065.958032,1788180661.827538,MISSION_CURRENT,,89,1,1,1,7,3,1,,,,,,,,,,,,,,,
1066.426251,1788180662.295757,MISSION_CURRENT,,117,1,1,1,7,3,1,,,,,,,,,,,,,,,
1066.910072,1788180662.779578,MISSION_CURRENT,,149,1,1,1,7,3,1,,,,,,,,,,,,,,,
1067.455690,1788180663.325196,MISSION_CURRENT,,178,1,1,1,7,3,1,,,,,,,,,,,,,,,
1067.922624,1788180663.792130,MISSION_CURRENT,,207,1,1,1,7,3,1,,,,,,,,,,,,,,,
1068.469168,1788180664.338674,MISSION_CURRENT,,235,1,1,1,7,3,1,,,,,,,,,,,,,,,
1068.922021,1788180664.791527,MISSION_CURRENT,,9,1,1,1,7,3,1,,,,,,,,,,,,,,,
1069.419822,1788180665.289328,MISSION_CURRENT,,37,1,1,1,7,3,1,,,,,,,,,,,,,,,
1069.981629,1788180665.851135,MISSION_CURRENT,,66,1,1,1,7,3,1,,,,,,,,,,,,,,,
1070.465185,1788180666.334691,MISSION_CURRENT,,94,1,1,1,7,3,1,,,,,,,,,,,,,,,
1070.902996,1788180666.772502,MISSION_CURRENT,,123,1,1,1,7,3,1,,,,,,,,,,,,,,,
1071.405707,1788180667.275213,MISSION_CURRENT,,152,1,1,1,7,3,1,,,,,,,,,,,,,,,
1071.934162,1788180667.803668,MISSION_CURRENT,,181,1,1,1,7,3,1,,,,,,,,,,,,,,,
1072.406962,1788180668.276468,MISSION_CURRENT,,209,1,1,1,7,3,1,,,,,,,,,,,,,,,
1072.985192,1788180668.854698,MISSION_CURRENT,,238,1,1,1,7,3,1,,,,,,,,,,,,,,,
1073.433031,1788180669.302537,MISSION_CURRENT,,10,1,1,1,7,3,1,,,,,,,,,,,,,,,
1073.902693,1788180669.772199,MISSION_CURRENT,,39,1,1,1,7,3,1,,,,,,,,,,,,,,,
1074.446538,1788180670.316044,MISSION_CURRENT,,67,1,1,1,7,3,1,,,,,,,,,,,,,,,
1074.929705,1788180670.799211,MISSION_CURRENT,,96,1,1,1,7,3,1,,,,,,,,,,,,,,,
1075.507361,1788180671.376867,MISSION_CURRENT,,124,1,1,1,7,3,1,,,,,,,,,,,,,,,
1075.974841,1788180671.844347,MISSION_CURRENT,,153,1,1,1,7,3,1,,,,,,,,,,,,,,,
1076.428163,1788180672.297669,MISSION_CURRENT,,181,1,1,1,7,3,1,,,,,,,,,,,,,,,
1076.975590,1788180672.845096,MISSION_CURRENT,,210,1,1,1,7,3,1,,,,,,,,,,,,,,,
1077.429418,1788180673.298924,MISSION_CURRENT,,238,1,1,1,7,3,1,,,,,,,,,,,,,,,
1077.927212,1788180673.796718,MISSION_CURRENT,,11,1,1,1,7,3,1,,,,,,,,,,,,,,,
1078.504247,1788180674.373753,MISSION_CURRENT,,39,1,1,1,7,3,1,,,,,,,,,,,,,,,
1078.926196,1788180674.795702,MISSION_CURRENT,,68,1,1,1,7,3,1,,,,,,,,,,,,,,,
1079.425684,1788180675.295190,MISSION_CURRENT,,96,1,1,1,7,3,1,,,,,,,,,,,,,,,
1079.974396,1788180675.843902,MISSION_CURRENT,,125,1,1,1,7,3,1,,,,,,,,,,,,,,,
1080.425512,1788180676.295018,MISSION_CURRENT,,153,1,1,1,7,3,1,,,,,,,,,,,,,,,
1080.923290,1788180676.792796,MISSION_CURRENT,,182,1,1,1,7,3,1,,,,,,,,,,,,,,,
1081.470781,1788180677.340287,MISSION_CURRENT,,211,1,1,1,7,3,1,,,,,,,,,,,,,,,
1081.923376,1788180677.792882,MISSION_CURRENT,,240,1,1,1,7,3,1,,,,,,,,,,,,,,,
1082.421402,1788180678.290908,MISSION_CURRENT,,12,1,1,1,7,3,1,,,,,,,,,,,,,,,
1082.953150,1788180678.822656,MISSION_CURRENT,,41,1,1,1,7,3,1,,,,,,,,,,,,,,,
1083.421738,1788180679.291244,MISSION_CURRENT,,69,1,1,1,7,3,1,,,,,,,,,,,,,,,
1083.905318,1788180679.774824,MISSION_CURRENT,,98,1,1,1,7,3,1,,,,,,,,,,,,,,,
1084.478786,1788180680.348292,MISSION_CURRENT,,126,1,1,1,7,3,1,,,,,,,,,,,,,,,
1084.951485,1788180680.820991,MISSION_CURRENT,,155,1,1,1,7,3,1,,,,,,,,,,,,,,,
1085.406556,1788180681.276062,MISSION_CURRENT,,183,1,1,1,7,3,1,,,,,,,,,,,,,,,
1085.902657,1788180681.772163,MISSION_CURRENT,,212,1,1,1,7,3,1,,,,,,,,,,,,,,,
1086.419694,1788180682.289200,MISSION_CURRENT,,240,1,1,1,7,3,1,,,,,,,,,,,,,,,
1086.901366,1788180682.770872,MISSION_CURRENT,,13,1,1,1,7,3,1,,,,,,,,,,,,,,,
1087.476221,1788180683.345727,MISSION_CURRENT,,41,1,1,1,7,3,1,,,,,,,,,,,,,,,
1087.944283,1788180683.813789,MISSION_CURRENT,,70,1,1,1,7,3,1,,,,,,,,,,,,,,,
1088.397992,1788180684.267498,MISSION_CURRENT,,98,1,1,1,7,3,1,,,,,,,,,,,,,,,
1088.975049,1788180684.844555,MISSION_CURRENT,,127,1,1,1,7,3,1,,,,,,,,,,,,,,,
1089.427163,1788180685.296669,MISSION_CURRENT,,155,1,1,1,7,3,1,,,,,,,,,,,,,,,
1089.990035,1788180685.859541,MISSION_CURRENT,,184,1,1,1,7,3,1,,,,,,,,,,,,,,,
1090.471286,1788180686.340792,MISSION_CURRENT,,212,1,1,1,7,3,1,,,,,,,,,,,,,,,
1090.927301,1788180686.796807,MISSION_CURRENT,,241,1,1,1,7,3,1,,,,,,,,,,,,,,,
1091.427077,1788180687.296583,MISSION_CURRENT,,14,1,1,1,7,3,1,,,,,,,,,,,,,,,
1091.895964,1788180687.765470,MISSION_CURRENT,,43,1,1,1,7,3,1,,,,,,,,,,,,,,,
1092.425296,1788180688.294802,MISSION_CURRENT,,71,1,1,1,7,3,1,,,,,,,,,,,,,,,
1093.003001,1788180688.872507,MISSION_CURRENT,,100,1,1,1,7,3,1,,,,,,,,,,,,,,,
1093.453627,1788180689.323133,MISSION_CURRENT,,128,1,1,1,7,3,1,,,,,,,,,,,,,,,
1093.920082,1788180689.789588,MISSION_CURRENT,,157,1,1,1,7,3,1,,,,,,,,,,,,,,,
1094.467989,1788180690.337495,MISSION_CURRENT,,185,1,1,1,7,3,1,,,,,,,,,,,,,,,
1094.919607,1788180690.789113,MISSION_CURRENT,,214,1,1,1,7,3,1,,,,,,,,,,,,,,,
1095.418745,1788180691.288251,MISSION_CURRENT,,242,1,1,1,7,3,1,,,,,,,,,,,,,,,
1095.998611,1788180691.868117,MISSION_CURRENT,,15,1,1,1,7,3,1,,,,,,,,,,,,,,,
1096.449166,1788180692.318672,MISSION_CURRENT,,43,1,1,1,7,3,1,,,,,,,,,,,,,,,
1096.917992,1788180692.787498,MISSION_CURRENT,,72,1,1,1,7,3,1,,,,,,,,,,,,,,,
1097.419227,1788180693.288733,MISSION_CURRENT,,100,1,1,1,7,3,1,,,,,,,,,,,,,,,
1097.918370,1788180693.787876,MISSION_CURRENT,,129,1,1,1,7,3,1,,,,,,,,,,,,,,,
1098.416216,1788180694.285722,MISSION_CURRENT,,157,1,1,1,7,3,1,,,,,,,,,,,,,,,
1098.965229,1788180694.834735,MISSION_CURRENT,,186,1,1,1,7,3,1,,,,,,,,,,,,,,,
1099.446662,1788180695.316168,MISSION_CURRENT,,214,1,1,1,7,3,1,,,,,,,,,,,,,,,
1099.993038,1788180695.862544,MISSION_CURRENT,,244,1,1,1,7,3,1,,,,,,,,,,,,,,,
1100.414003,1788180696.283509,MISSION_CURRENT,,16,1,1,1,7,3,1,,,,,,,,,,,,,,,
1100.912203,1788180696.781709,MISSION_CURRENT,,45,1,1,1,7,3,1,,,,,,,,,,,,,,,
1101.396879,1788180697.266385,MISSION_CURRENT,,74,1,1,1,7,3,1,,,,,,,,,,,,,,,
1101.973524,1788180697.843030,MISSION_CURRENT,,103,1,1,1,7,3,1,,,,,,,,,,,,,,,
1102.441946,1788180698.311452,MISSION_CURRENT,,131,1,1,1,7,3,1,,,,,,,,,,,,,,,
1102.896040,1788180698.765546,MISSION_CURRENT,,160,1,1,1,7,3,1,,,,,,,,,,,,,,,
1103.440843,1788180699.310349,MISSION_CURRENT,,188,1,1,1,7,3,1,,,,,,,,,,,,,,,
1103.927047,1788180699.796553,MISSION_CURRENT,,217,1,1,1,7,3,1,,,,,,,,,,,,,,,
1104.392295,1788180700.261801,MISSION_CURRENT,,245,1,1,1,7,3,1,,,,,,,,,,,,,,,
1104.968898,1788180700.838404,MISSION_CURRENT,,21,1,1,1,7,3,1,,,,,,,,,,,,,,,
1105.483185,1788180701.352691,MISSION_CURRENT,,50,1,1,1,7,3,1,,,,,,,,,,,,,,,
1105.967832,1788180701.837338,MISSION_CURRENT,,79,1,1,1,7,3,1,,,,,,,,,,,,,,,
1106.435171,1788180702.304677,MISSION_CURRENT,,107,1,1,1,7,3,1,,,,,,,,,,,,,,,
