elapsed_s,log_timestamp_unix_s,source_time_boot_ms,seq,sysid,compid,arrival_delta_ms,instantaneous_rate_hz,gap_gt_750ms,gap_gt_1000ms,gap_gt_1500ms,gap_gt_2000ms
0.043993,1788179595.913499,108843,206,1,1,,,0,0,0,0
0.512846,1788179596.382352,109343,234,1,1,468.853,2.132865,0,0,0,0
1.045322,1788179596.914828,109843,7,1,1,532.476,1.878019,0,0,0,0
1.576980,1788179597.446486,110343,37,1,1,531.658,1.880908,0,0,0,0
1.996223,1788179597.865729,110843,66,1,1,419.243,2.385252,0,0,0,0
2.572346,1788179598.441852,111343,94,1,1,576.123,1.735740,0,0,0,0
3.101073,1788179598.970579,111843,123,1,1,528.727,1.891335,0,0,0,0
3.493622,1788179599.363128,112343,151,1,1,392.549,2.547452,0,0,0,0
3.946615,1788179599.816121,112843,180,1,1,452.993,2.207540,0,0,0,0
4.537131,1788179600.406637,113343,214,1,1,590.516,1.693434,0,0,0,0
6.495067,1788179602.364573,115343,27,1,1,1957.936,0.510742,1,1,1,0
8.476746,1788179604.346252,117343,90,1,1,1981.679,0.504623,1,1,1,0
10.516932,1788179606.386438,119343,148,1,1,2040.186,0.490151,1,1,1,1
12.500319,1788179608.369825,121343,206,1,1,1983.387,0.504188,1,1,1,0
14.495585,1788179610.365091,123343,1,1,1,1995.266,0.501186,1,1,1,0
15.027583,1788179610.897089,123853,30,1,1,531.998,1.879706,0,0,0,0
15.573484,1788179611.442990,124343,55,1,1,545.901,1.831835,0,0,0,0
15.994597,1788179611.864103,124843,84,1,1,421.113,2.374659,0,0,0,0
16.431987,1788179612.301493,125343,112,1,1,437.390,2.286289,0,0,0,0
17.068780,1788179612.938286,125843,141,1,1,636.793,1.570369,0,0,0,0
17.475343,1788179613.344849,126343,169,1,1,406.563,2.459643,0,0,0,0
17.991167,1788179613.860673,126843,198,1,1,515.824,1.938645,0,0,0,0
18.570510,1788179614.440016,127343,226,1,1,579.343,1.726093,0,0,0,0
19.020549,1788179614.890055,127843,255,1,1,450.039,2.222030,0,0,0,0
19.489552,1788179615.359058,128343,27,1,1,469.003,2.132183,0,0,0,0
19.943807,1788179615.813313,128843,56,1,1,454.255,2.201406,0,0,0,0
20.520973,1788179616.390479,129343,84,1,1,577.166,1.732604,0,0,0,0
20.974453,1788179616.843959,129843,113,1,1,453.480,2.205169,0,0,0,0
21.457640,1788179617.327146,130343,142,1,1,483.187,2.069592,0,0,0,0
21.972051,1788179617.841557,130843,171,1,1,514.411,1.943970,0,0,0,0
22.583509,1788179618.453015,131343,199,1,1,611.458,1.635436,0,0,0,0
23.055218,1788179618.924724,131843,228,1,1,471.709,2.119951,0,0,0,0
23.462379,1788179619.331885,132343,0,1,1,407.161,2.456031,0,0,0,0
23.959530,1788179619.829036,132843,29,1,1,497.151,2.011461,0,0,0,0
24.504791,1788179620.374297,133343,57,1,1,545.261,1.833984,0,0,0,0
24.987144,1788179620.856650,133843,86,1,1,482.353,2.073171,0,0,0,0
25.563936,1788179621.433442,134343,114,1,1,576.792,1.733727,0,0,0,0
26.003534,1788179621.873040,134843,143,1,1,439.598,2.274805,0,0,0,0
26.500426,1788179622.369932,135343,171,1,1,496.892,2.012510,0,0,0,0
26.984269,1788179622.853775,135843,200,1,1,483.843,2.066786,0,0,0,0
27.497600,1788179623.367106,136343,228,1,1,513.331,1.948061,0,0,0,0
27.951063,1788179623.820569,136843,1,1,1,453.463,2.205252,0,0,0,0
28.529146,1788179624.398652,137343,29,1,1,578.083,1.729855,0,0,0,0
28.998998,1788179624.868504,137843,58,1,1,469.852,2.128330,0,0,0,0
29.459791,1788179625.329297,138343,86,1,1,460.793,2.170172,0,0,0,0
29.947960,1788179625.817466,138843,115,1,1,488.169,2.048470,0,0,0,0
30.493517,1788179626.363023,139343,143,1,1,545.557,1.832990,0,0,0,0
30.930122,1788179626.799628,139843,172,1,1,436.605,2.290399,0,0,0,0
31.526872,1788179627.396378,140343,201,1,1,596.750,1.675744,0,0,0,0
31.979171,1788179627.848677,140843,230,1,1,452.299,2.210926,0,0,0,0
32.492253,1788179628.361759,141343,2,1,1,513.082,1.949006,0,0,0,0
33.022094,1788179628.891600,141843,31,1,1,529.841,1.887359,0,0,0,0
33.472120,1788179629.341626,142343,60,1,1,450.026,2.222094,0,0,0,0
33.988035,1788179629.857541,142843,89,1,1,515.915,1.938304,0,0,0,0
34.505478,1788179630.374984,143343,117,1,1,517.443,1.932579,0,0,0,0
35.018174,1788179630.887680,143843,146,1,1,512.696,1.950474,0,0,0,0
35.484805,1788179631.354311,144343,174,1,1,466.631,2.143020,0,0,0,0
36.017126,1788179631.886632,144843,203,1,1,532.321,1.878566,0,0,0,0
36.470792,1788179632.340298,145343,231,1,1,453.666,2.204265,0,0,0,0
37.034675,1788179632.904181,145843,4,1,1,563.883,1.773417,0,0,0,0
37.548190,1788179633.417696,146343,32,1,1,513.515,1.947363,0,0,0,0
38.014081,1788179633.883587,146843,61,1,1,465.891,2.146425,0,0,0,0
38.575950,1788179634.445456,147343,89,1,1,561.869,1.779774,0,0,0,0
38.951826,1788179634.821332,147843,118,1,1,375.876,2.660452,0,0,0,0
39.466631,1788179635.336137,148343,149,1,1,514.805,1.942484,0,0,0,0
40.077234,1788179635.946740,148843,179,1,1,610.603,1.637725,0,0,0,0
40.435715,1788179636.305221,149343,207,1,1,358.481,2.789549,0,0,0,0
40.994210,1788179636.863716,149843,236,1,1,558.495,1.790526,0,0,0,0
41.479237,1788179637.348743,150343,9,1,1,485.027,2.061741,0,0,0,0
41.993602,1788179637.863108,150843,38,1,1,514.365,1.944145,0,0,0,0
42.447252,1788179638.316758,151343,66,1,1,453.650,2.204343,0,0,0,0
42.960236,1788179638.829742,151843,95,1,1,512.984,1.949378,0,0,0,0
43.534884,1788179639.404390,152343,123,1,1,574.648,1.740196,0,0,0,0
43.947541,1788179639.817047,152843,152,1,1,412.657,2.423320,0,0,0,0
44.530228,1788179640.399734,153343,181,1,1,582.687,1.716187,0,0,0,0
44.983446,1788179640.852952,153843,210,1,1,453.218,2.206444,0,0,0,0
45.481586,1788179641.351092,154343,238,1,1,498.140,2.007468,0,0,0,0
45.965895,1788179641.835401,154843,11,1,1,484.309,2.064798,0,0,0,0
46.528763,1788179642.398269,155343,39,1,1,562.868,1.776615,0,0,0,0
46.981490,1788179642.850996,155843,68,1,1,452.727,2.208836,0,0,0,0
47.512555,1788179643.382061,156343,96,1,1,531.065,1.883009,0,0,0,0
47.980925,1788179643.850431,156843,125,1,1,468.370,2.135064,0,0,0,0
48.480200,1788179644.349706,157343,153,1,1,499.275,2.002904,0,0,0,0
49.011321,1788179644.880827,157843,182,1,1,531.121,1.882810,0,0,0,0
49.460684,1788179645.330190,158343,210,1,1,449.363,2.225372,0,0,0,0
50.039188,1788179645.908694,158843,239,1,1,578.504,1.728596,0,0,0,0
50.446365,1788179646.315871,159343,11,1,1,407.177,2.455935,0,0,0,0
51.011010,1788179646.880516,159843,40,1,1,564.645,1.771025,0,0,0,0
51.540228,1788179647.409734,160343,69,1,1,529.218,1.889580,0,0,0,0
51.994847,1788179647.864353,160843,98,1,1,454.619,2.199644,0,0,0,0
52.477663,1788179648.347169,161343,126,1,1,482.816,2.071182,0,0,0,0
52.945165,1788179648.814671,161843,155,1,1,467.502,2.139029,0,0,0,0
53.490819,1788179649.360325,162343,183,1,1,545.654,1.832663,0,0,0,0
54.009566,1788179649.879072,162843,212,1,1,518.747,1.927722,0,0,0,0
54.522373,1788179650.391879,163343,240,1,1,512.807,1.950052,0,0,0,0
55.032390,1788179650.901896,163843,13,1,1,510.017,1.960718,0,0,0,0
55.486586,1788179651.356092,164343,41,1,1,454.196,2.201693,0,0,0,0
56.031052,1788179651.900558,164843,70,1,1,544.466,1.836662,0,0,0,0
56.482224,1788179652.351730,165343,98,1,1,451.172,2.216450,0,0,0,0
56.936876,1788179652.806382,165843,127,1,1,454.652,2.199484,0,0,0,0
57.562691,1788179653.432197,166343,155,1,1,625.815,1.597917,0,0,0,0
58.029567,1788179653.899073,166843,184,1,1,466.876,2.141896,0,0,0,0
58.482495,1788179654.352001,167343,212,1,1,452.928,2.207856,0,0,0,0
59.023953,1788179654.893459,167843,241,1,1,541.458,1.846866,0,0,0,0
59.479554,1788179655.349060,168343,13,1,1,455.601,2.194903,0,0,0,0
59.979996,1788179655.849502,168843,42,1,1,500.442,1.998233,0,0,0,0
60.556077,1788179656.425583,169343,70,1,1,576.081,1.735867,0,0,0,0
61.010113,1788179656.879619,169843,99,1,1,454.036,2.202469,0,0,0,0
61.476537,1788179657.346043,170343,128,1,1,466.424,2.143972,0,0,0,0
62.009876,1788179657.879382,170843,157,1,1,533.339,1.874980,0,0,0,0
62.465890,1788179658.335396,171343,185,1,1,456.014,2.192916,0,0,0,0
63.090227,1788179658.959733,171843,214,1,1,624.337,1.601699,0,0,0,0
63.448853,1788179659.318359,172343,242,1,1,358.626,2.788421,0,0,0,0
64.009990,1788179659.879496,172843,15,1,1,561.137,1.782096,0,0,0,0
64.460363,1788179660.329869,173343,43,1,1,450.373,2.220381,0,0,0,0
65.006160,1788179660.875666,173843,72,1,1,545.797,1.832183,0,0,0,0
65.504178,1788179661.373684,174343,100,1,1,498.018,2.007959,0,0,0,0
65.942203,1788179661.811709,174843,129,1,1,438.025,2.282975,0,0,0,0
66.490129,1788179662.359635,175343,157,1,1,547.926,1.825064,0,0,0,0
66.958725,1788179662.828231,175843,186,1,1,468.596,2.134035,0,0,0,0
67.537068,1788179663.406574,176343,214,1,1,578.343,1.729077,0,0,0,0
68.034047,1788179663.903553,176843,243,1,1,496.979,2.012157,0,0,0,0
68.440524,1788179664.310030,177343,15,1,1,406.477,2.460164,0,0,0,0
69.066361,1788179664.935867,177843,44,1,1,625.837,1.597861,0,0,0,0
69.475720,1788179665.345226,178343,72,1,1,409.359,2.442844,0,0,0,0
69.946294,1788179665.815800,178843,101,1,1,470.574,2.125064,0,0,0,0
70.522205,1788179666.391711,179343,129,1,1,575.911,1.736379,0,0,0,0
71.019570,1788179666.889076,179843,158,1,1,497.365,2.010596,0,0,0,0
71.488952,1788179667.358458,180343,187,1,1,469.382,2.130462,0,0,0,0
71.973123,1788179667.842629,180843,216,1,1,484.171,2.065385,0,0,0,0
72.473049,1788179668.342555,181343,244,1,1,499.926,2.000297,0,0,0,0
72.972176,1788179668.841682,181843,17,1,1,499.127,2.003498,0,0,0,0
73.517940,1788179669.387446,182343,45,1,1,545.764,1.832294,0,0,0,0
73.970632,1788179669.840138,182843,74,1,1,452.692,2.209007,0,0,0,0
74.549285,1788179670.418791,183343,102,1,1,578.653,1.728152,0,0,0,0
74.953661,1788179670.823167,183843,131,1,1,404.376,2.472946,0,0,0,0
75.486406,1788179671.355912,184343,160,1,1,532.745,1.877070,0,0,0,0
75.956789,1788179671.826295,184846,189,1,1,470.383,2.125927,0,0,0,0
76.505811,1788179672.375317,185343,217,1,1,549.022,1.821421,0,0,0,0
76.959802,1788179672.829308,185843,246,1,1,453.991,2.202686,0,0,0,0
77.503807,1788179673.373313,186343,21,1,1,544.005,1.838219,0,0,0,0
78.039309,1788179673.908815,186843,51,1,1,535.502,1.867407,0,0,0,0
78.504666,1788179674.374172,187346,79,1,1,465.357,2.148888,0,0,0,0
78.975894,1788179674.845400,187843,108,1,1,471.228,2.122116,0,0,0,0
79.508461,1788179675.377967,188343,136,1,1,532.567,1.877698,0,0,0,0
79.991862,1788179675.861368,188843,165,1,1,483.401,2.068676,0,0,0,0
80.565830,1788179676.435336,189343,193,1,1,573.968,1.742258,0,0,0,0
81.034745,1788179676.904251,189843,222,1,1,468.915,2.132583,0,0,0,0
81.500311,1788179677.369817,190343,251,1,1,465.566,2.147922,0,0,0,0
82.033245,1788179677.902751,190843,24,1,1,532.934,1.876405,0,0,0,0
82.484811,1788179678.354317,191343,52,1,1,451.566,2.214516,0,0,0,0
82.983016,1788179678.852522,191843,81,1,1,498.205,2.007206,0,0,0,0
83.559590,1788179679.429096,192343,109,1,1,576.574,1.734382,0,0,0,0
83.984171,1788179679.853677,192843,138,1,1,424.581,2.355263,0,0,0,0
84.485458,1788179680.354964,193343,166,1,1,501.287,1.994865,0,0,0,0
84.954617,1788179680.824123,193843,195,1,1,469.159,2.131474,0,0,0,0
85.480203,1788179681.349709,194343,223,1,1,525.586,1.902638,0,0,0,0
85.957174,1788179681.826680,194843,252,1,1,476.971,2.096564,0,0,0,0
86.516497,1788179682.386003,195343,24,1,1,559.323,1.787875,0,0,0,0
86.975953,1788179682.845459,195843,53,1,1,459.456,2.176487,0,0,0,0
87.504156,1788179683.373662,196343,81,1,1,528.203,1.893211,0,0,0,0
88.013609,1788179683.883115,196843,110,1,1,509.453,1.962890,0,0,0,0
88.469329,1788179684.338835,197343,138,1,1,455.720,2.194329,0,0,0,0
88.968392,1788179684.837898,197843,167,1,1,499.063,2.003755,0,0,0,0
89.496786,1788179685.366292,198343,195,1,1,528.394,1.892527,0,0,0,0
89.966549,1788179685.836055,198843,224,1,1,469.763,2.128734,0,0,0,0
90.462070,1788179686.331576,199343,252,1,1,495.521,2.018078,0,0,0,0
91.023665,1788179686.893171,199843,25,1,1,561.595,1.780643,0,0,0,0
91.506994,1788179687.376500,200343,54,1,1,483.329,2.068984,0,0,0,0
92.039789,1788179687.909295,200843,83,1,1,532.795,1.876895,0,0,0,0
92.491900,1788179688.361406,201343,111,1,1,452.111,2.211846,0,0,0,0
92.957903,1788179688.827409,201843,140,1,1,466.003,2.145908,0,0,0,0
93.455168,1788179689.324674,202343,168,1,1,497.265,2.011001,0,0,0,0
94.000829,1788179689.870335,202843,197,1,1,545.661,1.832640,0,0,0,0
94.501052,1788179690.370558,203343,225,1,1,500.223,1.999108,0,0,0,0
95.079175,1788179690.948681,203843,254,1,1,578.123,1.729736,0,0,0,0
95.436109,1788179691.305615,204343,26,1,1,356.934,2.801638,0,0,0,0
95.997643,1788179691.867149,204843,55,1,1,561.534,1.780836,0,0,0,0
96.573263,1788179692.442769,205343,83,1,1,575.620,1.737257,0,0,0,0
97.027774,1788179692.897280,205843,112,1,1,454.511,2.200166,0,0,0,0
97.431794,1788179693.301300,206343,140,1,1,404.020,2.475126,0,0,0,0
98.056568,1788179693.926074,206843,169,1,1,624.774,1.600578,0,0,0,0
98.433373,1788179694.302879,207343,197,1,1,376.805,2.653894,0,0,0,0
98.982444,1788179694.851950,207843,226,1,1,549.071,1.821258,0,0,0,0
99.473271,1788179695.342777,208343,254,1,1,490.827,2.037377,0,0,0,0
99.972378,1788179695.841884,208843,27,1,1,499.107,2.003579,0,0,0,0
100.471638,1788179696.341144,209343,55,1,1,499.260,2.002965,0,0,0,0
100.941059,1788179696.810565,209843,84,1,1,469.421,2.130283,0,0,0,0
101.519178,1788179697.388684,210343,113,1,1,578.119,1.729748,0,0,0,0
101.970906,1788179697.840412,210843,142,1,1,451.728,2.213722,0,0,0,0
102.513249,1788179698.382755,211343,170,1,1,542.343,1.843852,0,0,0,0
103.011870,1788179698.881376,211843,199,1,1,498.621,2.005530,0,0,0,0
103.593612,1788179699.463118,212343,227,1,1,581.742,1.718976,0,0,0,0
103.967008,1788179699.836514,212843,0,1,1,373.396,2.678121,0,0,0,0
104.464151,1788179700.333657,213343,28,1,1,497.143,2.011494,0,0,0,0
105.044995,1788179700.914501,213843,57,1,1,580.844,1.721633,0,0,0,0
105.497773,1788179701.367279,214343,85,1,1,452.778,2.208589,0,0,0,0
105.965685,1788179701.835191,214843,114,1,1,467.912,2.137153,0,0,0,0
106.527081,1788179702.396587,215343,143,1,1,561.396,1.781274,0,0,0,0
106.946515,1788179702.816021,215843,172,1,1,419.434,2.384165,0,0,0,0
107.447910,1788179703.317416,216343,200,1,1,501.395,1.994436,0,0,0,0
108.028954,1788179703.898460,216843,229,1,1,581.044,1.721040,0,0,0,0
108.436957,1788179704.306463,217343,1,1,1,408.003,2.450962,0,0,0,0
108.996983,1788179704.866489,217843,30,1,1,560.026,1.785632,0,0,0,0
109.511925,1788179705.381431,218343,58,1,1,514.942,1.941967,0,0,0,0
109.981383,1788179705.850889,218843,87,1,1,469.458,2.130116,0,0,0,0
110.482779,1788179706.352285,219343,115,1,1,501.396,1.994432,0,0,0,0
111.012783,1788179706.882289,219843,144,1,1,530.004,1.886778,0,0,0,0
111.482730,1788179707.352236,220343,173,1,1,469.947,2.127899,0,0,0,0
111.982497,1788179707.852003,220843,202,1,1,499.767,2.000933,0,0,0,0
112.516489,1788179708.385995,221343,230,1,1,533.992,1.872687,0,0,0,0
112.970806,1788179708.840312,221843,3,1,1,454.317,2.201106,0,0,0,0
113.471240,1788179709.340746,222343,31,1,1,500.434,1.998266,0,0,0,0
114.005460,1788179709.874966,222843,60,1,1,534.220,1.871888,0,0,0,0
114.469860,1788179710.339366,223343,88,1,1,464.400,2.153316,0,0,0,0
114.969198,1788179710.838704,223843,117,1,1,499.338,2.002652,0,0,0,0
115.453154,1788179711.322660,224343,147,1,1,483.956,2.066303,0,0,0,0
115.954233,1788179711.823739,224843,178,1,1,501.079,1.995694,0,0,0,0
116.544888,1788179712.414394,225343,206,1,1,590.655,1.693035,0,0,0,0
116.998458,1788179712.867964,225843,235,1,1,453.570,2.204731,0,0,0,0
117.465587,1788179713.335093,226343,7,1,1,467.129,2.140736,0,0,0,0
118.078558,1788179713.948064,226843,36,1,1,612.971,1.631399,0,0,0,0
118.454413,1788179714.323919,227343,64,1,1,375.855,2.660601,0,0,0,0
119.002430,1788179714.871936,227843,93,1,1,548.017,1.824761,0,0,0,0
119.567028,1788179715.436534,228343,121,1,1,564.598,1.771171,0,0,0,0
119.988916,1788179715.858422,228843,150,1,1,421.888,2.370298,0,0,0,0
120.487080,1788179716.356586,229343,178,1,1,498.164,2.007370,0,0,0,0
121.064732,1788179716.934238,229843,207,1,1,577.652,1.731146,0,0,0,0
121.438269,1788179717.307775,230343,236,1,1,373.537,2.677111,0,0,0,0
121.938392,1788179717.807898,230843,9,1,1,500.123,1.999509,0,0,0,0
122.516051,1788179718.385557,231343,37,1,1,577.659,1.731125,0,0,0,0
123.032062,1788179718.901568,231843,66,1,1,516.011,1.937943,0,0,0,0
123.437024,1788179719.306530,232343,94,1,1,404.962,2.469367,0,0,0,0
123.935583,1788179719.805089,232843,123,1,1,498.559,2.005781,0,0,0,0
124.467743,1788179720.337249,233343,151,1,1,532.160,1.879135,0,0,0,0
124.984258,1788179720.853764,233843,180,1,1,516.515,1.936052,0,0,0,0
125.517029,1788179721.386535,234343,208,1,1,532.771,1.876979,0,0,0,0
125.970275,1788179721.839781,234843,237,1,1,453.246,2.206308,0,0,0,0
126.483170,1788179722.352676,235343,9,1,1,512.895,1.949716,0,0,0,0
126.938239,1788179722.807745,235843,38,1,1,455.069,2.197469,0,0,0,0
127.513366,1788179723.382872,236343,66,1,1,575.127,1.738747,0,0,0,0
127.965793,1788179723.835299,236843,95,1,1,452.427,2.210301,0,0,0,0
128.513895,1788179724.383401,237343,123,1,1,548.102,1.824478,0,0,0,0
129.013950,1788179724.883456,237843,152,1,1,500.055,1.999780,0,0,0,0
129.530067,1788179725.399573,238343,180,1,1,516.117,1.937546,0,0,0,0
130.003537,1788179725.873043,238843,209,1,1,473.470,2.112066,0,0,0,0
130.455433,1788179726.324939,239343,237,1,1,451.896,2.212898,0,0,0,0
130.969348,1788179726.838854,239843,10,1,1,513.915,1.945848,0,0,0,0
131.498406,1788179727.367912,240343,39,1,1,529.058,1.890152,0,0,0,0
131.999188,1788179727.868694,240843,68,1,1,500.782,1.996877,0,0,0,0
132.528663,1788179728.398169,241343,96,1,1,529.475,1.888663,0,0,0,0
132.996574,1788179728.866080,241843,125,1,1,467.911,2.137159,0,0,0,0
133.493957,1788179729.363463,242343,153,1,1,497.383,2.010523,0,0,0,0
134.025740,1788179729.895246,242843,182,1,1,531.783,1.880466,0,0,0,0
134.444502,1788179730.314008,243343,210,1,1,418.762,2.387991,0,0,0,0
134.940974,1788179730.810480,243843,239,1,1,496.472,2.014213,0,0,0,0
135.581289,1788179731.450795,244343,11,1,1,640.315,1.561731,0,0,0,0
135.971563,1788179731.841069,244843,40,1,1,390.274,2.562302,0,0,0,0
136.486977,1788179732.356483,245343,68,1,1,515.414,1.940188,0,0,0,0
137.018426,1788179732.887932,245843,97,1,1,531.449,1.881649,0,0,0,0
137.468862,1788179733.338368,246343,126,1,1,450.436,2.220071,0,0,0,0
137.923952,1788179733.793458,246843,155,1,1,455.090,2.197367,0,0,0,0
138.546235,1788179734.415741,247343,183,1,1,622.283,1.606986,0,0,0,0
139.012517,1788179734.882023,247843,212,1,1,466.282,2.144625,0,0,0,0
139.481167,1788179735.350673,248346,240,1,1,468.650,2.133788,0,0,0,0
140.013106,1788179735.882612,248843,13,1,1,531.939,1.879915,0,0,0,0
140.464507,1788179736.334013,249343,41,1,1,451.401,2.215325,0,0,0,0
140.965185,1788179736.834691,249843,70,1,1,500.678,1.997292,0,0,0,0
141.539476,1788179737.408982,250343,99,1,1,574.291,1.741278,0,0,0,0
141.947308,1788179737.816814,250843,128,1,1,407.832,2.451989,0,0,0,0
142.542823,1788179738.412329,251343,156,1,1,595.515,1.679219,0,0,0,0
143.044029,1788179738.913535,251843,185,1,1,501.206,1.995188,0,0,0,0
143.463391,1788179739.332897,252343,213,1,1,419.362,2.384574,0,0,0,0
144.075532,1788179739.945038,252843,242,1,1,612.141,1.633611,0,0,0,0
144.531606,1788179740.401112,253343,14,1,1,456.074,2.192627,0,0,0,0
144.952327,1788179740.821833,253843,43,1,1,420.721,2.376872,0,0,0,0
145.530790,1788179741.400296,254343,71,1,1,578.463,1.728719,0,0,0,0
146.030958,1788179741.900464,254843,100,1,1,500.168,1.999329,0,0,0,0
146.496090,1788179742.365596,255343,128,1,1,465.132,2.149927,0,0,0,0
146.978878,1788179742.848384,255843,157,1,1,482.788,2.071302,0,0,0,0
147.478438,1788179743.347944,256343,185,1,1,499.560,2.001761,0,0,0,0
147.947306,1788179743.816812,256843,214,1,1,468.868,2.132797,0,0,0,0
148.522757,1788179744.392263,257343,242,1,1,575.451,1.737767,0,0,0,0
149.023421,1788179744.892927,257843,15,1,1,500.664,1.997348,0,0,0,0
149.418517,1788179745.288023,258343,43,1,1,395.096,2.531030,0,0,0,0
150.009443,1788179745.878949,258843,72,1,1,590.926,1.692259,0,0,0,0
150.509960,1788179746.379466,259343,100,1,1,500.517,1.997935,0,0,0,0
150.976285,1788179746.845791,259843,129,1,1,466.325,2.144427,0,0,0,0
151.508228,1788179747.377734,260343,158,1,1,531.943,1.879900,0,0,0,0
152.005346,1788179747.874852,260843,187,1,1,497.118,2.011595,0,0,0,0
152.473930,1788179748.343436,261343,215,1,1,468.584,2.134089,0,0,0,0
153.050816,1788179748.920322,261843,244,1,1,576.886,1.733445,0,0,0,0
153.581477,1788179749.450983,262343,16,1,1,530.661,1.884443,0,0,0,0
154.003609,1788179749.873115,262843,48,1,1,422.132,2.368927,0,0,0,0
154.503621,1788179750.373127,263343,77,1,1,500.012,1.999951,0,0,0,0
154.956699,1788179750.826205,263843,106,1,1,453.078,2.207125,0,0,0,0
155.454531,1788179751.324037,264343,134,1,1,497.832,2.008710,0,0,0,0
155.938543,1788179751.808049,264843,163,1,1,484.012,2.066064,0,0,0,0
156.501835,1788179752.371341,265343,191,1,1,563.292,1.775278,0,0,0,0
157.032361,1788179752.901867,265843,220,1,1,530.526,1.884922,0,0,0,0
157.528136,1788179753.397642,266343,248,1,1,495.775,2.017044,0,0,0,0
157.951131,1788179753.820637,266843,21,1,1,422.995,2.364094,0,0,0,0
158.558443,1788179754.427949,267343,49,1,1,607.312,1.646600,0,0,0,0
159.028012,1788179754.897518,267843,78,1,1,469.569,2.129613,0,0,0,0
159.544820,1788179755.414326,268343,106,1,1,516.808,1.934954,0,0,0,0
159.969118,1788179755.838624,268843,135,1,1,424.298,2.356834,0,0,0,0
160.513189,1788179756.382695,269343,163,1,1,544.071,1.837996,0,0,0,0
160.933542,1788179756.803048,269843,192,1,1,420.353,2.378953,0,0,0,0
161.561345,1788179757.430851,270343,221,1,1,627.803,1.592856,0,0,0,0
161.980019,1788179757.849525,270843,250,1,1,418.674,2.388493,0,0,0,0
162.477968,1788179758.347474,271343,22,1,1,497.949,2.008238,0,0,0,0
162.975064,1788179758.844570,271843,51,1,1,497.096,2.011684,0,0,0,0
163.476102,1788179759.345608,272343,79,1,1,501.038,1.995856,0,0,0,0
163.973124,1788179759.842630,272843,108,1,1,497.022,2.011984,0,0,0,0
164.501844,1788179760.371350,273343,136,1,1,528.720,1.891361,0,0,0,0
164.954807,1788179760.824313,273843,165,1,1,452.963,2.207685,0,0,0,0
165.473302,1788179761.342808,274343,193,1,1,518.495,1.928659,0,0,0,0
166.005715,1788179761.875221,274843,222,1,1,532.413,1.878241,0,0,0,0
166.444080,1788179762.313586,275343,250,1,1,438.365,2.281204,0,0,0,0
167.037639,1788179762.907145,275843,23,1,1,593.559,1.684752,0,0,0,0
167.441628,1788179763.311134,276343,52,1,1,403.989,2.475316,0,0,0,0
167.958872,1788179763.828378,276843,81,1,1,517.244,1.933323,0,0,0,0
168.459125,1788179764.328631,277343,109,1,1,500.253,1.998989,0,0,0,0
168.989222,1788179764.858728,277843,138,1,1,530.097,1.886447,0,0,0,0
169.455903,1788179765.325409,278343,166,1,1,466.681,2.142791,0,0,0,0
169.941901,1788179765.811407,278843,195,1,1,485.998,2.057622,0,0,0,0
170.484677,1788179766.354183,279343,223,1,1,542.776,1.842380,0,0,0,0
170.951891,1788179766.821397,279843,252,1,1,467.214,2.140347,0,0,0,0
171.532252,1788179767.401758,280343,25,1,1,580.361,1.723065,0,0,0,0
171.983750,1788179767.853256,280843,54,1,1,451.498,2.214849,0,0,0,0
172.448167,1788179768.317673,281343,82,1,1,464.417,2.153237,0,0,0,0
173.012726,1788179768.882232,281843,111,1,1,564.559,1.771294,0,0,0,0
173.526520,1788179769.396026,282343,139,1,1,513.794,1.946306,0,0,0,0
173.989004,1788179769.858510,282843,168,1,1,462.484,2.162236,0,0,0,0
174.463269,1788179770.332775,283344,196,1,1,474.265,2.108526,0,0,0,0
174.976657,1788179770.846163,283843,225,1,1,513.388,1.947844,0,0,0,0
175.446634,1788179771.316140,284343,253,1,1,469.977,2.127764,0,0,0,0
176.049687,1788179771.919193,284843,26,1,1,603.053,1.658229,0,0,0,0
176.521470,1788179772.390976,285343,54,1,1,471.783,2.119619,0,0,0,0
176.973765,1788179772.843271,285843,83,1,1,452.295,2.210946,0,0,0,0
177.502923,1788179773.372429,286343,111,1,1,529.158,1.889795,0,0,0,0
178.003742,1788179773.873248,286843,140,1,1,500.819,1.996729,0,0,0,0
178.470545,1788179774.340051,287343,168,1,1,466.803,2.142231,0,0,0,0
178.922231,1788179774.791737,287843,197,1,1,451.686,2.213928,0,0,0,0
179.500677,1788179775.370183,288343,225,1,1,578.446,1.728769,0,0,0,0
179.972123,1788179775.841629,288843,254,1,1,471.446,2.121134,0,0,0,0
180.505022,1788179776.374528,289343,26,1,1,532.899,1.876529,0,0,0,0
180.996994,1788179776.866500,289843,55,1,1,491.972,2.032636,0,0,0,0
181.570368,1788179777.439874,290343,84,1,1,573.374,1.744062,0,0,0,0
181.931421,1788179777.800927,290843,113,1,1,361.053,2.769677,0,0,0,0
182.445491,1788179778.314997,291343,141,1,1,514.070,1.945260,0,0,0,0
183.027690,1788179778.897196,291843,170,1,1,582.199,1.717626,0,0,0,0
183.481382,1788179779.350888,292343,198,1,1,453.692,2.204138,0,0,0,0
183.951435,1788179779.820941,292843,227,1,1,470.053,2.127420,0,0,0,0
184.569752,1788179780.439258,293343,255,1,1,618.317,1.617294,0,0,0,0
184.978247,1788179780.847753,293843,28,1,1,408.495,2.448011,0,0,0,0
185.433640,1788179781.303146,294343,56,1,1,455.393,2.195905,0,0,0,0
186.015416,1788179781.884922,294843,85,1,1,581.776,1.718874,0,0,0,0
186.480421,1788179782.349927,295343,113,1,1,465.005,2.150515,0,0,0,0
186.979770,1788179782.849276,295843,142,1,1,499.349,2.002608,0,0,0,0
187.509707,1788179783.379213,296343,170,1,1,529.937,1.887017,0,0,0,0
187.975582,1788179783.845088,296843,199,1,1,465.875,2.146498,0,0,0,0
188.426542,1788179784.296048,297343,227,1,1,450.960,2.217492,0,0,0,0
188.972397,1788179784.841903,297843,0,1,1,545.855,1.831988,0,0,0,0
189.472778,1788179785.342284,298343,28,1,1,500.381,1.998477,0,0,0,0
189.973813,1788179785.843319,298843,57,1,1,501.035,1.995869,0,0,0,0
190.460173,1788179786.329679,299343,85,1,1,486.360,2.056090,0,0,0,0
190.959503,1788179786.829009,299843,114,1,1,499.330,2.002684,0,0,0,0
191.537372,1788179787.406878,300343,143,1,1,577.869,1.730495,0,0,0,0
191.943234,1788179787.812740,300843,175,1,1,405.862,2.463893,0,0,0,0
192.455650,1788179788.325156,301343,204,1,1,512.416,1.951539,0,0,0,0
192.958751,1788179788.828257,301843,233,1,1,503.101,1.987673,0,0,0,0
193.533657,1788179789.403163,302343,5,1,1,574.906,1.739414,0,0,0,0
194.002711,1788179789.872217,302843,34,1,1,469.054,2.131951,0,0,0,0
194.454004,1788179790.323510,303343,62,1,1,451.293,2.215855,0,0,0,0
194.986190,1788179790.855696,303843,91,1,1,532.186,1.879042,0,0,0,0
195.454218,1788179791.323724,304343,119,1,1,468.028,2.136624,0,0,0,0
196.074567,1788179791.944073,304843,148,1,1,620.349,1.611996,0,0,0,0
196.532508,1788179792.402014,305343,176,1,1,457.941,2.183687,0,0,0,0
196.984597,1788179792.854103,305846,205,1,1,452.089,2.211955,0,0,0,0
197.562329,1788179793.431835,306343,233,1,1,577.732,1.730906,0,0,0,0
197.982176,1788179793.851682,306843,6,1,1,419.847,2.381820,0,0,0,0
198.437678,1788179794.307184,307343,35,1,1,455.502,2.195380,0,0,0,0
199.063680,1788179794.933186,307843,64,1,1,626.002,1.597439,0,0,0,0
199.514883,1788179795.384389,308343,92,1,1,451.203,2.216297,0,0,0,0
199.938946,1788179795.808452,308843,121,1,1,424.063,2.358140,0,0,0,0
200.517024,1788179796.386530,309343,149,1,1,578.078,1.729870,0,0,0,0
200.999120,1788179796.868626,309843,178,1,1,482.096,2.074276,0,0,0,0
201.423675,1788179797.293181,310343,207,1,1,424.555,2.355407,0,0,0,0
202.043973,1788179797.913479,310846,236,1,1,620.298,1.612129,0,0,0,0
202.511908,1788179798.381414,311343,8,1,1,467.935,2.137049,0,0,0,0
203.026200,1788179798.895706,311843,37,1,1,514.292,1.944421,0,0,0,0
203.507190,1788179799.376696,312343,65,1,1,480.990,2.079046,0,0,0,0
204.010364,1788179799.879870,312843,94,1,1,503.174,1.987384,0,0,0,0
204.477711,1788179800.347217,313343,122,1,1,467.347,2.139738,0,0,0,0
204.992072,1788179800.861578,313843,151,1,1,514.361,1.944159,0,0,0,0
205.460899,1788179801.330405,314343,179,1,1,468.827,2.132983,0,0,0,0
205.957694,1788179801.827200,314843,208,1,1,496.795,2.012903,0,0,0,0
206.534550,1788179802.404056,315343,236,1,1,576.856,1.733535,0,0,0,0
206.954768,1788179802.824274,315843,9,1,1,420.218,2.379717,0,0,0,0
207.520611,1788179803.390117,316343,37,1,1,565.843,1.767274,0,0,0,0
207.989449,1788179803.858955,316843,66,1,1,468.838,2.132933,0,0,0,0
208.439688,1788179804.309194,317343,94,1,1,450.239,2.221043,0,0,0,0
209.020149,1788179804.889655,317843,123,1,1,580.461,1.722769,0,0,0,0
209.486129,1788179805.355635,318343,151,1,1,465.980,2.146015,0,0,0,0
209.985881,1788179805.855387,318843,180,1,1,499.752,2.000992,0,0,0,0
210.515773,1788179806.385279,319343,208,1,1,529.892,1.887177,0,0,0,0
210.937383,1788179806.806889,319843,237,1,1,421.610,2.371861,0,0,0,0
211.488049,1788179807.357555,320343,10,1,1,550.666,1.815983,0,0,0,0
211.926250,1788179807.795756,320843,39,1,1,438.201,2.282058,0,0,0,0
212.473566,1788179808.343072,321343,67,1,1,547.316,1.827098,0,0,0,0
212.943343,1788179808.812849,321843,96,1,1,469.777,2.128670,0,0,0,0
213.474787,1788179809.344293,322343,124,1,1,531.444,1.881666,0,0,0,0
214.023301,1788179809.892807,322843,153,1,1,548.514,1.823107,0,0,0,0
214.460933,1788179810.330439,323343,181,1,1,437.632,2.285026,0,0,0,0
214.942724,1788179810.812230,323843,210,1,1,481.791,2.075589,0,0,0,0
215.473873,1788179811.343379,324343,238,1,1,531.149,1.882710,0,0,0,0
215.911416,1788179811.780922,324843,11,1,1,437.543,2.285490,0,0,0,0
216.552759,1788179812.422265,325343,39,1,1,641.343,1.559228,0,0,0,0
217.006026,1788179812.875532,325843,68,1,1,453.267,2.206205,0,0,0,0
217.472116,1788179813.341622,326343,97,1,1,466.090,2.145509,0,0,0,0
218.005039,1788179813.874545,326843,126,1,1,532.923,1.876444,0,0,0,0
218.519318,1788179814.388824,327343,154,1,1,514.279,1.944469,0,0,0,0
218.957395,1788179814.826901,327843,183,1,1,438.077,2.282704,0,0,0,0
219.536935,1788179815.406441,328343,211,1,1,579.540,1.725506,0,0,0,0
220.005618,1788179815.875124,328843,240,1,1,468.683,2.133638,0,0,0,0
220.457926,1788179816.327432,329343,12,1,1,452.308,2.210883,0,0,0,0
220.988462,1788179816.857968,329843,41,1,1,530.536,1.884886,0,0,0,0
221.456817,1788179817.326323,330343,70,1,1,468.355,2.135132,0,0,0,0
222.066731,1788179817.936237,330843,99,1,1,609.914,1.639576,0,0,0,0
222.534104,1788179818.403610,331343,127,1,1,467.373,2.139618,0,0,0,0
222.940612,1788179818.810118,331843,156,1,1,406.508,2.459976,0,0,0,0
223.518162,1788179819.387668,332343,184,1,1,577.550,1.731452,0,0,0,0
224.031313,1788179819.900819,332843,213,1,1,513.151,1.948744,0,0,0,0
224.452085,1788179820.321591,333343,241,1,1,420.772,2.376584,0,0,0,0
224.936567,1788179820.806073,333843,14,1,1,484.482,2.064060,0,0,0,0
225.470346,1788179821.339852,334343,42,1,1,533.779,1.873435,0,0,0,0
225.937461,1788179821.806967,334843,71,1,1,467.115,2.140800,0,0,0,0
226.520112,1788179822.389618,335343,99,1,1,582.651,1.716294,0,0,0,0
227.019144,1788179822.888650,335843,128,1,1,499.032,2.003879,0,0,0,0
227.421565,1788179823.291071,336343,156,1,1,402.421,2.484960,0,0,0,0
227.938673,1788179823.808179,336843,185,1,1,517.108,1.933832,0,0,0,0
228.503570,1788179824.373076,337343,214,1,1,564.897,1.770234,0,0,0,0
228.921969,1788179824.791475,337843,243,1,1,418.399,2.390064,0,0,0,0
229.455257,1788179825.324763,338344,15,1,1,533.288,1.875159,0,0,0,0
229.974071,1788179825.843577,338843,47,1,1,518.814,1.927473,0,0,0,0
230.469959,1788179826.339465,339344,79,1,1,495.888,2.016584,0,0,0,0
231.079025,1788179826.948531,339846,109,1,1,609.066,1.641858,0,0,0,0
231.499919,1788179827.369425,340343,138,1,1,420.894,2.375896,0,0,0,0
231.967911,1788179827.837417,340843,167,1,1,467.992,2.136788,0,0,0,0
232.544649,1788179828.414155,341343,195,1,1,576.738,1.733889,0,0,0,0
232.999357,1788179828.868863,341843,224,1,1,454.708,2.199214,0,0,0,0
233.434103,1788179829.303609,342346,252,1,1,434.746,2.300194,0,0,0,0
234.042475,1788179829.911981,342843,28,1,1,608.372,1.643731,0,0,0,0
234.492433,1788179830.361939,343344,56,1,1,449.958,2.222429,0,0,0,0
234.964065,1788179830.833571,343843,85,1,1,471.632,2.120297,0,0,0,0
235.507107,1788179831.376613,344343,113,1,1,543.042,1.841478,0,0,0,0
235.946745,1788179831.816251,344843,142,1,1,439.638,2.274599,0,0,0,0
236.570307,1788179832.439813,345343,170,1,1,623.562,1.603690,0,0,0,0
236.928165,1788179832.797671,345843,200,1,1,357.858,2.794405,0,0,0,0
237.445512,1788179833.315018,346343,228,1,1,517.347,1.932938,0,0,0,0
238.023539,1788179833.893045,346843,1,1,1,578.027,1.730023,0,0,0,0
238.476507,1788179834.346013,347343,29,1,1,452.968,2.207662,0,0,0,0
238.977115,1788179834.846621,347844,58,1,1,500.608,1.997570,0,0,0,0
239.552872,1788179835.422378,348343,86,1,1,575.757,1.736844,0,0,0,0
240.020981,1788179835.890487,348843,115,1,1,468.109,2.136254,0,0,0,0
240.425426,1788179836.294932,349343,144,1,1,404.445,2.472524,0,0,0,0
240.954041,1788179836.823547,349845,173,1,1,528.615,1.891736,0,0,0,0
241.470841,1788179837.340347,350343,204,1,1,516.800,1.934985,0,0,0,0
241.920227,1788179837.789733,350843,234,1,1,449.386,2.225258,0,0,0,0
242.496552,1788179838.366058,351343,7,1,1,576.325,1.735132,0,0,0,0
242.967805,1788179838.837311,351843,37,1,1,471.253,2.122002,0,0,0,0
243.470203,1788179839.339709,352343,66,1,1,502.398,1.990455,0,0,0,0
244.002093,1788179839.871599,352843,96,1,1,531.890,1.880087,0,0,0,0
244.454842,1788179840.324348,353346,125,1,1,452.749,2.208729,0,0,0,0
244.954538,1788179840.824044,353844,155,1,1,499.696,2.001217,0,0,0,0
245.484911,1788179841.354417,354346,184,1,1,530.373,1.885466,0,0,0,0
245.998588,1788179841.868094,354844,214,1,1,513.677,1.946748,0,0,0,0
246.435906,1788179842.305412,355343,243,1,1,437.318,2.286666,0,0,0,0
247.028486,1788179842.897992,355846,17,1,1,592.580,1.687536,0,0,0,0
247.484389,1788179843.353895,356343,46,1,1,455.903,2.193449,0,0,0,0
248.063959,1788179843.933465,356843,76,1,1,579.570,1.725417,0,0,0,0
248.436947,1788179844.306453,357346,105,1,1,372.988,2.681052,0,0,0,0
248.981408,1788179844.850914,357843,135,1,1,544.461,1.836679,0,0,0,0
249.447871,1788179845.317377,358343,164,1,1,466.463,2.143793,0,0,0,0
249.980751,1788179845.850257,358843,194,1,1,532.880,1.876595,0,0,0,0
250.448705,1788179846.318211,359343,223,1,1,467.954,2.136963,0,0,0,0
251.010361,1788179846.879867,359843,253,1,1,561.656,1.780449,0,0,0,0
251.462935,1788179847.332441,360343,27,1,1,452.574,2.209583,0,0,0,0
251.932858,1788179847.802364,360843,57,1,1,469.923,2.128008,0,0,0,0
252.511777,1788179848.381283,361343,86,1,1,578.919,1.727358,0,0,0,0
253.009636,1788179848.879142,361843,116,1,1,497.859,2.008601,0,0,0,0
253.433147,1788179849.302653,362343,145,1,1,423.511,2.361214,0,0,0,0
254.011067,1788179849.880573,362843,175,1,1,577.920,1.730343,0,0,0,0
254.462107,1788179850.331613,363343,204,1,1,451.040,2.217099,0,0,0,0
254.962324,1788179850.831830,363843,234,1,1,500.217,1.999132,0,0,0,0
255.506699,1788179851.376205,364345,7,1,1,544.375,1.836969,0,0,0,0
256.004435,1788179851.873941,364843,37,1,1,497.736,2.009097,0,0,0,0
256.459718,1788179852.329224,365343,69,1,1,455.283,2.196436,0,0,0,0
257.037097,1788179852.906603,365843,99,1,1,577.379,1.731965,0,0,0,0
257.457632,1788179853.327138,366343,128,1,1,420.535,2.377923,0,0,0,0
257.955895,1788179853.825401,366843,158,1,1,498.263,2.006973,0,0,0,0
258.486901,1788179854.356407,367344,189,1,1,531.006,1.883218,0,0,0,0
258.955809,1788179854.825315,367843,219,1,1,468.908,2.132614,0,0,0,0
259.470470,1788179855.339976,368344,248,1,1,514.661,1.943027,0,0,0,0
260.031932,1788179855.901438,368844,22,1,1,561.462,1.781064,0,0,0,0
260.437713,1788179856.307219,369344,51,1,1,405.781,2.464383,0,0,0,0
261.031368,1788179856.900874,369844,81,1,1,593.655,1.684480,0,0,0,0
261.436348,1788179857.305854,370344,111,1,1,404.980,2.469258,0,0,0,0
261.950829,1788179857.820335,370845,141,1,1,514.481,1.943706,0,0,0,0
262.512826,1788179858.382332,371344,170,1,1,561.997,1.779369,0,0,0,0
262.931394,1788179858.800900,371845,200,1,1,418.568,2.389097,0,0,0,0
263.545659,1788179859.415165,372343,229,1,1,614.265,1.627962,0,0,0,0
264.048218,1788179859.917724,372845,3,1,1,502.559,1.989816,0,0,0,0
264.482265,1788179860.351771,373345,35,1,1,434.047,2.303898,0,0,0,0
264.934573,1788179860.804079,373845,65,1,1,452.308,2.210883,0,0,0,0
265.512713,1788179861.382219,374343,94,1,1,578.140,1.729685,0,0,0,0
265.916734,1788179861.786240,374843,124,1,1,404.021,2.475119,0,0,0,0
266.430842,1788179862.300348,375343,153,1,1,514.108,1.945117,0,0,0,0
267.007539,1788179862.877045,375846,183,1,1,576.697,1.734013,0,0,0,0
267.463345,1788179863.332851,376343,212,1,1,455.806,2.193916,0,0,0,0
267.965114,1788179863.834620,376844,245,1,1,501.769,1.992949,0,0,0,0
268.464282,1788179864.333788,377343,19,1,1,499.168,2.003334,0,0,0,0
268.964275,1788179864.833781,377844,49,1,1,499.993,2.000028,0,0,0,0
269.477572,1788179865.347078,378344,78,1,1,513.297,1.948190,0,0,0,0
269.991891,1788179865.861397,378844,108,1,1,514.319,1.944318,0,0,0,0
270.460165,1788179866.329671,379344,137,1,1,468.274,2.135502,0,0,0,0
270.960266,1788179866.829772,379845,170,1,1,500.101,1.999596,0,0,0,0
271.489916,1788179867.359422,380344,200,1,1,529.650,1.888039,0,0,0,0
272.004834,1788179867.874340,380845,230,1,1,514.918,1.942057,0,0,0,0
272.457145,1788179868.326651,381343,3,1,1,452.311,2.210868,0,0,0,0
272.985543,1788179868.855049,381845,33,1,1,528.398,1.892513,0,0,0,0
273.453640,1788179869.323146,382345,62,1,1,468.097,2.136309,0,0,0,0
273.953054,1788179869.822560,382845,92,1,1,499.414,2.002347,0,0,0,0
274.531314,1788179870.400820,383343,121,1,1,578.260,1.729325,0,0,0,0
274.985707,1788179870.855213,383845,151,1,1,454.393,2.200739,0,0,0,0
275.436408,1788179871.305914,384345,180,1,1,450.701,2.218766,0,0,0,0
276.029114,1788179871.898620,384843,210,1,1,592.706,1.687177,0,0,0,0
276.449734,1788179872.319240,385345,239,1,1,420.620,2.377443,0,0,0,0
277.056145,1788179872.925651,385845,13,1,1,606.411,1.649047,0,0,0,0
277.417227,1788179873.286733,386343,42,1,1,361.082,2.769453,0,0,0,0
277.980008,1788179873.849514,386843,72,1,1,562.781,1.776890,0,0,0,0
278.419124,1788179874.288630,387343,101,1,1,439.116,2.277303,0,0,0,0
278.979811,1788179874.849317,387843,131,1,1,560.687,1.783527,0,0,0,0
279.434326,1788179875.303832,388343,160,1,1,454.515,2.200148,0,0,0,0
280.057506,1788179875.927012,388843,193,1,1,623.180,1.604672,0,0,0,0
280.463847,1788179876.333353,389343,222,1,1,406.341,2.460988,0,0,0,0
280.916452,1788179876.785958,389843,252,1,1,452.605,2.209432,0,0,0,0
281.462765,1788179877.332271,390343,27,1,1,546.313,1.830452,0,0,0,0
282.007791,1788179877.877297,390843,56,1,1,545.026,1.834775,0,0,0,0
282.400669,1788179878.270175,391343,84,1,1,392.878,2.545319,0,0,0,0
282.990751,1788179878.860257,391844,113,1,1,590.082,1.694680,0,0,0,0
283.461106,1788179879.330612,392343,141,1,1,470.355,2.126054,0,0,0,0
283.976509,1788179879.846015,392844,170,1,1,515.403,1.940229,0,0,0,0
284.491655,1788179880.361161,393344,198,1,1,515.146,1.941197,0,0,0,0
284.957593,1788179880.827099,393844,227,1,1,465.938,2.146209,0,0,0,0
285.453194,1788179881.322700,394344,255,1,1,495.601,2.017751,0,0,0,0
285.938217,1788179881.807723,394844,28,1,1,485.023,2.061759,0,0,0,0
286.439245,1788179882.308751,395347,56,1,1,501.028,1.995896,0,0,0,0
286.954887,1788179882.824393,395844,85,1,1,515.642,1.939329,0,0,0,0
287.484665,1788179883.354171,396345,113,1,1,529.778,1.887583,0,0,0,0
287.953221,1788179883.822727,396844,142,1,1,468.556,2.134217,0,0,0,0
288.440146,1788179884.309652,397345,172,1,1,486.925,2.053705,0,0,0,0
288.988334,1788179884.857840,397844,201,1,1,548.188,1.824192,0,0,0,0
289.439631,1788179885.309137,398345,229,1,1,451.297,2.215835,0,0,0,0
290.018265,1788179885.887771,398845,2,1,1,578.634,1.728208,0,0,0,0
290.425055,1788179886.294561,399345,30,1,1,406.790,2.458271,0,0,0,0
290.941136,1788179886.810642,399845,59,1,1,516.081,1.937680,0,0,0,0
291.422032,1788179887.291538,400345,88,1,1,480.896,2.079452,0,0,0,0
291.967021,1788179887.836527,400843,117,1,1,544.989,1.834900,0,0,0,0
292.469018,1788179888.338524,401343,145,1,1,501.997,1.992044,0,0,0,0
293.012706,1788179888.882212,401843,174,1,1,543.688,1.839290,0,0,0,0
293.400649,1788179889.270155,402343,202,1,1,387.943,2.577698,0,0,0,0
293.962941,1788179889.832447,402843,232,1,1,562.292,1.778436,0,0,0,0
294.543256,1788179890.412762,403346,5,1,1,580.315,1.723202,0,0,0,0
295.010007,1788179890.879513,403843,35,1,1,466.751,2.142470,0,0,0,0
295.463790,1788179891.333296,404344,64,1,1,453.783,2.203697,0,0,0,0
295.994611,1788179891.864117,404843,94,1,1,530.821,1.883874,0,0,0,0
296.460756,1788179892.330262,405344,123,1,1,466.145,2.145255,0,0,0,0
296.913489,1788179892.782995,405843,153,1,1,452.733,2.208807,0,0,0,0
297.535320,1788179893.404826,406343,182,1,1,621.831,1.608154,0,0,0,0
297.940982,1788179893.810488,406843,212,1,1,405.662,2.465106,0,0,0,0
298.534865,1788179894.404371,407343,241,1,1,593.883,1.683833,0,0,0,0
298.985867,1788179894.855373,407843,15,1,1,451.002,2.217286,0,0,0,0
299.453906,1788179895.323412,408343,44,1,1,468.039,2.136574,0,0,0,0
299.951663,1788179895.821169,408843,74,1,1,497.757,2.009013,0,0,0,0
300.432552,1788179896.302058,409343,103,1,1,480.889,2.079482,0,0,0,0
300.980921,1788179896.850427,409843,133,1,1,548.369,1.823590,0,0,0,0
301.448827,1788179897.318333,410343,163,1,1,467.906,2.137181,0,0,0,0
301.983278,1788179897.852784,410843,193,1,1,534.451,1.871079,0,0,0,0
302.435652,1788179898.305158,411343,222,1,1,452.374,2.210560,0,0,0,0
302.932805,1788179898.802311,411843,252,1,1,497.153,2.011453,0,0,0,0
303.512935,1788179899.382441,412343,25,1,1,580.130,1.723752,0,0,0,0
303.936295,1788179899.805801,412844,55,1,1,423.360,2.362055,0,0,0,0
304.517938,1788179900.387444,413343,84,1,1,581.643,1.719267,0,0,0,0
304.912165,1788179900.781671,413843,114,1,1,394.227,2.536611,0,0,0,0
305.426560,1788179901.296066,414343,143,1,1,514.395,1.944031,0,0,0,0
306.050238,1788179901.919744,414843,176,1,1,623.678,1.603391,0,0,0,0
306.500593,1788179902.370099,415348,206,1,1,450.355,2.220471,0,0,0,0
306.966144,1788179902.835650,415845,238,1,1,465.551,2.147992,0,0,0,0
307.498401,1788179903.367907,416345,11,1,1,532.257,1.878792,0,0,0,0
307.966372,1788179903.835878,416848,41,1,1,467.971,2.136884,0,0,0,0
308.407403,1788179904.276909,417343,70,1,1,441.031,2.267414,0,0,0,0
308.990140,1788179904.859646,417843,100,1,1,582.737,1.716040,0,0,0,0
309.458733,1788179905.328239,418343,129,1,1,468.593,2.134048,0,0,0,0
309.960002,1788179905.829508,418843,159,1,1,501.269,1.994937,0,0,0,0
310.489125,1788179906.358631,419343,188,1,1,529.123,1.889919,0,0,0,0
311.021276,1788179906.890782,419843,218,1,1,532.151,1.879166,0,0,0,0
311.564691,1788179907.434197,420343,248,1,1,543.415,1.840214,0,0,0,0
311.940579,1788179907.810085,420843,22,1,1,375.888,2.660368,0,0,0,0
312.492561,1788179908.362067,421344,51,1,1,551.982,1.811653,0,0,0,0
312.944317,1788179908.813823,421844,81,1,1,451.756,2.213584,0,0,0,0
313.489554,1788179909.359060,422344,110,1,1,545.237,1.834065,0,0,0,0
313.945097,1788179909.814603,422844,140,1,1,455.543,2.195182,0,0,0,0
314.442245,1788179910.311751,423344,169,1,1,497.148,2.011473,0,0,0,0
315.020180,1788179910.889686,423844,199,1,1,577.935,1.730298,0,0,0,0
315.485974,1788179911.355480,424345,228,1,1,465.794,2.146871,0,0,0,0
316.015616,1788179911.885122,424845,2,1,1,529.642,1.888068,0,0,0,0
316.471069,1788179912.340575,425345,31,1,1,455.453,2.195615,0,0,0,0
316.925082,1788179912.794588,425845,61,1,1,454.013,2.202581,0,0,0,0
317.549886,1788179913.419392,426345,90,1,1,624.804,1.600502,0,0,0,0
317.908825,1788179913.778331,426843,120,1,1,358.939,2.785989,0,0,0,0
318.470509,1788179914.340015,427343,149,1,1,561.684,1.780360,0,0,0,0
318.954726,1788179914.824232,427843,181,1,1,484.217,2.065190,0,0,0,0
319.425868,1788179915.295374,428343,213,1,1,471.142,2.122502,0,0,0,0
319.925247,1788179915.794753,428844,243,1,1,499.379,2.002487,0,0,0,0
320.536186,1788179916.405692,429344,16,1,1,610.939,1.636825,0,0,0,0
320.959570,1788179916.829076,429844,46,1,1,423.384,2.361922,0,0,0,0
321.472705,1788179917.342211,430344,76,1,1,513.135,1.948804,0,0,0,0
322.004718,1788179917.874224,430843,105,1,1,532.013,1.879654,0,0,0,0
322.455074,1788179918.324580,431346,133,1,1,450.356,2.220466,0,0,0,0
322.952467,1788179918.821973,431843,162,1,1,497.393,2.010483,0,0,0,0
323.529166,1788179919.398672,432343,190,1,1,576.699,1.734007,0,0,0,0
323.937562,1788179919.807068,432845,219,1,1,408.396,2.448604,0,0,0,0
324.467000,1788179920.336506,433345,247,1,1,529.438,1.888795,0,0,0,0
324.985554,1788179920.855060,433843,20,1,1,518.554,1.928440,0,0,0,0
325.457629,1788179921.327135,434345,48,1,1,472.075,2.118308,0,0,0,0
326.069404,1788179921.938910,434847,77,1,1,611.775,1.634587,0,0,0,0
326.429613,1788179922.299119,435344,105,1,1,360.209,2.776166,0,0,0,0
326.933178,1788179922.802684,435847,134,1,1,503.565,1.985842,0,0,0,0
327.433259,1788179923.302765,436344,164,1,1,500.081,1.999676,0,0,0,0
328.027832,1788179923.897338,436844,195,1,1,594.573,1.681879,0,0,0,0
328.482103,1788179924.351609,437344,223,1,1,454.271,2.201329,0,0,0,0
329.013396,1788179924.882902,437844,252,1,1,531.293,1.882201,0,0,0,0
329.465778,1788179925.335284,438344,24,1,1,452.382,2.210521,0,0,0,0
330.041923,1788179925.911429,438844,53,1,1,576.145,1.735674,0,0,0,0
330.416895,1788179926.286401,439344,81,1,1,374.972,2.666865,0,0,0,0
330.962408,1788179926.831914,439844,110,1,1,545.513,1.833137,0,0,0,0
331.416378,1788179927.285884,440344,139,1,1,453.970,2.202789,0,0,0,0
332.041869,1788179927.911375,440844,168,1,1,625.491,1.598744,0,0,0,0
332.399926,1788179928.269432,441344,196,1,1,358.057,2.792851,0,0,0,0
332.961190,1788179928.830696,441844,225,1,1,561.264,1.781693,0,0,0,0
333.495643,1788179929.365149,442344,253,1,1,534.453,1.871071,0,0,0,0
333.965363,1788179929.834869,442844,26,1,1,469.720,2.128928,0,0,0,0
334.477263,1788179930.346769,443344,54,1,1,511.900,1.953507,0,0,0,0
335.039521,1788179930.909027,443844,83,1,1,562.258,1.778543,0,0,0,0
335.492713,1788179931.362219,444345,111,1,1,453.192,2.206570,0,0,0,0
335.960023,1788179931.829529,444844,140,1,1,467.310,2.139907,0,0,0,0
336.491308,1788179932.360814,445344,168,1,1,531.285,1.882229,0,0,0,0
336.945229,1788179932.814735,445844,197,1,1,453.921,2.203026,0,0,0,0
337.457057,1788179933.326563,446344,225,1,1,511.828,1.953782,0,0,0,0
338.020969,1788179933.890475,446844,254,1,1,563.912,1.773326,0,0,0,0
338.443785,1788179934.313291,447344,26,1,1,422.816,2.365096,0,0,0,0
338.944374,1788179934.813880,447844,55,1,1,500.589,1.997646,0,0,0,0
339.488525,1788179935.358031,448344,83,1,1,544.151,1.837725,0,0,0,0
339.976779,1788179935.846285,448844,112,1,1,488.254,2.048115,0,0,0,0
340.430240,1788179936.299746,449344,140,1,1,453.461,2.205260,0,0,0,0
341.085551,1788179936.955057,449844,169,1,1,655.311,1.525993,0,0,0,0
341.439781,1788179937.309287,450344,198,1,1,354.230,2.823025,0,0,0,0
342.025436,1788179937.894942,450844,227,1,1,585.655,1.707490,0,0,0,0
342.517517,1788179938.387023,451344,255,1,1,492.081,2.032185,0,0,0,0
342.936854,1788179938.806360,451844,28,1,1,419.337,2.384717,0,0,0,0
343.441910,1788179939.311416,452345,56,1,1,505.056,1.979979,0,0,0,0
344.005378,1788179939.874884,452844,88,1,1,563.468,1.774724,0,0,0,0
344.471482,1788179940.340988,453344,117,1,1,466.104,2.145444,0,0,0,0
344.999074,1788179940.868580,453844,146,1,1,527.592,1.895404,0,0,0,0
345.468421,1788179941.337927,454344,174,1,1,469.347,2.130620,0,0,0,0
345.922820,1788179941.792326,454844,203,1,1,454.399,2.200709,0,0,0,0
346.496336,1788179942.365842,455344,231,1,1,573.516,1.743631,0,0,0,0
346.952939,1788179942.822445,455844,4,1,1,456.603,2.190086,0,0,0,0
347.468440,1788179943.337946,456344,32,1,1,515.501,1.939860,0,0,0,0
348.033066,1788179943.902572,456844,61,1,1,564.626,1.771084,0,0,0,0
348.451775,1788179944.321281,457344,89,1,1,418.709,2.388293,0,0,0,0
348.953556,1788179944.823062,457844,118,1,1,501.781,1.992901,0,0,0,0
349.543821,1788179945.413327,458347,146,1,1,590.265,1.694154,0,0,0,0
349.994920,1788179945.864426,458844,175,1,1,451.099,2.216809,0,0,0,0
350.448087,1788179946.317593,459344,203,1,1,453.167,2.206692,0,0,0,0
350.995151,1788179946.864657,459844,232,1,1,547.064,1.827939,0,0,0,0
351.445499,1788179947.315005,460344,5,1,1,450.348,2.220506,0,0,0,0
351.942751,1788179947.812257,460844,34,1,1,497.252,2.011053,0,0,0,0
352.520207,1788179948.389713,461344,62,1,1,577.456,1.731734,0,0,0,0
352.987614,1788179948.857120,461844,92,1,1,467.407,2.139462,0,0,0,0
353.442037,1788179949.311543,462344,120,1,1,454.423,2.200593,0,0,0,0
353.972914,1788179949.842420,462844,149,1,1,530.877,1.883676,0,0,0,0
354.440056,1788179950.309562,463344,177,1,1,467.142,2.140676,0,0,0,0
355.051079,1788179950.920585,463844,207,1,1,611.023,1.636600,0,0,0,0
355.425675,1788179951.295181,464344,236,1,1,374.596,2.669542,0,0,0,0
355.921368,1788179951.790874,464844,10,1,1,495.693,2.017378,0,0,0,0
356.436382,1788179952.305888,465344,39,1,1,515.014,1.941695,0,0,0,0
356.967716,1788179952.837222,465844,69,1,1,531.334,1.882056,0,0,0,0
357.435821,1788179953.305327,466344,98,1,1,468.105,2.136272,0,0,0,0
358.043916,1788179953.913422,466844,129,1,1,608.095,1.644480,0,0,0,0
358.540514,1788179954.410020,467344,158,1,1,496.598,2.013701,0,0,0,0
358.928901,1788179954.798407,467844,188,1,1,388.387,2.574752,0,0,0,0
359.460043,1788179955.329549,468344,217,1,1,531.142,1.882736,0,0,0,0
360.019906,1788179955.889412,468844,247,1,1,559.863,1.786151,0,0,0,0
360.411530,1788179956.281036,469344,20,1,1,391.624,2.553470,0,0,0,0
360.988870,1788179956.858376,469844,50,1,1,577.340,1.732081,0,0,0,0
361.438685,1788179957.308191,470344,80,1,1,449.815,2.223137,0,0,0,0
361.956481,1788179957.825987,470844,110,1,1,517.796,1.931262,0,0,0,0
362.484678,1788179958.354184,471344,139,1,1,528.197,1.893233,0,0,0,0
362.956153,1788179958.825659,471844,169,1,1,471.475,2.121003,0,0,0,0
363.405496,1788179959.275002,472344,198,1,1,449.343,2.225472,0,0,0,0
363.937257,1788179959.806763,472844,228,1,1,531.761,1.880544,0,0,0,0
364.450432,1788179960.319938,473344,1,1,1,513.175,1.948653,0,0,0,0
364.950812,1788179960.820318,473844,31,1,1,500.380,1.998481,0,0,0,0
365.480251,1788179961.349757,474344,60,1,1,529.439,1.888792,0,0,0,0
365.948973,1788179961.818479,474845,90,1,1,468.722,2.133461,0,0,0,0
366.448380,1788179962.317886,475344,119,1,1,499.407,2.002375,0,0,0,0
366.979540,1788179962.849046,475844,149,1,1,531.160,1.882671,0,0,0,0
367.478163,1788179963.347669,476344,178,1,1,498.623,2.005524,0,0,0,0
367.928655,1788179963.798161,476844,208,1,1,450.492,2.219795,0,0,0,0
368.491982,1788179964.361488,477344,237,1,1,563.327,1.775168,0,0,0,0
368.931305,1788179964.800811,477844,11,1,1,439.323,2.276230,0,0,0,0
369.507117,1788179965.376623,478344,40,1,1,575.812,1.736678,0,0,0,0
369.927829,1788179965.797335,478844,70,1,1,420.712,2.376923,0,0,0,0
370.475055,1788179966.344561,479344,99,1,1,547.226,1.827399,0,0,0,0
371.005580,1788179966.875086,479844,129,1,1,530.525,1.884925,0,0,0,0
371.535597,1788179967.405103,480344,159,1,1,530.017,1.886731,0,0,0,0
371.926904,1788179967.796410,480844,189,1,1,391.307,2.555539,0,0,0,0
372.537116,1788179968.406622,481344,218,1,1,610.212,1.638774,0,0,0,0
372.896942,1788179968.766448,481844,248,1,1,359.826,2.779120,0,0,0,0
373.462386,1788179969.331892,482344,21,1,1,565.444,1.768522,0,0,0,0
373.995600,1788179969.865106,482844,51,1,1,533.214,1.875420,0,0,0,0
374.446441,1788179970.315947,483344,80,1,1,450.841,2.218077,0,0,0,0
374.901055,1788179970.770561,483844,110,1,1,454.614,2.199668,0,0,0,0
375.527231,1788179971.396737,484344,139,1,1,626.176,1.596995,0,0,0,0
375.934845,1788179971.804351,484845,169,1,1,407.614,2.453301,0,0,0,0
376.448562,1788179972.318068,485345,198,1,1,513.717,1.946596,0,0,0,0
376.978861,1788179972.848367,485845,228,1,1,530.299,1.885729,0,0,0,0
377.445023,1788179973.314529,486345,1,1,1,466.162,2.145177,0,0,0,0
377.948943,1788179973.818449,486845,31,1,1,503.920,1.984442,0,0,0,0
378.526244,1788179974.395750,487347,60,1,1,577.301,1.732199,0,0,0,0
378.930795,1788179974.800301,487845,90,1,1,404.551,2.471876,0,0,0,0
379.523767,1788179975.393273,488345,119,1,1,592.972,1.686420,0,0,0,0
379.914042,1788179975.783548,488845,149,1,1,390.275,2.562296,0,0,0,0
380.442782,1788179976.312288,489347,178,1,1,528.740,1.891289,0,0,0,0
381.006208,1788179976.875714,489845,208,1,1,563.426,1.774856,0,0,0,0
381.430467,1788179977.299973,490347,238,1,1,424.259,2.357050,0,0,0,0
382.051113,1788179977.920619,490845,14,1,1,620.646,1.611224,0,0,0,0
382.458964,1788179978.328470,491347,45,1,1,407.851,2.451876,0,0,0,0
383.014236,1788179978.883742,491845,75,1,1,555.272,1.800920,0,0,0,0
383.430638,1788179979.300144,492347,104,1,1,416.402,2.401525,0,0,0,0
383.989323,1788179979.858829,492845,134,1,1,558.685,1.789917,0,0,0,0
384.505441,1788179980.374947,493347,163,1,1,516.118,1.937542,0,0,0,0
384.911748,1788179980.781254,493845,193,1,1,406.307,2.461193,0,0,0,0
385.489263,1788179981.358769,494347,222,1,1,577.515,1.731556,0,0,0,0
385.960464,1788179981.829970,494845,252,1,1,471.201,2.122237,0,0,0,0
386.396726,1788179982.266232,495347,25,1,1,436.262,2.292200,0,0,0,0
386.978331,1788179982.847837,495845,55,1,1,581.605,1.719380,0,0,0,0
387.496231,1788179983.365737,496347,84,1,1,517.900,1.930875,0,0,0,0
387.960463,1788179983.829969,496845,114,1,1,464.232,2.154096,0,0,0,0
388.479382,1788179984.348888,497347,143,1,1,518.919,1.927083,0,0,0,0
388.948357,1788179984.817863,497845,174,1,1,468.975,2.132310,0,0,0,0
389.619755,1788179985.489261,498347,203,1,1,671.398,1.489430,0,0,0,0
390.028010,1788179985.897516,498845,233,1,1,408.255,2.449449,0,0,0,0
390.476014,1788179986.345520,499347,6,1,1,448.004,2.232123,0,0,0,0
390.942790,1788179986.812296,499845,36,1,1,466.776,2.142356,0,0,0,0
391.474784,1788179987.344290,500347,66,1,1,531.994,1.879720,0,0,0,0
391.926731,1788179987.796237,500845,96,1,1,451.947,2.212649,0,0,0,0
392.545848,1788179988.415354,501347,125,1,1,619.117,1.615204,0,0,0,0
392.925518,1788179988.795024,501845,155,1,1,379.670,2.633867,0,0,0,0
393.548762,1788179989.418268,502347,184,1,1,623.244,1.604508,0,0,0,0
393.922387,1788179989.791893,502845,214,1,1,373.625,2.676480,0,0,0,0
394.455384,1788179990.324890,503347,243,1,1,532.997,1.876184,0,0,0,0
394.927814,1788179990.797320,503845,17,1,1,472.430,2.116716,0,0,0,0
395.457243,1788179991.326749,504347,46,1,1,529.429,1.888828,0,0,0,0
396.003577,1788179991.873083,504845,76,1,1,546.334,1.830382,0,0,0,0
396.456749,1788179992.326255,505345,105,1,1,453.172,2.206668,0,0,0,0
396.988327,1788179992.857833,505845,135,1,1,531.578,1.881191,0,0,0,0
397.456964,1788179993.326470,506347,164,1,1,468.637,2.133848,0,0,0,0
397.900842,1788179993.770348,506845,194,1,1,443.878,2.252872,0,0,0,0
398.442530,1788179994.312036,507347,223,1,1,541.688,1.846080,0,0,0,0
398.961380,1788179994.830886,507847,253,1,1,518.850,1.927340,0,0,0,0
399.445941,1788179995.315447,508347,26,1,1,484.561,2.063724,0,0,0,0
399.978335,1788179995.847841,508845,56,1,1,532.394,1.878308,0,0,0,0
400.444864,1788179996.314370,509347,85,1,1,466.529,2.143490,0,0,0,0
400.947320,1788179996.816826,509845,115,1,1,502.456,1.990224,0,0,0,0
401.526133,1788179997.395639,510347,145,1,1,578.813,1.727673,0,0,0,0
401.944699,1788179997.814205,510847,175,1,1,418.566,2.389110,0,0,0,0
402.443160,1788179998.312666,511347,204,1,1,498.461,2.006175,0,0,0,0
402.974573,1788179998.844079,511845,234,1,1,531.413,1.881775,0,0,0,0
403.442376,1788179999.311882,512347,7,1,1,467.803,2.137652,0,0,0,0
403.939224,1788179999.808730,512845,37,1,1,496.848,2.012689,0,0,0,0
404.465766,1788180000.335272,513347,66,1,1,526.542,1.899184,0,0,0,0
404.932170,1788180000.801676,513845,96,1,1,466.404,2.144063,0,0,0,0
405.509871,1788180001.379377,514347,125,1,1,577.701,1.731000,0,0,0,0
405.915180,1788180001.784686,514845,155,1,1,405.309,2.467254,0,0,0,0
406.429970,1788180002.299476,515347,184,1,1,514.790,1.942539,0,0,0,0
406.913345,1788180002.782851,515845,214,1,1,483.375,2.068787,0,0,0,0
407.455056,1788180003.324562,516347,243,1,1,541.711,1.846003,0,0,0,0
407.927029,1788180003.796535,516846,17,1,1,471.973,2.118764,0,0,0,0
408.503607,1788180004.373113,517347,46,1,1,576.578,1.734371,0,0,0,0
408.955888,1788180004.825394,517845,76,1,1,452.281,2.211015,0,0,0,0
409.408340,1788180005.277846,518347,105,1,1,452.452,2.210179,0,0,0,0
409.998456,1788180005.867962,518845,135,1,1,590.116,1.694582,0,0,0,0
410.495883,1788180006.365389,519345,164,1,1,497.427,2.010345,0,0,0,0
410.951758,1788180006.821264,519843,194,1,1,455.875,2.193583,0,0,0,0
411.406625,1788180007.276131,520345,224,1,1,454.867,2.198445,0,0,0,0
411.999428,1788180007.868934,520843,254,1,1,592.803,1.686901,0,0,0,0
412.390028,1788180008.259534,521343,27,1,1,390.600,2.560164,0,0,0,0
413.029246,1788180008.898752,521845,57,1,1,639.218,1.564411,0,0,0,0
413.502220,1788180009.371726,522343,86,1,1,472.974,2.114281,0,0,0,0
413.944666,1788180009.814172,522845,116,1,1,442.446,2.260163,0,0,0,0
414.444179,1788180010.313685,523345,145,1,1,499.513,2.001950,0,0,0,0
414.990343,1788180010.859849,523845,175,1,1,546.164,1.830952,0,0,0,0
415.443436,1788180011.312942,524345,204,1,1,453.093,2.207052,0,0,0,0
416.016580,1788180011.886086,524845,234,1,1,573.144,1.744762,0,0,0,0
416.484176,1788180012.353682,525345,7,1,1,467.596,2.138599,0,0,0,0
416.938499,1788180012.808005,525843,37,1,1,454.323,2.201077,0,0,0,0
417.483326,1788180013.352832,526345,66,1,1,544.827,1.835445,0,0,0,0
417.938057,1788180013.807563,526843,96,1,1,454.731,2.199102,0,0,0,0
418.434239,1788180014.303745,527343,125,1,1,496.182,2.015389,0,0,0,0
418.974250,1788180014.843756,527843,156,1,1,540.011,1.851814,0,0,0,0
419.477662,1788180015.347168,528343,185,1,1,503.412,1.986444,0,0,0,0
420.011684,1788180015.881190,528843,218,1,1,534.022,1.872583,0,0,0,0
420.448738,1788180016.318244,529343,250,1,1,437.054,2.288046,0,0,0,0
420.946060,1788180016.815566,529843,23,1,1,497.322,2.010770,0,0,0,0
421.553207,1788180017.422713,530343,52,1,1,607.147,1.647048,0,0,0,0
421.912772,1788180017.782278,530843,81,1,1,359.565,2.781138,0,0,0,0
422.423751,1788180018.293257,531343,109,1,1,510.979,1.957027,0,0,0,0
423.001047,1788180018.870553,531843,138,1,1,577.296,1.732214,0,0,0,0
423.436556,1788180019.306062,532343,166,1,1,435.509,2.296164,0,0,0,0
423.950782,1788180019.820288,532843,195,1,1,514.226,1.944670,0,0,0,0
424.487087,1788180020.356593,533343,223,1,1,536.305,1.864611,0,0,0,0
424.955406,1788180020.824912,533843,252,1,1,468.319,2.135297,0,0,0,0
425.404482,1788180021.273988,534343,24,1,1,449.076,2.226794,0,0,0,0
426.029810,1788180021.899316,534843,53,1,1,625.328,1.599161,0,0,0,0
426.450409,1788180022.319915,535343,81,1,1,420.599,2.377562,0,0,0,0
426.901314,1788180022.770820,535843,110,1,1,450.905,2.217762,0,0,0,0
427.482812,1788180023.352318,536343,138,1,1,581.498,1.719697,0,0,0,0
427.935881,1788180023.805387,536843,167,1,1,453.069,2.207168,0,0,0,0
428.440067,1788180024.309573,537343,195,1,1,504.186,1.983395,0,0,0,0
428.972001,1788180024.841507,537843,224,1,1,531.934,1.879932,0,0,0,0
429.451765,1788180025.321271,538343,252,1,1,479.764,2.084358,0,0,0,0
429.947257,1788180025.816763,538843,25,1,1,495.492,2.018196,0,0,0,0
430.463464,1788180026.332970,539343,53,1,1,516.207,1.937207,0,0,0,0
430.977251,1788180026.846757,539843,82,1,1,513.787,1.946332,0,0,0,0
431.443453,1788180027.312959,540343,111,1,1,466.202,2.144993,0,0,0,0
431.924986,1788180027.794492,540843,140,1,1,481.533,2.076701,0,0,0,0
432.426322,1788180028.295828,541343,168,1,1,501.336,1.994671,0,0,0,0
433.049605,1788180028.919111,541843,197,1,1,623.283,1.604407,0,0,0,0
433.409947,1788180029.279453,542343,225,1,1,360.342,2.775143,0,0,0,0
433.967591,1788180029.837097,542843,254,1,1,557.644,1.793258,0,0,0,0
434.545755,1788180030.415261,543343,26,1,1,578.164,1.729613,0,0,0,0
435.000836,1788180030.870342,543843,55,1,1,455.081,2.197411,0,0,0,0
435.422280,1788180031.291786,544343,83,1,1,421.444,2.372795,0,0,0,0
435.905281,1788180031.774787,544843,112,1,1,483.001,2.070389,0,0,0,0
436.500442,1788180032.369948,545343,140,1,1,595.161,1.680218,0,0,0,0
436.954374,1788180032.823880,545843,169,1,1,453.932,2.202973,0,0,0,0
437.501926,1788180033.371432,546343,197,1,1,547.552,1.826311,0,0,0,0
437.952673,1788180033.822179,546843,226,1,1,450.747,2.218539,0,0,0,0
438.448718,1788180034.318224,547343,254,1,1,496.045,2.015946,0,0,0,0
438.917880,1788180034.787386,547843,27,1,1,469.162,2.131460,0,0,0,0
439.494703,1788180035.364209,548343,55,1,1,576.823,1.733634,0,0,0,0
439.949356,1788180035.818862,548843,84,1,1,454.653,2.199479,0,0,0,0
440.482523,1788180036.352029,549348,112,1,1,533.167,1.875585,0,0,0,0
441.082521,1788180036.952027,549843,141,1,1,599.998,1.666672,0,0,0,0
441.450295,1788180037.319801,550343,170,1,1,367.774,2.719061,0,0,0,0
441.980769,1788180037.850275,550843,199,1,1,530.474,1.885107,0,0,0,0
442.480863,1788180038.350369,551343,227,1,1,500.094,1.999623,0,0,0,0
442.933286,1788180038.802792,551843,0,1,1,452.423,2.210322,0,0,0,0
443.479737,1788180039.349243,552343,28,1,1,546.451,1.829990,0,0,0,0
443.975022,1788180039.844528,552843,57,1,1,495.285,2.019039,0,0,0,0
444.507941,1788180040.377447,553343,85,1,1,532.919,1.876458,0,0,0,0
445.022363,1788180040.891869,553843,114,1,1,514.422,1.943930,0,0,0,0
445.427132,1788180041.296638,554343,142,1,1,404.769,2.470544,0,0,0,0
445.926712,1788180041.796218,554843,171,1,1,499.580,2.001682,0,0,0,0
446.472364,1788180042.341870,555343,199,1,1,545.652,1.832670,0,0,0,0
446.922496,1788180042.792002,555843,228,1,1,450.132,2.221570,0,0,0,0
447.503206,1788180043.372712,556343,0,1,1,580.710,1.722030,0,0,0,0
447.955327,1788180043.824833,556843,29,1,1,452.121,2.211797,0,0,0,0
448.468911,1788180044.338417,557343,57,1,1,513.584,1.947102,0,0,0,0
449.000515,1788180044.870021,557843,86,1,1,531.604,1.881099,0,0,0,0
449.408186,1788180045.277692,558343,114,1,1,407.671,2.452959,0,0,0,0
449.951442,1788180045.820948,558843,144,1,1,543.256,1.840753,0,0,0,0
450.528198,1788180046.397704,559343,172,1,1,576.756,1.733835,0,0,0,0
450.999441,1788180046.868947,559843,201,1,1,471.243,2.122047,0,0,0,0
451.452720,1788180047.322226,560343,230,1,1,453.279,2.206148,0,0,0,0
451.906829,1788180047.776335,560843,3,1,1,454.109,2.202114,0,0,0,0
452.451052,1788180048.320558,561343,31,1,1,544.223,1.837483,0,0,0,0
452.905047,1788180048.774553,561843,60,1,1,453.995,2.202667,0,0,0,0
453.532688,1788180049.402194,562343,88,1,1,627.641,1.593267,0,0,0,0
453.967921,1788180049.837427,562843,117,1,1,435.233,2.297621,0,0,0,0
454.449800,1788180050.319306,563343,145,1,1,481.879,2.075210,0,0,0,0
454.933339,1788180050.802845,563843,174,1,1,483.539,2.068085,0,0,0,0
455.434479,1788180051.303985,564343,202,1,1,501.140,1.995451,0,0,0,0
455.899706,1788180051.769212,564843,231,1,1,465.227,2.149488,0,0,0,0
456.524226,1788180052.393732,565343,3,1,1,624.520,1.601230,0,0,0,0
456.975472,1788180052.844978,565843,32,1,1,451.246,2.216086,0,0,0,0
457.432911,1788180053.302417,566343,60,1,1,457.439,2.186084,0,0,0,0
457.973976,1788180053.843482,566843,89,1,1,541.065,1.848206,0,0,0,0
458.471614,1788180054.341120,567343,121,1,1,497.638,2.009493,0,0,0,0
458.924819,1788180054.794325,567843,150,1,1,453.205,2.206508,0,0,0,0
459.519505,1788180055.389011,568343,178,1,1,594.686,1.681560,0,0,0,0
459.923417,1788180055.792923,568843,207,1,1,403.912,2.475786,0,0,0,0
460.547085,1788180056.416591,569348,235,1,1,623.668,1.603417,0,0,0,0
460.920240,1788180056.789746,569843,8,1,1,373.155,2.679852,0,0,0,0
461.435053,1788180057.304559,570343,37,1,1,514.813,1.942452,0,0,0,0
461.918032,1788180057.787538,570843,66,1,1,482.979,2.070484,0,0,0,0
462.463805,1788180058.333311,571343,94,1,1,545.773,1.832263,0,0,0,0
462.964963,1788180058.834469,571843,123,1,1,501.158,1.995379,0,0,0,0
463.495475,1788180059.364981,572343,151,1,1,530.512,1.884971,0,0,0,0
463.964306,1788180059.833812,572843,180,1,1,468.831,2.132964,0,0,0,0
464.428490,1788180060.297996,573343,208,1,1,464.184,2.154319,0,0,0,0
464.913166,1788180060.782672,573843,237,1,1,484.676,2.063233,0,0,0,0
465.444654,1788180061.314160,574343,9,1,1,531.488,1.881510,0,0,0,0
465.912193,1788180061.781699,574843,38,1,1,467.539,2.138859,0,0,0,0
466.485933,1788180062.355439,575348,66,1,1,573.740,1.742950,0,0,0,0
466.997973,1788180062.867479,575843,95,1,1,512.040,1.952973,0,0,0,0
467.450239,1788180063.319745,576343,123,1,1,452.266,2.211088,0,0,0,0
468.025884,1788180063.895390,576843,152,1,1,575.645,1.737181,0,0,0,0
468.447585,1788180064.317091,577343,180,1,1,421.701,2.371349,0,0,0,0
468.944987,1788180064.814493,577843,209,1,1,497.402,2.010446,0,0,0,0
469.426274,1788180065.295780,578343,237,1,1,481.287,2.077762,0,0,0,0
469.943441,1788180065.812947,578843,10,1,1,517.167,1.933611,0,0,0,0
470.393440,1788180066.262946,579343,38,1,1,449.999,2.222228,0,0,0,0
471.015936,1788180066.885442,579843,67,1,1,622.496,1.606436,0,0,0,0
471.485127,1788180067.354633,580343,96,1,1,469.191,2.131329,0,0,0,0
471.936083,1788180067.805589,580843,125,1,1,450.956,2.217511,0,0,0,0
472.467766,1788180068.337272,581343,153,1,1,531.683,1.880820,0,0,0,0
472.980974,1788180068.850480,581843,182,1,1,513.208,1.948528,0,0,0,0
473.541560,1788180069.411066,582343,210,1,1,560.586,1.783848,0,0,0,0
473.916931,1788180069.786437,582843,239,1,1,375.371,2.664030,0,0,0,0
474.464354,1788180070.333860,583343,11,1,1,547.423,1.826741,0,0,0,0
474.921707,1788180070.791213,583843,40,1,1,457.353,2.186494,0,0,0,0
476.407250,1788180072.276756,584343,68,1,1,1485.543,0.673155,1,1,0,0
476.412724,1788180072.282230,584843,97,1,1,5.474,182.678746,0,0,0,0
476.418405,1788180072.287911,585343,125,1,1,5.681,176.024173,0,0,0,0
477.008658,1788180072.878164,585843,154,1,1,590.253,1.694189,0,0,0,0
477.459779,1788180073.329285,586343,182,1,1,451.121,2.216700,0,0,0,0
477.995150,1788180073.864656,586843,211,1,1,535.371,1.867863,0,0,0,0
478.451345,1788180074.320851,587343,239,1,1,456.195,2.192046,0,0,0,0
478.921519,1788180074.791025,587843,12,1,1,470.174,2.126872,0,0,0,0
479.528502,1788180075.398008,588343,40,1,1,606.983,1.647493,0,0,0,0
479.951061,1788180075.820567,588843,70,1,1,422.559,2.366533,0,0,0,0
480.453237,1788180076.322743,589343,98,1,1,502.176,1.991334,0,0,0,0
480.937331,1788180076.806837,589843,127,1,1,484.094,2.065715,0,0,0,0
481.451821,1788180077.321327,590343,156,1,1,514.490,1.943672,0,0,0,0
481.947814,1788180077.817320,590843,185,1,1,495.993,2.016158,0,0,0,0
482.478168,1788180078.347674,591343,213,1,1,530.354,1.885533,0,0,0,0
482.931897,1788180078.801403,591843,242,1,1,453.729,2.203959,0,0,0,0
483.398388,1788180079.267894,592343,14,1,1,466.491,2.143663,0,0,0,0
483.928911,1788180079.798417,592843,43,1,1,530.523,1.884933,0,0,0,0
484.445570,1788180080.315076,593343,71,1,1,516.659,1.935513,0,0,0,0
484.943933,1788180080.813439,593843,100,1,1,498.363,2.006569,0,0,0,0
485.473541,1788180081.343047,594343,128,1,1,529.608,1.888189,0,0,0,0
485.926624,1788180081.796130,594843,157,1,1,453.083,2.207101,0,0,0,0
486.442155,1788180082.311661,595343,185,1,1,515.531,1.939747,0,0,0,0
486.975452,1788180082.844958,595843,214,1,1,533.297,1.875128,0,0,0,0
487.429778,1788180083.299284,596343,242,1,1,454.326,2.201062,0,0,0,0
487.931137,1788180083.800643,596843,15,1,1,501.359,1.994579,0,0,0,0
488.461065,1788180084.330571,597346,43,1,1,529.928,1.887049,0,0,0,0
488.960911,1788180084.830417,597844,72,1,1,499.846,2.000616,0,0,0,0
489.506354,1788180085.375860,598346,100,1,1,545.443,1.833372,0,0,0,0
489.913140,1788180085.782646,598844,129,1,1,406.786,2.458295,0,0,0,0
490.412079,1788180086.281585,599346,157,1,1,498.939,2.004253,0,0,0,0
491.042606,1788180086.912112,599844,186,1,1,630.527,1.585975,0,0,0,0
491.402611,1788180087.272117,600346,215,1,1,360.005,2.777740,0,0,0,0
491.961747,1788180087.831253,600844,244,1,1,559.136,1.788474,0,0,0,0
492.400868,1788180088.270374,601346,16,1,1,439.121,2.277277,0,0,0,0
492.946102,1788180088.815608,601844,45,1,1,545.234,1.834074,0,0,0,0
493.396259,1788180089.265765,602346,73,1,1,450.157,2.221448,0,0,0,0
494.020080,1788180089.889586,602844,102,1,1,623.821,1.603024,0,0,0,0
494.487406,1788180090.356912,603346,130,1,1,467.326,2.139834,0,0,0,0
494.909749,1788180090.779255,603844,159,1,1,422.343,2.367744,0,0,0,0
495.667444,1788180091.536950,604346,187,1,1,757.695,1.319792,1,0,0,0
496.093529,1788180091.963035,604844,216,1,1,426.085,2.346950,0,0,0,0
496.469397,1788180092.338903,605346,247,1,1,375.868,2.660508,0,0,0,0
496.937050,1788180092.806556,605844,21,1,1,467.653,2.138337,0,0,0,0
497.436880,1788180093.306386,606346,49,1,1,499.830,2.000680,0,0,0,0
497.933705,1788180093.803211,606844,78,1,1,496.825,2.012781,0,0,0,0
498.508885,1788180094.378391,607346,106,1,1,575.180,1.738586,0,0,0,0
498.932146,1788180094.801652,607844,135,1,1,423.261,2.362609,0,0,0,0
499.431801,1788180095.301307,608346,163,1,1,499.655,2.001381,0,0,0,0
500.039301,1788180095.908807,608844,192,1,1,607.500,1.646091,0,0,0,0
500.476567,1788180096.346073,609346,220,1,1,437.266,2.286937,0,0,0,0
500.929118,1788180096.798624,609844,249,1,1,452.551,2.209696,0,0,0,0
501.458500,1788180097.328006,610346,22,1,1,529.382,1.888994,0,0,0,0
501.959974,1788180097.829480,610844,51,1,1,501.474,1.994122,0,0,0,0
502.487238,1788180098.356744,611346,79,1,1,527.264,1.896584,0,0,0,0
502.957913,1788180098.827419,611844,108,1,1,470.675,2.124608,0,0,0,0
503.455776,1788180099.325282,612346,136,1,1,497.863,2.008584,0,0,0,0
503.987308,1788180099.856814,612844,165,1,1,531.532,1.881354,0,0,0,0
504.389752,1788180100.259258,613346,193,1,1,402.444,2.484817,0,0,0,0
504.905279,1788180100.774785,613844,222,1,1,515.527,1.939763,0,0,0,0
505.481928,1788180101.351434,614346,250,1,1,576.649,1.734157,0,0,0,0
505.951203,1788180101.820709,614844,23,1,1,469.275,2.130947,0,0,0,0
506.449541,1788180102.319047,615346,51,1,1,498.338,2.006670,0,0,0,0
506.980159,1788180102.849665,615844,80,1,1,530.618,1.884595,0,0,0,0
507.446397,1788180103.315903,616346,108,1,1,466.238,2.144827,0,0,0,0
507.885175,1788180103.754681,616844,137,1,1,438.778,2.279057,0,0,0,0
508.413526,1788180104.283032,617346,165,1,1,528.351,1.892681,0,0,0,0
508.973941,1788180104.843447,617844,194,1,1,560.415,1.784392,0,0,0,0
509.441663,1788180105.311169,618346,222,1,1,467.722,2.138022,0,0,0,0
509.986344,1788180105.855850,618844,251,1,1,544.681,1.835937,0,0,0,0
510.438697,1788180106.308203,619346,23,1,1,452.353,2.210663,0,0,0,0
510.941095,1788180106.810601,619844,53,1,1,502.398,1.990454,0,0,0,0
511.486697,1788180107.356203,620346,82,1,1,545.602,1.832838,0,0,0,0
511.920182,1788180107.789688,620844,111,1,1,433.485,2.306885,0,0,0,0
512.437418,1788180108.306924,621346,139,1,1,517.236,1.933353,0,0,0,0
512.967764,1788180108.837270,621844,168,1,1,530.346,1.885561,0,0,0,0
513.420399,1788180109.289905,622346,196,1,1,452.635,2.209287,0,0,0,0
514.044887,1788180109.914393,622844,225,1,1,624.488,1.601311,0,0,0,0
514.465741,1788180110.335247,623346,253,1,1,420.854,2.376122,0,0,0,0
514.965124,1788180110.834630,623844,26,1,1,499.383,2.002470,0,0,0,0
515.498418,1788180111.367924,624346,54,1,1,533.294,1.875138,0,0,0,0
515.901839,1788180111.771345,624844,83,1,1,403.421,2.478801,0,0,0,0
516.415234,1788180112.284740,625346,111,1,1,513.395,1.947818,0,0,0,0
516.917646,1788180112.787152,625844,140,1,1,502.412,1.990399,0,0,0,0
517.451353,1788180113.320859,626346,168,1,1,533.707,1.873687,0,0,0,0
517.903972,1788180113.773478,626844,197,1,1,452.619,2.209363,0,0,0,0
518.482085,1788180114.351591,627346,225,1,1,578.113,1.729766,0,0,0,0
518.946453,1788180114.815959,627844,254,1,1,464.368,2.153464,0,0,0,0
519.419510,1788180115.289016,628346,26,1,1,473.057,2.113910,0,0,0,0
519.985918,1788180115.855424,628844,55,1,1,566.408,1.765512,0,0,0,0
520.480152,1788180116.349658,629346,83,1,1,494.234,2.023333,0,0,0,0
520.903262,1788180116.772768,629844,112,1,1,423.110,2.363452,0,0,0,0
521.480944,1788180117.350450,630346,141,1,1,577.682,1.731057,0,0,0,0
521.981839,1788180117.851345,630844,170,1,1,500.895,1.996426,0,0,0,0
522.433125,1788180118.302631,631346,198,1,1,451.286,2.215889,0,0,0,0
522.963157,1788180118.832663,631844,227,1,1,530.032,1.886679,0,0,0,0
523.476646,1788180119.346152,632346,255,1,1,513.489,1.947461,0,0,0,0
523.927478,1788180119.796984,632844,28,1,1,450.832,2.218121,0,0,0,0
524.426266,1788180120.295772,633346,56,1,1,498.788,2.004860,0,0,0,0
524.926615,1788180120.796121,633844,85,1,1,500.349,1.998605,0,0,0,0
525.412447,1788180121.281953,634346,113,1,1,485.832,2.058325,0,0,0,0
526.064534,1788180121.934040,634844,142,1,1,652.087,1.533538,0,0,0,0
526.474978,1788180122.344484,635346,170,1,1,410.444,2.436386,0,0,0,0
526.929396,1788180122.798902,635844,199,1,1,454.418,2.200616,0,0,0,0
527.458427,1788180123.327933,636346,227,1,1,529.031,1.890249,0,0,0,0
527.941145,1788180123.810651,636844,0,1,1,482.718,2.071603,0,0,0,0
528.501888,1788180124.371394,637346,28,1,1,560.743,1.783348,0,0,0,0
529.001462,1788180124.870968,637844,57,1,1,499.574,2.001706,0,0,0,0
529.466908,1788180125.336414,638346,85,1,1,465.446,2.148477,0,0,0,0
529.920835,1788180125.790341,638844,114,1,1,453.927,2.202997,0,0,0,0
530.451477,1788180126.320983,639346,142,1,1,530.642,1.884510,0,0,0,0
530.964527,1788180126.834033,639844,171,1,1,513.050,1.949127,0,0,0,0
531.512427,1788180127.381933,640346,200,1,1,547.900,1.825151,0,0,0,0
531.903387,1788180127.772893,640844,229,1,1,390.960,2.557807,0,0,0,0
532.450533,1788180128.320039,641348,1,1,1,547.146,1.827665,0,0,0,0
532.903388,1788180128.772894,641844,30,1,1,452.855,2.208213,0,0,0,0
533.449153,1788180129.318659,642346,58,1,1,545.765,1.832291,0,0,0,0
533.947580,1788180129.817086,642844,87,1,1,498.427,2.006311,0,0,0,0
534.476174,1788180130.345680,643346,118,1,1,528.594,1.891811,0,0,0,0
534.991184,1788180130.860690,643844,148,1,1,515.010,1.941710,0,0,0,0
535.444807,1788180131.314313,644346,176,1,1,453.623,2.204473,0,0,0,0
535.978139,1788180131.847645,644844,205,1,1,533.332,1.875005,0,0,0,0
536.445775,1788180132.315281,645344,233,1,1,467.636,2.138415,0,0,0,0
536.895653,1788180132.765159,645844,6,1,1,449.878,2.222825,0,0,0,0
537.472867,1788180133.342373,646346,34,1,1,577.214,1.732460,0,0,0,0
537.940320,1788180133.809826,646844,63,1,1,467.453,2.139252,0,0,0,0
538.496884,1788180134.366390,647346,91,1,1,556.564,1.796738,0,0,0,0
538.965667,1788180134.835173,647844,120,1,1,468.783,2.133184,0,0,0,0
539.435313,1788180135.304819,648346,148,1,1,469.646,2.129263,0,0,0,0
540.056537,1788180135.926043,648844,177,1,1,621.224,1.609725,0,0,0,0
540.509001,1788180136.378507,649346,205,1,1,452.464,2.210121,0,0,0,0
540.933518,1788180136.803024,649844,234,1,1,424.517,2.355619,0,0,0,0
541.428643,1788180137.298149,650346,7,1,1,495.125,2.019692,0,0,0,0
541.960306,1788180137.829812,650844,37,1,1,531.663,1.880891,0,0,0,0
542.423650,1788180138.293156,651346,65,1,1,463.344,2.158223,0,0,0,0
542.927267,1788180138.796773,651844,94,1,1,503.617,1.985636,0,0,0,0
543.460665,1788180139.330171,652346,122,1,1,533.398,1.874773,0,0,0,0
543.915205,1788180139.784711,652844,151,1,1,454.540,2.200026,0,0,0,0
544.490842,1788180140.360348,653346,179,1,1,575.637,1.737206,0,0,0,0
545.004649,1788180140.874155,653844,208,1,1,513.807,1.946257,0,0,0,0
545.411154,1788180141.280660,654346,236,1,1,406.505,2.459994,0,0,0,0
545.985057,1788180141.854563,654844,9,1,1,573.903,1.742454,0,0,0,0
546.451718,1788180142.321224,655344,37,1,1,466.661,2.142883,0,0,0,0
546.951443,1788180142.820949,655844,66,1,1,499.725,2.001101,0,0,0,0
547.391101,1788180143.260607,656346,94,1,1,439.658,2.274494,0,0,0,0
547.985376,1788180143.854882,656844,123,1,1,594.275,1.682723,0,0,0,0
548.405036,1788180144.274542,657346,151,1,1,419.660,2.382882,0,0,0,0
548.993307,1788180144.862813,657844,180,1,1,588.271,1.699896,0,0,0,0
549.487907,1788180145.357413,658346,208,1,1,494.600,2.021837,0,0,0,0
549.943124,1788180145.812630,658844,237,1,1,455.217,2.196754,0,0,0,0
550.488249,1788180146.357755,659346,9,1,1,545.125,1.834442,0,0,0,0
550.984779,1788180146.854285,659844,38,1,1,496.530,2.013977,0,0,0,0
551.438193,1788180147.307699,660346,67,1,1,453.414,2.205490,0,0,0,0
551.907151,1788180147.776657,660844,96,1,1,468.958,2.132388,0,0,0,0
552.489715,1788180148.359221,661344,124,1,1,582.564,1.716549,0,0,0,0
552.936453,1788180148.805959,661844,153,1,1,446.738,2.238448,0,0,0,0
553.466646,1788180149.336152,662344,181,1,1,530.193,1.886106,0,0,0,0
553.945638,1788180149.815144,662844,210,1,1,478.992,2.087718,0,0,0,0
554.382785,1788180150.252291,663344,238,1,1,437.147,2.287559,0,0,0,0
554.901411,1788180150.770917,663844,11,1,1,518.626,1.928172,0,0,0,0
555.470309,1788180151.339815,664344,39,1,1,568.898,1.757784,0,0,0,0
555.934609,1788180151.804115,664844,68,1,1,464.300,2.153780,0,0,0,0
556.511662,1788180152.381168,665344,96,1,1,577.053,1.732943,0,0,0,0
556.920960,1788180152.790466,665844,125,1,1,409.298,2.443208,0,0,0,0
557.542260,1788180153.411766,666344,153,1,1,621.300,1.609528,0,0,0,0
557.949417,1788180153.818923,666844,182,1,1,407.157,2.456054,0,0,0,0
558.463475,1788180154.332981,667344,210,1,1,514.058,1.945306,0,0,0,0
558.991475,1788180154.860981,667844,239,1,1,528.000,1.893939,0,0,0,0
559.492214,1788180155.361720,668344,11,1,1,500.739,1.997049,0,0,0,0
559.911853,1788180155.781359,668844,40,1,1,419.639,2.383000,0,0,0,0
560.490132,1788180156.359638,669344,68,1,1,578.279,1.729269,0,0,0,0
560.940979,1788180156.810485,669844,97,1,1,450.847,2.218048,0,0,0,0
561.417490,1788180157.286996,670344,126,1,1,476.511,2.098587,0,0,0,0
561.944119,1788180157.813625,670844,155,1,1,526.629,1.898870,0,0,0,0
562.443652,1788180158.313158,671344,183,1,1,499.533,2.001869,0,0,0,0
562.895735,1788180158.765241,671844,212,1,1,452.083,2.211984,0,0,0,0
563.472335,1788180159.341841,672344,240,1,1,576.600,1.734304,0,0,0,0
563.944032,1788180159.813538,672844,13,1,1,471.697,2.120006,0,0,0,0
564.392799,1788180160.262305,673344,41,1,1,448.767,2.228327,0,0,0,0
565.018019,1788180160.887525,673844,70,1,1,625.220,1.599437,0,0,0,0
565.436406,1788180161.305912,674344,98,1,1,418.387,2.390131,0,0,0,0
565.890391,1788180161.759897,674844,127,1,1,453.985,2.202716,0,0,0,0
566.463394,1788180162.332900,675346,155,1,1,573.003,1.745192,0,0,0,0
566.975323,1788180162.844829,675844,184,1,1,511.929,1.953396,0,0,0,0
567.394193,1788180163.263699,676344,212,1,1,418.870,2.387376,0,0,0,0
567.910281,1788180163.779787,676844,241,1,1,516.088,1.937654,0,0,0,0
568.422863,1788180164.292369,677344,13,1,1,512.582,1.950907,0,0,0,0
568.919184,1788180164.788690,677844,42,1,1,496.321,2.014825,0,0,0,0
569.496970,1788180165.366476,678344,70,1,1,577.786,1.730745,0,0,0,0
569.964681,1788180165.834187,678844,99,1,1,467.711,2.138071,0,0,0,0
570.419977,1788180166.289483,679344,127,1,1,455.296,2.196374,0,0,0,0
571.060825,1788180166.930331,679844,156,1,1,640.848,1.560432,0,0,0,0
571.419012,1788180167.288518,680344,185,1,1,358.187,2.791838,0,0,0,0
572.046074,1788180167.915580,680844,214,1,1,627.062,1.594738,0,0,0,0
572.405058,1788180168.274564,681344,245,1,1,358.984,2.785640,0,0,0,0
572.949978,1788180168.819484,681844,19,1,1,544.920,1.835132,0,0,0,0
573.420120,1788180169.289626,682344,47,1,1,470.142,2.127017,0,0,0,0
573.949185,1788180169.818691,682844,76,1,1,529.065,1.890126,0,0,0,0
574.413486,1788180170.282992,683344,105,1,1,464.301,2.153776,0,0,0,0
575.039405,1788180170.908911,683844,135,1,1,625.919,1.597651,0,0,0,0
575.491784,1788180171.361290,684344,163,1,1,452.379,2.210536,0,0,0,0
575.896136,1788180171.765642,684844,192,1,1,404.352,2.473093,0,0,0,0
576.486710,1788180172.356216,685344,220,1,1,590.574,1.693268,0,0,0,0
576.892834,1788180172.762340,685844,249,1,1,406.124,2.462303,0,0,0,0
577.406774,1788180173.276280,686344,21,1,1,513.940,1.945752,0,0,0,0
577.922986,1788180173.792492,686844,50,1,1,516.212,1.937189,0,0,0,0
578.425701,1788180174.295207,687344,78,1,1,502.715,1.989198,0,0,0,0
578.893762,1788180174.763268,687844,107,1,1,468.061,2.136474,0,0,0,0
579.475304,1788180175.344810,688344,135,1,1,581.542,1.719566,0,0,0,0
579.879153,1788180175.748659,688844,164,1,1,403.849,2.476174,0,0,0,0
580.429520,1788180176.299026,689344,192,1,1,550.367,1.816969,0,0,0,0
580.962560,1788180176.832066,689844,221,1,1,533.040,1.876032,0,0,0,0
581.464182,1788180177.333688,690344,250,1,1,501.622,1.993532,0,0,0,0
581.979649,1788180177.849155,690844,23,1,1,515.467,1.939989,0,0,0,0
582.463158,1788180178.332664,691344,51,1,1,483.509,2.068214,0,0,0,0
582.963242,1788180178.832748,691844,80,1,1,500.084,1.999664,0,0,0,0
583.492121,1788180179.361627,692344,108,1,1,528.879,1.890792,0,0,0,0
583.960837,1788180179.830343,692844,137,1,1,468.716,2.133487,0,0,0,0
584.424606,1788180180.294112,693344,165,1,1,463.769,2.156246,0,0,0,0
584.878111,1788180180.747617,693844,194,1,1,453.505,2.205047,0,0,0,0
585.454065,1788180181.323571,694344,222,1,1,575.954,1.736250,0,0,0,0
585.938660,1788180181.808166,694844,251,1,1,484.595,2.063579,0,0,0,0
586.528513,1788180182.398019,695344,23,1,1,589.853,1.695338,0,0,0,0
586.947746,1788180182.817252,695844,52,1,1,419.233,2.385308,0,0,0,0
587.448091,1788180183.317597,696344,80,1,1,500.345,1.998621,0,0,0,0
587.901249,1788180183.770755,696844,109,1,1,453.158,2.206736,0,0,0,0
588.446397,1788180184.315903,697344,137,1,1,545.148,1.834364,0,0,0,0
588.946084,1788180184.815590,697844,166,1,1,499.687,2.001253,0,0,0,0
589.522353,1788180185.391859,698344,194,1,1,576.269,1.735301,0,0,0,0
589.991208,1788180185.860714,698844,223,1,1,468.855,2.132855,0,0,0,0
590.428984,1788180186.298490,699344,251,1,1,437.776,2.284274,0,0,0,0
590.927912,1788180186.797418,699844,24,1,1,498.928,2.004297,0,0,0,0
591.379876,1788180187.249382,700344,53,1,1,451.964,2.212565,0,0,0,0
591.894115,1788180187.763621,700844,82,1,1,514.239,1.944622,0,0,0,0
592.515093,1788180188.384599,701344,110,1,1,620.978,1.610363,0,0,0,0
592.984783,1788180188.854289,701844,139,1,1,469.690,2.129065,0,0,0,0
593.437600,1788180189.307106,702344,167,1,1,452.817,2.208397,0,0,0,0
593.889454,1788180189.758960,702844,196,1,1,451.854,2.213104,0,0,0,0
594.433643,1788180190.303149,703344,224,1,1,544.189,1.837597,0,0,0,0
594.898872,1788180190.768378,703844,253,1,1,465.229,2.149479,0,0,0,0
595.508774,1788180191.378280,704344,25,1,1,609.902,1.639608,0,0,0,0
595.928951,1788180191.798457,704844,54,1,1,420.177,2.379949,0,0,0,0
596.426906,1788180192.296412,705344,82,1,1,497.955,2.008213,0,0,0,0
596.958565,1788180192.828071,705844,111,1,1,531.659,1.880905,0,0,0,0
597.427361,1788180193.296867,706344,139,1,1,468.796,2.133124,0,0,0,0
597.893550,1788180193.763056,706844,168,1,1,466.189,2.145053,0,0,0,0
598.457687,1788180194.327193,707344,196,1,1,564.137,1.772618,0,0,0,0
598.911127,1788180194.780633,707844,225,1,1,453.440,2.205364,0,0,0,0
599.487861,1788180195.357367,708346,253,1,1,576.734,1.733902,0,0,0,0
599.892890,1788180195.762396,708844,26,1,1,405.029,2.468959,0,0,0,0
600.408565,1788180196.278071,709344,54,1,1,515.675,1.939206,0,0,0,0
600.906087,1788180196.775593,709844,83,1,1,497.522,2.009962,0,0,0,0
601.482227,1788180197.351733,710344,112,1,1,576.140,1.735689,0,0,0,0
601.905619,1788180197.775125,710844,141,1,1,423.392,2.361877,0,0,0,0
602.481407,1788180198.350913,711344,169,1,1,575.788,1.736751,0,0,0,0
602.884814,1788180198.754320,711844,198,1,1,403.407,2.478885,0,0,0,0
603.401311,1788180199.270817,712344,226,1,1,516.497,1.936120,0,0,0,0
603.931826,1788180199.801332,712844,0,1,1,530.515,1.884960,0,0,0,0
604.427080,1788180200.296586,713344,28,1,1,495.254,2.019166,0,0,0,0
604.942324,1788180200.811830,713844,57,1,1,515.244,1.940829,0,0,0,0
605.473423,1788180201.342929,714344,85,1,1,531.099,1.882888,0,0,0,0
605.952287,1788180201.821793,714844,114,1,1,478.864,2.088276,0,0,0,0
606.386037,1788180202.255543,715344,142,1,1,433.750,2.305475,0,0,0,0
606.974457,1788180202.843963,715844,171,1,1,588.420,1.699467,0,0,0,0
607.478497,1788180203.348003,716344,199,1,1,504.040,1.983970,0,0,0,0
607.939228,1788180203.808734,716844,228,1,1,460.731,2.170464,0,0,0,0
608.473478,1788180204.342984,717344,0,1,1,534.250,1.871783,0,0,0,0
608.971975,1788180204.841481,717844,29,1,1,498.497,2.006030,0,0,0,0
609.380216,1788180205.249722,718344,57,1,1,408.241,2.449533,0,0,0,0
609.913131,1788180205.782637,718844,86,1,1,532.915,1.876472,0,0,0,0
610.486757,1788180206.356263,719344,117,1,1,573.626,1.743296,0,0,0,0
610.923682,1788180206.793188,719844,146,1,1,436.925,2.288723,0,0,0,0
611.456017,1788180207.325523,720344,175,1,1,532.335,1.878516,0,0,0,0
611.912976,1788180207.782482,720844,204,1,1,456.959,2.188380,0,0,0,0
612.397629,1788180208.267135,721344,233,1,1,484.653,2.063332,0,0,0,0
612.886042,1788180208.755548,721844,7,1,1,488.413,2.047447,0,0,0,0
613.446922,1788180209.316428,722344,35,1,1,560.880,1.782913,0,0,0,0
613.915894,1788180209.785400,722844,64,1,1,468.972,2.132324,0,0,0,0
614.461590,1788180210.331096,723344,92,1,1,545.696,1.832522,0,0,0,0
614.943715,1788180210.813221,723844,121,1,1,482.125,2.074151,0,0,0,0
615.521201,1788180211.390707,724344,149,1,1,577.486,1.731644,0,0,0,0
615.989762,1788180211.859268,724844,178,1,1,468.561,2.134194,0,0,0,0
616.440602,1788180212.310108,725344,206,1,1,450.840,2.218082,0,0,0,0
616.985982,1788180212.855488,725844,235,1,1,545.380,1.833584,0,0,0,0
617.441820,1788180213.311326,726344,7,1,1,455.838,2.193761,0,0,0,0
617.896447,1788180213.765953,726844,36,1,1,454.627,2.199606,0,0,0,0
618.470445,1788180214.339951,727344,64,1,1,573.998,1.742166,0,0,0,0
618.973620,1788180214.843126,727844,93,1,1,503.175,1.987380,0,0,0,0
619.440276,1788180215.309782,728344,121,1,1,466.656,2.142905,0,0,0,0
619.965729,1788180215.835235,728844,150,1,1,525.453,1.903120,0,0,0,0
620.423870,1788180216.293376,729344,178,1,1,458.141,2.182734,0,0,0,0
620.938116,1788180216.807622,729844,207,1,1,514.246,1.944595,0,0,0,0
621.456665,1788180217.326171,730344,236,1,1,518.549,1.928458,0,0,0,0
621.926996,1788180217.796502,730844,9,1,1,470.331,2.126162,0,0,0,0
622.425209,1788180218.294715,731344,37,1,1,498.213,2.007173,0,0,0,0
622.999379,1788180218.868885,731844,66,1,1,574.170,1.741645,0,0,0,0
623.419271,1788180219.288777,732344,94,1,1,419.892,2.381564,0,0,0,0
623.919193,1788180219.788699,732844,123,1,1,499.922,2.000312,0,0,0,0
624.499246,1788180220.368752,733344,151,1,1,580.053,1.723980,0,0,0,0
624.916860,1788180220.786366,733844,180,1,1,417.614,2.394556,0,0,0,0
625.417681,1788180221.287187,734344,208,1,1,500.821,1.996722,0,0,0,0
625.951375,1788180221.820881,734844,237,1,1,533.694,1.873733,0,0,0,0
626.416447,1788180222.285953,735344,9,1,1,465.072,2.150205,0,0,0,0
626.914929,1788180222.784435,735844,38,1,1,498.482,2.006090,0,0,0,0
627.491317,1788180223.360823,736344,66,1,1,576.388,1.734943,0,0,0,0
627.945164,1788180223.814670,736844,95,1,1,453.847,2.203386,0,0,0,0
628.480667,1788180224.350173,737344,123,1,1,535.503,1.867403,0,0,0,0
628.884416,1788180224.753922,737844,152,1,1,403.749,2.476786,0,0,0,0
629.406129,1788180225.275635,738344,180,1,1,521.713,1.916763,0,0,0,0
629.914555,1788180225.784061,738844,209,1,1,508.426,1.966855,0,0,0,0
630.447286,1788180226.316792,739344,237,1,1,532.731,1.877120,0,0,0,0
630.945242,1788180226.814748,739844,10,1,1,497.956,2.008210,0,0,0,0
631.478086,1788180227.347592,740344,39,1,1,532.844,1.876722,0,0,0,0
631.944944,1788180227.814450,740844,68,1,1,466.858,2.141978,0,0,0,0
632.398275,1788180228.267781,741344,96,1,1,453.331,2.205894,0,0,0,0
632.931502,1788180228.801008,741844,125,1,1,533.227,1.875374,0,0,0,0
633.477951,1788180229.347457,742344,153,1,1,546.449,1.829997,0,0,0,0
633.932089,1788180229.801595,742844,182,1,1,454.138,2.201974,0,0,0,0
634.460866,1788180230.330372,743344,210,1,1,528.777,1.891157,0,0,0,0
634.929206,1788180230.798712,743844,240,1,1,468.340,2.135200,0,0,0,0
635.426042,1788180231.295548,744344,12,1,1,496.836,2.012737,0,0,0,0
636.005250,1788180231.874756,744844,41,1,1,579.208,1.726496,0,0,0,0
636.459696,1788180232.329202,745344,69,1,1,454.446,2.200481,0,0,0,0
636.924959,1788180232.794465,745844,98,1,1,465.263,2.149323,0,0,0,0
637.458222,1788180233.327728,746344,126,1,1,533.263,1.875247,0,0,0,0
637.957435,1788180233.826941,746844,155,1,1,499.213,2.003153,0,0,0,0
638.426765,1788180234.296271,747344,183,1,1,469.330,2.130698,0,0,0,0
638.954479,1788180234.823985,747844,212,1,1,527.714,1.894966,0,0,0,0
639.456672,1788180235.326178,748344,240,1,1,502.193,1.991266,0,0,0,0
639.912069,1788180235.781575,748844,13,1,1,455.397,2.195886,0,0,0,0
640.456171,1788180236.325677,749344,41,1,1,544.102,1.837891,0,0,0,0
640.953392,1788180236.822898,749844,70,1,1,497.221,2.011178,0,0,0,0
641.532954,1788180237.402460,750346,99,1,1,579.562,1.725441,0,0,0,0
641.892225,1788180237.761731,750844,128,1,1,359.271,2.783414,0,0,0,0
642.406728,1788180238.276234,751344,156,1,1,514.503,1.943623,0,0,0,0
642.887985,1788180238.757491,751844,185,1,1,481.257,2.077892,0,0,0,0
643.434512,1788180239.304018,752344,213,1,1,546.527,1.829735,0,0,0,0
643.902631,1788180239.772137,752846,242,1,1,468.119,2.136209,0,0,0,0
644.466289,1788180240.335795,753344,14,1,1,563.658,1.774125,0,0,0,0
644.950328,1788180240.819834,753844,43,1,1,484.039,2.065949,0,0,0,0
645.433606,1788180241.303112,754344,71,1,1,483.278,2.069202,0,0,0,0
646.027033,1788180241.896539,754846,100,1,1,593.427,1.685127,0,0,0,0
646.478075,1788180242.347581,755344,128,1,1,451.042,2.217089,0,0,0,0
646.882370,1788180242.751876,755844,157,1,1,404.295,2.473442,0,0,0,0
647.398605,1788180243.268111,756344,185,1,1,516.235,1.937102,0,0,0,0
648.038886,1788180243.908392,756844,214,1,1,640.281,1.561814,0,0,0,0
648.462273,1788180244.331779,757344,245,1,1,423.387,2.361905,0,0,0,0
649.004946,1788180244.874452,757846,19,1,1,542.673,1.842731,0,0,0,0
649.459867,1788180245.329373,758344,47,1,1,454.921,2.198184,0,0,0,0
649.929512,1788180245.799018,758844,76,1,1,469.645,2.129268,0,0,0,0
650.492839,1788180246.362345,759344,104,1,1,563.327,1.775168,0,0,0,0
650.957242,1788180246.826748,759844,133,1,1,464.403,2.153303,0,0,0,0
651.426726,1788180247.296232,760344,162,1,1,469.484,2.129998,0,0,0,0
651.954794,1788180247.824300,760844,191,1,1,528.068,1.893696,0,0,0,0
652.421188,1788180248.290694,761344,219,1,1,466.394,2.144109,0,0,0,0
652.924104,1788180248.793610,761844,248,1,1,502.916,1.988404,0,0,0,0
653.483380,1788180249.352886,762344,20,1,1,559.276,1.788026,0,0,0,0
653.955395,1788180249.824901,762844,49,1,1,472.015,2.118577,0,0,0,0
654.414601,1788180250.284107,763344,77,1,1,459.206,2.177671,0,0,0,0
654.951568,1788180250.821074,763844,106,1,1,536.967,1.862312,0,0,0,0
655.403934,1788180251.273440,764344,134,1,1,452.366,2.210600,0,0,0,0
655.906808,1788180251.776314,764844,163,1,1,502.874,1.988569,0,0,0,0
656.483389,1788180252.352895,765344,191,1,1,576.581,1.734362,0,0,0,0
656.890549,1788180252.760055,765844,220,1,1,407.160,2.456038,0,0,0,0
657.483880,1788180253.353386,766344,248,1,1,593.331,1.685400,0,0,0,0
657.874180,1788180253.743686,766844,21,1,1,390.300,2.562131,0,0,0,0
658.400805,1788180254.270311,767344,49,1,1,526.625,1.898885,0,0,0,0
658.933633,1788180254.803139,767844,78,1,1,532.828,1.876778,0,0,0,0
659.429580,1788180255.299086,768344,106,1,1,495.947,2.016345,0,0,0,0
659.895351,1788180255.764857,768844,135,1,1,465.771,2.146978,0,0,0,0
660.470316,1788180256.339822,769344,163,1,1,574.965,1.739236,0,0,0,0
660.875900,1788180256.745406,769844,192,1,1,405.584,2.465580,0,0,0,0
661.373533,1788180257.243039,770344,221,1,1,497.633,2.009513,0,0,0,0
661.904202,1788180257.773708,770844,250,1,1,530.669,1.884414,0,0,0,0
662.417184,1788180258.286690,771344,22,1,1,512.982,1.949386,0,0,0,0
662.916830,1788180258.786336,771844,51,1,1,499.646,2.001417,0,0,0,0
663.465017,1788180259.334523,772344,79,1,1,548.187,1.824195,0,0,0,0
663.914975,1788180259.784481,772844,108,1,1,449.958,2.222430,0,0,0,0
664.457872,1788180260.327378,773344,136,1,1,542.897,1.841969,0,0,0,0
664.942873,1788180260.812379,773844,165,1,1,485.001,2.061852,0,0,0,0
665.456940,1788180261.326446,774344,193,1,1,514.067,1.945272,0,0,0,0
665.988399,1788180261.857905,774844,223,1,1,531.459,1.881612,0,0,0,0
666.454442,1788180262.323948,775344,251,1,1,466.043,2.145725,0,0,0,0
666.908732,1788180262.778238,775844,24,1,1,454.290,2.201238,0,0,0,0
667.405580,1788180263.275086,776344,52,1,1,496.848,2.012688,0,0,0,0
667.986732,1788180263.856238,776844,81,1,1,581.152,1.720720,0,0,0,0
668.439651,1788180264.309157,777344,109,1,1,452.919,2.207900,0,0,0,0
668.904228,1788180264.773734,777844,138,1,1,464.577,2.152496,0,0,0,0
669.481663,1788180265.351169,778344,166,1,1,577.435,1.731797,0,0,0,0
669.904502,1788180265.774008,778844,195,1,1,422.839,2.364965,0,0,0,0
670.515385,1788180266.384891,779344,223,1,1,610.883,1.636975,0,0,0,0
670.952606,1788180266.822112,779844,252,1,1,437.221,2.287174,0,0,0,0
671.441569,1788180267.311075,780344,25,1,1,488.963,2.045144,0,0,0,0
671.970628,1788180267.840134,780844,54,1,1,529.059,1.890149,0,0,0,0
672.436942,1788180268.306448,781344,82,1,1,466.314,2.144477,0,0,0,0
672.937527,1788180268.807033,781844,111,1,1,500.585,1.997663,0,0,0,0
673.514478,1788180269.383984,782344,139,1,1,576.951,1.733249,0,0,0,0
673.887738,1788180269.757244,782844,168,1,1,373.260,2.679098,0,0,0,0
674.433119,1788180270.302625,783344,196,1,1,545.381,1.833580,0,0,0,0
674.915696,1788180270.785202,783844,225,1,1,482.577,2.072208,0,0,0,0
675.416393,1788180271.285899,784344,253,1,1,500.697,1.997216,0,0,0,0
675.870044,1788180271.739550,784844,26,1,1,453.651,2.204338,0,0,0,0
676.370683,1788180272.240189,785344,54,1,1,500.639,1.997447,0,0,0,0
676.915578,1788180272.785084,785844,83,1,1,544.895,1.835215,0,0,0,0
677.430292,1788180273.299798,786344,111,1,1,514.714,1.942826,0,0,0,0
678.006414,1788180273.875920,786844,140,1,1,576.122,1.735744,0,0,0,0
678.415252,1788180274.284758,787344,168,1,1,408.838,2.445956,0,0,0,0
678.912733,1788180274.782239,787844,197,1,1,497.481,2.010127,0,0,0,0
679.493754,1788180275.363260,788344,225,1,1,581.021,1.721108,0,0,0,0
679.900619,1788180275.770125,788844,254,1,1,406.865,2.457818,0,0,0,0
680.416658,1788180276.286164,789344,26,1,1,516.039,1.937838,0,0,0,0
680.949095,1788180276.818601,789844,55,1,1,532.437,1.878156,0,0,0,0
681.404647,1788180277.274153,790344,84,1,1,455.552,2.195139,0,0,0,0
681.916763,1788180277.786269,790844,113,1,1,512.116,1.952683,0,0,0,0
682.432682,1788180278.302188,791344,141,1,1,515.919,1.938289,0,0,0,0
682.901534,1788180278.771040,791844,170,1,1,468.852,2.132869,0,0,0,0
683.476421,1788180279.345927,792344,198,1,1,574.887,1.739472,0,0,0,0
683.880564,1788180279.750070,792844,227,1,1,404.143,2.474373,0,0,0,0
684.442771,1788180280.312277,793344,255,1,1,562.207,1.778704,0,0,0,0
685.020110,1788180280.889616,793844,28,1,1,577.339,1.732084,0,0,0,0
685.377948,1788180281.247454,794344,56,1,1,357.838,2.794561,0,0,0,0
685.894761,1788180281.764267,794844,85,1,1,516.813,1.934936,0,0,0,0
686.504860,1788180282.374366,795344,114,1,1,610.099,1.639079,0,0,0,0
686.926178,1788180282.795684,795844,146,1,1,421.318,2.373504,0,0,0,0
687.392018,1788180283.261524,796344,174,1,1,465.840,2.146659,0,0,0,0
687.906584,1788180283.776090,796844,203,1,1,514.566,1.943386,0,0,0,0
688.470385,1788180284.339891,797344,231,1,1,563.801,1.773675,0,0,0,0
688.919217,1788180284.788723,797844,4,1,1,448.832,2.228005,0,0,0,0
689.465018,1788180285.334524,798344,32,1,1,545.801,1.832170,0,0,0,0
689.917739,1788180285.787245,798844,61,1,1,452.721,2.208865,0,0,0,0
690.369750,1788180286.239256,799344,89,1,1,452.011,2.212336,0,0,0,0
690.996427,1788180286.865933,799844,118,1,1,626.677,1.595718,0,0,0,0
691.449686,1788180287.319192,800344,147,1,1,453.259,2.206244,0,0,0,0
691.920032,1788180287.789538,800844,176,1,1,470.346,2.126095,0,0,0,0
692.451517,1788180288.321023,801344,204,1,1,531.485,1.881520,0,0,0,0
692.952706,1788180288.822212,801844,233,1,1,501.189,1.995255,0,0,0,0
693.407946,1788180289.277452,802344,5,1,1,455.240,2.196643,0,0,0,0
693.988898,1788180289.858404,802844,35,1,1,580.952,1.721313,0,0,0,0
694.443085,1788180290.312591,803344,63,1,1,454.187,2.201737,0,0,0,0
694.989282,1788180290.858788,803844,92,1,1,546.197,1.830841,0,0,0,0
695.441754,1788180291.311260,804344,120,1,1,452.472,2.210082,0,0,0,0
695.938571,1788180291.808077,804844,149,1,1,496.817,2.012814,0,0,0,0
696.472548,1788180292.342054,805344,177,1,1,533.977,1.872740,0,0,0,0
696.881791,1788180292.751297,805844,207,1,1,409.243,2.443535,0,0,0,0
697.395898,1788180293.265404,806344,235,1,1,514.107,1.945120,0,0,0,0
697.878750,1788180293.748256,806844,8,1,1,482.852,2.071028,0,0,0,0
698.439369,1788180294.308875,807344,36,1,1,560.619,1.783743,0,0,0,0
698.892267,1788180294.761773,807844,65,1,1,452.898,2.208003,0,0,0,0
699.547777,1788180295.417283,808344,93,1,1,655.510,1.525530,0,0,0,0
699.922301,1788180295.791807,808844,122,1,1,374.524,2.670055,0,0,0,0
700.389680,1788180296.259186,809344,150,1,1,467.379,2.139591,0,0,0,0
700.968936,1788180296.838442,809844,179,1,1,579.256,1.726353,0,0,0,0
701.419322,1788180297.288828,810344,208,1,1,450.386,2.220317,0,0,0,0
701.921999,1788180297.791505,810844,237,1,1,502.677,1.989349,0,0,0,0
702.450782,1788180298.320288,811346,9,1,1,528.783,1.891135,0,0,0,0
702.918924,1788180298.788430,811844,38,1,1,468.142,2.136104,0,0,0,0
703.417363,1788180299.286869,812344,66,1,1,498.439,2.006264,0,0,0,0
703.948427,1788180299.817933,812844,95,1,1,531.064,1.883012,0,0,0,0
704.431676,1788180300.301182,813344,124,1,1,483.249,2.069326,0,0,0,0
704.914556,1788180300.784062,813844,153,1,1,482.880,2.070908,0,0,0,0
705.491611,1788180301.361117,814344,181,1,1,577.055,1.732937,0,0,0,0
705.900897,1788180301.770403,814844,210,1,1,409.286,2.443279,0,0,0,0
706.418213,1788180302.287719,815344,238,1,1,517.316,1.933054,0,0,0,0
706.948309,1788180302.817815,815844,11,1,1,530.096,1.886451,0,0,0,0
707.414504,1788180303.284010,816344,39,1,1,466.195,2.145025,0,0,0,0
707.912837,1788180303.782343,816844,68,1,1,498.333,2.006690,0,0,0,0
708.477845,1788180304.347351,817344,96,1,1,565.008,1.769887,0,0,0,0
708.946731,1788180304.816237,817844,125,1,1,468.886,2.132714,0,0,0,0
709.514363,1788180305.383869,818344,153,1,1,567.632,1.761705,0,0,0,0
709.889569,1788180305.759075,818844,182,1,1,375.206,2.665203,0,0,0,0
710.403727,1788180306.273233,819344,210,1,1,514.158,1.944927,0,0,0,0
710.979924,1788180306.849430,819844,239,1,1,576.197,1.735518,0,0,0,0
711.385295,1788180307.254801,820344,12,1,1,405.371,2.466875,0,0,0,0
711.916313,1788180307.785819,820844,41,1,1,531.018,1.883176,0,0,0,0
712.367860,1788180308.237366,821344,69,1,1,451.547,2.214608,0,0,0,0
712.929542,1788180308.799048,821844,98,1,1,561.682,1.780367,0,0,0,0
713.381562,1788180309.251068,822344,126,1,1,452.020,2.212292,0,0,0,0
714.004387,1788180309.873893,822844,155,1,1,622.825,1.605587,0,0,0,0
714.473280,1788180310.342786,823344,183,1,1,468.893,2.132684,0,0,0,0
714.879510,1788180310.749016,823844,212,1,1,406.230,2.461660,0,0,0,0
715.455468,1788180311.324974,824344,240,1,1,575.958,1.736238,0,0,0,0
715.919217,1788180311.788723,824844,13,1,1,463.749,2.156338,0,0,0,0
716.370807,1788180312.240313,825344,41,1,1,451.590,2.214399,0,0,0,0
716.990275,1788180312.859781,825846,70,1,1,619.468,1.614288,0,0,0,0
717.413384,1788180313.282890,826344,98,1,1,423.109,2.363458,0,0,0,0
717.913560,1788180313.783066,826844,127,1,1,500.176,1.999295,0,0,0,0
718.379239,1788180314.248745,827344,155,1,1,465.679,2.147402,0,0,0,0
718.911188,1788180314.780694,827844,184,1,1,531.949,1.879879,0,0,0,0
719.412906,1788180315.282412,828344,212,1,1,501.718,1.993152,0,0,0,0
719.864067,1788180315.733573,828844,241,1,1,451.161,2.216503,0,0,0,0
720.407050,1788180316.276556,829344,13,1,1,542.983,1.841678,0,0,0,0
720.904745,1788180316.774251,829844,42,1,1,497.695,2.009263,0,0,0,0
721.388599,1788180317.258105,830344,71,1,1,483.854,2.066740,0,0,0,0
721.904063,1788180317.773569,830844,100,1,1,515.464,1.939999,0,0,0,0
722.491046,1788180318.360552,831344,128,1,1,586.983,1.703627,0,0,0,0
722.938475,1788180318.807981,831844,157,1,1,447.429,2.234991,0,0,0,0
723.442374,1788180319.311880,832344,185,1,1,503.899,1.984525,0,0,0,0
723.975126,1788180319.844632,832844,214,1,1,532.752,1.877046,0,0,0,0
724.522133,1788180320.391639,833344,245,1,1,547.007,1.828130,0,0,0,0
724.911467,1788180320.780973,833844,19,1,1,389.334,2.568489,0,0,0,0
725.473788,1788180321.343294,834344,47,1,1,562.321,1.778344,0,0,0,0
725.970709,1788180321.840215,834844,76,1,1,496.921,2.012392,0,0,0,0
726.423901,1788180322.293407,835344,104,1,1,453.192,2.206570,0,0,0,0
726.956312,1788180322.825818,835844,133,1,1,532.411,1.878249,0,0,0,0
727.422175,1788180323.291681,836344,161,1,1,465.863,2.146554,0,0,0,0
727.873874,1788180323.743380,836844,191,1,1,451.699,2.213864,0,0,0,0
728.499964,1788180324.369470,837344,219,1,1,626.090,1.597214,0,0,0,0
728.904235,1788180324.773741,837844,248,1,1,404.271,2.473587,0,0,0,0
729.418631,1788180325.288137,838344,20,1,1,514.396,1.944028,0,0,0,0
729.912737,1788180325.782243,838844,49,1,1,494.106,2.023857,0,0,0,0
730.418564,1788180326.288070,839344,77,1,1,505.827,1.976961,0,0,0,0
730.915517,1788180326.785023,839844,106,1,1,496.953,2.012263,0,0,0,0
731.495434,1788180327.364940,840344,135,1,1,579.917,1.724385,0,0,0,0
731.946766,1788180327.816272,840844,164,1,1,451.332,2.215663,0,0,0,0
732.416219,1788180328.285725,841344,192,1,1,469.453,2.130139,0,0,0,0
732.949399,1788180328.818905,841844,221,1,1,533.180,1.875539,0,0,0,0
733.400231,1788180329.269737,842344,249,1,1,450.832,2.218121,0,0,0,0
733.899418,1788180329.768924,842844,22,1,1,499.187,2.003257,0,0,0,0
734.429199,1788180330.298705,843344,50,1,1,529.781,1.887573,0,0,0,0
734.896820,1788180330.766326,843844,79,1,1,467.621,2.138484,0,0,0,0
735.517287,1788180331.386793,844344,107,1,1,620.467,1.611689,0,0,0,0
735.878456,1788180331.747962,844843,136,1,1,361.169,2.768786,0,0,0,0
736.439998,1788180332.309504,845343,164,1,1,561.542,1.780811,0,0,0,0
736.879777,1788180332.749283,845843,193,1,1,439.779,2.273870,0,0,0,0
737.424816,1788180333.294322,846344,221,1,1,545.039,1.834730,0,0,0,0
737.877527,1788180333.747033,846844,250,1,1,452.711,2.208915,0,0,0,0
738.467719,1788180334.337225,847344,22,1,1,590.192,1.694364,0,0,0,0
738.873683,1788180334.743189,847843,51,1,1,405.964,2.463273,0,0,0,0
739.372091,1788180335.241597,848343,79,1,1,498.408,2.006388,0,0,0,0
739.947445,1788180335.816951,848844,108,1,1,575.354,1.738060,0,0,0,0
740.415212,1788180336.284718,849344,136,1,1,467.767,2.137816,0,0,0,0
740.868634,1788180336.738140,849844,165,1,1,453.422,2.205452,0,0,0,0
741.397437,1788180337.266943,850344,194,1,1,528.803,1.891063,0,0,0,0
741.912745,1788180337.782251,850844,223,1,1,515.308,1.940587,0,0,0,0
742.363624,1788180338.233130,851343,251,1,1,450.879,2.217889,0,0,0,0
742.912637,1788180338.782143,851844,24,1,1,549.013,1.821451,0,0,0,0
743.408255,1788180339.277761,852343,52,1,1,495.618,2.017683,0,0,0,0
743.907520,1788180339.777026,852843,81,1,1,499.265,2.002945,0,0,0,0
744.622044,1788180340.491550,853344,109,1,1,714.524,1.399533,0,0,0,0
744.904417,1788180340.773923,853844,138,1,1,282.373,3.541416,0,0,0,0
745.403933,1788180341.273439,854344,166,1,1,499.516,2.001938,0,0,0,0
745.980299,1788180341.849805,854843,195,1,1,576.366,1.735009,0,0,0,0
746.446326,1788180342.315832,855344,223,1,1,466.027,2.145798,0,0,0,0
746.881588,1788180342.751094,855843,252,1,1,435.262,2.297467,0,0,0,0
747.392153,1788180343.261659,856343,24,1,1,510.565,1.958614,0,0,0,0
747.888965,1788180343.758471,856844,53,1,1,496.812,2.012833,0,0,0,0
748.512806,1788180344.382312,857344,81,1,1,623.841,1.602973,0,0,0,0
748.981990,1788180344.851496,857844,110,1,1,469.184,2.131359,0,0,0,0
749.432093,1788180345.301599,858343,138,1,1,450.103,2.221713,0,0,0,0
749.965275,1788180345.834781,858843,167,1,1,533.182,1.875533,0,0,0,0
750.432136,1788180346.301642,859343,195,1,1,466.861,2.141965,0,0,0,0
750.883697,1788180346.753203,859844,224,1,1,451.561,2.214540,0,0,0,0
751.386358,1788180347.255864,860344,253,1,1,502.661,1.989412,0,0,0,0
751.928557,1788180347.798063,860843,26,1,1,542.199,1.844342,0,0,0,0
752.384655,1788180348.254161,861343,54,1,1,456.098,2.192511,0,0,0,0
752.912710,1788180348.782216,861844,83,1,1,528.055,1.893742,0,0,0,0
753.412769,1788180349.282275,862344,111,1,1,500.059,1.999764,0,0,0,0
753.926701,1788180349.796207,862843,140,1,1,513.932,1.945783,0,0,0,0
754.502940,1788180350.372446,863343,168,1,1,576.239,1.735391,0,0,0,0
754.910437,1788180350.779943,863843,197,1,1,407.497,2.454005,0,0,0,0
755.411751,1788180351.281257,864344,225,1,1,501.314,1.994758,0,0,0,0
755.988916,1788180351.858422,864844,254,1,1,577.165,1.732607,0,0,0,0
756.454080,1788180352.323586,865346,26,1,1,465.164,2.149779,0,0,0,0
756.911709,1788180352.781215,865843,55,1,1,457.629,2.185176,0,0,0,0
757.442784,1788180353.312290,866343,83,1,1,531.075,1.882973,0,0,0,0
757.908886,1788180353.778392,866844,112,1,1,466.102,2.145454,0,0,0,0
758.408092,1788180354.277598,867344,140,1,1,499.206,2.003181,0,0,0,0
758.940284,1788180354.809790,867844,170,1,1,532.192,1.879021,0,0,0,0
759.405168,1788180355.274674,868344,198,1,1,464.884,2.151074,0,0,0,0
759.909461,1788180355.778967,868844,227,1,1,504.293,1.982974,0,0,0,0
760.482914,1788180356.352420,869343,255,1,1,573.453,1.743822,0,0,0,0
760.891044,1788180356.760550,869843,28,1,1,408.130,2.450199,0,0,0,0
761.393973,1788180357.263479,870346,57,1,1,502.929,1.988352,0,0,0,0
761.926175,1788180357.795681,870843,86,1,1,532.202,1.878986,0,0,0,0
762.439012,1788180358.308518,871344,117,1,1,512.837,1.949938,0,0,0,0
762.957936,1788180358.827442,871844,146,1,1,518.924,1.927064,0,0,0,0
763.471863,1788180359.341369,872343,174,1,1,513.927,1.945802,0,0,0,0
763.923765,1788180359.793271,872843,203,1,1,451.902,2.212870,0,0,0,0
764.422249,1788180360.291755,873344,232,1,1,498.484,2.006082,0,0,0,0
764.920209,1788180360.789715,873843,5,1,1,497.960,2.008194,0,0,0,0
765.388424,1788180361.257930,874343,33,1,1,468.215,2.135771,0,0,0,0
766.058690,1788180361.928196,874844,62,1,1,670.266,1.491945,0,0,0,0
766.541040,1788180362.410546,875343,91,1,1,482.350,2.073184,0,0,0,0
766.899561,1788180362.769067,875844,120,1,1,358.521,2.789237,0,0,0,0
767.461081,1788180363.330587,876343,148,1,1,561.520,1.780880,0,0,0,0
767.852766,1788180363.722272,876844,177,1,1,391.685,2.553072,0,0,0,0
768.411100,1788180364.280606,877343,206,1,1,558.334,1.791042,0,0,0,0
768.960168,1788180364.829674,877844,236,1,1,549.068,1.821268,0,0,0,0
769.459453,1788180365.328959,878344,8,1,1,499.285,2.002864,0,0,0,0
769.911041,1788180365.780547,878844,37,1,1,451.588,2.214408,0,0,0,0
770.441836,1788180366.311342,879344,65,1,1,530.795,1.883966,0,0,0,0
770.910555,1788180366.780061,879843,94,1,1,468.719,2.133474,0,0,0,0
771.407214,1788180367.276720,880344,123,1,1,496.659,2.013455,0,0,0,0
771.982116,1788180367.851622,880843,152,1,1,574.902,1.739427,0,0,0,0
772.450412,1788180368.319918,881343,180,1,1,468.296,2.135401,0,0,0,0
772.902797,1788180368.772303,881844,209,1,1,452.385,2.210507,0,0,0,0
773.434804,1788180369.304310,882344,237,1,1,532.007,1.879675,0,0,0,0
773.904707,1788180369.774213,882843,10,1,1,469.903,2.128099,0,0,0,0
774.390895,1788180370.260401,883343,38,1,1,486.188,2.056817,0,0,0,0
774.921322,1788180370.790828,883843,67,1,1,530.427,1.885274,0,0,0,0
775.435703,1788180371.305209,884343,95,1,1,514.381,1.944085,0,0,0,0
775.967311,1788180371.836817,884844,124,1,1,531.608,1.881085,0,0,0,0
776.434294,1788180372.303800,885344,152,1,1,466.983,2.141406,0,0,0,0
776.933667,1788180372.803173,885843,181,1,1,499.373,2.002511,0,0,0,0
777.465113,1788180373.334619,886344,209,1,1,531.446,1.881659,0,0,0,0
777.962840,1788180373.832346,886844,238,1,1,497.727,2.009133,0,0,0,0
778.385540,1788180374.255046,887343,10,1,1,422.700,2.365744,0,0,0,0
778.913037,1788180374.782543,887843,39,1,1,527.497,1.895745,0,0,0,0
779.426793,1788180375.296299,888343,67,1,1,513.756,1.946449,0,0,0,0
779.928571,1788180375.798077,888844,96,1,1,501.778,1.992914,0,0,0,0
780.444120,1788180376.313626,889344,124,1,1,515.549,1.939680,0,0,0,0
780.910563,1788180376.780069,889843,153,1,1,466.443,2.143884,0,0,0,0
781.410144,1788180377.279650,890343,182,1,1,499.581,2.001677,0,0,0,0
781.957079,1788180377.826585,890843,211,1,1,546.935,1.828371,0,0,0,0
782.409999,1788180378.279505,891344,239,1,1,452.920,2.207894,0,0,0,0
782.864055,1788180378.733561,891844,12,1,1,454.056,2.202373,0,0,0,0
783.394038,1788180379.263544,892344,40,1,1,529.983,1.886853,0,0,0,0
783.942938,1788180379.812444,892844,69,1,1,548.900,1.821825,0,0,0,0
784.409694,1788180380.279200,893344,97,1,1,466.756,2.142448,0,0,0,0
784.860467,1788180380.729973,893844,126,1,1,450.773,2.218411,0,0,0,0
785.408546,1788180381.278052,894344,154,1,1,548.079,1.824554,0,0,0,0
785.907532,1788180381.777038,894844,183,1,1,498.986,2.004064,0,0,0,0
786.484404,1788180382.353910,895344,211,1,1,576.872,1.733486,0,0,0,0
786.906237,1788180382.775743,895844,240,1,1,421.833,2.370606,0,0,0,0
787.400552,1788180383.270058,896344,12,1,1,494.315,2.023002,0,0,0,0
787.931849,1788180383.801355,896844,41,1,1,531.297,1.882187,0,0,0,0
788.387344,1788180384.256850,897344,69,1,1,455.495,2.195413,0,0,0,0
788.898907,1788180384.768413,897844,98,1,1,511.563,1.954794,0,0,0,0
789.475595,1788180385.345101,898344,126,1,1,576.688,1.734040,0,0,0,0
789.929644,1788180385.799150,898844,156,1,1,454.049,2.202405,0,0,0,0
790.427265,1788180386.296771,899344,184,1,1,497.621,2.009562,0,0,0,0
790.946610,1788180386.816116,899844,213,1,1,519.345,1.925502,0,0,0,0
791.432510,1788180387.302016,900344,242,1,1,485.900,2.058036,0,0,0,0
792.008457,1788180387.877963,900844,15,1,1,575.947,1.736271,0,0,0,0
792.461220,1788180388.330726,901344,43,1,1,452.763,2.208661,0,0,0,0
792.901834,1788180388.771340,901844,72,1,1,440.614,2.269560,0,0,0,0
793.461397,1788180389.330903,902344,100,1,1,559.563,1.787109,0,0,0,0
793.865559,1788180389.735065,902844,129,1,1,404.162,2.474254,0,0,0,0
794.414185,1788180390.283691,903344,157,1,1,548.626,1.822736,0,0,0,0
794.943997,1788180390.813503,903844,186,1,1,529.812,1.887462,0,0,0,0
795.459649,1788180391.329155,904344,214,1,1,515.652,1.939293,0,0,0,0
795.868832,1788180391.738338,904844,243,1,1,409.183,2.443894,0,0,0,0
796.448031,1788180392.317537,905344,15,1,1,579.199,1.726523,0,0,0,0
796.963350,1788180392.832856,905844,44,1,1,515.319,1.940545,0,0,0,0
797.415918,1788180393.285424,906344,72,1,1,452.568,2.209612,0,0,0,0
797.931906,1788180393.801412,906844,101,1,1,515.988,1.938030,0,0,0,0
798.447237,1788180394.316743,907344,129,1,1,515.331,1.940500,0,0,0,0
798.898439,1788180394.767945,907844,158,1,1,451.202,2.216303,0,0,0,0
799.486345,1788180395.355851,908344,186,1,1,587.906,1.700952,0,0,0,0
799.942179,1788180395.811685,908844,215,1,1,455.834,2.193781,0,0,0,0
800.395628,1788180396.265134,909344,246,1,1,453.449,2.205320,0,0,0,0
800.922577,1788180396.792083,909844,20,1,1,526.949,1.897716,0,0,0,0
801.390875,1788180397.260381,910344,49,1,1,468.298,2.135393,0,0,0,0
801.890396,1788180397.759902,910844,78,1,1,499.521,2.001918,0,0,0,0
802.375576,1788180398.245082,911344,106,1,1,485.180,2.061091,0,0,0,0
802.889158,1788180398.758664,911844,135,1,1,513.582,1.947109,0,0,0,0
803.467706,1788180399.337212,912344,163,1,1,578.548,1.728465,0,0,0,0
803.920265,1788180399.789771,912844,192,1,1,452.559,2.209657,0,0,0,0
804.430074,1788180400.299580,913344,220,1,1,509.809,1.961519,0,0,0,0
804.870052,1788180400.739558,913844,249,1,1,439.978,2.272840,0,0,0,0
805.416995,1788180401.286501,914344,21,1,1,546.943,1.828344,0,0,0,0
805.930948,1788180401.800454,914844,50,1,1,513.953,1.945703,0,0,0,0
806.507903,1788180402.377409,915344,78,1,1,576.955,1.733237,0,0,0,0
806.960468,1788180402.829974,915844,107,1,1,452.565,2.209628,0,0,0,0
807.426794,1788180403.296300,916344,135,1,1,466.326,2.144423,0,0,0,0
807.960879,1788180403.830385,916844,164,1,1,534.085,1.872361,0,0,0,0
808.412447,1788180404.281953,917344,192,1,1,451.568,2.214506,0,0,0,0
808.912475,1788180404.781981,917844,221,1,1,500.028,1.999887,0,0,0,0
809.493556,1788180405.363062,918344,249,1,1,581.081,1.720931,0,0,0,0
809.897086,1788180405.766592,918844,22,1,1,403.530,2.478130,0,0,0,0
810.412942,1788180406.282448,919344,50,1,1,515.856,1.938526,0,0,0,0
810.942448,1788180406.811954,919844,79,1,1,529.506,1.888552,0,0,0,0
811.409780,1788180407.279286,920344,108,1,1,467.332,2.139807,0,0,0,0
811.906444,1788180407.775950,920844,137,1,1,496.664,2.013433,0,0,0,0
812.485414,1788180408.354920,921344,165,1,1,578.970,1.727205,0,0,0,0
812.902095,1788180408.771601,921844,194,1,1,416.681,2.399917,0,0,0,0
813.401158,1788180409.270664,922344,222,1,1,499.063,2.003755,0,0,0,0
813.889338,1788180409.758844,922844,251,1,1,488.180,2.048425,0,0,0,0
814.416188,1788180410.285694,923344,23,1,1,526.850,1.898074,0,0,0,0
814.913922,1788180410.783428,923844,52,1,1,497.734,2.009105,0,0,0,0
815.428826,1788180411.298332,924344,80,1,1,514.904,1.942110,0,0,0,0
815.897645,1788180411.767151,924844,109,1,1,468.819,2.133020,0,0,0,0
816.396918,1788180412.266424,925344,137,1,1,499.273,2.002912,0,0,0,0
816.972093,1788180412.841599,925844,166,1,1,575.175,1.738601,0,0,0,0
817.389947,1788180413.259453,926344,194,1,1,417.854,2.393181,0,0,0,0
817.953350,1788180413.822856,926844,223,1,1,563.403,1.774928,0,0,0,0
818.449999,1788180414.319505,927344,251,1,1,496.649,2.013494,0,0,0,0
818.888287,1788180414.757793,927844,24,1,1,438.288,2.281605,0,0,0,0
819.465754,1788180415.335260,928344,52,1,1,577.467,1.731701,0,0,0,0
819.868907,1788180415.738413,928844,81,1,1,403.153,2.480448,0,0,0,0
820.385968,1788180416.255474,929344,109,1,1,517.061,1.934008,0,0,0,0
820.915896,1788180416.785402,929844,139,1,1,529.928,1.887049,0,0,0,0
821.417968,1788180417.287474,930344,168,1,1,502.072,1.991746,0,0,0,0
821.868866,1788180417.738372,930844,197,1,1,450.898,2.217797,0,0,0,0
822.398254,1788180418.267760,931344,225,1,1,529.388,1.888974,0,0,0,0
822.949641,1788180418.819147,931844,254,1,1,551.387,1.813608,0,0,0,0
823.354022,1788180419.223528,932344,26,1,1,404.381,2.472915,0,0,0,0
823.943227,1788180419.812733,932844,55,1,1,589.205,1.697202,0,0,0,0
824.447330,1788180420.316836,933344,83,1,1,504.103,1.983722,0,0,0,0
824.908829,1788180420.778335,933844,112,1,1,461.499,2.166852,0,0,0,0
825.439822,1788180421.309328,934344,140,1,1,530.993,1.883264,0,0,0,0
825.936791,1788180421.806297,934844,169,1,1,496.969,2.012198,0,0,0,0
826.404100,1788180422.273606,935344,197,1,1,467.309,2.139912,0,0,0,0
826.871735,1788180422.741241,935844,226,1,1,467.635,2.138419,0,0,0,0
827.433465,1788180423.302971,936344,254,1,1,561.730,1.780215,0,0,0,0
827.902447,1788180423.771953,936844,27,1,1,468.982,2.132278,0,0,0,0
828.432460,1788180424.301966,937344,55,1,1,530.013,1.886746,0,0,0,0
828.885506,1788180424.755012,937844,84,1,1,453.046,2.207281,0,0,0,0
829.400181,1788180425.269687,938344,112,1,1,514.675,1.942974,0,0,0,0
829.965223,1788180425.834729,938844,141,1,1,565.042,1.769780,0,0,0,0
830.437697,1788180426.307203,939344,169,1,1,472.474,2.116519,0,0,0,0
830.892220,1788180426.761726,939844,198,1,1,454.523,2.200108,0,0,0,0
831.423756,1788180427.293262,940344,227,1,1,531.536,1.881340,0,0,0,0
831.892218,1788180427.761724,940844,0,1,1,468.462,2.134645,0,0,0,0
832.501906,1788180428.371412,941344,28,1,1,609.688,1.640184,0,0,0,0
832.862498,1788180428.732004,941844,57,1,1,360.592,2.773216,0,0,0,0
833.422440,1788180429.291946,942344,85,1,1,559.942,1.785899,0,0,0,0
834.000686,1788180429.870192,942844,114,1,1,578.246,1.729368,0,0,0,0
834.454636,1788180430.324142,943344,142,1,1,453.950,2.202885,0,0,0,0
834.874049,1788180430.743555,943844,171,1,1,419.413,2.384286,0,0,0,0
835.451852,1788180431.321358,944344,199,1,1,577.803,1.730693,0,0,0,0
835.903703,1788180431.773209,944844,228,1,1,451.851,2.213119,0,0,0,0
836.374443,1788180432.243949,945344,0,1,1,470.740,2.124315,0,0,0,0
836.951827,1788180432.821333,945844,29,1,1,577.384,1.731950,0,0,0,0
837.404222,1788180433.273728,946344,57,1,1,452.395,2.210458,0,0,0,0
837.903093,1788180433.772599,946844,86,1,1,498.871,2.004526,0,0,0,0
838.481468,1788180434.350974,947344,114,1,1,578.375,1.728982,0,0,0,0
839.015828,1788180434.885334,947844,146,1,1,534.360,1.871397,0,0,0,0
839.417851,1788180435.287357,948344,175,1,1,402.023,2.487421,0,0,0,0
839.916937,1788180435.786443,948844,204,1,1,499.086,2.003662,0,0,0,0
840.403585,1788180436.273091,949344,232,1,1,486.648,2.054874,0,0,0,0
840.900339,1788180436.769845,949844,5,1,1,496.754,2.013068,0,0,0,0
841.478507,1788180437.348013,950344,34,1,1,578.168,1.729601,0,0,0,0
841.886737,1788180437.756243,950844,63,1,1,408.230,2.449599,0,0,0,0
842.462513,1788180438.332019,951344,91,1,1,575.776,1.736787,0,0,0,0
842.931615,1788180438.801121,951844,120,1,1,469.102,2.131732,0,0,0,0
843.384856,1788180439.254362,952344,148,1,1,453.241,2.206332,0,0,0,0
843.887201,1788180439.756707,952844,177,1,1,502.345,1.990663,0,0,0,0
844.462472,1788180440.331978,953344,205,1,1,575.271,1.738311,0,0,0,0
844.930728,1788180440.800234,953844,234,1,1,468.256,2.135584,0,0,0,0
845.506506,1788180441.376012,954344,6,1,1,575.778,1.736780,0,0,0,0
845.960958,1788180441.830464,954844,35,1,1,454.452,2.200452,0,0,0,0
846.383614,1788180442.253120,955344,63,1,1,422.656,2.365990,0,0,0,0
846.976513,1788180442.846019,955846,92,1,1,592.899,1.686628,0,0,0,0
847.474680,1788180443.344186,956344,120,1,1,498.167,2.007360,0,0,0,0
847.909808,1788180443.779314,956844,149,1,1,435.128,2.298174,0,0,0,0
848.453491,1788180444.322997,957344,177,1,1,543.683,1.839307,0,0,0,0
848.952281,1788180444.821787,957844,206,1,1,498.790,2.004852,0,0,0,0
849.404202,1788180445.273708,958344,234,1,1,451.921,2.212776,0,0,0,0
849.984121,1788180445.853627,958844,7,1,1,579.919,1.724378,0,0,0,0
850.451617,1788180446.321123,959344,35,1,1,467.496,2.139056,0,0,0,0
850.980801,1788180446.850307,959844,64,1,1,529.184,1.889702,0,0,0,0
851.368760,1788180447.238266,960344,93,1,1,387.959,2.577592,0,0,0,0
851.902353,1788180447.771859,960844,123,1,1,533.593,1.874088,0,0,0,0
852.404037,1788180448.273543,961344,151,1,1,501.684,1.993287,0,0,0,0
852.979546,1788180448.849052,961844,180,1,1,575.509,1.737592,0,0,0,0
853.429179,1788180449.298685,962344,208,1,1,449.633,2.224037,0,0,0,0
853.863212,1788180449.732718,962844,237,1,1,434.033,2.303971,0,0,0,0
854.427155,1788180450.296661,963344,9,1,1,563.943,1.773229,0,0,0,0
854.926003,1788180450.795509,963844,38,1,1,498.848,2.004619,0,0,0,0
855.501994,1788180451.371500,964344,66,1,1,575.991,1.736138,0,0,0,0
855.878114,1788180451.747620,964844,95,1,1,376.120,2.658727,0,0,0,0
856.425549,1788180452.295055,965344,123,1,1,547.435,1.826701,0,0,0,0
856.901677,1788180452.771183,965844,152,1,1,476.128,2.100275,0,0,0,0
857.427971,1788180453.297477,966344,180,1,1,526.294,1.900079,0,0,0,0
857.882600,1788180453.752106,966844,209,1,1,454.629,2.199596,0,0,0,0
858.507939,1788180454.377445,967344,237,1,1,625.339,1.599133,0,0,0,0
858.867956,1788180454.737462,967844,10,1,1,360.017,2.777648,0,0,0,0
859.428678,1788180455.298184,968344,38,1,1,560.722,1.783415,0,0,0,0
859.993830,1788180455.863336,968844,67,1,1,565.152,1.769436,0,0,0,0
860.415927,1788180456.285433,969344,95,1,1,422.097,2.369124,0,0,0,0
860.866963,1788180456.736469,969844,124,1,1,451.036,2.217117,0,0,0,0
861.491964,1788180457.361470,970344,153,1,1,625.001,1.599998,0,0,0,0
861.959870,1788180457.829376,970844,182,1,1,467.906,2.137181,0,0,0,0
862.411173,1788180458.280679,971344,210,1,1,451.303,2.215806,0,0,0,0
862.940659,1788180458.810165,971844,239,1,1,529.486,1.888624,0,0,0,0
863.410833,1788180459.280339,972344,11,1,1,470.174,2.126872,0,0,0,0
863.848458,1788180459.717964,972844,40,1,1,437.625,2.285062,0,0,0,0
864.357448,1788180460.226954,973344,68,1,1,508.990,1.964675,0,0,0,0
864.935650,1788180460.805156,973844,97,1,1,578.202,1.729499,0,0,0,0
865.401512,1788180461.271018,974344,125,1,1,465.862,2.146558,0,0,0,0
865.953113,1788180461.822619,974844,154,1,1,551.601,1.812905,0,0,0,0
866.401185,1788180462.270691,975344,182,1,1,448.072,2.231784,0,0,0,0
866.925501,1788180462.795007,975844,211,1,1,524.316,1.907247,0,0,0,0
867.477230,1788180463.346736,976344,239,1,1,551.729,1.812484,0,0,0,0
867.898581,1788180463.768087,976844,12,1,1,421.351,2.373318,0,0,0,0
868.368360,1788180464.237866,977344,40,1,1,469.779,2.128660,0,0,0,0
868.884044,1788180464.753550,977846,69,1,1,515.684,1.939172,0,0,0,0
869.383446,1788180465.252952,978344,97,1,1,499.402,2.002395,0,0,0,0
870.006447,1788180465.875953,978844,126,1,1,623.001,1.605134,0,0,0,0
870.461119,1788180466.330625,979344,154,1,1,454.672,2.199388,0,0,0,0
870.927926,1788180466.797432,979844,183,1,1,466.807,2.142212,0,0,0,0
871.363209,1788180467.232715,980346,212,1,1,435.283,2.297356,0,0,0,0
871.926317,1788180467.795823,980844,241,1,1,563.108,1.775858,0,0,0,0
872.379818,1788180468.249324,981344,13,1,1,453.501,2.205067,0,0,0,0
873.002058,1788180468.871564,981844,42,1,1,622.240,1.607097,0,0,0,0
873.407120,1788180469.276626,982344,70,1,1,405.062,2.468758,0,0,0,0
873.870868,1788180469.740374,982844,99,1,1,463.748,2.156344,0,0,0,0
874.447412,1788180470.316918,983344,127,1,1,576.544,1.734473,0,0,0,0
874.866649,1788180470.736155,983844,156,1,1,419.237,2.385285,0,0,0,0
875.368753,1788180471.238259,984344,184,1,1,502.104,1.991620,0,0,0,0
875.896716,1788180471.766222,984844,213,1,1,527.963,1.894072,0,0,0,0
876.441787,1788180472.311293,985344,241,1,1,545.071,1.834624,0,0,0,0
876.864711,1788180472.734217,985844,17,1,1,422.924,2.364491,0,0,0,0
877.441968,1788180473.311474,986344,45,1,1,577.257,1.732331,0,0,0,0
877.875033,1788180473.744539,986844,74,1,1,433.065,2.309121,0,0,0,0
878.342075,1788180474.211581,987344,102,1,1,467.042,2.141135,0,0,0,0
878.936279,1788180474.805785,987844,132,1,1,594.204,1.682924,0,0,0,0
879.435171,1788180475.304677,988344,161,1,1,498.892,2.004442,0,0,0,0
879.903147,1788180475.772653,988844,190,1,1,467.976,2.136862,0,0,0,0
880.902174,1788180476.771680,989844,247,1,1,999.027,1.000974,1,0,0,0
881.411126,1788180477.280632,990344,20,1,1,508.952,1.964821,0,0,0,0
881.924504,1788180477.794010,990844,49,1,1,513.378,1.947883,0,0,0,0
882.388099,1788180478.257605,991344,77,1,1,463.595,2.157056,0,0,0,0
882.982413,1788180478.851919,991844,107,1,1,594.314,1.682612,0,0,0,0
883.476462,1788180479.345968,992344,135,1,1,494.049,2.024090,0,0,0,0
883.881569,1788180479.751075,992844,164,1,1,405.107,2.468484,0,0,0,0
884.456853,1788180480.326359,993344,192,1,1,575.284,1.738272,0,0,0,0
884.977206,1788180480.846712,993844,221,1,1,520.353,1.921773,0,0,0,0
885.447781,1788180481.317287,994344,249,1,1,470.575,2.125059,0,0,0,0
885.868165,1788180481.737671,994844,22,1,1,420.384,2.378778,0,0,0,0
886.367989,1788180482.237495,995344,50,1,1,499.824,2.000704,0,0,0,0
886.875656,1788180482.745162,995844,79,1,1,507.667,1.969795,0,0,0,0
887.502344,1788180483.371850,996344,107,1,1,626.688,1.595690,0,0,0,0
887.953231,1788180483.822737,996844,136,1,1,450.887,2.217851,0,0,0,0
888.424375,1788180484.293881,997344,164,1,1,471.144,2.122494,0,0,0,0
888.954085,1788180484.823591,997844,193,1,1,529.710,1.887825,0,0,0,0
889.407718,1788180485.277224,998344,221,1,1,453.633,2.204426,0,0,0,0
889.904354,1788180485.773860,998844,250,1,1,496.636,2.013547,0,0,0,0
890.494603,1788180486.364109,999344,22,1,1,590.249,1.694201,0,0,0,0
890.946752,1788180486.816258,999844,51,1,1,452.149,2.211660,0,0,0,0
891.402268,1788180487.271774,1000344,80,1,1,455.516,2.195313,0,0,0,0
891.946976,1788180487.816482,1000844,109,1,1,544.708,1.835846,0,0,0,0
892.399707,1788180488.269213,1001344,137,1,1,452.731,2.208817,0,0,0,0
892.881609,1788180488.751115,1001844,166,1,1,481.902,2.075111,0,0,0,0
893.428089,1788180489.297595,1002344,194,1,1,546.480,1.829893,0,0,0,0
893.898185,1788180489.767691,1002844,223,1,1,470.096,2.127226,0,0,0,0
894.380635,1788180490.250141,1003344,251,1,1,482.450,2.072754,0,0,0,0
894.929550,1788180490.799056,1003844,24,1,1,548.915,1.821776,0,0,0,0
895.433894,1788180491.303400,1004344,52,1,1,504.344,1.982774,0,0,0,0
895.899724,1788180491.769230,1004846,81,1,1,465.830,2.146705,0,0,0,0
896.463486,1788180492.332992,1005344,109,1,1,563.762,1.773798,0,0,0,0
896.883656,1788180492.753162,1005844,138,1,1,420.170,2.379989,0,0,0,0
897.385435,1788180493.254941,1006346,166,1,1,501.779,1.992909,0,0,0,0
897.885728,1788180493.755234,1006844,195,1,1,500.293,1.998829,0,0,0,0
898.386643,1788180494.256149,1007344,223,1,1,500.915,1.996347,0,0,0,0
898.978885,1788180494.848391,1007844,252,1,1,592.242,1.688499,0,0,0,0
899.416487,1788180495.285993,1008344,24,1,1,437.602,2.285181,0,0,0,0
899.872718,1788180495.742224,1008844,53,1,1,456.231,2.191872,0,0,0,0
900.459737,1788180496.329243,1009344,81,1,1,587.019,1.703522,0,0,0,0
900.857563,1788180496.727069,1009844,110,1,1,397.826,2.513662,0,0,0,0
901.377771,1788180497.247277,1010344,139,1,1,520.208,1.922308,0,0,0,0
901.941710,1788180497.811216,1010844,168,1,1,563.939,1.773242,0,0,0,0
902.458789,1788180498.328295,1011344,196,1,1,517.079,1.933940,0,0,0,0
902.882446,1788180498.751952,1011844,225,1,1,423.657,2.360400,0,0,0,0
903.362903,1788180499.232409,1012344,253,1,1,480.457,2.081351,0,0,0,0
903.923822,1788180499.793328,1012844,26,1,1,560.919,1.782789,0,0,0,0
904.372146,1788180500.241652,1013344,54,1,1,448.324,2.230529,0,0,0,0
904.978071,1788180500.847577,1013844,83,1,1,605.925,1.650370,0,0,0,0
905.452185,1788180501.321691,1014344,111,1,1,474.114,2.109197,0,0,0,0
905.906742,1788180501.776248,1014844,140,1,1,454.557,2.199944,0,0,0,0
906.438844,1788180502.308350,1015344,168,1,1,532.102,1.879339,0,0,0,0
906.890312,1788180502.759818,1015846,197,1,1,451.468,2.214996,0,0,0,0
907.351586,1788180503.221092,1016344,225,1,1,461.274,2.167908,0,0,0,0
907.969075,1788180503.838581,1016846,254,1,1,617.489,1.619462,0,0,0,0
908.446390,1788180504.315896,1017344,26,1,1,477.315,2.095052,0,0,0,0
908.903810,1788180504.773316,1017846,55,1,1,457.420,2.186175,0,0,0,0
909.356085,1788180505.225591,1018346,83,1,1,452.275,2.211044,0,0,0,0
910.083105,1788180505.952611,1018844,112,1,1,727.020,1.375478,0,0,0,0
910.505801,1788180506.375307,1019344,140,1,1,422.696,2.365767,0,0,0,0
910.975317,1788180506.844823,1019844,169,1,1,469.516,2.129853,0,0,0,0
911.423281,1788180507.292787,1020344,198,1,1,447.964,2.232322,0,0,0,0
911.956747,1788180507.826253,1020844,227,1,1,533.466,1.874533,0,0,0,0
912.455143,1788180508.324649,1021344,255,1,1,498.396,2.006437,0,0,0,0
912.879231,1788180508.748737,1021844,28,1,1,424.088,2.358001,0,0,0,0
913.503197,1788180509.372703,1022344,56,1,1,623.966,1.602651,0,0,0,0
913.862402,1788180509.731908,1022844,86,1,1,359.205,2.783926,0,0,0,0
914.485118,1788180510.354624,1023344,114,1,1,622.716,1.605868,0,0,0,0
914.952744,1788180510.822250,1023844,146,1,1,467.626,2.138462,0,0,0,0
915.403977,1788180511.273483,1024344,174,1,1,451.233,2.216149,0,0,0,0
915.878831,1788180511.748337,1024844,203,1,1,474.854,2.105910,0,0,0,0
916.356692,1788180512.226198,1025344,231,1,1,477.861,2.092659,0,0,0,0
916.901740,1788180512.771246,1025844,5,1,1,545.048,1.834701,0,0,0,0
917.371454,1788180513.240960,1026344,33,1,1,469.714,2.128955,0,0,0,0
917.961558,1788180513.831064,1026844,62,1,1,590.104,1.694616,0,0,0,0
918.346650,1788180514.216156,1027344,90,1,1,385.092,2.596782,0,0,0,0
918.910232,1788180514.779738,1027844,120,1,1,563.582,1.774365,0,0,0,0
919.485600,1788180515.355106,1028344,148,1,1,575.368,1.738018,0,0,0,0
919.890680,1788180515.760186,1028844,177,1,1,405.080,2.468648,0,0,0,0
920.360042,1788180516.229548,1029344,205,1,1,469.362,2.130552,0,0,0,0
920.891204,1788180516.760710,1029844,236,1,1,531.162,1.882665,0,0,0,0
921.391223,1788180517.260729,1030344,9,1,1,500.019,1.999925,0,0,0,0
921.843951,1788180517.713457,1030844,38,1,1,452.728,2.208832,0,0,0,0
922.345416,1788180518.214922,1031344,66,1,1,501.465,1.994157,0,0,0,0
922.934426,1788180518.803932,1031844,95,1,1,589.010,1.697764,0,0,0,0
923.387703,1788180519.257209,1032344,123,1,1,453.277,2.206157,0,0,0,0
923.928636,1788180519.798142,1032844,152,1,1,540.933,1.848657,0,0,0,0
924.503357,1788180520.372863,1033344,180,1,1,574.721,1.739975,0,0,0,0
924.958518,1788180520.828024,1033844,209,1,1,455.161,2.197024,0,0,0,0
925.345282,1788180521.214788,1034344,237,1,1,386.764,2.585556,0,0,0,0
925.934575,1788180521.804081,1034844,10,1,1,589.293,1.696949,0,0,0,0
926.396178,1788180522.265684,1035344,38,1,1,461.603,2.166364,0,0,0,0
926.953940,1788180522.823446,1035844,67,1,1,557.762,1.792879,0,0,0,0
927.382077,1788180523.251583,1036344,95,1,1,428.137,2.335702,0,0,0,0
927.993146,1788180523.862652,1036844,124,1,1,611.069,1.636477,0,0,0,0
928.415934,1788180524.285440,1037344,152,1,1,422.788,2.365251,0,0,0,0
928.910418,1788180524.779924,1037844,181,1,1,494.484,2.022310,0,0,0,0
929.451783,1788180525.321289,1038344,209,1,1,541.365,1.847183,0,0,0,0
929.857412,1788180525.726918,1038844,238,1,1,405.629,2.465306,0,0,0,0
930.403191,1788180526.272697,1039344,10,1,1,545.779,1.832243,0,0,0,0
930.981567,1788180526.851073,1039844,39,1,1,578.376,1.728979,0,0,0,0
931.448369,1788180527.317875,1040344,68,1,1,466.802,2.142236,0,0,0,0
931.857106,1788180527.726612,1040844,97,1,1,408.737,2.446561,0,0,0,0
932.432570,1788180528.302076,1041344,125,1,1,575.464,1.737728,0,0,0,0
932.837691,1788180528.707197,1041844,154,1,1,405.121,2.468398,0,0,0,0
933.398901,1788180529.268407,1042344,182,1,1,561.210,1.781864,0,0,0,0
933.928136,1788180529.797642,1042844,211,1,1,529.235,1.889519,0,0,0,0
934.398820,1788180530.268326,1043344,239,1,1,470.684,2.124568,0,0,0,0
934.893566,1788180530.763072,1043844,12,1,1,494.746,2.021238,0,0,0,0
935.471914,1788180531.341420,1044344,40,1,1,578.348,1.729063,0,0,0,0
935.880478,1788180531.749984,1044844,69,1,1,408.564,2.447596,0,0,0,0
936.382713,1788180532.252219,1045344,97,1,1,502.235,1.991100,0,0,0,0
936.929815,1788180532.799321,1045844,126,1,1,547.102,1.827813,0,0,0,0
937.427067,1788180533.296573,1046344,154,1,1,497.252,2.011053,0,0,0,0
937.879598,1788180533.749104,1046844,183,1,1,452.531,2.209793,0,0,0,0
938.422995,1788180534.292501,1047344,211,1,1,543.397,1.840275,0,0,0,0
938.923357,1788180534.792863,1047844,240,1,1,500.362,1.998553,0,0,0,0
939.375666,1788180535.245172,1048344,12,1,1,452.309,2.210877,0,0,0,0
939.905779,1788180535.775285,1048844,41,1,1,530.113,1.886390,0,0,0,0
940.423131,1788180536.292637,1049344,69,1,1,517.352,1.932920,0,0,0,0
940.955201,1788180536.824707,1049844,98,1,1,532.070,1.879451,0,0,0,0
941.361036,1788180537.230542,1050344,127,1,1,405.835,2.464056,0,0,0,0
941.908318,1788180537.777824,1050844,156,1,1,547.282,1.827212,0,0,0,0
942.442611,1788180538.312117,1051344,184,1,1,534.293,1.871632,0,0,0,0
942.910895,1788180538.780401,1051844,213,1,1,468.284,2.135456,0,0,0,0
943.408403,1788180539.277909,1052344,241,1,1,497.508,2.010019,0,0,0,0
943.892141,1788180539.761647,1052844,14,1,1,483.738,2.067234,0,0,0,0
944.407936,1788180540.277442,1053344,42,1,1,515.795,1.938755,0,0,0,0
944.860101,1788180540.729607,1053844,72,1,1,452.165,2.211583,0,0,0,0
945.390089,1788180541.259595,1054344,100,1,1,529.988,1.886835,0,0,0,0
945.932710,1788180541.802216,1054844,129,1,1,542.621,1.842907,0,0,0,0
946.401374,1788180542.270880,1055344,157,1,1,468.664,2.133724,0,0,0,0
946.931457,1788180542.800963,1055844,186,1,1,530.083,1.886497,0,0,0,0
947.402238,1788180543.271744,1056344,214,1,1,470.781,2.124130,0,0,0,0
947.899696,1788180543.769202,1056846,243,1,1,497.458,2.010220,0,0,0,0
948.475914,1788180544.345420,1057344,15,1,1,576.218,1.735455,0,0,0,0
948.930922,1788180544.800428,1057844,44,1,1,455.008,2.197763,0,0,0,0
949.399737,1788180545.269243,1058344,72,1,1,468.815,2.133037,0,0,0,0
949.945263,1788180545.814769,1058844,101,1,1,545.526,1.833093,0,0,0,0
950.382524,1788180546.252030,1059344,129,1,1,437.261,2.286964,0,0,0,0
950.893106,1788180546.762612,1059844,158,1,1,510.582,1.958549,0,0,0,0
951.468869,1788180547.338375,1060344,187,1,1,575.763,1.736826,0,0,0,0
951.873049,1788180547.742555,1060844,216,1,1,404.180,2.474145,0,0,0,0
952.451392,1788180548.320898,1061344,244,1,1,578.343,1.729078,0,0,0,0
953.071626,1788180548.941132,1061844,20,1,1,620.234,1.612295,0,0,0,0
953.412768,1788180549.282274,1062344,49,1,1,341.142,2.931329,0,0,0,0
953.870684,1788180549.740190,1062846,78,1,1,457.916,2.183807,0,0,0,0
954.414758,1788180550.284264,1063344,106,1,1,544.074,1.837986,0,0,0,0
954.863279,1788180550.732785,1063844,135,1,1,448.521,2.229549,0,0,0,0
955.442392,1788180551.311898,1064344,163,1,1,579.113,1.726779,0,0,0,0
955.844244,1788180551.713750,1064846,192,1,1,401.852,2.488479,0,0,0,0
956.408177,1788180552.277683,1065344,220,1,1,563.933,1.773260,0,0,0,0
956.938015,1788180552.807521,1065846,249,1,1,529.838,1.887370,0,0,0,0
957.393535,1788180553.263041,1066344,21,1,1,455.520,2.195293,0,0,0,0
957.860472,1788180553.729978,1066846,50,1,1,466.937,2.141617,0,0,0,0
958.440119,1788180554.309625,1067344,78,1,1,579.647,1.725188,0,0,0,0
958.842032,1788180554.711538,1067846,107,1,1,401.913,2.488101,0,0,0,0
959.339435,1788180555.208941,1068344,135,1,1,497.403,2.010442,0,0,0,0
959.932993,1788180555.802499,1068846,164,1,1,593.558,1.684756,0,0,0,0
960.386817,1788180556.256323,1069344,192,1,1,453.824,2.203497,0,0,0,0
960.899640,1788180556.769146,1069844,221,1,1,512.823,1.949990,0,0,0,0
961.383194,1788180557.252700,1070344,250,1,1,483.554,2.068022,0,0,0,0
961.942949,1788180557.812455,1070844,23,1,1,559.755,1.786496,0,0,0,0
962.382045,1788180558.251551,1071344,51,1,1,439.096,2.277406,0,0,0,0
962.913261,1788180558.782767,1071844,80,1,1,531.216,1.882474,0,0,0,0
963.424331,1788180559.293837,1072344,108,1,1,511.070,1.956679,0,0,0,0
963.878129,1788180559.747635,1072844,137,1,1,453.798,2.203623,0,0,0,0
964.378031,1788180560.247537,1073344,165,1,1,499.902,2.000392,0,0,0,0
964.900800,1788180560.770306,1073844,194,1,1,522.769,1.912891,0,0,0,0
965.378617,1788180561.248123,1074344,222,1,1,477.817,2.092851,0,0,0,0
965.939123,1788180561.808629,1074846,251,1,1,560.506,1.784102,0,0,0,0
966.419435,1788180562.288941,1075346,23,1,1,480.312,2.081981,0,0,0,0
966.951434,1788180562.820940,1075846,52,1,1,531.999,1.879702,0,0,0,0
967.394049,1788180563.263555,1076344,80,1,1,442.615,2.259301,0,0,0,0
967.869646,1788180563.739152,1076844,109,1,1,475.597,2.102620,0,0,0,0
968.476326,1788180564.345832,1077344,137,1,1,606.680,1.648316,0,0,0,0
968.933466,1788180564.802972,1077846,166,1,1,457.140,2.187514,0,0,0,0
969.397938,1788180565.267444,1078344,194,1,1,464.472,2.152982,0,0,0,0
969.899770,1788180565.769276,1078844,223,1,1,501.832,1.992699,0,0,0,0
970.403097,1788180566.272603,1079344,251,1,1,503.327,1.986779,0,0,0,0
970.834945,1788180566.704451,1079846,24,1,1,431.848,2.315631,0,0,0,0
971.379975,1788180567.249481,1080344,53,1,1,545.030,1.834761,0,0,0,0
971.882299,1788180567.751805,1080846,82,1,1,502.324,1.990748,0,0,0,0
972.394583,1788180568.264089,1081344,110,1,1,512.284,1.952042,0,0,0,0
972.921560,1788180568.791066,1081846,139,1,1,526.977,1.897616,0,0,0,0
973.394054,1788180569.263560,1082344,167,1,1,472.494,2.116429,0,0,0,0
973.890404,1788180569.759910,1082846,196,1,1,496.350,2.014707,0,0,0,0
974.531480,1788180570.400986,1083344,224,1,1,641.076,1.559877,0,0,0,0
974.876737,1788180570.746243,1083844,253,1,1,345.257,2.896393,0,0,0,0
975.389424,1788180571.258930,1084344,25,1,1,512.687,1.950508,0,0,0,0
975.922206,1788180571.791712,1084846,55,1,1,532.782,1.876941,0,0,0,0
976.379111,1788180572.248617,1085344,83,1,1,456.905,2.188638,0,0,0,0
976.881301,1788180572.750807,1085844,112,1,1,502.190,1.991279,0,0,0,0
977.408152,1788180573.277658,1086344,140,1,1,526.851,1.898069,0,0,0,0
977.874621,1788180573.744127,1086846,169,1,1,466.469,2.143765,0,0,0,0
978.452690,1788180574.322196,1087344,197,1,1,578.069,1.729897,0,0,0,0
978.905806,1788180574.775312,1087846,226,1,1,453.116,2.206941,0,0,0,0
979.404788,1788180575.274294,1088344,254,1,1,498.982,2.004080,0,0,0,0
979.981225,1788180575.850731,1088846,27,1,1,576.437,1.734795,0,0,0,0
980.339801,1788180576.209307,1089344,55,1,1,358.576,2.788809,0,0,0,0
980.901181,1788180576.770687,1089846,84,1,1,561.380,1.781325,0,0,0,0
981.432381,1788180577.301887,1090344,113,1,1,531.200,1.882530,0,0,0,0
981.900417,1788180577.769923,1090844,142,1,1,468.036,2.136588,0,0,0,0
982.354311,1788180578.223817,1091344,170,1,1,453.894,2.203158,0,0,0,0
982.978217,1788180578.847723,1091846,199,1,1,623.906,1.602805,0,0,0,0
983.429393,1788180579.298899,1092344,227,1,1,451.176,2.216430,0,0,0,0
983.897668,1788180579.767174,1092848,0,1,1,468.275,2.135497,0,0,0,0
984.475750,1788180580.345256,1093344,28,1,1,578.082,1.729859,0,0,0,0
984.924870,1788180580.794376,1093844,57,1,1,449.120,2.226576,0,0,0,0
985.332418,1788180581.201924,1094344,85,1,1,407.548,2.453699,0,0,0,0
985.971770,1788180581.841276,1094846,114,1,1,639.352,1.564083,0,0,0,0
986.423442,1788180582.292948,1095344,142,1,1,451.672,2.213996,0,0,0,0
986.890819,1788180582.760325,1095844,171,1,1,467.377,2.139601,0,0,0,0
987.422791,1788180583.292297,1096344,199,1,1,531.972,1.879798,0,0,0,0
987.888245,1788180583.757751,1096844,228,1,1,465.454,2.148440,0,0,0,0
988.493741,1788180584.363247,1097344,0,1,1,605.496,1.651539,0,0,0,0
988.917103,1788180584.786609,1097846,29,1,1,423.362,2.362045,0,0,0,0
989.371025,1788180585.240531,1098344,57,1,1,453.922,2.203022,0,0,0,0
989.870805,1788180585.740311,1098844,86,1,1,499.780,2.000881,0,0,0,0
990.417987,1788180586.287493,1099344,114,1,1,547.182,1.827545,0,0,0,0
990.947982,1788180586.817488,1099844,146,1,1,529.995,1.886810,0,0,0,0
991.357022,1788180587.226528,1100344,176,1,1,409.040,2.444749,0,0,0,0
991.901322,1788180587.770828,1100846,205,1,1,544.300,1.837222,0,0,0,0
992.420249,1788180588.289755,1101344,233,1,1,518.927,1.927054,0,0,0,0
992.943707,1788180588.813213,1101844,6,1,1,523.458,1.910373,0,0,0,0
993.397015,1788180589.266521,1102344,34,1,1,453.308,2.206005,0,0,0,0
993.866192,1788180589.735698,1102846,63,1,1,469.177,2.131392,0,0,0,0
994.363151,1788180590.232657,1103344,91,1,1,496.959,2.012239,0,0,0,0
994.894603,1788180590.764109,1103844,120,1,1,531.452,1.881638,0,0,0,0
995.393915,1788180591.263421,1104344,148,1,1,499.312,2.002756,0,0,0,0
995.940498,1788180591.810004,1104846,177,1,1,546.583,1.829548,0,0,0,0
996.392494,1788180592.262000,1105344,205,1,1,451.996,2.212410,0,0,0,0
996.890726,1788180592.760232,1105844,234,1,1,498.232,2.007097,0,0,0,0
997.419524,1788180593.289030,1106344,6,1,1,528.798,1.891082,0,0,0,0
997.886698,1788180593.756204,1106846,35,1,1,467.174,2.140530,0,0,0,0
998.465099,1788180594.334605,1107344,63,1,1,578.401,1.728904,0,0,0,0
998.899608,1788180594.769114,1107844,92,1,1,434.509,2.301448,0,0,0,0
999.385160,1788180595.254666,1108344,120,1,1,485.552,2.059512,0,0,0,0
999.885366,1788180595.754872,1108844,149,1,1,500.206,1.999176,0,0,0,0
1000.462765,1788180596.332271,1109344,177,1,1,577.399,1.731905,0,0,0,0
1000.869504,1788180596.739010,1109846,206,1,1,406.739,2.458579,0,0,0,0
1001.383988,1788180597.253494,1110344,235,1,1,514.484,1.943694,0,0,0,0
1001.914656,1788180597.784162,1110846,8,1,1,530.668,1.884418,0,0,0,0
1002.367659,1788180598.237165,1111344,36,1,1,453.003,2.207490,0,0,0,0
1002.877995,1788180598.747501,1111846,65,1,1,510.336,1.959494,0,0,0,0
1003.458433,1788180599.327939,1112344,93,1,1,580.438,1.722836,0,0,0,0
1003.912561,1788180599.782067,1112846,122,1,1,454.128,2.202023,0,0,0,0
1004.441978,1788180600.311484,1113346,150,1,1,529.417,1.888870,0,0,0,0
1004.910751,1788180600.780257,1113846,179,1,1,468.773,2.133228,0,0,0,0
1005.362303,1788180601.231809,1114344,207,1,1,451.552,2.214585,0,0,0,0
1005.896987,1788180601.766493,1114846,236,1,1,534.684,1.870264,0,0,0,0
1006.441074,1788180602.310580,1115344,8,1,1,544.087,1.837941,0,0,0,0
1006.894792,1788180602.764298,1115844,38,1,1,453.718,2.204012,0,0,0,0
1007.439784,1788180603.309290,1116344,66,1,1,544.992,1.834889,0,0,0,0
1007.846253,1788180603.715759,1116846,95,1,1,406.469,2.460213,0,0,0,0
1008.391104,1788180604.260610,1117344,123,1,1,544.851,1.835364,0,0,0,0
1008.845265,1788180604.714771,1117846,152,1,1,454.161,2.201862,0,0,0,0
1009.430766,1788180605.300272,1118344,180,1,1,585.501,1.707939,0,0,0,0
1009.850146,1788180605.719652,1118844,209,1,1,419.380,2.384473,0,0,0,0
1010.432623,1788180606.302129,1119344,237,1,1,582.477,1.716806,0,0,0,0
1010.885346,1788180606.754852,1119846,10,1,1,452.723,2.208857,0,0,0,0
1011.399768,1788180607.269274,1120344,39,1,1,514.422,1.943929,0,0,0,0
1011.917487,1788180607.786993,1120844,68,1,1,517.719,1.931550,0,0,0,0
1012.380540,1788180608.250046,1121344,96,1,1,463.053,2.159580,0,0,0,0
1012.878631,1788180608.748137,1121844,125,1,1,498.091,2.007665,0,0,0,0
1013.454037,1788180609.323543,1122344,153,1,1,575.406,1.737904,0,0,0,0
1013.875509,1788180609.745015,1122844,182,1,1,421.472,2.372636,0,0,0,0
1014.386416,1788180610.255922,1123344,210,1,1,510.907,1.957304,0,0,0,0
1014.906472,1788180610.775978,1123846,239,1,1,520.056,1.922870,0,0,0,0
1015.418282,1788180611.287788,1124343,11,1,1,511.810,1.953850,0,0,0,0
1015.946901,1788180611.816407,1124846,40,1,1,528.619,1.891721,0,0,0,0
1016.410839,1788180612.280345,1125344,68,1,1,463.938,2.155460,0,0,0,0
1016.910436,1788180612.779942,1125848,97,1,1,499.597,2.001613,0,0,0,0
1017.487551,1788180613.357057,1126343,125,1,1,577.115,1.732757,0,0,0,0
1017.847137,1788180613.716643,1126844,154,1,1,359.586,2.780976,0,0,0,0
1018.396262,1788180614.265768,1127343,182,1,1,549.125,1.821079,0,0,0,0
1018.942313,1788180614.811819,1127846,211,1,1,546.051,1.831331,0,0,0,0
1019.397979,1788180615.267485,1128344,239,1,1,455.666,2.194590,0,0,0,0
1019.849221,1788180615.718727,1128846,12,1,1,451.242,2.216106,0,0,0,0
1020.377439,1788180616.246945,1129343,40,1,1,528.218,1.893158,0,0,0,0
1020.941250,1788180616.810756,1129846,69,1,1,563.811,1.773644,0,0,0,0
1021.409863,1788180617.279369,1130344,98,1,1,468.613,2.133957,0,0,0,0
1021.920698,1788180617.790204,1130846,127,1,1,510.835,1.957580,0,0,0,0
1022.388655,1788180618.258161,1131344,155,1,1,467.957,2.136948,0,0,0,0
1022.887428,1788180618.756934,1131843,184,1,1,498.773,2.004920,0,0,0,0
1023.463931,1788180619.333437,1132344,212,1,1,576.503,1.734596,0,0,0,0
1023.931349,1788180619.800855,1132846,241,1,1,467.418,2.139413,0,0,0,0
1024.381400,1788180620.250906,1133344,13,1,1,450.051,2.221970,0,0,0,0
1024.913462,1788180620.782968,1133843,42,1,1,532.062,1.879481,0,0,0,0
1025.399954,1788180621.269460,1134344,70,1,1,486.492,2.055532,0,0,0,0
1025.867096,1788180621.736602,1134846,99,1,1,467.142,2.140677,0,0,0,0
1026.458121,1788180622.327627,1135343,127,1,1,591.025,1.691975,0,0,0,0
1026.909734,1788180622.779240,1135846,156,1,1,451.613,2.214285,0,0,0,0
1027.458106,1788180623.327612,1136344,184,1,1,548.372,1.823580,0,0,0,0
1027.860982,1788180623.730488,1136846,213,1,1,402.876,2.482154,0,0,0,0
1028.376223,1788180624.245729,1137344,241,1,1,515.241,1.940839,0,0,0,0
1028.908406,1788180624.777912,1137843,17,1,1,532.183,1.879053,0,0,0,0
1029.449782,1788180625.319288,1138344,46,1,1,541.376,1.847145,0,0,0,0
1029.907464,1788180625.776970,1138846,75,1,1,457.682,2.184924,0,0,0,0
1030.485655,1788180626.355161,1139344,103,1,1,578.191,1.729532,0,0,0,0
1030.897025,1788180626.766531,1139846,132,1,1,411.370,2.430901,0,0,0,0
1031.396187,1788180627.265693,1140343,161,1,1,499.162,2.003358,0,0,0,0
1031.929390,1788180627.798896,1140846,190,1,1,533.203,1.875459,0,0,0,0
1032.444514,1788180628.314020,1141344,218,1,1,515.124,1.941280,0,0,0,0
1032.848445,1788180628.717951,1141846,247,1,1,403.931,2.475671,0,0,0,0
1033.378840,1788180629.248346,1142344,19,1,1,530.395,1.885387,0,0,0,0
1033.893371,1788180629.762877,1142846,48,1,1,514.531,1.943517,0,0,0,0
1034.345434,1788180630.214940,1143344,76,1,1,452.063,2.212082,0,0,0,0
1034.919804,1788180630.789310,1143843,105,1,1,574.370,1.741038,0,0,0,0
1035.386578,1788180631.256084,1144343,133,1,1,466.774,2.142364,0,0,0,0
1035.883594,1788180631.753100,1144846,162,1,1,497.016,2.012008,0,0,0,0
1036.461797,1788180632.331303,1145344,190,1,1,578.203,1.729496,0,0,0,0
1036.929629,1788180632.799135,1145844,219,1,1,467.832,2.137519,0,0,0,0
1037.339655,1788180633.209161,1146343,247,1,1,410.026,2.438871,0,0,0,0
1037.917592,1788180633.787098,1146846,21,1,1,577.937,1.730292,0,0,0,0
1038.417324,1788180634.286830,1147343,49,1,1,499.732,2.001073,0,0,0,0
1038.881062,1788180634.750568,1147846,78,1,1,463.738,2.156390,0,0,0,0
1039.351168,1788180635.220674,1148344,106,1,1,470.106,2.127179,0,0,0,0
1039.880841,1788180635.750347,1148846,135,1,1,529.673,1.887958,0,0,0,0
1040.375859,1788180636.245365,1149343,163,1,1,495.018,2.020129,0,0,0,0
1040.862966,1788180636.732472,1149846,192,1,1,487.107,2.052937,0,0,0,0
1041.410027,1788180637.279533,1150344,221,1,1,547.061,1.827950,0,0,0,0
1041.875884,1788180637.745390,1150846,250,1,1,465.857,2.146581,0,0,0,0
1042.409607,1788180638.279113,1151344,22,1,1,533.723,1.873632,0,0,0,0
1042.912094,1788180638.781600,1151846,51,1,1,502.487,1.990101,0,0,0,0
1043.487937,1788180639.357443,1152344,79,1,1,575.843,1.736585,0,0,0,0
1043.922725,1788180639.792231,1152846,108,1,1,434.788,2.299972,0,0,0,0
1044.403129,1788180640.272635,1153344,136,1,1,480.404,2.081581,0,0,0,0
1044.854373,1788180640.723879,1153846,165,1,1,451.244,2.216097,0,0,0,0
1045.403207,1788180641.272713,1154344,193,1,1,548.834,1.822044,0,0,0,0
1045.867063,1788180641.736569,1154846,222,1,1,463.856,2.155842,0,0,0,0
1046.444515,1788180642.314021,1155344,250,1,1,577.452,1.731746,0,0,0,0
1046.848852,1788180642.718358,1155846,23,1,1,404.337,2.473185,0,0,0,0
1047.410872,1788180643.280378,1156344,51,1,1,562.020,1.779296,0,0,0,0
1047.870665,1788180643.740171,1156846,80,1,1,459.793,2.174891,0,0,0,0
1048.392178,1788180644.261684,1157344,108,1,1,521.513,1.917498,0,0,0,0
1048.906570,1788180644.776076,1157846,137,1,1,514.392,1.944043,0,0,0,0
1049.468811,1788180645.338317,1158344,165,1,1,562.241,1.778596,0,0,0,0
1049.841836,1788180645.711342,1158846,194,1,1,373.025,2.680786,0,0,0,0
1050.401629,1788180646.271135,1159344,222,1,1,559.793,1.786375,0,0,0,0
1050.935543,1788180646.805049,1159846,251,1,1,533.914,1.872961,0,0,0,0
1051.445365,1788180647.314871,1160344,24,1,1,509.822,1.961469,0,0,0,0
1051.899655,1788180647.769161,1160846,53,1,1,454.290,2.201236,0,0,0,0
1052.417227,1788180648.286733,1161344,81,1,1,517.572,1.932099,0,0,0,0
1052.882457,1788180648.751963,1161846,110,1,1,465.230,2.149475,0,0,0,0
1053.334833,1788180649.204339,1162344,138,1,1,452.376,2.210550,0,0,0,0
1053.912775,1788180649.782281,1162846,167,1,1,577.942,1.730278,0,0,0,0
1054.380842,1788180650.250348,1163344,195,1,1,468.067,2.136447,0,0,0,0
1054.880233,1788180650.749739,1163846,224,1,1,499.391,2.002439,0,0,0,0
1055.409771,1788180651.279277,1164344,252,1,1,529.538,1.888439,0,0,0,0
1055.880068,1788180651.749574,1164846,25,1,1,470.297,2.126315,0,0,0,0
1056.377083,1788180652.246589,1165344,53,1,1,497.015,2.012012,0,0,0,0
1056.908945,1788180652.778451,1165846,82,1,1,531.862,1.880187,0,0,0,0
1057.374742,1788180653.244248,1166344,110,1,1,465.797,2.146858,0,0,0,0
1057.872730,1788180653.742236,1166846,139,1,1,497.988,2.008081,0,0,0,0
1058.405337,1788180654.274843,1167344,167,1,1,532.607,1.877557,0,0,0,0
1058.860436,1788180654.729942,1167846,196,1,1,455.099,2.197325,0,0,0,0
1059.380455,1788180655.249961,1168344,224,1,1,520.019,1.923006,0,0,0,0
1059.894180,1788180655.763686,1168846,253,1,1,513.725,1.946567,0,0,0,0
1060.364280,1788180656.233786,1169344,25,1,1,470.100,2.127207,0,0,0,0
1060.863729,1788180656.733235,1169844,54,1,1,499.449,2.002206,0,0,0,0
1061.443439,1788180657.312945,1170344,83,1,1,579.710,1.725000,0,0,0,0
1061.914900,1788180657.784406,1170844,112,1,1,471.461,2.121066,0,0,0,0
1062.431847,1788180658.301353,1171344,140,1,1,516.947,1.934434,0,0,0,0
1062.840006,1788180658.709512,1171846,169,1,1,408.159,2.450025,0,0,0,0
1063.356563,1788180659.226069,1172344,197,1,1,516.557,1.935895,0,0,0,0
1063.857344,1788180659.726850,1172846,226,1,1,500.781,1.996881,0,0,0,0
1064.433992,1788180660.303498,1173344,254,1,1,576.648,1.734160,0,0,0,0
1064.899410,1788180660.768916,1173844,27,1,1,465.418,2.148607,0,0,0,0
1065.476178,1788180661.345684,1174344,55,1,1,576.768,1.733800,0,0,0,0
1065.926439,1788180661.795945,1174846,84,1,1,450.261,2.220934,0,0,0,0
1066.393975,1788180662.263481,1175344,112,1,1,467.536,2.138873,0,0,0,0
1066.847546,1788180662.717052,1175844,144,1,1,453.571,2.204726,0,0,0,0
1067.392670,1788180663.262176,1176344,173,1,1,545.124,1.834445,0,0,0,0
1067.844871,1788180663.714377,1176846,202,1,1,452.201,2.211407,0,0,0,0
1068.421866,1788180664.291372,1177344,230,1,1,576.995,1.733118,0,0,0,0
1068.873203,1788180664.742709,1177844,4,1,1,451.337,2.215639,0,0,0,0
1069.326839,1788180665.196345,1178344,32,1,1,453.636,2.204411,0,0,0,0
1069.950436,1788180665.819942,1178846,61,1,1,623.597,1.603599,0,0,0,0
1070.449646,1788180666.319152,1179344,89,1,1,499.210,2.003165,0,0,0,0
1070.871868,1788180666.741374,1179846,118,1,1,422.222,2.368422,0,0,0,0
1071.358639,1788180667.228145,1180344,147,1,1,486.771,2.054355,0,0,0,0
1071.873568,1788180667.743074,1180846,176,1,1,514.929,1.942015,0,0,0,0
1072.372751,1788180668.242257,1181344,204,1,1,499.183,2.003274,0,0,0,0
1072.905250,1788180668.774756,1181846,233,1,1,532.499,1.877938,0,0,0,0
1073.357703,1788180669.227209,1182344,5,1,1,452.453,2.210175,0,0,0,0
1073.868230,1788180669.737736,1182846,34,1,1,510.527,1.958760,0,0,0,0
1074.397868,1788180670.267374,1183343,62,1,1,529.638,1.888083,0,0,0,0
1074.896121,1788180670.765627,1183846,91,1,1,498.253,2.007012,0,0,0,0
1075.429897,1788180671.299403,1184344,119,1,1,533.776,1.873445,0,0,0,0
1075.907851,1788180671.777357,1184846,148,1,1,477.954,2.092252,0,0,0,0
1076.350522,1788180672.220028,1185343,176,1,1,442.671,2.259014,0,0,0,0
1076.927190,1788180672.796696,1185846,205,1,1,576.668,1.734100,0,0,0,0
1077.398048,1788180673.267554,1186344,233,1,1,470.858,2.123783,0,0,0,0
1077.850237,1788180673.719743,1186846,6,1,1,452.189,2.211464,0,0,0,0
1078.473119,1788180674.342625,1187344,34,1,1,622.882,1.605441,0,0,0,0
1078.834035,1788180674.703541,1187843,63,1,1,360.916,2.770729,0,0,0,0
1079.394604,1788180675.264110,1188344,91,1,1,560.569,1.783902,0,0,0,0
1079.926944,1788180675.796450,1188846,120,1,1,532.340,1.878499,0,0,0,0
1080.392582,1788180676.262088,1189343,148,1,1,465.638,2.147591,0,0,0,0
1080.831044,1788180676.700550,1189846,177,1,1,438.462,2.280699,0,0,0,0
1081.422475,1788180677.291981,1190344,206,1,1,591.431,1.690814,0,0,0,0
1081.875507,1788180677.745013,1190846,235,1,1,453.032,2.207350,0,0,0,0
1082.389844,1788180678.259350,1191343,7,1,1,514.337,1.944251,0,0,0,0
1082.920145,1788180678.789651,1191846,36,1,1,530.301,1.885721,0,0,0,0
1083.374079,1788180679.243585,1192344,64,1,1,453.934,2.202964,0,0,0,0
1083.871976,1788180679.741482,1192846,93,1,1,497.897,2.008447,0,0,0,0
1084.447025,1788180680.316531,1193344,121,1,1,575.049,1.738982,0,0,0,0
1084.919033,1788180680.788539,1193846,150,1,1,472.008,2.118608,0,0,0,0
1085.372735,1788180681.242241,1194343,178,1,1,453.702,2.204090,0,0,0,0
1085.823043,1788180681.692549,1194846,207,1,1,450.308,2.220702,0,0,0,0
1086.369794,1788180682.239300,1195344,235,1,1,546.751,1.828986,0,0,0,0
1086.872006,1788180682.741512,1195846,8,1,1,502.212,1.991192,0,0,0,0
1087.445048,1788180683.314554,1196344,36,1,1,573.042,1.745072,0,0,0,0
1087.913405,1788180683.782911,1196846,65,1,1,468.357,2.135124,0,0,0,0
1088.366263,1788180684.235769,1197344,93,1,1,452.858,2.208197,0,0,0,0
1088.944340,1788180684.813846,1197843,122,1,1,578.077,1.729874,0,0,0,0
1089.366468,1788180685.235974,1198343,150,1,1,422.128,2.368950,0,0,0,0
1089.989039,1788180685.858545,1198843,179,1,1,622.571,1.606243,0,0,0,0
1090.394288,1788180686.263794,1199344,207,1,1,405.249,2.467618,0,0,0,0
1090.847635,1788180686.717141,1199844,236,1,1,453.347,2.205816,0,0,0,0
1091.348273,1788180687.217779,1200344,9,1,1,500.638,1.997451,0,0,0,0
1091.847284,1788180687.716790,1200843,38,1,1,499.011,2.003964,0,0,0,0
1092.346067,1788180688.215573,1201343,66,1,1,498.783,2.004880,0,0,0,0
1092.922746,1788180688.792252,1201846,95,1,1,576.679,1.734067,0,0,0,0
1093.375601,1788180689.245107,1202344,123,1,1,452.855,2.208212,0,0,0,0
1093.843809,1788180689.713315,1202844,152,1,1,468.208,2.135803,0,0,0,0
1094.420319,1788180690.289825,1203344,180,1,1,576.510,1.734575,0,0,0,0
1094.887378,1788180690.756884,1203844,209,1,1,467.059,2.141058,0,0,0,0
1095.339720,1788180691.209226,1204344,237,1,1,452.342,2.210717,0,0,0,0
1095.916943,1788180691.786449,1204844,10,1,1,577.223,1.732433,0,0,0,0
1096.371392,1788180692.240898,1205344,38,1,1,454.449,2.200467,0,0,0,0
1096.886354,1788180692.755860,1205844,67,1,1,514.962,1.941891,0,0,0,0
1097.372091,1788180693.241597,1206344,95,1,1,485.737,2.058727,0,0,0,0
1097.871603,1788180693.741109,1206846,124,1,1,499.512,2.001954,0,0,0,0
1098.371202,1788180694.240708,1207344,152,1,1,499.599,2.001605,0,0,0,0
1098.899544,1788180694.769050,1207844,181,1,1,528.342,1.892713,0,0,0,0
1099.415334,1788180695.284840,1208344,209,1,1,515.790,1.938774,0,0,0,0
1099.930735,1788180695.800241,1208844,239,1,1,515.401,1.940236,0,0,0,0
1100.350192,1788180696.219698,1209344,11,1,1,419.457,2.384035,0,0,0,0
1100.865923,1788180696.735429,1209846,40,1,1,515.731,1.938996,0,0,0,0
1101.364630,1788180697.234136,1210344,69,1,1,498.707,2.005185,0,0,0,0
1101.942631,1788180697.812137,1210846,98,1,1,578.001,1.730101,0,0,0,0
1102.409685,1788180698.279191,1211344,126,1,1,467.054,2.141079,0,0,0,0
1102.846711,1788180698.716217,1211844,155,1,1,437.026,2.288195,0,0,0,0
1103.394809,1788180699.264315,1212344,183,1,1,548.098,1.824491,0,0,0,0
1103.894294,1788180699.763800,1212846,212,1,1,499.485,2.002062,0,0,0,0
1104.344980,1788180700.214486,1213344,240,1,1,450.686,2.218840,0,0,0,0
1104.938101,1788180700.807607,1213844,16,1,1,593.121,1.685996,0,0,0,0
1105.419830,1788180701.289336,1214343,45,1,1,481.729,2.075856,0,0,0,0
1105.935195,1788180701.804701,1214846,74,1,1,515.365,1.940373,0,0,0,0
1106.389223,1788180702.258729,1215344,102,1,1,454.028,2.202507,0,0,0,0
